Loaded config from file config/config.yaml: config: {'base_dir': '/home/studgoetsi5301/documents/ansible_bench', 'output_dir': 'output', 'dataset_dir': 'dataset', 'config_dir': 'config', 'logs_dir': 'logs', 'testresults_dir': 'testresults', 'postprocessing_reports_dir': 'postprocessing_reports', 'temp_exec_dir': 'temp'}
Name for the ollama model: phi4:14b

Input_Directory: /home/studgoetsi5301/documents/ansible_bench/dataset/benchmark100

Output_Directory: /home/studgoetsi5301/documents/ansible_bench/dataset/prompts/ollama_phi4:14b_english_exact/benchmark100

Input-Files:
ansible-role-docker_compose/tasks/main.yml
ansible-role-cadvisor/tasks/main.yml
ansible-role-vsftpd/tasks/main.yml
ansible-role-epel-buluma/tasks/main.yml
ansible-role-vault/tasks/package.yml
ansible-role-vault/tasks/binary.yml
ansible-role-vault/tasks/hardening.yml
ansible-role-vault/tasks/main.yml
ansible-role-dns/tasks/main.yml
ansible-role-grub/tasks/password.yml
ansible-role-grub/tasks/main.yml
ansible-role-service/tasks/main.yml
ansible-role-bootstrap-buluma/tasks/gather_facts.yml
ansible-role-bootstrap-buluma/tasks/main.yml
ansible-role-docker/tasks/main.yml
ansible-role-docker/tasks/setup-Debian.yml
ansible-role-docker/tasks/setup-RedHat.yml
ansible-role-docker/tasks/docker-compose.yml
ansible-role-docker/tasks/docker-users.yml
ansible-role-selinux/tasks/main.yml
ansible-role-mysql-robertdebock/tasks/main.yml
ansible-role-sysctl/tasks/main.yml
ansible-role-bootstrap-JonasPammer/tasks/gather_facts.yml
ansible-role-bootstrap-JonasPammer/tasks/main.yml
ansible-role-update/tasks/main.yml
ansible-role-python_pip-buluma/tasks/main.yml
ansible-role-buildtools-buluma/tasks/main.yml
ansible-role-pip/tasks/debian12.yml
ansible-role-pip/tasks/main.yml
ansible-role-helm/tasks/main.yml
ansible-role-bootstrap/tasks/gather_facts.yml
ansible-role-bootstrap/tasks/main.yml
ansible-role-openvpn/tasks/server.yml
ansible-role-openvpn/tasks/client.yml
ansible-role-openvpn/tasks/main.yml
ansible-role-core_dependencies-buluma/tasks/main.yml
ansible-role-openssl-robertdebock/tasks/create.yml
ansible-role-openssl-robertdebock/tasks/main.yml
ansible-role-logrotate/tasks/main.yml
ansible-role-promtail/tasks/install.yml
ansible-role-promtail/tasks/preflight.yml
ansible-role-promtail/tasks/main.yml
ansible-role-python_pip/tasks/main.yml
ansible-role-httpd/tasks/locations.yml
ansible-role-httpd/tasks/directories.yml
ansible-role-httpd/tasks/main.yml
ansible-role-httpd/tasks/vhosts.yml
ansible-role-httpd/tasks/ssl.yml
ansible-role-redis/tasks/main.yml
ansible-role-openssl/tasks/create.yml
ansible-role-openssl/tasks/main.yml
ansible-role-users/tasks/group.yml
ansible-role-users/tasks/user.yml
ansible-role-users/tasks/main.yml
ansible-role-ca_certificates/tasks/main.yml
ansible-role-httpd-buluma/tasks/locations.yml
ansible-role-httpd-buluma/tasks/directories.yml
ansible-role-httpd-buluma/tasks/main.yml
ansible-role-httpd-buluma/tasks/vhosts.yml
ansible-role-httpd-buluma/tasks/ssl.yml
ansible-role-apt_autostart/tasks/main.yml
java_role/tasks/import_certs.yml
java_role/tasks/main.yml
java_role/tasks/install_openjdk.yml
ansible-role-core_dependencies/tasks/main.yml
ansible-role-postfix/tasks/main.yml
ansible-role-git/tasks/main.yml
ansible-role-php-robertdebock/tasks/main.yml
ansible-role-rke2/tasks/cis.yml
ansible-role-rke2/tasks/rke2.yml
ansible-role-rke2/tasks/first_server_restore.yml
ansible-role-rke2/tasks/ingress-nginx.yml
ansible-role-rke2/tasks/first_server.yml
ansible-role-rke2/tasks/download_kubeconfig.yaml
ansible-role-rke2/tasks/summary.yml
ansible-role-rke2/tasks/rolling_restart.yml
ansible-role-rke2/tasks/keepalived.yml
ansible-role-rke2/tasks/main.yml
ansible-role-rke2/tasks/remaining_nodes.yml
ansible-role-rke2/tasks/kubevip.yml
ansible-role-rke2/tasks/change_config.yml
ansible-role-rke2/tasks/find_active_server.yml
ansible-role-buildtools/tasks/main.yml
ansible-role-mysql/tasks/main.yml
ansible-role-cron/tasks/main.yml
ansible-role-nginx/tasks/main.yml
ansible-role-ansible/tasks/setup-pip.yml
ansible-role-ansible/tasks/setup-Fedora.yml
ansible-role-ansible/tasks/main.yml
ansible-role-ansible/tasks/setup-Debian.yml
ansible-role-ansible/tasks/setup-Ubuntu.yml
ansible-role-ansible/tasks/setup-RedHat.yml
ansible-role-rsyslog/tasks/main.yml
ansible-role-fail2ban/tasks/main.yml
ansible-role-scl/tasks/main.yml
ansible-role-cron-buluma/tasks/main.yml
ansible-role-hashicorp/tasks/main.yml
ansible-role-java/tasks/main.yml
ansible-role-selinux-robertdebock/tasks/main.yml
ansible-role-epel/tasks/main.yml
Found 100 inputs

Serving model via Ollama
  0%|          | 0/100 [00:00<?, ?it/s]  1%|          | 1/100 [00:03<05:23,  3.27s/it]

Prompt: You are a professional developer. Below you will find a complete Ansible Playbook. This playbook was generated based on a prompt. Your task is to reconstruct the original prompt that could have been used to generate this playbook.

Important: The only output follows the format below. Do not include any explanations or comments before or after.

The reconstructed prompt must exactly follow the structure below:

"Below you will receive task descriptions from which you should generate an Ansible Playbook.  
The generated playbook must be valid inside an Ansible Role under the tasks/ directory (e.g., tasks/main.yml).  
Do not include hosts:, vars:, or any playbook-level headers. Only output valid task entries or blocks as expected in a role.  

Task 1: ...
Description Task 1: ...

Task 2: ...
Description Task 2: ...

Task 3: ...
Description Task 3: ...
..."

Guidelines:
- Each task should be short and clearly describe one specific action.
- The tasks must match the actual tasks in the playbook **both in content and order**.
- Use the exact terminology and labels as used in the playbook (e.g., “install nginx” instead of “install web server”).
- Provide a more detailed description of the task next to each task
- Include the exact names of variables, handlers, etc. used in the playbook.

Here is the Ansible Playbook:
---
# tasks file for docker_compose

- name: Import assert.yml
  ansible.builtin.import_tasks:
    file: assert.yml
  run_once: true
  delegate_to: localhost

- name: Install docker-compose package
  ansible.builtin.package:
    name: docker-compose
    state: present
  when:
    - docker_compose_installation_type == "package"

- name: Install docker-compose as a binary
  when:
    - docker_compose_installation_type == "binary"
  block:
    - name: Install required packages
      ansible.builtin.package:
        name: "{{ docker_compose_binary_required_packages }}"

    - name: Install binary
      ansible.builtin.get_url:
        url: "{{ docker_compose_url }}"
        dest: /usr/local/bin/docker-compose
        mode: "0755"


Total input tokens: 457
___________________________________________LLM Output:___________________________________________ 
Below you will receive task descriptions from which you should generate an Ansible Playbook.  
The generated playbook must be valid inside an Ansible Role under the tasks/ directory (e.g., tasks/main.yml).  
Do not include hosts:, vars:, or any playbook-level headers. Only output valid task entries or blocks as expected in a role.  

Task 1: Import assert.yml  
Description Task 1: Import the assert.yml file into the playbook to run specific assertions. This should only be executed once and delegated to localhost.

Task 2: Install docker-compose package  
Description Task 2: Install the docker-compose package only when the `docker_compose_installation_type` variable is set to "package". This ensures that the package manager is used for installation.

Task 3: Install docker-compose as a binary  
Description Task 3: Install docker-compose as a binary when the `docker_compose_installation_type` variable is set to "binary". This involves first installing any required packages specified by `docker_compose_binary_required_packages`, and then downloading the binary from the URL specified by `docker_compose_url` to `/usr/local/bin/docker-compose` with executable permissions.

Tue Sep 30 16:54:58 2025: /home/studgoetsi5301/documents/ansible_bench/dataset/prompts/ollama_phi4:14b_english_exact/benchmark100/ansible-role-docker_compose/tasks/main_prompt.txt Total generation time: 3.271539284993196


Prompt: You are a professional developer. Below you will find a complete Ansible Playbook. This playbook was generated based on a prompt. Your task is to reconstruct the original prompt that could have been used to generate this playbook.

Important: The only output follows the format below. Do not include any explanations or comments before or after.

The reconstructed prompt must exactly follow the structure below:

"Below you will receive task descriptions from which you should generate an Ansible Playbook.  
The generated playbook must be valid inside an Ansible Role under the tasks/ directory (e.g., tasks/main.yml).  
Do not include hosts:, vars:, or any playbook-level headers. Only output valid task entries or blocks as expected in a role.  

Task 1: ...
Description Task 1: ...

Task 2: ...
Description Task 2: ...

Task 3: ...
Description Task 3: ...
..."

Guidelines:
- Each task should be short and clearly describe one specific action.
- The tasks must match the actual tasks in the playbook **both in content and order**.
- Use the exact terminology and labels as used in the playbook (e.g., “install nginx” instead of “install web server”).
- Provide a more detailed description of the task next to each task
- Include the exact names of variables, handlers, etc. used in the playbook.

Here is the Ansible Playbook:
# tasks file for cadvisor

- name: cadvisor | create directories
  become: true
  ansible.builtin.file:
    path: "{{ item }}"
    state: directory
    mode: 0755
  with_items:
    - /opt/cadvisor

- name: cadvisor | download
  become: true
  get_url:
    url: "{{ cadvisor_download }}"
    checksum: "sha256:{{ cadvisor_checksum }}"
    dest: "/opt/cadvisor/cadvisor-{{ cadvisor_version }}"
    force: false
    mode: u=rwx,g=rx,o=rx
  when: cadvisor_binary_local_dir | length == 0

- name: cadvisor | propagate locally distributed cadvisor binary
  copy:
    src: "{{ cadvisor_binary_local_dir }}/cadvisor-{{ cadvisor_version }}"
    dest: "/opt/cadvisor/cadvisor-{{ cadvisor_version }}"
    mode: 0755
    owner: root
    group: root
  when: cadvisor_binary_local_dir | length > 0
  notify:
    - restart cadvisor

- name: cadvisor | symlink
  become: true
  file:
    src: "/opt/cadvisor/cadvisor-{{ cadvisor_version }}"
    path: /opt/cadvisor/cadvisor
    force: true
    state: link

- name: cadvisor | server systemd service
  become: true
  ansible.builtin.template:
    dest: /etc/systemd/system/cadvisor.service
    src: systemd-system-cadvisor-service.j2
    mode: 0644
  notify:
    - restart cadvisor

- name: test_task
  shell: "if ! systemctl is-active cadvisor.service; then  echo 'inactive' ; fi"
  register: service_active
  failed_when: False
  changed_when: False

- debug: var=service_active

- name: cadvisor | enable server systemd
  become: true
  ansible.builtin.systemd:
    enabled: true
    name: cadvisor.service

- name: cadvisor | start server systemd
  become: true
  ansible.builtin.systemd:
    name: cadvisor.service
    state: started
    daemon_reload: true


Total input tokens: 750
___________________________________________LLM Output:___________________________________________ 
Below you will receive task descriptions from which you should generate an Ansible Playbook.  
The generated playbook must be valid inside an Ansible Role under the tasks/ directory (e.g., tasks/main.yml).  
Do not include hosts:, vars:, or any playbook-level headers. Only output valid task entries or blocks as expected in a role.  

Task 1: Create necessary directories for cadvisor.  
Description Task 1: Use the `ansible.builtin.file` module to create directories at the specified paths with the appropriate mode and ensure the operation is performed with elevated privileges.

Task 2: Download the cadvisor binary from a specified URL.  
Description Task 2: Utilize the `get_url` module to download cadvisor from a given URL, verify its checksum, and place it in the designated directory. Ensure the binary has specific permissions and perform this task as a privileged user if `cadvisor_binary_local_dir` is not set.

Task 3: Copy a locally distributed cadvisor binary if available.  
Description Task 3: Use the `copy` module to copy the cadvisor binary from a local directory to the target location, setting the necessary permissions and ownership. This task should notify the handler to restart cadvisor if a local binary is available.

Task 4: Create a symbolic link to the cadvisor binary.  
Description Task 4: Employ the `ansible.builtin.file` module to create a symbolic link for the cadvisor binary at a specified path, ensuring the operation is executed with elevated privileges.

Task 5: Deploy the systemd service file for the cadvisor server.  
Description Task 5: Use the `ansible.builtin.template` module to deploy the systemd service file for cadvisor from a Jinja2 template to the appropriate system directory, ensuring the file has correct permissions and notifying the handler to restart cadvisor.

Task 6: Test if the cadvisor service is active.  
Description Task 6: Execute a shell command to check if the cadvisor service is active, capturing the output without failing or changing the task state.

Task 7: Debug the output of the service activity check.  
Description Task 7: Use the `debug` module to display the result of the previous task that checks the cadvisor service activity status.

Task 8: Enable the cadvisor systemd service to start on boot.  
Description Task 8: Use the `ansible.builtin.systemd` module to enable the cadvisor service so that it starts automatically at boot time.

Task 9: Start the cadvisor systemd service immediately.  
Description Task 9: Use the `ansible.builtin.systemd` module to start the cadvisor service immediately, ensuring the systemd manager is reloaded to recognize any recent changes.  2%|▏         | 2/100 [00:10<09:23,  5.74s/it]  3%|▎         | 3/100 [00:15<08:16,  5.12s/it]

Tue Sep 30 16:55:05 2025: /home/studgoetsi5301/documents/ansible_bench/dataset/prompts/ollama_phi4:14b_english_exact/benchmark100/ansible-role-cadvisor/tasks/main_prompt.txt Total generation time: 7.47498898601043


Prompt: You are a professional developer. Below you will find a complete Ansible Playbook. This playbook was generated based on a prompt. Your task is to reconstruct the original prompt that could have been used to generate this playbook.

Important: The only output follows the format below. Do not include any explanations or comments before or after.

The reconstructed prompt must exactly follow the structure below:

"Below you will receive task descriptions from which you should generate an Ansible Playbook.  
The generated playbook must be valid inside an Ansible Role under the tasks/ directory (e.g., tasks/main.yml).  
Do not include hosts:, vars:, or any playbook-level headers. Only output valid task entries or blocks as expected in a role.  

Task 1: ...
Description Task 1: ...

Task 2: ...
Description Task 2: ...

Task 3: ...
Description Task 3: ...
..."

Guidelines:
- Each task should be short and clearly describe one specific action.
- The tasks must match the actual tasks in the playbook **both in content and order**.
- Use the exact terminology and labels as used in the playbook (e.g., “install nginx” instead of “install web server”).
- Provide a more detailed description of the task next to each task
- Include the exact names of variables, handlers, etc. used in the playbook.

Here is the Ansible Playbook:
---
# tasks file for vsftpd

- name: Import assert.yml
  ansible.builtin.import_tasks:
    file: assert.yml
  run_once: true
  delegate_to: localhost

- name: Install vsftpd
  ansible.builtin.package:
    name: vsftpd

- name: Configure vsftpd
  ansible.builtin.template:
    src: vsftpd.conf.j2
    dest: "{{ vsftpd_configuration_file }}"
    owner: root
    group: root
    mode: "{{ vsftpd_configuration_file_mode }}"
  notify:
    - Restart vsftpd

- name: Start and enable vsftpd
  ansible.builtin.service:
    name: vsftpd
    state: started
    enabled: true


Total input tokens: 442
___________________________________________LLM Output:___________________________________________ 
Below you will receive task descriptions from which you should generate an Ansible Playbook.  
The generated playbook must be valid inside an Ansible Role under the tasks/ directory (e.g., tasks/main.yml).  
Do not include hosts:, vars:, or any playbook-level headers. Only output valid task entries or blocks as expected in a role.  

Task 1: Import assert.yml to ensure necessary preconditions or assertions are checked before proceeding with the main tasks.  
Description Task 1: Import the assert.yml task file to execute preconditions or assertions required for configuring vsftpd. This task should run only once and should be delegated to the localhost.

Task 2: Install vsftpd package on the target system.  
Description Task 2: Use the package module to install the vsftpd package on the target system, ensuring the FTP server is available for configuration and use.

Task 3: Configure vsftpd using a template file and set appropriate permissions.  
Description Task 3: Deploy the vsftpd configuration file from the template vsftpd.conf.j2 to the target location specified by the variable vsftpd_configuration_file. Set the file owner, group, and permissions based on the variables root, root, and vsftpd_configuration_file_mode, respectively. Notify the handler "Restart vsftpd" to apply configuration changes.

Task 4: Ensure vsftpd service is started and enabled to run at boot.  
Description Task 4: Use the service module to start the vsftpd service and enable it to start automatically on system boot, ensuring the FTP service is available after setup.

Tue Sep 30 16:55:10 2025: /home/studgoetsi5301/documents/ansible_bench/dataset/prompts/ollama_phi4:14b_english_exact/benchmark100/ansible-role-vsftpd/tasks/main_prompt.txt Total generation time: 4.380711732999771


Prompt: You are a professional developer. Below you will find a complete Ansible Playbook. This playbook was generated based on a prompt. Your task is to reconstruct the original prompt that could have been used to generate this playbook.

Important: The only output follows the format below. Do not include any explanations or comments before or after.

The reconstructed prompt must exactly follow the structure below:

"Below you will receive task descriptions from which you should generate an Ansible Playbook.  
The generated playbook must be valid inside an Ansible Role under the tasks/ directory (e.g., tasks/main.yml).  
Do not include hosts:, vars:, or any playbook-level headers. Only output valid task entries or blocks as expected in a role.  

Task 1: ...
Description Task 1: ...

Task 2: ...
Description Task 2: ...

Task 3: ...
Description Task 3: ...
..."

Guidelines:
- Each task should be short and clearly describe one specific action.
- The tasks must match the actual tasks in the playbook **both in content and order**.
- Use the exact terminology and labels as used in the playbook (e.g., “install nginx” instead of “install web server”).
- Provide a more detailed description of the task next to each task
- Include the exact names of variables, handlers, etc. used in the playbook.

Here is the Ansible Playbook:
---
# tasks file for epel

- name: Install epel
  when:
    - (ansible_distribution == "Amazon" and
      ansible_distribution_major_version == "2") or
      (ansible_os_family == "RedHat" and
      ansible_distribution_major_version in [ "7", "8", "9" ])
  block:
    - name: Install epel gpg key
      ansible.builtin.rpm_key:
        key: "{{ epel_gpg_key }}"
        state: present

    - name: Install epel-release
      ansible.builtin.package:
        name: "{{ epel_url }}"
        state: present
      notify:
        - Update package cache

    - name: Install epel-next-release
      ansible.builtin.package:
        name: "{{ epel_next_url }}"
        state: present
      when:
        - epel_next
      notify:
        - Update package cache


Total input tokens: 472
___________________________________________LLM Output:___________________________________________ 
Below you will receive task descriptions from which you should generate an Ansible Playbook.  
The generated playbook must be valid inside an Ansible Role under the tasks/ directory (e.g., tasks/main.yml).  
Do not include hosts:, vars:, or any playbook-level headers. Only output valid task entries or blocks as expected in a role.  

Task 1: Install EPEL repository on supported Red Hat-based systems.
Description Task 1: Ensure the EPEL repository is installed on systems that are either Amazon Linux version 2 or Red Hat versions 7, 8, or 9. This task involves adding the EPEL GPG key and installing the EPEL release package, followed by optionally installing the EPEL next-release package if specified. The tasks are conditional based on the OS distribution and version.

Task 2: Add the EPEL GPG key.
Description Task 2: Add the EPEL GPG key to the system using the `ansible.builtin.rpm_key` module. This step is necessary to verify the authenticity of the EPEL repository packages and is executed when the conditions for installing EPEL are met.

Task 3: Install the EPEL release package.
Description Task 3: Install the main EPEL release package using the `ansible.builtin.package` module. The package name is specified by the variable `epel_url`. After installation, trigger a notification to update the package cache.

Task 4: Optionally install the EPEL next-release package.
Description Task 4: If the `epel_next` variable is set to true, install the EPEL next-release package using the `ansible.builtin.package` module. The package name is specified by the variable `epel_next_url`. After installation, trigger a notification to update the package cache.

Handlers:
- Update package cache: This handler is triggered to refresh the package cache after installing EPEL release packages.

Tue Sep 30 16:55:15 2025: /home/studgoetsi5301/documents/ansible_bench/dataset/prompts/ollama_phi4:14b_english_exact/benchmark100/ansible-role-epel-buluma/tasks/main_prompt.txt Total generation time:  4%|▍         | 4/100 [00:20<08:19,  5.20s/it]  5%|▌         | 5/100 [00:23<07:08,  4.51s/it] 5.313810735999141


Prompt: You are a professional developer. Below you will find a complete Ansible Playbook. This playbook was generated based on a prompt. Your task is to reconstruct the original prompt that could have been used to generate this playbook.

Important: The only output follows the format below. Do not include any explanations or comments before or after.

The reconstructed prompt must exactly follow the structure below:

"Below you will receive task descriptions from which you should generate an Ansible Playbook.  
The generated playbook must be valid inside an Ansible Role under the tasks/ directory (e.g., tasks/main.yml).  
Do not include hosts:, vars:, or any playbook-level headers. Only output valid task entries or blocks as expected in a role.  

Task 1: ...
Description Task 1: ...

Task 2: ...
Description Task 2: ...

Task 3: ...
Description Task 3: ...
..."

Guidelines:
- Each task should be short and clearly describe one specific action.
- The tasks must match the actual tasks in the playbook **both in content and order**.
- Use the exact terminology and labels as used in the playbook (e.g., “install nginx” instead of “install web server”).
- Provide a more detailed description of the task next to each task
- Include the exact names of variables, handlers, etc. used in the playbook.

Here is the Ansible Playbook:
---

- name: package | Install vault
  ansible.builtin.package:
    name: "{{ vault_package }}"
  notify:
    - Daemon reload
    - Restart vault


Total input tokens: 317
___________________________________________LLM Output:___________________________________________ 
Below you will receive task descriptions from which you should generate an Ansible Playbook.  
The generated playbook must be valid inside an Ansible Role under the tasks/ directory (e.g., tasks/main.yml).  
Do not include hosts:, vars:, or any playbook-level headers. Only output valid task entries or blocks as expected in a role.  

Task 1: Install the vault package on the target system.  
Description Task 1: This task installs the vault package using the package manager, ensuring that the specified package name is used, which is defined by the `vault_package` variable. Upon successful installation, it triggers the handlers to reload the daemon and restart the vault service.

Task 2: Reload the system daemon.  
Description Task 2: This task is executed as a handler to reload the system daemon when notified by the package installation task, ensuring that any changes to the system's service configurations are applied.

Task 3: Restart the vault service.  
Description Task 3: This task is executed as a handler to restart the vault service when notified by the package installation task, ensuring that the vault service is running with the latest updates or configurations.

Tue Sep 30 16:55:18 2025: /home/studgoetsi5301/documents/ansible_bench/dataset/prompts/ollama_phi4:14b_english_exact/benchmark100/ansible-role-vault/tasks/package_prompt.txt Total generation time: 3.292397985002026


Prompt: You are a professional developer. Below you will find a complete Ansible Playbook. This playbook was generated based on a prompt. Your task is to reconstruct the original prompt that could have been used to generate this playbook.

Important: The only output follows the format below. Do not include any explanations or comments before or after.

The reconstructed prompt must exactly follow the structure below:

"Below you will receive task descriptions from which you should generate an Ansible Playbook.  
The generated playbook must be valid inside an Ansible Role under the tasks/ directory (e.g., tasks/main.yml).  
Do not include hosts:, vars:, or any playbook-level headers. Only output valid task entries or blocks as expected in a role.  

Task 1: ...
Description Task 1: ...

Task 2: ...
Description Task 2: ...

Task 3: ...
Description Task 3: ...
..."

Guidelines:
- Each task should be short and clearly describe one specific action.
- The tasks must match the actual tasks in the playbook **both in content and order**.
- Use the exact terminology and labels as used in the playbook (e.g., “install nginx” instead of “install web server”).
- Provide a more detailed description of the task next to each task
- Include the exact names of variables, handlers, etc. used in the playbook.

Here is the Ansible Playbook:
---

- name: binary | Create Vault group
  ansible.builtin.group:
    name: "{{ vault_group }}"
    system: true

- name: binary | Create Vault user
  ansible.builtin.user:
    name: "{{ vault_user }}"
    create_home: false
    system: true
    shell: "{{ vault_user_shell }}"
    group: "{{ vault_group }}"

- name: binary | Create Vault download directory
  ansible.builtin.file:
    path: "{{ vault_download_path }}"
    state: directory
    owner: "{{ vault_user }}"
    group: "{{ vault_group }}"
    mode: "0755"

- name: binary | Download Vault binary
  ansible.builtin.unarchive:
    src: "https://releases.hashicorp.com/vault/{{ vault_version }}/vault_{{ vault_version }}_linux_{{ vault_architecture }}.zip"
    dest: "{{ vault_download_path }}"
    creates: "{{ vault_download_path }}/vault"
    owner: root
    group: root
    mode: "0644"
    remote_src: true

- name: binary | Check if vault_path exists
  ansible.builtin.stat:
    path: "{{ vault_path }}"
  register: vault_check_path

- name: binary | Create vault_path if it does not exists
  ansible.builtin.file:
    path: "{{ vault_path }}"
    state: directory
    owner: "{{ vault_user }}"
    group: "{{ vault_group }}"
    mode: "0755"
  when:
    - not vault_check_path.stat.exists
    - vault_path | length > 0

- name: binary | Create directory in vault_path
  ansible.builtin.file:
    path: "{{ item.name }}"
    state: directory
    owner: "{{ item.owner }}"
    group: "{{ item.group }}"
    mode: "{{ item.mode }}"
  loop: "{{ vault_directories }}"
  loop_control:
    label: "{{ item.name }}"

- name: binary | Create data directory
  ansible.builtin.file:
    path: "{{ item.name }}"
    state: directory
    owner: "{{ item.owner }}"
    group: "{{ item.group }}"
    mode: "{{ item.mode }}"
  loop: "{{ vault_data_directories }}"
  loop_control:
    label: "{{ item.name }}"

- name: binary | Generate TLS key and certificate
  ansible.builtin.command:
    cmd: openssl req -out tls.crt -new -keyout tls.key -newkey rsa:4096 -nodes -sha256 -x509 -subj "/O=HashiCorp/CN=Vault" -days 1095
    chdir: "{{ vault_data_directory }}/tls/"
    creates: "{{ vault_data_directory }}/tls/tls.key"
  notify:
    - Restart vault

- name: binary | Set ownership of tls material
  ansible.builtin.file:
    path: "{{ item.name }}"
    owner: "{{ item.owner }}"
    group: "{{ item.group }}"
    mode: "{{ item.mode }}"
  loop: "{{ vault_tls_files }}"
  loop_control:
    label: "{{ item.name }}"

- name: binary | Copy Vault binary
  ansible.builtin.copy:
    src: "{{ vault_download_path }}/vault"
    dest: "{{ vault_path }}/usr/bin/vault"
    owner: root
    group: root
    mode: "0755"
    remote_src: true
  notify:
    - Restart vault

- name: binary | Set cap_ipc_lock=ep on /usr/bin/vault
  community.general.capabilities:
    path: "{{ vault_path }}/usr/bin/vault"
    capability: cap_ipc_lock+ep
  changed_when: false

- name: binary | Touch vault.env
  ansible.builtin.file:
    path: "{{ vault_path }}/etc/vault.d/vault.env"
    owner: "{{ vault_user }}"
    group: "{{ vault_group }}"
    mode: "0644"
    state: touch
    modification_time: preserve
    access_time: preserve
  notify:
    - Restart vault

- name: binary | Create /usr/lib/systemd/system
  ansible.builtin.file:
    path: /usr/lib/systemd/system
    state: directory
    owner: root
    group: root
    mode: "0755"

- name: binary | Copy Vault service file
  ansible.builtin.template:
    src: vault.service.j2
    dest: "/usr/lib/systemd/system/vault.service"
    owner: root
    group: root
    mode: "0644"
  notify:
    - Daemon reload
  when:
    - ansible_service_mgr == "systemd"

- name: binary | Copy vault configuration
  ansible.builtin.copy:
    src: vault.hcl
    dest: "{{ vault_path }}/etc/vault.d/vault.hcl"
    owner: root
    group: root
    mode: "0644"
    force: false
  notify:
    - Restart vault

- name: binary | Flush handlers
  ansible.builtin.meta: flush_handlers

  6%|▌         | 6/100 [00:35<11:06,  7.09s/it]
Total input tokens: 1316
___________________________________________LLM Output:___________________________________________ 
Below you will receive task descriptions from which you should generate an Ansible Playbook.  
The generated playbook must be valid inside an Ansible Role under the tasks/ directory (e.g., tasks/main.yml).  
Do not include hosts:, vars:, or any playbook-level headers. Only output valid task entries or blocks as expected in a role.  

Task 1: Create a system group for Vault.  
Description Task 1: This task creates a system group named after the `vault_group` variable to be used by the Vault service.

Task 2: Create a system user for Vault.  
Description Task 2: This task creates a system user named after the `vault_user` variable, assigns it to the `vault_group`, and sets the shell to `vault_user_shell`.

Task 3: Create a download directory for Vault.  
Description Task 3: This task ensures the directory specified by `vault_download_path` exists with appropriate ownership and permissions for downloading the Vault binary.

Task 4: Download the Vault binary.  
Description Task 4: This task downloads and unarchives the specified version of the Vault binary from HashiCorp's release URL, ensuring the binary is owned by root and has appropriate permissions.

Task 5: Check if the main Vault directory exists.  
Description Task 5: This task checks if the directory specified by `vault_path` exists, registering the result as `vault_check_path`.

Task 6: Create the main Vault directory if it does not exist.  
Description Task 6: This task creates the main Vault directory specified by `vault_path` if it does not exist, setting ownership and permissions based on `vault_user` and `vault_group`.

Task 7: Create additional directories in the main Vault directory.  
Description Task 7: This task iterates over `vault_directories` to create additional directories within the main Vault directory, setting ownership and permissions as specified in each item.

Task 8: Create data directories for Vault.  
Description Task 8: This task iterates over `vault_data_directories` to create data directories within the Vault setup, ensuring correct ownership and permissions.

Task 9: Generate a TLS key and certificate for Vault.  
Description Task 9: This task generates a TLS key and certificate using OpenSSL, placing them in the `vault_data_directory/tls` directory, and notifies the handler to restart Vault if successful.

Task 10: Set ownership of TLS files.  
Description Task 10: This task sets the ownership and permissions of TLS files specified in `vault_tls_files` to ensure proper access control.

Task 11: Copy the Vault binary to the appropriate location.  
Description Task 11: This task copies the Vault binary from the download directory to `vault_path/usr/bin/vault`, ensuring it is owned by root and has the correct permissions, and notifies the handler to restart Vault.

Task 12: Set specific capabilities on the Vault binary.  
Description Task 12: This task sets the `cap_ipc_lock=ep` capability on the Vault binary to allow it to lock memory, ensuring proper operation without changing the binary's state.

Task 13: Create a vault environment file.  
Description Task 13: This task creates a `vault.env` file in the `vault_path/etc/vault.d` directory with specific ownership and permissions, preserving modification and access times, and notifies the handler to restart Vault.

Task 14: Ensure the systemd system directory exists.  
Description Task 14: This task ensures the `/usr/lib/systemd/system` directory exists with appropriate ownership and permissions for managing systemd services.

Task 15: Copy the Vault service file for systemd.  
Description Task 15: This task copies a templated Vault service file to the systemd system directory, setting ownership and permissions, and notifies the handler to reload systemd if the service manager is systemd.

Task 16: Copy the Vault configuration file.  
Description Task 16: This task copies the Vault configuration file `vault.hcl` to `vault_path/etc/vault.d`, ensuring it is owned by root and has the correct permissions, and notifies the handler to restart Vault.

Task 17: Flush handlers to apply changes.  
Description Task 17: This task flushes all registered handlers to ensure any changes they manage are applied immediately.

Tue Sep 30 16:55:31 2025: /home/studgoetsi5301/documents/ansible_bench/dataset/prompts/ollama_phi4:14b_english_exact/benchmark100/ansible-role-vault/tasks/binary_prompt.txt Total generation time: 12.08295685199846


Prompt: You are a professional developer. Below you will find a complete Ansible Playbook. This playbook was generated based on a prompt. Your task is to reconstruct the original prompt that could have been used to generate this playbook.

Important: The only output follows the format below. Do not include any explanations or comments before or after.

The reconstructed prompt must exactly follow the structure below:

"Below you will receive task descriptions from which you should generate an Ansible Playbook.  
The generated playbook must be valid inside an Ansible Role under the tasks/ directory (e.g., tasks/main.yml).  
Do not include hosts:, vars:, or any playbook-level headers. Only output valid task entries or blocks as expected in a role.  

Task 1: ...
Description Task 1: ...

Task 2: ...
Description Task 2: ...

Task 3: ...
Description Task 3: ...
..."

Guidelines:
- Each task should be short and clearly describe one specific action.
- The tasks must match the actual tasks in the playbook **both in content and order**.
- Use the exact terminology and labels as used in the playbook (e.g., “install nginx” instead of “install web server”).
- Provide a more detailed description of the task next to each task
- Include the exact names of variables, handlers, etc. used in the playbook.

Here is the Ansible Playbook:
---

- name: hardening | Disable swap
  when:
    - vault_hardening_disable_swap
  block:
    - name: hardening | Disable swap now
      ansible.builtin.command:
        cmd: swapoff -a
      changed_when: true
      when:
        - ansible_swaptotal_mb > 0

    - name: hardening | Disable swap permanently
      ansible.posix.mount:
        name: swap
        state: absent

- name: hardening | Disable core dumps
  community.general.pam_limits:
    domain: "{{ item.domain }}"
    limit_type: "{{ item.limit_type }}"
    limit_item: "{{ item.limit_item }}"
    value: "{{ item.value }}"
  loop:
    - domain: '*'
      limit_type: hard
      limit_item: core
      value: 0
    - domain: '*'
      limit_type: soft
      limit_item: core
      value: 0
  loop_control:
    label: "{{ item.limit_item }}"
  when:
    - vault_hardening_disable_core_dumps

- name: hardening | Disable Shell Command History
  ansible.builtin.copy:
    dest: /etc/profile.d/vault.sh
    content: |
      export HISTIGNORE="&:vault*"
    mode: '0644'
    owner: root
    group: root
  when:
    - vault_hardening_disable_shell_command_history

- name: hardening | Configure SELinux / AppArmor
  block:
    - name: hardening | Enable SELinux
      when:
        - vault_hardening_configure_selinux_apparmor
        - ansible_selinux.status == "enabled"
      block:
        - name: hardening | Install selinux-policy
          ansible.builtin.package:
            name: selinux-policy
            state: present

        - name: hardening | Set SELinux policy
          ansible.posix.selinux:
            policy: targeted
            state: enforcing

    - name: hardening | Enable AppArmor (enforcing)
      ansible.builtin.command:
        cmd: aa-enforce /etc/apparmor.d/usr.bin.vault
      changed_when: true
      when:
        - ansible_apparmor.status == "enabled"


Total input tokens: 744
___________________________________________LLM Output:___________________________________________ 
Below you will receive task descriptions from which you should generate an Ansible Playbook.  
The generated playbook must be valid inside an Ansible Role under the tasks/ directory (e.g., tasks/main.yml).  
Do not include hosts:, vars:, or any playbook-level headers. Only output valid task entries or blocks as expected in a role.  

Task 1: Disable swap if vault_hardening_disable_swap is set and swap is currently enabled.  
Description Task 1: Temporarily disable swap using the swapoff command only if swap is currently active, and then ensure swap is not mounted permanently.

Task 2: Disable core dumps if vault_hardening_disable_core_dumps is set.  
Description Task 2: Set PAM limits to prevent core dumps by configuring both hard and soft limits for all users.

Task 3: Disable shell command history for vault commands if vault_hardening_disable_shell_command_history is set.  
Description Task 3: Create or modify a script in /etc/profile.d to ignore history for vault commands, setting appropriate permissions for the file.

Task 4: Configure SELinux and/or AppArmor if vault_hardening_configure_selinux_apparmor is set.  
Description Task 4: If SELinux is enabled and configured, ensure selinux-policy is installed and set the SELinux policy to enforcing. If AppArmor is enabled, enforce the AppArmor profile for the vault application.  7%|▋         | 7/100 [00:40<09:30,  6.14s/it]  8%|▊         | 8/100 [00:45<08:57,  5.84s/it]

Tue Sep 30 16:55:35 2025: /home/studgoetsi5301/documents/ansible_bench/dataset/prompts/ollama_phi4:14b_english_exact/benchmark100/ansible-role-vault/tasks/hardening_prompt.txt Total generation time: 4.182354219999979


Prompt: You are a professional developer. Below you will find a complete Ansible Playbook. This playbook was generated based on a prompt. Your task is to reconstruct the original prompt that could have been used to generate this playbook.

Important: The only output follows the format below. Do not include any explanations or comments before or after.

The reconstructed prompt must exactly follow the structure below:

"Below you will receive task descriptions from which you should generate an Ansible Playbook.  
The generated playbook must be valid inside an Ansible Role under the tasks/ directory (e.g., tasks/main.yml).  
Do not include hosts:, vars:, or any playbook-level headers. Only output valid task entries or blocks as expected in a role.  

Task 1: ...
Description Task 1: ...

Task 2: ...
Description Task 2: ...

Task 3: ...
Description Task 3: ...
..."

Guidelines:
- Each task should be short and clearly describe one specific action.
- The tasks must match the actual tasks in the playbook **both in content and order**.
- Use the exact terminology and labels as used in the playbook (e.g., “install nginx” instead of “install web server”).
- Provide a more detailed description of the task next to each task
- Include the exact names of variables, handlers, etc. used in the playbook.

Here is the Ansible Playbook:
---
# tasks file for vault

- name: Import assert.yml
  ansible.builtin.import_tasks:
    file: assert.yml
  run_once: true
  delegate_to: localhost

- name: Install prerequisites
  ansible.builtin.package:
    name: "{{ vault_prerequisites }}"

- name: Include installation method specific tasks
  ansible.builtin.include_tasks:
    file: "{{ vault_installation_method }}.yml"

- name: Add Vault environment variables
  ansible.builtin.lineinfile:
    path: /etc/vault.d/vault.env
    create: true
    regexp: "^{{ item.name }}="
    line: "{{ item.name }}={{ item.value }}"
    mode: "0644"
  loop: "{{ vault_environment_settings }}"
  notify:
    - Restart vault

- name: Include hardening tasks
  ansible.builtin.include_tasks:
    file: hardening.yml

- name: Start and enable vault
  ansible.builtin.service:
    name: vault
    state: started
    enabled: true
  when:
    - vault_type == "oss"

- name: Enable vault
  ansible.builtin.service:
    name: vault
    enabled: true
  when:
    - vault_type != "oss"


Total input tokens: 541
___________________________________________LLM Output:___________________________________________ 
Below you will receive task descriptions from which you should generate an Ansible Playbook.  
The generated playbook must be valid inside an Ansible Role under the tasks/ directory (e.g., tasks/main.yml).  
Do not include hosts:, vars:, or any playbook-level headers. Only output valid task entries or blocks as expected in a role.  

Task 1: Import a task file for assertions.  
Description Task 1: Import the assert.yml file and ensure it runs only once, delegating execution to the localhost.

Task 2: Install necessary prerequisites for Vault.  
Description Task 2: Use the package module to install packages specified in the vault_prerequisites variable.

Task 3: Include tasks specific to the installation method.  
Description Task 3: Dynamically include a task file based on the vault_installation_method variable, which determines the method used for Vault's installation.

Task 4: Add environment variables for Vault.  
Description Task 4: Use lineinfile to add environment variables to /etc/vault.d/vault.env, creating the file if it does not exist, and notify the handler to restart Vault when changes occur.

Task 5: Include additional hardening tasks.  
Description Task 5: Include the hardening.yml file to apply any additional security hardening measures.

Task 6: Start and enable Vault service for Open Source Software (OSS).  
Description Task 6: Use the service module to start and enable the Vault service, but only when the vault_type variable is set to "oss".

Task 7: Enable Vault service for non-OSS versions.  
Description Task 7: Use the service module to ensure the Vault service is enabled, but only when the vault_type variable is not set to "oss".

Tue Sep 30 16:55:40 2025: /home/studgoetsi5301/documents/ansible_bench/dataset/prompts/ollama_phi4:14b_english_exact/benchmark100/ansible-role-vault/tasks/main_prompt.txt Total generation time: 5.205790962994797


Prompt: You are a professional developer. Below you will find a complete Ansible Playbook. This playbook was generated based on a prompt. Your task is to reconstruct the original prompt that could have been used to generate this playbook.

Important: The only output follows the format below. Do not include any explanations or comments before or after.

The reconstructed prompt must exactly follow the structure below:

"Below you will receive task descriptions from which you should generate an Ansible Playbook.  
The generated playbook must be valid inside an Ansible Role under the tasks/ directory (e.g., tasks/main.yml).  
Do not include hosts:, vars:, or any playbook-level headers. Only output valid task entries or blocks as expected in a role.  

Task 1: ...
Description Task 1: ...

Task 2: ...
Description Task 2: ...

Task 3: ...
Description Task 3: ...
..."

Guidelines:
- Each task should be short and clearly describe one specific action.
- The tasks must match the actual tasks in the playbook **both in content and order**.
- Use the exact terminology and labels as used in the playbook (e.g., “install nginx” instead of “install web server”).
- Provide a more detailed description of the task next to each task
- Include the exact names of variables, handlers, etc. used in the playbook.

Here is the Ansible Playbook:
---
# tasks file for dns

- name: Import assert.yml
  ansible.builtin.import_tasks:
    file: assert.yml
  run_once: true
  delegate_to: localhost

- name: Install dns
  ansible.builtin.package:
    name: "{{ dns_packages }}"
    state: present

- name: Create directories
  ansible.builtin.file:
    path: "{{ item.path }}"
    state: directory
    mode: "{{ item.mode }}"
    owner: "{{ item.owner }}"
    group: "{{ item.group }}"
  loop:
    - path: "{{ dns_datadir }}"
      mode: "1770"
      owner: "{{ dns_owner }}"
      group: "{{ dns_group }}"
    - path: "{{ dns_confdir }}"
      mode: "0755"
      owner: root
      group: root
  loop_control:
    label: "{{ item.path }}"

- name: Create group
  ansible.builtin.group:
    name: "{{ dns_group }}"
    state: present

- name: Create user
  ansible.builtin.user:
    name: "{{ dns_owner }}"
    state: present
    system: true

- name: Generate rndc key
  ansible.builtin.command:
    cmd: rndc-confgen -a -c "{{ dns_confdir }}/rndc.key"
    creates: "{{ dns_confdir }}/rndc.key"

- name: Set permissions on rndc key file
  ansible.builtin.file:
    path: "{{ dns_confdir }}/rndc.key"
    owner: "{{ dns_owner }}"
    group: "{{ dns_group }}"
    mode: "0640"

- name: Get the hints/root file
  ansible.builtin.get_url:
    url: "https://www.internic.net/domain/named.root"
    dest: "{{ dns_datadir }}/named.root"
    validate_certs: "{{ dns_validate_certs }}"
    mode: "0640"
    owner: "{{ dns_owner }}"
    group: "{{ dns_group }}"
  when:
    - dns_caching_dns
  notify:
    - Rndc reload

- name: Create zone file
  ansible.builtin.template:
    src: zone.j2
    dest: "{{ dns_datadir }}/{{ item.name }}.db"
    validate: named-checkzone {{ item.name }} %s
    mode: "0640"
    owner: "{{ dns_owner }}"
    group: "{{ dns_group }}"
  loop: "{{ dns_zones }}"
  loop_control:
    label: "{{ item.name }}"
  when:
    - item.type is undefined or
      item.type in [ "primary" ]
  notify:
    - Rndc reload

- name: Add zones to configuration
  ansible.builtin.template:
    src: named.conf.j2
    dest: "{{ dns_confdir }}/named.conf"
    validate: named-checkconf -zj %s
    mode: "0640"
    owner: "{{ dns_owner }}"
    group: "{{ dns_group }}"
    backup: true
  notify:
    - Restart dns

- name: Place systemd override
  when:
    - ansible_service_mgr == "systemd"
  block:
    - name: Create service.d {{ dns_service }}
      ansible.builtin.file:
        path: /etc/systemd/system/{{ dns_service }}.service.d
        state: directory
        mode: "0755"

    - name: Place override.conf
      ansible.builtin.copy:
        src: override.conf
        dest: /etc/systemd/system/{{ dns_service }}.service.d/override.conf
        owner: root
        group: root
        mode: "0644"

    - name: Systemctl daemon-reload
      ansible.builtin.systemd:
        daemon_reload: true
      changed_when: false

- name: Start and enable dns
  ansible.builtin.service:
    name: "{{ dns_service }}"
    state: started
    enabled: true

  9%|▉         | 9/100 [00:54<10:21,  6.83s/it] 10%|█         | 10/100 [00:59<09:40,  6.45s/it]
Total input tokens: 1085
___________________________________________LLM Output:___________________________________________ 
Below you will receive task descriptions from which you should generate an Ansible Playbook.  
The generated playbook must be valid inside an Ansible Role under the tasks/ directory (e.g., tasks/main.yml).  
Do not include hosts:, vars:, or any playbook-level headers. Only output valid task entries or blocks as expected in a role.  

Task 1: Import external tasks from assert.yml to be executed once on localhost.  
Description Task 1: Import tasks from a file named assert.yml, ensuring they are run once and delegated to localhost.

Task 2: Install DNS-related packages.  
Description Task 2: Use the package module to install DNS packages specified in the dns_packages variable.

Task 3: Create necessary directories for DNS configuration and data.  
Description Task 3: Use the file module to create directories specified in dns_datadir and dns_confdir, setting appropriate permissions, owner, and group.

Task 4: Create a group for DNS service.  
Description Task 4: Ensure the DNS group specified in dns_group exists using the group module.

Task 5: Create a user for the DNS service.  
Description Task 5: Ensure the DNS user specified in dns_owner exists, marked as a system user, using the user module.

Task 6: Generate the rndc key for DNS configuration.  
Description Task 6: Use the command module to generate an rndc key, ensuring it only creates the file if it does not already exist.

Task 7: Set file permissions for the rndc key.  
Description Task 7: Use the file module to set the owner, group, and permissions for the rndc key file to 0640.

Task 8: Download the root hints file if DNS caching is enabled.  
Description Task 8: Use the get_url module to download the root hints file from a specified URL, setting appropriate permissions and ownership, and notify Rndc reload if successful.

Task 9: Create primary zone files from templates.  
Description Task 9: Use the template module to create zone files for each DNS zone listed in dns_zones, validating them with named-checkzone, and notify Rndc reload if successful.

Task 10: Add DNS zones to the main configuration file.  
Description Task 10: Use the template module to generate the named.conf file from a template, validate it with named-checkconf, and notify a restart of the DNS service if successful.

Task 11: Create systemd service override if using systemd.  
Description Task 11: If the service manager is systemd, create a directory for service overrides, copy an override.conf file, and reload systemd.

Task 12: Start and enable the DNS service.  
Description Task 12: Use the service module to start and enable the DNS service specified in dns_service.

Tue Sep 30 16:55:49 2025: /home/studgoetsi5301/documents/ansible_bench/dataset/prompts/ollama_phi4:14b_english_exact/benchmark100/ansible-role-dns/tasks/main_prompt.txt Total generation time: 9.00303363299463


Prompt: You are a professional developer. Below you will find a complete Ansible Playbook. This playbook was generated based on a prompt. Your task is to reconstruct the original prompt that could have been used to generate this playbook.

Important: The only output follows the format below. Do not include any explanations or comments before or after.

The reconstructed prompt must exactly follow the structure below:

"Below you will receive task descriptions from which you should generate an Ansible Playbook.  
The generated playbook must be valid inside an Ansible Role under the tasks/ directory (e.g., tasks/main.yml).  
Do not include hosts:, vars:, or any playbook-level headers. Only output valid task entries or blocks as expected in a role.  

Task 1: ...
Description Task 1: ...

Task 2: ...
Description Task 2: ...

Task 3: ...
Description Task 3: ...
..."

Guidelines:
- Each task should be short and clearly describe one specific action.
- The tasks must match the actual tasks in the playbook **both in content and order**.
- Use the exact terminology and labels as used in the playbook (e.g., “install nginx” instead of “install web server”).
- Provide a more detailed description of the task next to each task
- Include the exact names of variables, handlers, etc. used in the playbook.

Here is the Ansible Playbook:
---
- name: password | Get efi path
  ansible.builtin.stat:
    path: /sys/firmware/efi/efivars/
  register: grub_efi

- name: password | Remove unwanted grub.cfg on EFI systems
  ansible.builtin.file:
    state: absent
    path: /boot/grub2/grub.cfg
  when:
    - grub_efi.stat.exists

- name: password | Install user template
  ansible.builtin.template:
    src: 01_users.j2
    dest: /etc/grub.d/01_users
    owner: root
    group: root
    mode: '0700'
  notify:
    - Update grub

- name: password | EFI | add password
  ansible.builtin.lineinfile:
    dest: /etc/grub2-efi.cfg
    regexp: "^password_pbkdf2 {{ grub_user }} "
    state: present
    insertafter: EOF
    line: 'password_pbkdf2 {{ grub_user }} {{ grub_password }}'
  when:
    - grub_efi.stat.exists
  notify:
    - Update grub

- name: password | MBR | add password
  ansible.builtin.lineinfile:
    dest: /etc/grub2.cfg
    regexp: "^password_pbkdf2 {{ grub_user }} "
    state: present
    insertafter: EOF
    line: 'password_pbkdf2 {{ grub_user }} {{ grub_password }}'
  when:
    - grub_efi.stat.exists
  notify:
    - Update grub

- name: password | Add --unrestricted
  ansible.builtin.replace:
    dest: "{{ item }}"
    regexp: '^CLASS="(((?!--unrestricted).)*)"$'
    replace: 'CLASS="\1 --unrestricted"'
  with_items: "{{ grub_password_unrestricted_files }}"
  when:
    - grub_password_unrestricted
  notify:
    - Update grub


Total input tokens: 689
___________________________________________LLM Output:___________________________________________ 
Below you will receive task descriptions from which you should generate an Ansible Playbook.  
The generated playbook must be valid inside an Ansible Role under the tasks/ directory (e.g., tasks/main.yml).  
Do not include hosts:, vars:, or any playbook-level headers. Only output valid task entries or blocks as expected in a role.  

Task 1: Determine if the system is EFI.
Description Task 1: Check if the EFI path exists to determine if the system is an EFI system and register the result for use in subsequent tasks.

Task 2: Remove unwanted grub.cfg for EFI systems.
Description Task 2: If the system is identified as EFI, remove the Grub configuration file located at /boot/grub2/grub.cfg.

Task 3: Install a user template for Grub.
Description Task 3: Deploy a user template to the Grub configuration directory with appropriate permissions, and notify to update Grub.

Task 4: Add a password to the EFI Grub configuration.
Description Task 4: If the system is EFI, add a password entry to the EFI Grub configuration file (/etc/grub2-efi.cfg) and notify to update Grub.

Task 5: Add a password to the MBR Grub configuration.
Description Task 5: If the system is EFI, add a password entry to the MBR Grub configuration file (/etc/grub2.cfg) and notify to update Grub.

Task 6: Modify files to add --unrestricted class.
Description Task 6: For specified files, if the --unrestricted option is required, append `--unrestricted` to the CLASS attribute and notify to update Grub.

Tue Sep 30 16:55:55 2025: /home/studgoetsi5301/documents/ansible_bench/dataset/prompts/ollama_phi4:14b_english_exact/benchmark100/ansible-role-grub/tasks/password_prompt.txt Total generation time: 5.609468929993454


Prompt: You are a professional developer. Below you will find a complete Ansible Playbook. This playbook was generated based on a prompt. Your task is to reconstruct the original prompt that could have been used to generate this playbook.

Important: The only output follows the format below. Do not include any explanations or comments before or after.

The reconstructed prompt must exactly follow the structure below:

"Below you will receive task descriptions from which you should generate an Ansible Playbook.  
The generated playbook must be valid inside an Ansible Role under the tasks/ directory (e.g., tasks/main.yml).  
Do not include hosts:, vars:, or any playbook-level headers. Only output valid task entries or blocks as expected in a role.  

Task 1: ...
Description Task 1: ...

Task 2: ...
Description Task 2: ...

Task 3: ...
Description Task 3: ...
..."

Guidelines:
- Each task should be short and clearly describe one specific action.
- The tasks must match the actual tasks in the playbook **both in content and order**.
- Use the exact terminology and labels as used in the playbook (e.g., “install nginx” instead of “install web server”).
- Provide a more detailed description of the task next to each task
- Include the exact names of variables, handlers, etc. used in the playbook.

Here is the Ansible Playbook:
---
# tasks file for grub

- name: Import assert.yml
  ansible.builtin.import_tasks:
    file: assert.yml
  run_once: true
  delegate_to: localhost

- name: Install required packages
  ansible.builtin.package:
    name: "{{ grub_packages }}"
    state: present

- name: Set GRUB_TIMEOUT
  ansible.builtin.lineinfile:
    path: /etc/default/grub
    line: GRUB_TIMEOUT={{ grub_timeout }}
    create: true
    mode: "0664"
  notify:
    - Update grub

- name: Set GRUB_RECORDFAIL_TIMEOUT
  ansible.builtin.lineinfile:
    path: /etc/default/grub
    line: GRUB_RECORDFAIL_TIMEOUT={{ grub_recordfail_timeout }}
    create: true
    mode: "0664"
  notify:
    - Update grub

- name: Add options to GRUB_CMDLINE_LINUX
  ansible.builtin.replace:
    path: /etc/default/grub
    regexp: '^GRUB_CMDLINE_LINUX="((:?(?!{{ item.option }}={{ item.value }}).)*?)"$'
    replace: 'GRUB_CMDLINE_LINUX="\1 {{ item.option }}={{ item.value }}"'
    validate: /bin/sh %s
    mode: "0664"
  loop: "{{ grub_options }}"
  loop_control:
    label: "{{ item.option }}"
  notify:
    - Update grub
  when:
    - grub_options is defined
    - grub_options | length > 0

- name: Import password.yml
  ansible.builtin.import_tasks: password.yml
  when:
    - grub_set_password

- name: Flush handlers
  ansible.builtin.meta: flush_handlers

 11%|█         | 11/100 [01:08<10:24,  7.02s/it] 12%|█▏        | 12/100 [01:15<10:39,  7.27s/it]
Total input tokens: 638
___________________________________________LLM Output:___________________________________________ 
Below you will receive task descriptions from which you should generate an Ansible Playbook.  
The generated playbook must be valid inside an Ansible Role under the tasks/ directory (e.g., tasks/main.yml).  
Do not include hosts:, vars:, or any playbook-level headers. Only output valid task entries or blocks as expected in a role.  

Task 1: Import the assert.yml tasks file.  
Description Task 1: Import the assert.yml file to ensure the necessary assertions are performed during the setup process. This task should run only once and delegate to localhost.

Task 2: Install required GRUB packages.  
Description Task 2: Install the packages necessary for GRUB configuration, as specified by the `grub_packages` variable, ensuring they are present on the system.

Task 3: Set the GRUB_TIMEOUT value.  
Description Task 3: Configure the GRUB_TIMEOUT in the /etc/default/grub file by adding or modifying the line to the value specified by the `grub_timeout` variable. Ensure the file is created if it does not exist and set permissions to 0664. Notify the handler to update GRUB.

Task 4: Set the GRUB_RECORDFAIL_TIMEOUT value.  
Description Task 4: Configure the GRUB_RECORDFAIL_TIMEOUT in the /etc/default/grub file by adding or modifying the line to the value specified by the `grub_recordfail_timeout` variable. Ensure the file is created if it does not exist and set permissions to 0664. Notify the handler to update GRUB.

Task 5: Add options to GRUB_CMDLINE_LINUX.  
Description Task 5: Add specific options to the GRUB_CMDLINE_LINUX variable in the /etc/default/grub file. Use a regular expression to ensure each option from the `grub_options` list is added only if it does not already exist. Validate the changes with /bin/sh and set file permissions to 0664. Notify the handler to update GRUB. This task should only run if `grub_options` is defined and has elements.

Task 6: Import the password.yml tasks file if password setting is required.  
Description Task 6: Import the password.yml file to configure GRUB password settings, but only if the `grub_set_password` variable is true.

Task 7: Flush any pending handlers.  
Description Task 7: Ensure all pending handlers are executed immediately by flushing them, which is necessary for applying configuration changes like updating GRUB.

Tue Sep 30 16:56:03 2025: /home/studgoetsi5301/documents/ansible_bench/dataset/prompts/ollama_phi4:14b_english_exact/benchmark100/ansible-role-grub/tasks/main_prompt.txt Total generation time: 8.311725047999062


Prompt: You are a professional developer. Below you will find a complete Ansible Playbook. This playbook was generated based on a prompt. Your task is to reconstruct the original prompt that could have been used to generate this playbook.

Important: The only output follows the format below. Do not include any explanations or comments before or after.

The reconstructed prompt must exactly follow the structure below:

"Below you will receive task descriptions from which you should generate an Ansible Playbook.  
The generated playbook must be valid inside an Ansible Role under the tasks/ directory (e.g., tasks/main.yml).  
Do not include hosts:, vars:, or any playbook-level headers. Only output valid task entries or blocks as expected in a role.  

Task 1: ...
Description Task 1: ...

Task 2: ...
Description Task 2: ...

Task 3: ...
Description Task 3: ...
..."

Guidelines:
- Each task should be short and clearly describe one specific action.
- The tasks must match the actual tasks in the playbook **both in content and order**.
- Use the exact terminology and labels as used in the playbook (e.g., “install nginx” instead of “install web server”).
- Provide a more detailed description of the task next to each task
- Include the exact names of variables, handlers, etc. used in the playbook.

Here is the Ansible Playbook:
---
# tasks file for service

- name: Import assert.yml
  ansible.builtin.import_tasks: assert.yml
  run_once: true
  delegate_to: localhost

- name: Install required packages
  ansible.builtin.package:
    name: "{{ service_required_packages }}"
    state: present
  notify:
    - Gather facts

- name: Configure systemd service
  ansible.builtin.template:
    src: "systemd.j2"
    dest: "/etc/systemd/system/{{ item.name }}.service"
    mode: "0644"
  when:
    - ansible_service_mgr == "systemd"
  notify:
    - Systemctl daemon-reload
  loop: "{{ service_list }}"
  loop_control:
    label: "{{ item.name }}"

- name: Configure sysvinit service
  ansible.builtin.template:
    src: "sysvinit.j2"
    dest: "/etc/init.d/{{ item.name }}"
    mode: "0755"
  when:
    - ansible_service_mgr in [ "sysvinit", "upstart", "openrc" ]
  loop: "{{ service_list }}"
  loop_control:
    label: "{{ item.name }}"

- name: Manage service
  ansible.builtin.service:
    name: "{{ item.name }}"
    state: "{{ item.state | default(omit) }}"
    enabled: "{{ item.enabled | default(omit) }}"
  loop: "{{ service_list }}"
  loop_control:
    label: "{{ item.name }}"
  when:
    - item.state is defined or
      item.enabled is defined

- name: Flush handlers
  ansible.builtin.meta: flush_handlers


Total input tokens: 618
___________________________________________LLM Output:___________________________________________ 
Below you will receive task descriptions from which you should generate an Ansible Playbook.  
The generated playbook must be valid inside an Ansible Role under the tasks/ directory (e.g., tasks/main.yml).  
Do not include hosts:, vars:, or any playbook-level headers. Only output valid task entries or blocks as expected in a role.  

Task 1: Import assert.yml task to perform necessary checks.  
Description Task 1: Import a separate tasks file named `assert.yml` to execute additional assertions. This task should run only once and delegate execution to localhost.

Task 2: Install required packages specified by a variable.  
Description Task 2: Install packages listed in the variable `service_required_packages` using the package manager. Ensure the packages are present. Notify the handler `Gather facts` after installation.

Task 3: Configure systemd service templates for services listed in a variable.  
Description Task 3: Use a template to configure systemd service files for each service defined in `service_list`. The template source is `systemd.j2`, and the destination path is `/etc/systemd/system/{{ item.name }}.service` with mode `0644`. This task runs when the service manager is systemd and triggers the `Systemctl daemon-reload` handler.

Task 4: Configure sysvinit service templates for services listed in a variable.  
Description Task 4: Use a template to configure sysvinit service files for each service defined in `service_list`. The template source is `sysvinit.j2`, and the destination path is `/etc/init.d/{{ item.name }}` with mode `0755`. This task runs when the service manager is sysvinit, upstart, or openrc.

Task 5: Manage the state and enablement of services listed in a variable.  
Description Task 5: Manage services defined in `service_list` by setting their state and enabled status. This task checks if either `state` or `enabled` is defined for a service before applying changes.

Task 6: Flush handlers to ensure all notifications are executed.  
Description Task 6: Execute the `ansible.builtin.meta: flush_handlers` task to ensure that all handlers triggered by previous tasks are executed.

Tue Sep 30 16:56:11 2025: /home/studgoetsi5301/documents/ansible_bench/dataset/prompts/ollama_phi4:14b_english_exact/benchmark100/ansible-role-service/tasks/main_prompt.txt Total generation time: 7.823371498991037


Prompt: You are a professional developer. Below you will find a complete Ansible Playbook. This playbook was generated based on a prompt. Your task is to reconstruct the original prompt that could have been used to generate this playbook.

Important: The only output follows the format below. Do not include any explanations or comments before or after.

The reconstructed prompt must exactly follow the structure below:

"Below you will receive task descriptions from which you should generate an Ansible Playbook.  
The generated playbook must be valid inside an Ansible Role under the tasks/ directory (e.g., tasks/main.yml).  
Do not include hosts:, vars:, or any playbook-level headers. Only output valid task entries or blocks as expected in a role.  

Task 1: ...
Description Task 1: ...

Task 2: ...
Description Task 2: ...

Task 3: ...
Description Task 3: ...
..."

Guidelines:
- Each task should be short and clearly describe one specific action.
- The tasks must match the actual tasks in the playbook **both in content and order**.
- Use the exact terminology and labels as used in the playbook (e.g., “install nginx” instead of “install web server”).
- Provide a more detailed description of the task next to each task
- Include the exact names of variables, handlers, etc. used in the playbook.

Here is the Ansible Playbook:
---

- name: gather_facts | Lookup bootstrap facts
  ansible.builtin.raw: "cat /etc/os-release"
  become: false
  check_mode: false
  register: bootstrap_facts
  changed_when: false

- name: gather_facts | Set bootstrap facts (I)
  ansible.builtin.set_fact:
    bootstrap_distribution: "{{ item }}"
    bootstrap_distribution_major_version: "{{ bootstrap_facts.stdout_lines | join(',') | regex_replace('^.*VERSION_ID=\"(\\d{1,2})(\\.\\d{1,4})*?\".*$', '\\1') | default('NA') }}"
  loop: "{{ bootstrap_os_family_map | dict2items | map(attribute='value') | flatten }}"
  when:
    - bootstrap_facts.rc == 0
    - bootstrap_distribution is not defined
    - bootstrap_facts.stdout is regex('PRETTY_NAME=.'~ bootstrap_search[item] | default(item) ~'.*')
  become: false

- name: gather_facts | Set bootstrap facts (II)
  ansible.builtin.set_fact:
    bootstrap_os_family: "{{ item.key }}"
  loop: "{{ bootstrap_os_family_map | dict2items }}"
  loop_control:
    label: "{{ item.key }}"
  when:
    - bootstrap_distribution in item.value
  become: false

 13%|█▎        | 13/100 [01:21<09:57,  6.87s/it] 14%|█▍        | 14/100 [01:30<10:25,  7.28s/it]
Total input tokens: 553
___________________________________________LLM Output:___________________________________________ 
Below you will receive task descriptions from which you should generate an Ansible Playbook.  
The generated playbook must be valid inside an Ansible Role under the tasks/ directory (e.g., tasks/main.yml).  
Do not include hosts:, vars:, or any playbook-level headers. Only output valid task entries or blocks as expected in a role.  

Task 1: Gather bootstrap facts by reading the /etc/os-release file.  
Description Task 1: Execute a raw command to read the contents of the /etc/os-release file without privilege escalation, ensuring the command runs in non-check mode to avoid unnecessary checks. The output should be stored in a variable named `bootstrap_facts` and ensure it does not mark the task as changed.

Task 2: Set bootstrap distribution facts based on the gathered information.  
Description Task 2: Use the set_fact module to define `bootstrap_distribution` and `bootstrap_distribution_major_version` from the gathered facts. Match the contents of the `bootstrap_os_release` with predefined patterns from `bootstrap_os_family_map` and extract the major version number using a regex. Ensure this task only runs if the previous fact gathering was successful, the distribution is not already defined, and the pattern matches the `PRETTY_NAME` in the `os-release`.

Task 3: Set bootstrap operating system family based on the distribution.  
Description Task 3: Use the set_fact module to define `bootstrap_os_family` by iterating over `bootstrap_os_family_map` and checking if the `bootstrap_distribution` is part of the mapped values. Ensure this task runs only if a valid distribution was identified in the previous step.

Tue Sep 30 16:56:17 2025: /home/studgoetsi5301/documents/ansible_bench/dataset/prompts/ollama_phi4:14b_english_exact/benchmark100/ansible-role-bootstrap-buluma/tasks/gather_facts_prompt.txt Total generation time: 5.940807759005111


Prompt: You are a professional developer. Below you will find a complete Ansible Playbook. This playbook was generated based on a prompt. Your task is to reconstruct the original prompt that could have been used to generate this playbook.

Important: The only output follows the format below. Do not include any explanations or comments before or after.

The reconstructed prompt must exactly follow the structure below:

"Below you will receive task descriptions from which you should generate an Ansible Playbook.  
The generated playbook must be valid inside an Ansible Role under the tasks/ directory (e.g., tasks/main.yml).  
Do not include hosts:, vars:, or any playbook-level headers. Only output valid task entries or blocks as expected in a role.  

Task 1: ...
Description Task 1: ...

Task 2: ...
Description Task 2: ...

Task 3: ...
Description Task 3: ...
..."

Guidelines:
- Each task should be short and clearly describe one specific action.
- The tasks must match the actual tasks in the playbook **both in content and order**.
- Use the exact terminology and labels as used in the playbook (e.g., “install nginx” instead of “install web server”).
- Provide a more detailed description of the task next to each task
- Include the exact names of variables, handlers, etc. used in the playbook.

Here is the Ansible Playbook:
---
# tasks file for bootstrap

- name: Import assert.yml
  ansible.builtin.import_tasks:
    file: assert.yml
  run_once: true
  delegate_to: localhost

- name: Wait for port to be available
  ansible.builtin.wait_for:
    port: "{{ ansible_port | default('22') }}"
    timeout: "{{ bootstrap_timeout }}"
  become: false
  when:
    - ansible_connection is defined
    - ansible_connection not in [ "container", "docker", "community.docker.docker" ]
    - ansible_connection is not none
    - bootstrap_wait_for_host

- name: Prepare system
  # At this stage, python and/or sudo are not installed, `become` can't be used.
  # This means this role has to run as root, can't switch user.
  become: false
  block:
    - name: Test connection
      ansible.builtin.wait_for_connection:
        timeout: "{{ bootstrap_timeout }}"
      register: bootstrap_connect
      changed_when: false
    - name: Test sudo
      ansible.builtin.command:
        cmd: sudo --version
      changed_when: false
  rescue:
    - name: Gather bootstrap facts
      ansible.builtin.include_tasks:
        file: gather_facts.yml

    - name: Install bootstrap packages (raw)
      ansible.builtin.raw: "{{ bootstrap_install.raw }}"
      args:
        executable: /bin/sh
      register: bootstrap_install_packages
      changed_when:
        - (bootstrap_install.stdout_regex in bootstrap_install_packages.stdout and
           bootstrap_os_family in [ "Alpine", "Archlinux", "Gentoo" ]) or
          (bootstrap_install.stdout_regex not in bootstrap_install_packages.stdout and
           bootstrap_os_family in [ "Debian", "RedHat", "Rocky", "Suse" ])

    - name: Ensure libdnf5 is present on Fedora/RedHat
      ansible.builtin.raw: dnf install -y python3-libdnf5
      args:
        executable: /bin/sh
      when: bootstrap_os_family == "RedHat"

- name: Gather ansible facts
  ansible.builtin.setup:
  become: false

- name: Install bootstrap packages (package)
  ansible.builtin.package:
    name: "{{ item }}"
    state: present
    update_cache: true
  loop: "{{ bootstrap_facts_packages.split() }}"
  become: "{{ bootstrap_become }}"


Total input tokens: 787
___________________________________________LLM Output:___________________________________________ 
Below you will receive task descriptions from which you should generate an Ansible Playbook.  
The generated playbook must be valid inside an Ansible Role under the tasks/ directory (e.g., tasks/main.yml).  
Do not include hosts:, vars:, or any playbook-level headers. Only output valid task entries or blocks as expected in a role.  

Task 1: Import additional tasks from an external file named assert.yml, ensuring this task runs only once and delegates to localhost.  
Description Task 1: This task imports additional tasks from a file named assert.yml, ensuring these tasks are executed just once and delegated to the localhost.

Task 2: Wait for a specific port (default is 22) to be available, respecting a timeout defined by the variable bootstrap_timeout. This task should not use privilege escalation and should only run under specific connection conditions and when the variable bootstrap_wait_for_host is true.  
Description Task 2: This task waits for a port, defaulting to port 22, to become available. It respects a timeout value set by bootstrap_timeout and is conditioned to run only when certain connection types are not used and when bootstrap_wait_for_host is true.

Task 3: Prepare the system by testing the connection and checking for sudo availability. If the connection test fails or sudo is not available, gather bootstrap facts and install necessary bootstrap packages using raw commands based on the OS family. Ensure libdnf5 is installed on RedHat-based systems.  
Description Task 3: This task block attempts to test the connection and check for sudo availability. If these checks fail, it falls back to gathering bootstrap facts and installing necessary packages using raw commands, with specific handling for RedHat-based systems to ensure libdnf5 is installed.

Task 4: Gather Ansible facts without using privilege escalation.  
Description Task 4: This task gathers system facts using Ansible's setup module without escalating privileges.

Task 5: Install a list of bootstrap packages specified in bootstrap_facts_packages, updating the package cache and using privilege escalation as defined by bootstrap_become.  
Description Task 5: This task installs a list of packages specified in bootstrap_facts_packages, updating the package cache and using privilege escalation based on the value of bootstrap_become.

Tue Sep 30 16:56:25 2025: /home/studgoetsi5301/documents/ansible_bench/dataset/prompts/ollama_phi4:14b_english_exact/benchmark100/ansible-role-bootstrap-buluma/tasks/main_prompt.txt Total generation time: 8.227732953993836


Prompt: You are a professional developer. Below you will find a complete Ansible Playbook. This playbook was generated based on a prompt. Your task is to reconstruct the original prompt that could have been used to generate this playbook.

Important: The only output follows the format below. Do not include any explanations or comments before or after.

The reconstructed prompt must exactly follow the structure below:

"Below you will receive task descriptions from which you should generate an Ansible Playbook.  
The generated playbook must be valid inside an Ansible Role under the tasks/ directory (e.g., tasks/main.yml).  
Do not include hosts:, vars:, or any playbook-level headers. Only output valid task entries or blocks as expected in a role.  

Task 1: ...
Description Task 1: ...

Task 2: ...
Description Task 2: ...

Task 3: ...
Description Task 3: ...
..."

Guidelines:
- Each task should be short and clearly describe one specific action.
- The tasks must match the actual tasks in the playbook **both in content and order**.
- Use the exact terminology and labels as used in the playbook (e.g., “install nginx” instead of “install web server”).
- Provide a more detailed description of the task next to each task
- Include the exact names of variables, handlers, etc. used in the playbook.

Here is the Ansible Playbook:
---
- name: Load OS-specific vars.
  include_vars: "{{ lookup('first_found', params) }}"
  vars:
    params:
      files:
        - '{{ansible_facts.distribution}}.yml'
        - '{{ansible_facts.os_family}}.yml'
        - main.yml
      paths:
        - 'vars'

- include_tasks: setup-RedHat.yml
  when: ansible_facts.os_family == 'RedHat'

- include_tasks: setup-Debian.yml
  when: ansible_facts.os_family == 'Debian'

- name: Install Docker packages.
  package:
    name: "{{ docker_packages }}"
    state: "{{ docker_packages_state }}"
  notify: restart docker
  ignore_errors: "{{ ansible_check_mode }}"
  when: "ansible_version.full is version_compare('2.12', '<') or ansible_facts.os_family not in ['RedHat', 'Debian']"

- name: Install Docker packages (with downgrade option).
  package:
    name: "{{ docker_packages }}"
    state: "{{ docker_packages_state }}"
    allow_downgrade: true
  notify: restart docker
  ignore_errors: "{{ ansible_check_mode }}"
  when: "ansible_version.full is version_compare('2.12', '>=') and ansible_facts.os_family in ['RedHat', 'Debian']"

- name: Install docker-compose plugin.
  package:
    name: "{{ docker_compose_package }}"
    state: "{{ docker_compose_package_state }}"
  notify: restart docker
  ignore_errors: "{{ ansible_check_mode }}"
  when: "docker_install_compose_plugin | bool == true and (ansible_version.full is version_compare('2.12', '<') or ansible_facts.os_family not in ['RedHat', 'Debian'])"

- name: Install docker-compose-plugin (with downgrade option).
  package:
    name: "{{ docker_compose_package }}"
    state: "{{ docker_compose_package_state }}"
    allow_downgrade: true
  notify: restart docker
  ignore_errors: "{{ ansible_check_mode }}"
  when: "docker_install_compose_plugin | bool == true and ansible_version.full is version_compare('2.12', '>=') and ansible_facts.os_family in ['RedHat', 'Debian']"

- name: Ensure /etc/docker/ directory exists.
  file:
    path: /etc/docker
    state: directory
    mode: 0755
  when: docker_daemon_options.keys() | length > 0

- name: Configure Docker daemon options.
  copy:
    content: "{{ docker_daemon_options | to_nice_json }}"
    dest: /etc/docker/daemon.json
    mode: 0644
  when: docker_daemon_options.keys() | length > 0
  notify: restart docker

- name: Ensure Docker is started and enabled at boot.
  service:
    name: docker
    state: "{{ docker_service_state }}"
    enabled: "{{ docker_service_enabled }}"
  ignore_errors: "{{ ansible_check_mode }}"
  when: docker_service_manage | bool

- name: Ensure handlers are notified now to avoid firewall conflicts.
  meta: flush_handlers

- include_tasks: docker-compose.yml
  when: docker_install_compose | bool

- name: Get docker group info using getent.
  getent:
    database: group
    key: docker
    split: ':'
  when: docker_users | length > 0

- name: Check if there are any users to add to the docker group.
  set_fact:
    at_least_one_user_to_modify: true
  when:
    - docker_users | length > 0
    - item not in ansible_facts.getent_group["docker"][2]
  with_items: "{{ docker_users }}"

- include_tasks: docker-users.yml
  when: at_least_one_user_to_modify is defined

 15%|█▌        | 15/100 [01:52<16:45, 11.83s/it]
Total input tokens: 1078
___________________________________________LLM Output:___________________________________________ 
Below you will receive task descriptions from which you should generate an Ansible Playbook.  
The generated playbook must be valid inside an Ansible Role under the tasks/ directory (e.g., tasks/main.yml).  
Do not include hosts:, vars:, or any playbook-level headers. Only output valid task entries or blocks as expected in a role.  

Task 1: Load OS-specific variables based on the distribution or OS family, falling back to main.yml if specific files are not found.  
Description Task 1: Use `include_vars` to load variables specific to the operating system. The playbook should look for distribution-specific or family-specific YAML files in the `vars` directory, defaulting to `main.yml` if no specific file is found.

Task 2: Include RedHat-specific setup tasks if the OS family is RedHat.  
Description Task 2: Use `include_tasks` to run setup tasks for RedHat systems by including the `setup-RedHat.yml` file when the OS family matches 'RedHat'.

Task 3: Include Debian-specific setup tasks if the OS family is Debian.  
Description Task 3: Use `include_tasks` to run setup tasks for Debian systems by including the `setup-Debian.yml` file when the OS family matches 'Debian'.

Task 4: Install Docker packages on systems not using Ansible version 2.12 or newer, or if the OS family is not RedHat or Debian.  
Description Task 4: Use the `package` module to install Docker packages defined in `docker_packages` with the state specified in `docker_packages_state`. Notify the `restart docker` handler and ignore errors if in check mode. This task should run when the Ansible version is less than 2.12 or the OS family is neither RedHat nor Debian.

Task 5: Install Docker packages with an option to allow downgrades on systems using Ansible version 2.12 or newer, and if the OS family is RedHat or Debian.  
Description Task 5: Use the `package` module to install Docker packages with an `allow_downgrade` option. Notify the `restart docker` handler and ignore errors if in check mode. This task should run when the Ansible version is 2.12 or newer and the OS family is either RedHat or Debian.

Task 6: Install the Docker Compose plugin on systems not using Ansible version 2.12 or newer, or if the OS family is not RedHat or Debian, provided the `docker_install_compose_plugin` variable is true.  
Description Task 6: Use the `package` module to install the Docker Compose plugin defined in `docker_compose_package` with the state specified in `docker_compose_package_state`. Notify the `restart docker` handler and ignore errors if in check mode. This task should run when the Ansible version is less than 2.12 or the OS family is neither RedHat nor Debian, and `docker_install_compose_plugin` is true.

Task 7: Install the Docker Compose plugin with an option to allow downgrades on systems using Ansible version 2.12 or newer, and if the OS family is RedHat or Debian, provided the `docker_install_compose_plugin` variable is true.  
Description Task 7: Use the `package` module to install the Docker Compose plugin with an `allow_downgrade` option. Notify the `restart docker` handler and ignore errors if in check mode. This task should run when the Ansible version is 2.12 or newer, the OS family is either RedHat or Debian, and `docker_install_compose_plugin` is true.

Task 8: Ensure the /etc/docker directory exists if there are daemon options specified.  
Description Task 8: Use the `file` module to ensure the `/etc/docker` directory exists with mode `0755` if there are any keys in `docker_daemon_options`.

Task 9: Configure Docker daemon options by creating or updating /etc/docker/daemon.json if daemon options are specified.  
Description Task 9: Use the `copy` module to write the Docker daemon options from `docker_daemon_options` to `/etc/docker/daemon.json` with mode `0644`. Notify the `restart docker` handler if there are any keys in `docker_daemon_options`.

Task 10: Ensure the Docker service is started and enabled at boot if `docker_service_manage` is true.  
Description Task 10: Use the `service` module to ensure the Docker service is in the state specified by `docker_service_state` and is enabled according to `docker_service_enabled`. Ignore errors if in check mode and run this task if `docker_service_manage` is true.

Task 11: Notify handlers to handle any necessary post-task actions, such as firewall adjustments.  
Description Task 11: Use the `meta` module to flush handlers, ensuring any queued handler tasks are executed immediately.

Task 12: Include Docker Compose setup tasks if the `docker_install_compose` variable is true.  
Description Task 12: Use `include_tasks` to run Docker Compose setup tasks by including the `docker-compose.yml` file when `docker_install_compose` is true.

Task 13: Retrieve Docker group information using the `getent` database for group entries.  
Description Task 13: Use the `getent` module to fetch information about the Docker group from the group database, splitting the entry by colon, if there are users specified in `docker_users`.

Task 14: Determine if any users need to be added to the Docker group.  
Description Task 14: Use the `set_fact` module to set `at_least_one_user_to_modify` to true if there are users specified in `docker_users` that are not already in the Docker group.

Task 15: Include tasks to modify user group memberships if any users need to be added to the Docker group.  
Description Task 15: Use `include_tasks` to run tasks from `docker-users.yml` if `at_least_one_user_to_modify` is defined.

Tue Sep 30 16:56:47 2025: /home/studgoetsi5301/documents/ansible_bench/dataset/prompts/ollama_phi4:14b_english_exact/benchmark100/ansible-role-docker/tasks/main_prompt.txt Total generation time: 22.382127913995646


Prompt: You are a professional developer. Below you will find a complete Ansible Playbook. This playbook was generated based on a prompt. Your task is to reconstruct the original prompt that could have been used to generate this playbook.

Important: The only output follows the format below. Do not include any explanations or comments before or after.

The reconstructed prompt must exactly follow the structure below:

"Below you will receive task descriptions from which you should generate an Ansible Playbook.  
The generated playbook must be valid inside an Ansible Role under the tasks/ directory (e.g., tasks/main.yml).  
Do not include hosts:, vars:, or any playbook-level headers. Only output valid task entries or blocks as expected in a role.  

Task 1: ...
Description Task 1: ...

Task 2: ...
Description Task 2: ...

Task 3: ...
Description Task 3: ...
..."

Guidelines:
- Each task should be short and clearly describe one specific action.
- The tasks must match the actual tasks in the playbook **both in content and order**.
- Use the exact terminology and labels as used in the playbook (e.g., “install nginx” instead of “install web server”).
- Provide a more detailed description of the task next to each task
- Include the exact names of variables, handlers, etc. used in the playbook.

Here is the Ansible Playbook:
---
- name: Ensure apt key is not present in trusted.gpg.d
  ansible.builtin.file:
    path: /etc/apt/trusted.gpg.d/docker.asc
    state: absent

- name: Ensure old apt source list is not present in /etc/apt/sources.list.d
  ansible.builtin.file:
    path: "/etc/apt/sources.list.d/download_docker_com_linux_{{ docker_apt_ansible_distribution | lower }}.list"
    state: absent

# See https://docs.docker.com/engine/install/debian/#uninstall-old-versions
- name: Ensure old versions of Docker are not installed.
  ansible.builtin.package:
    name: "{{ docker_obsolete_packages }}"
    state: absent

- name: Ensure legacy repo file is not present.
  ansible.builtin.file:
    path: "/etc/apt/sources.list.d/docker.list"
    state: absent

- name: Ensure dependencies are installed.
  ansible.builtin.apt:
    name:
      - apt-transport-https
      - ca-certificates
      - python3-debian
    state: present

- name: Add or remove Docker repository.
  ansible.builtin.deb822_repository:
    name: "{{ docker_apt_filename }}"
    types: deb
    uris: "{{ docker_repo_url }}/{{ ansible_facts.distribution | lower }}"
    suites: "{{ ansible_facts.distribution_release }}"
    components: "{{ docker_apt_release_channel }}"
    signed_by: "{{ docker_apt_gpg_key }}"
    state: "{{ 'present' if docker_add_repo | bool else 'absent' }}"
  notify: apt update

- name: Ensure handlers are notified immediately to update the apt cache.
  ansible.builtin.meta: flush_handlers

 16%|█▌        | 16/100 [01:58<13:56,  9.96s/it] 17%|█▋        | 17/100 [02:05<12:42,  9.19s/it]
Total input tokens: 639
___________________________________________LLM Output:___________________________________________ 
Below you will receive task descriptions from which you should generate an Ansible Playbook.  
The generated playbook must be valid inside an Ansible Role under the tasks/ directory (e.g., tasks/main.yml).  
Do not include hosts:, vars:, or any playbook-level headers. Only output valid task entries or blocks as expected in a role.  

Task 1: Ensure the Docker apt key is removed from the trusted.gpg.d directory.  
Description Task 1: Remove the Docker apt key file to prevent it from being used in future package installations.

Task 2: Remove the old Docker apt source list from the sources.list.d directory.  
Description Task 2: Delete the outdated Docker source list file to ensure only the current repository configuration is used.

Task 3: Uninstall obsolete Docker packages.  
Description Task 3: Remove any outdated Docker packages that are no longer needed or supported.

Task 4: Remove the legacy Docker repository file.  
Description Task 4: Delete the old Docker repository file to prevent it from being used in the package manager.

Task 5: Install necessary dependencies for Docker.  
Description Task 5: Ensure that the required packages for adding Docker repositories are installed.

Task 6: Add or remove the Docker repository based on a condition.  
Description Task 6: Configure the Docker repository in the package manager, adding it if specified, or removing it if not.

Task 7: Flush handlers to update the apt cache immediately.  
Description Task 7: Trigger any defined handlers to ensure the package manager cache is updated right away.

Tue Sep 30 16:56:53 2025: /home/studgoetsi5301/documents/ansible_bench/dataset/prompts/ollama_phi4:14b_english_exact/benchmark100/ansible-role-docker/tasks/setup-Debian_prompt.txt Total generation time: 5.617814867000561


Prompt: You are a professional developer. Below you will find a complete Ansible Playbook. This playbook was generated based on a prompt. Your task is to reconstruct the original prompt that could have been used to generate this playbook.

Important: The only output follows the format below. Do not include any explanations or comments before or after.

The reconstructed prompt must exactly follow the structure below:

"Below you will receive task descriptions from which you should generate an Ansible Playbook.  
The generated playbook must be valid inside an Ansible Role under the tasks/ directory (e.g., tasks/main.yml).  
Do not include hosts:, vars:, or any playbook-level headers. Only output valid task entries or blocks as expected in a role.  

Task 1: ...
Description Task 1: ...

Task 2: ...
Description Task 2: ...

Task 3: ...
Description Task 3: ...
..."

Guidelines:
- Each task should be short and clearly describe one specific action.
- The tasks must match the actual tasks in the playbook **both in content and order**.
- Use the exact terminology and labels as used in the playbook (e.g., “install nginx” instead of “install web server”).
- Provide a more detailed description of the task next to each task
- Include the exact names of variables, handlers, etc. used in the playbook.

Here is the Ansible Playbook:
---
- name: Ensure old versions of Docker are not installed.
  package:
    name: "{{ docker_obsolete_packages }}"
    state: absent

- name: Add Docker GPG key.
  rpm_key:
    key: "{{ docker_yum_gpg_key }}"
    state: present
  when: docker_add_repo | bool

- name: Add Docker repository.
  get_url:
    url: "{{ docker_yum_repo_url }}"
    dest: '/etc/yum.repos.d/docker-{{ docker_edition }}.repo'
    owner: root
    group: root
    mode: 0644
  when: docker_add_repo | bool

- name: Configure Docker Nightly repo.
  ini_file:
    dest: '/etc/yum.repos.d/docker-{{ docker_edition }}.repo'
    section: 'docker-{{ docker_edition }}-nightly'
    option: enabled
    value: '{{ docker_yum_repo_enable_nightly }}'
    mode: 0644
    no_extra_spaces: true
  when: docker_add_repo | bool

- name: Configure Docker Test repo.
  ini_file:
    dest: '/etc/yum.repos.d/docker-{{ docker_edition }}.repo'
    section: 'docker-{{ docker_edition }}-test'
    option: enabled
    value: '{{ docker_yum_repo_enable_test }}'
    mode: 0644
    no_extra_spaces: true
  when: docker_add_repo | bool

- name: Configure containerd on RHEL 8.
  block:
    - name: Ensure runc is not installed.
      package:
        name: runc
        state: absent

    - name: Ensure container-selinux is installed.
      package:
        name: container-selinux
        state: present

    - name: Ensure containerd.io is installed.
      package:
        name: containerd.io
        state: present
  when: ansible_facts.distribution_major_version | int == 8


Total input tokens: 702
___________________________________________LLM Output:___________________________________________ 
Below you will receive task descriptions from which you should generate an Ansible Playbook.  
The generated playbook must be valid inside an Ansible Role under the tasks/ directory (e.g., tasks/main.yml).  
Do not include hosts:, vars:, or any playbook-level headers. Only output valid task entries or blocks as expected in a role.  

Task 1: Remove obsolete Docker packages.  
Description Task 1: Ensure that any old versions of Docker packages specified in the `docker_obsolete_packages` variable are not installed on the system.

Task 2: Add Docker GPG key.  
Description Task 2: Import the Docker GPG key specified in the `docker_yum_gpg_key` variable to verify package integrity, but only if `docker_add_repo` is true.

Task 3: Add Docker repository.  
Description Task 3: Add the Docker repository using the URL specified in `docker_yum_repo_url` and save it to a file named `docker-{{ docker_edition }}.repo` in the `/etc/yum.repos.d` directory, but only if `docker_add_repo` is true.

Task 4: Configure Docker Nightly repo.  
Description Task 4: Enable or disable the Docker Nightly repository section in the `docker-{{ docker_edition }}.repo` file based on the `docker_yum_repo_enable_nightly` variable value, without extra spaces, but only if `docker_add_repo` is true.

Task 5: Configure Docker Test repo.  
Description Task 5: Enable or disable the Docker Test repository section in the `docker-{{ docker_edition }}.repo` file based on the `docker_yum_repo_enable_test` variable value, without extra spaces, but only if `docker_add_repo` is true.

Task 6: Configure containerd on RHEL 8.  
Description Task 6: On RHEL 8, ensure that the `runc` package is not installed, `container-selinux` is installed, and `containerd.io` is installed.

Tue Sep 30 16:57:00 2025: /home/studgoetsi5301/documents/ansible_bench/dataset/prompts/ollama_phi4:14b_english_exact/benchmark100/ansible-role-docker/tasks/setup-RedHat_prompt.txt Total generation time: 7.3811743469996145


Prompt: You are a professional developer. Below you will find a complete Ansible Playbook. This playbook was generated based on a prompt. Your task is to reconstruct the original prompt that could have been used to generate this playbook.

Important: The only output follows the format below. Do not include any explanations or comments before or after.

The reconstructed prompt must exactly follow the structure below:

"Below you will receive task descriptions from which you should generate an Ansible Playbook.  
The generated playbook must be valid inside an Ansible Role under the tasks/ directory (e.g., tasks/main.yml).  
Do not include hosts:, vars:, or any playbook-level headers. Only output valid task entries or blocks as expected in a role.  

Task 1: ...
Description Task 1: ...

Task 2: ...
Description Task 2: ...

Task 3: ...
Description Task 3: ...
..."

Guidelines:
- Each task should be short and clearly describe one specific action.
- The tasks must match the actual tasks in the playbook **both in content and order**.
- Use the exact terminology and labels as used in the playbook (e.g., “install nginx” instead of “install web server”).
- Provide a more detailed description of the task next to each task
- Include the exact names of variables, handlers, etc. used in the playbook.

Here is the Ansible Playbook:
---
- name: Check current docker-compose version.
  command: "{{ docker_compose_path }} --version"
  register: docker_compose_vsn
  check_mode: false
  changed_when: false
  failed_when: false

- set_fact:
    docker_compose_current_version: "{{ docker_compose_vsn.stdout | regex_search('(\\d+(\\.\\d+)+)') }}"
  when: >
    docker_compose_vsn.stdout is defined
    and (docker_compose_vsn.stdout | length > 0)

- name: Delete existing docker-compose version if it's different.
  file:
    path: "{{ docker_compose_path }}"
    state: absent
  when: >
    docker_compose_current_version is defined
    and (docker_compose_version | regex_replace('v', '')) not in docker_compose_current_version

- name: Install Docker Compose (if configured).
  get_url:
    url: "{{ docker_compose_url }}"
    dest: "{{ docker_compose_path }}"
    mode: 0755
  when: >
    (docker_compose_current_version is not defined)
    or (docker_compose_current_version | length == 0)
    or (docker_compose_current_version is version((docker_compose_version | regex_replace('v', '')), '<'))

 18%|█▊        | 18/100 [02:11<11:03,  8.09s/it] 19%|█▉        | 19/100 [02:14<08:55,  6.61s/it]
Total input tokens: 553
___________________________________________LLM Output:___________________________________________ 
Below you will receive task descriptions from which you should generate an Ansible Playbook.  
The generated playbook must be valid inside an Ansible Role under the tasks/ directory (e.g., tasks/main.yml).  
Do not include hosts:, vars:, or any playbook-level headers. Only output valid task entries or blocks as expected in a role.  

Task 1: Check the current version of Docker Compose installed on the system.  
Description Task 1: Run the Docker Compose command with the version flag to capture the current version installed, ensuring no changes are made to the system during this check.

Task 2: Set a fact for the current Docker Compose version if it is defined and the output is not empty.  
Description Task 2: Extract the version number from the output of the Docker Compose version command and store it in a variable for later comparison.

Task 3: Delete the existing Docker Compose binary if the installed version does not match the desired version.  
Description Task 3: Remove the current Docker Compose binary if the extracted version does not match the specified version, ensuring no leading 'v' in the version string.

Task 4: Download and install the specified version of Docker Compose if it is not already installed or if the installed version is older.  
Description Task 4: Use the `get_url` module to download Docker Compose from a specified URL and place it in the desired location, setting the appropriate permissions, only if the current version is not defined, is empty, or is older than the required version.

Tue Sep 30 16:57:06 2025: /home/studgoetsi5301/documents/ansible_bench/dataset/prompts/ollama_phi4:14b_english_exact/benchmark100/ansible-role-docker/tasks/docker-compose_prompt.txt Total generation time: 5.529850783990696


Prompt: You are a professional developer. Below you will find a complete Ansible Playbook. This playbook was generated based on a prompt. Your task is to reconstruct the original prompt that could have been used to generate this playbook.

Important: The only output follows the format below. Do not include any explanations or comments before or after.

The reconstructed prompt must exactly follow the structure below:

"Below you will receive task descriptions from which you should generate an Ansible Playbook.  
The generated playbook must be valid inside an Ansible Role under the tasks/ directory (e.g., tasks/main.yml).  
Do not include hosts:, vars:, or any playbook-level headers. Only output valid task entries or blocks as expected in a role.  

Task 1: ...
Description Task 1: ...

Task 2: ...
Description Task 2: ...

Task 3: ...
Description Task 3: ...
..."

Guidelines:
- Each task should be short and clearly describe one specific action.
- The tasks must match the actual tasks in the playbook **both in content and order**.
- Use the exact terminology and labels as used in the playbook (e.g., “install nginx” instead of “install web server”).
- Provide a more detailed description of the task next to each task
- Include the exact names of variables, handlers, etc. used in the playbook.

Here is the Ansible Playbook:
---
- name: Ensure docker users are added to the docker group.
  user:
    name: "{{ item }}"
    groups: docker
    append: true
  with_items: "{{ docker_users }}"

- name: Reset ssh connection to apply user changes.
  meta: reset_connection


Total input tokens: 341
___________________________________________LLM Output:___________________________________________ 
Below you will receive task descriptions from which you should generate an Ansible Playbook.  
The generated playbook must be valid inside an Ansible Role under the tasks/ directory (e.g., tasks/main.yml).  
Do not include hosts:, vars:, or any playbook-level headers. Only output valid task entries or blocks as expected in a role.  

Task 1: Add specified users to the docker group.  
Description Task 1: This task ensures that users listed in the `docker_users` variable are added to the docker group. The `append` option is set to true to prevent removing the user from other groups.

Task 2: Reset SSH connection to apply user group changes.  
Description Task 2: This task resets the SSH connection to ensure that changes to user groups are applied immediately, allowing the current session to recognize the group changes without requiring a new connection.

Tue Sep 30 16:57:09 2025: /home/studgoetsi5301/documents/ansible_bench/dataset/prompts/ollama_phi4:14b_english_exact/benchmark100/ansible-role-docker/tasks/docker-users_prompt.txt Total generation time: 3.1724318060005317


Prompt: You are a professional developer. Below you will find a complete Ansible Playbook. This playbook was generated based on a prompt. Your task is to reconstruct the original prompt that could have been used to generate this playbook.

Important: The only output follows the format below. Do not include any explanations or comments before or after.

The reconstructed prompt must exactly follow the structure below:

"Below you will receive task descriptions from which you should generate an Ansible Playbook.  
The generated playbook must be valid inside an Ansible Role under the tasks/ directory (e.g., tasks/main.yml).  
Do not include hosts:, vars:, or any playbook-level headers. Only output valid task entries or blocks as expected in a role.  

Task 1: ...
Description Task 1: ...

Task 2: ...
Description Task 2: ...

Task 3: ...
Description Task 3: ...
..."

Guidelines:
- Each task should be short and clearly describe one specific action.
- The tasks must match the actual tasks in the playbook **both in content and order**.
- Use the exact terminology and labels as used in the playbook (e.g., “install nginx” instead of “install web server”).
- Provide a more detailed description of the task next to each task
- Include the exact names of variables, handlers, etc. used in the playbook.

Here is the Ansible Playbook:
---
# tasks file for selinux

- name: Import assert.yml
  ansible.builtin.import_tasks:
    file: assert.yml
  run_once: true
  delegate_to: localhost

- name: Install required packages
  ansible.builtin.package:
    name: "{{ selinux_requirements }}"
    state: present
  notify:
    - Gather facts

- name: Flush handlers
  ansible.builtin.meta: flush_handlers

- name: Configure selinux
  when:
    - ansible_selinux.status is defined
    - ansible_connection not in [ "container", "docker", "community.docker.docker" ]
  block:
    - name: Manage selinux
      ansible.posix.selinux:
        state: "{{ selinux_state }}"
        policy: "{{ selinux_policy }}"
      notify:
        - Reboot

    - name: Manage selinux booleans
      ansible.posix.seboolean:
        name: "{{ item.name }}"
        state: "{{ item.state | default('yes') }}"
        persistent: "{{ item.persistent }}"
      loop: "{{ selinux_booleans }}"
      loop_control:
        label: "{{ item.name }}"
      when:
        - selinux_booleans is defined


Total input tokens: 526
___________________________________________LLM Output:___________________________________________ 
Below you will receive task descriptions from which you should generate an Ansible Playbook.  
The generated playbook must be valid inside an Ansible Role under the tasks/ directory (e.g., tasks/main.yml).  
Do not include hosts:, vars:, or any playbook-level headers. Only output valid task entries or blocks as expected in a role.  

Task 1: Import the assert.yml tasks file to verify prerequisites.
Description Task 1: Import the assert.yml file to perform prerequisite checks. This task should run only once and be delegated to localhost.

Task 2: Install the required SELinux packages.
Description Task 2: Install packages necessary for SELinux using the package manager. The packages to be installed are defined by the variable `selinux_requirements`. This task should notify the "Gather facts" handler upon completion.

Task 3: Flush the handlers to ensure all notifications are processed.
Description Task 3: Use the `ansible.builtin.meta` module to flush handlers. This ensures that any pending notifications are executed.

Task 4: Configure SELinux settings.
Description Task 4: Configure SELinux using the `ansible.posix.selinux` module, provided certain conditions are met. This task should only execute if `ansible_selinux.status` is defined and the connection is not a container or Docker type. It configures the SELinux state and policy as specified by `selinux_state` and `selinux_policy`, respectively, and should notify the "Reboot" handler upon completion.

Task 5: Manage SELinux booleans.
Description Task 5: Manage SELinux boolean settings using the `ansible.posix.seboolean` module. This task iterates over a list of SELinux booleans defined in `selinux_booleans`, setting each boolean's state and persistence as specified. It should only execute if `selinux_booleans` is defined. Each iteration is labeled by the boolean's name for clarity. 20%|██        | 20/100 [02:21<09:09,  6.87s/it] 21%|██        | 21/100 [02:32<10:25,  7.92s/it]

Tue Sep 30 16:57:16 2025: /home/studgoetsi5301/documents/ansible_bench/dataset/prompts/ollama_phi4:14b_english_exact/benchmark100/ansible-role-selinux/tasks/main_prompt.txt Total generation time: 7.47333845400135


Prompt: You are a professional developer. Below you will find a complete Ansible Playbook. This playbook was generated based on a prompt. Your task is to reconstruct the original prompt that could have been used to generate this playbook.

Important: The only output follows the format below. Do not include any explanations or comments before or after.

The reconstructed prompt must exactly follow the structure below:

"Below you will receive task descriptions from which you should generate an Ansible Playbook.  
The generated playbook must be valid inside an Ansible Role under the tasks/ directory (e.g., tasks/main.yml).  
Do not include hosts:, vars:, or any playbook-level headers. Only output valid task entries or blocks as expected in a role.  

Task 1: ...
Description Task 1: ...

Task 2: ...
Description Task 2: ...

Task 3: ...
Description Task 3: ...
..."

Guidelines:
- Each task should be short and clearly describe one specific action.
- The tasks must match the actual tasks in the playbook **both in content and order**.
- Use the exact terminology and labels as used in the playbook (e.g., “install nginx” instead of “install web server”).
- Provide a more detailed description of the task next to each task
- Include the exact names of variables, handlers, etc. used in the playbook.

Here is the Ansible Playbook:
---
# tasks file for mysql

- name: Import assert.yml
  ansible.builtin.import_tasks:
    file: assert.yml
  run_once: true
  delegate_to: localhost

- name: Install mysql
  ansible.builtin.package:
    name: "{{ mysql_packages }}"
    state: present
  notify:
    - Set root password
    - Systemctl daemon-reexec

- name: Configure mysql server
  community.general.ini_file:
    dest: "{{ mysql_configuration_destination }}/{{ mysql_name }}-server.cnf"
    section: "{{ item.section }}"
    option: "{{ item.option }}"
    value: "{{ item.value }}"
    mode: "0644"
  loop: "{{ mysql_configuration_options }}"
  loop_control:
    label: "{{ item.option }}"
  notify:
    - Restart mysql server

- name: Configure mysql client
  community.general.ini_file:
    dest: "{{ mysql_configuration_destination }}/{{ mysql_name }}-client.cnf"
    section: client
    option: socket
    value: "{{ mysql_socket }}"
    mode: "0644"

- name: Initialize mysql
  ansible.builtin.command:
    cmd: "{{ mysql_initialize_command }}"
    creates: /var/lib/mysql/mysql
  when:
    - ansible_distribution in [ "Alpine", "Archlinux" ]

- name: Start and enable mysql
  ansible.builtin.service:
    name: "{{ mysql_service }}"
    state: started
    enabled: true

- name: Flush handlers
  ansible.builtin.meta: flush_handlers

- name: Place my.cnf
  ansible.builtin.template:
    src: my.cnf.j2
    dest: /root/.my.cnf
    mode: "0640"

- name: Create databases
  community.mysql.mysql_db:
    name: "{{ item.name }}"
    state: "{{ item.state | default('present') }}"
    target: "{{ item.target | default(omit) }}"
    encoding: "{{ item.encoding | default(omit) }}"
    collation: "{{ item.collation | default(omit) }}"
    login_unix_socket: "{{ mysql_socket }}"
    login_user: root
    login_password: "{{ mysql_root_password }}"
  loop: "{{ mysql_databases }}"
  loop_control:
    label: "{{ item.name }}"
  when:
    - mysql_databases is defined
    - item.initial_import is not defined
  no_log: true

- name: List databases
  community.mysql.mysql_info:
    login_unix_socket: "{{ mysql_socket }}"
    login_user: root
    login_password: "{{ mysql_root_password }}"
    filter: databases
  register: mysql_info
  no_log: true

- name: Import database
  community.mysql.mysql_db:
    name: "{{ item.name }}"
    state: "import"
    target: "{{ item.initial_import }}"
    login_unix_socket: "{{ mysql_socket }}"
    login_user: root
    login_password: "{{ mysql_root_password }}"
  loop: "{{ mysql_databases }}"
  loop_control:
    label: "{{ item.name }}"
  when:
    - item.initial_import is defined
    - item.name not in mysql_info.databases

- name: Create users
  community.mysql.mysql_user:
    name: "{{ item.name }}"
    state: present
    password: "{{ item.password | default(omit) }}"
    priv: "{{ item.priv | default(omit) }}"
    host: "{{ item.host | default(omit) }}"
    host_all: "{{ item.host_all | default(omit) }}"
    update_password: "{{ item.update_password | default(omit) }}"
    login_unix_socket: "{{ mysql_socket }}"
    login_user: root
    login_password: "{{ mysql_root_password }}"
  loop: "{{ mysql_users }}"
  loop_control:
    label: "{{ item.name }}"
  when:
    - mysql_users is defined
  no_log: true

- name: Flush handlers again
  ansible.builtin.meta: flush_handlers


Total input tokens: 1086
___________________________________________LLM Output:___________________________________________ 
Below you will receive task descriptions from which you should generate an Ansible Playbook.  
The generated playbook must be valid inside an Ansible Role under the tasks/ directory (e.g., tasks/main.yml).  
Do not include hosts:, vars:, or any playbook-level headers. Only output valid task entries or blocks as expected in a role.  

Task 1: Import assert.yml from a specified file.  
Description Task 1: Import tasks from the assert.yml file to be executed once, and delegate to localhost.

Task 2: Install MySQL packages.  
Description Task 2: Install MySQL using a list of packages defined in the `mysql_packages` variable. Notify handlers to set the root password and re-execute the system daemon.

Task 3: Configure the MySQL server configuration file.  
Description Task 3: Update the MySQL server configuration file with options from `mysql_configuration_options`, setting appropriate permissions. Notify handlers to restart the MySQL server.

Task 4: Configure the MySQL client configuration file.  
Description Task 4: Set the socket option in the MySQL client configuration file using the `mysql_socket` variable.

Task 5: Initialize the MySQL database if on Alpine or Archlinux.  
Description Task 5: Run the MySQL initialization command only if the distribution is Alpine or Archlinux, ensuring the database directory exists.

Task 6: Start and enable the MySQL service.  
Description Task 6: Ensure the MySQL service is started and enabled to start on boot.

Task 7: Flush handlers to apply previous changes.  
Description Task 7: Flush any pending handlers to apply changes made by previous tasks.

Task 8: Place the my.cnf configuration file.  
Description Task 8: Deploy the my.cnf template to the root's home directory with specific permissions.

Task 9: Create MySQL databases.  
Description Task 9: Create databases as defined in `mysql_databases`, ensuring sensitive information is not logged. Only create databases that do not have an initial import defined.

Task 10: List current MySQL databases.  
Description Task 10: Retrieve a list of existing databases using MySQL, ensuring sensitive information is not logged.

Task 11: Import databases if initial import is defined and not already present.  
Description Task 11: Import databases from specified targets if they are defined and not already present in the MySQL instance.

Task 12: Create MySQL users.  
Description Task 12: Create users as defined in `mysql_users`, ensuring sensitive information is not logged.

Task 13: Flush handlers again to apply user creation changes.  
Description Task 13: Flush any pending handlers again to ensure user creation changes are applied.

Tue Sep 30 16:57:27 2025: /home/studgoetsi5301/documents/ansible_bench/dataset/prompts/ollama_phi4:14b_english_exact/benchmark100/ansible-role-mysql-robertdebock/tasks/main_prompt.txt Total generation time: 10.353932996004005


Prompt: You are a professional developer. Below you will find a complete Ansible Playbook. This playbook was generated based on a prompt. Your task is to reconstruct the original prompt that could have been used to generate this playbook.

Important: The only output follows the format below. Do not include any explanations or comments before or after.

The reconstructed prompt must exactly follow the structure below:

"Below you will receive task descriptions from which you should generate an Ansible Playbook.  
The generated playbook must be valid inside an Ansible Role under the tasks/ directory (e.g., tasks/main.yml).  
Do not include hosts:, vars:, or any playbook-level headers. Only output valid task entries or blocks as expected in a role.  

Task 1: ...
Description Task 1: ...

Task 2: ...
Description Task 2: ...

Task 3: ...
Description Task 3: ...
..."

Guidelines:
- Each task should be short and clearly describe one specific action.
- The tasks must match the actual tasks in the playbook **both in content and order**.
- Use the exact terminology and labels as used in the playbook (e.g., “install nginx” instead of “install web server”).
- Provide a more detailed description of the task next to each task
- Include the exact names of variables, handlers, etc. used in the playbook.

Here is the Ansible Playbook:
---
# tasks file for sysctl

- name: Import assert.yml
  ansible.builtin.import_tasks:
    file: assert.yml
  run_once: true
  delegate_to: localhost

- name: Install requirements
  ansible.builtin.package:
    name: "{{ sysctl_requirements }}"
    state: present

- name: Set sysctl setting
  ansible.posix.sysctl:
    name: "{{ item.name }}"
    value: "{{ item.value }}"
    sysctl_set: "{{ sysctl_set }}"
    state: present
    reload: "{{ sysctl_reload }}"
  loop: "{{ sysctl_items }}"
  when:
    - sysctl_items is defined
    - item.name is defined
    - item.value is defined
    - ansible_connection not in [ "container", "docker", "community.docker.docker" ]
  loop_control:
    label: "{{ item.name }}"

 22%|██▏       | 22/100 [02:37<09:30,  7.31s/it] 23%|██▎       | 23/100 [02:44<09:03,  7.05s/it]
Total input tokens: 463
___________________________________________LLM Output:___________________________________________ 
Below you will receive task descriptions from which you should generate an Ansible Playbook.  
The generated playbook must be valid inside an Ansible Role under the tasks/ directory (e.g., tasks/main.yml).  
Do not include hosts:, vars:, or any playbook-level headers. Only output valid task entries or blocks as expected in a role.  

Task 1: Import a task file named assert.yml, ensuring it runs once and is executed on the localhost.  
Description Task 1: This task imports another task file, `assert.yml`, which is executed only once and specifically on the localhost. It uses the `import_tasks` module to include tasks from the specified file.

Task 2: Install required packages specified in the variable `sysctl_requirements`.  
Description Task 2: This task installs packages listed in the `sysctl_requirements` variable. It uses the `ansible.builtin.package` module to ensure these packages are present on the system.

Task 3: Configure sysctl settings using the specified parameters and conditions.  
Description Task 3: This task sets sysctl parameters defined in the `sysctl_items` list. It applies settings using the `ansible.posix.sysctl` module, with conditions to ensure the task is not executed in certain container environments. The task checks if `sysctl_items` is defined and each item has a `name` and `value`. It also considers the `sysctl_set` and `sysctl_reload` variables to determine if the sysctl settings should be applied and if the system should be reloaded. The loop control is used to label the task with the sysctl parameter name.

Tue Sep 30 16:57:33 2025: /home/studgoetsi5301/documents/ansible_bench/dataset/prompts/ollama_phi4:14b_english_exact/benchmark100/ansible-role-sysctl/tasks/main_prompt.txt Total generation time: 5.904506095001125


Prompt: You are a professional developer. Below you will find a complete Ansible Playbook. This playbook was generated based on a prompt. Your task is to reconstruct the original prompt that could have been used to generate this playbook.

Important: The only output follows the format below. Do not include any explanations or comments before or after.

The reconstructed prompt must exactly follow the structure below:

"Below you will receive task descriptions from which you should generate an Ansible Playbook.  
The generated playbook must be valid inside an Ansible Role under the tasks/ directory (e.g., tasks/main.yml).  
Do not include hosts:, vars:, or any playbook-level headers. Only output valid task entries or blocks as expected in a role.  

Task 1: ...
Description Task 1: ...

Task 2: ...
Description Task 2: ...

Task 3: ...
Description Task 3: ...
..."

Guidelines:
- Each task should be short and clearly describe one specific action.
- The tasks must match the actual tasks in the playbook **both in content and order**.
- Use the exact terminology and labels as used in the playbook (e.g., “install nginx” instead of “install web server”).
- Provide a more detailed description of the task next to each task
- Include the exact names of variables, handlers, etc. used in the playbook.

Here is the Ansible Playbook:
---
- name: lookup bootstrap facts (raw).
  ansible.builtin.raw: "cat /etc/os-release"
  check_mode: false
  become: false
  register: bootstrap_facts
  changed_when: false
  vars:
    ansible_user: "{{ bootstrap_user }}"

- name: set bootstrap facts (I) # noqa jinja
  ansible.builtin.set_fact:
    bootstrap_distribution: "{{ item }}"
    bootstrap_distribution_major_version:
      "{{ bootstrap_facts.stdout_lines | join(',') | regex_replace(\
      '^.*VERSION_ID=\"(\\d{1,2})(\\.\\d{1,4})*?\".*$','\\1') | default('NA') }}"
  loop: "{{ bootstrap__os_family_map | dict2items | map(attribute='value') | flatten }}"
  when:
    - bootstrap_facts.rc == 0
    - bootstrap_distribution is not defined
    - bootstrap_facts.stdout is regex('PRETTY_NAME=.'~ bootstrap__search[item] | default(item) ~'.*')
  become: "{{ bootstrap_become | default(omit) }}"
  become_user: "{{ bootstrap_become_user }}"

- name: set bootstrap facts (II)
  ansible.builtin.set_fact:
    bootstrap_os_family: "{{ item.key }}"
  loop: "{{ bootstrap__os_family_map | dict2items }}"
  loop_control:
    label: "{{ item.key }}"
  when:
    - bootstrap_distribution in item.value
  become: "{{ bootstrap_become | default(omit) }}"
  become_user: "{{ bootstrap_become_user }}"


Total input tokens: 606
___________________________________________LLM Output:___________________________________________ 
Below you will receive task descriptions from which you should generate an Ansible Playbook.  
The generated playbook must be valid inside an Ansible Role under the tasks/ directory (e.g., tasks/main.yml).  
Do not include hosts:, vars:, or any playbook-level headers. Only output valid task entries or blocks as expected in a role.  

Task 1: Collect the OS release information from the bootstrap server without making changes.
Description Task 1: Execute a command to read the contents of `/etc/os-release` on the bootstrap server, ensuring no changes are made to the system. Store the output in a variable named `bootstrap_facts` and ensure it's executed with the user specified by `bootstrap_user`.

Task 2: Set bootstrap facts for distribution and major version.
Description Task 2: Use the output from the previous task to set facts for `bootstrap_distribution` and `bootstrap_distribution_major_version`. This involves parsing the `PRETTY_NAME` from the `bootstrap_facts` output to extract the distribution name and version. Ensure this is done only if the command was successful (`rc == 0`), the distribution is not already defined, and the `PRETTY_NAME` matches the expected pattern. Use the `bootstrap__os_family_map` for mapping and handle privilege escalation as specified by `bootstrap_become` and `bootstrap_become_user`.

Task 3: Set bootstrap facts for the OS family.
Description Task 3: Determine the OS family based on the previously set `bootstrap_distribution`. Iterate over the `bootstrap__os_family_map` to match the distribution to its corresponding OS family and set the `bootstrap_os_family` fact accordingly. Ensure this task runs with the appropriate privilege escalation settings as defined by `bootstrap_become` and `bootstrap_become_user`.

Tue Sep 30 16:57:39 2025: /home/studgoetsi5301/documents/ansible_bench/dataset/prompts/ollama_phi4:14b_english_exact/benchmark100/ansible-role-bootstrap-JonasPammer/tasks/gather_facts_prompt.txt Total generation time: 6.44916078200913


Prompt: You are a professional developer. Below you will find a complete Ansible Playbook. This playbook was generated based on a prompt. Your task is to reconstruct the original prompt that could have been used to generate this playbook.

Important: The only output follows the format below. Do not include any explanations or comments before or after.

The reconstructed prompt must exactly follow the structure below:

"Below you will receive task descriptions from which you should generate an Ansible Playbook.  
The generated playbook must be valid inside an Ansible Role under the tasks/ directory (e.g., tasks/main.yml).  
Do not include hosts:, vars:, or any playbook-level headers. Only output valid task entries or blocks as expected in a role.  

Task 1: ...
Description Task 1: ...

Task 2: ...
Description Task 2: ...

Task 3: ...
Description Task 3: ...
..."

Guidelines:
- Each task should be short and clearly describe one specific action.
- The tasks must match the actual tasks in the playbook **both in content and order**.
- Use the exact terminology and labels as used in the playbook (e.g., “install nginx” instead of “install web server”).
- Provide a more detailed description of the task next to each task
- Include the exact names of variables, handlers, etc. used in the playbook.

Here is the Ansible Playbook:
---
# tasks file of ansible-role jonaspammer.bootstrap

- name: check if all variables have been set correctly
  ansible.builtin.import_tasks: assert.yml
  run_once: true
  delegate_to: localhost

- name: wait for host (when configured)
  ansible.builtin.wait_for:
    port: "{{ ansible_port | default('22') }}"
    host: "{{ (ansible_ssh_host | default(ansible_host) | default(inventory_hostname)) }}"
    timeout: "{{ bootstrap_timeout }}"
  connection: local
  become: "{{ bootstrap_become | default(omit) }}"
  become_user: "{{ bootstrap_become_user }}"
  when:
    - ansible_connection is defined
    - ansible_connection not in [ "container", "docker", "community.docker.docker" ]
    - bootstrap_wait_for_host | bool

- name: prepare system
  block:
    - name: test connection
      ansible.builtin.wait_for_connection:
        timeout: "{{ bootstrap_timeout }}"
      register: bootstrap_connect
      changed_when: false
  rescue:
    - name: "NOTE - wait_for_connection failed for hosts listed in this Task"
      ansible.builtin.debug:
        var: bootstrap_timeout
      changed_when: true
  always:
    - name: include tasks to gather bootstrap facts (raw)
      ansible.builtin.include_tasks:
        file: gather_facts.yml

    - name: Install bootstrap packages (raw).
      ansible.builtin.raw: "{{ bootstrap_install.raw }}"
      args:
        executable: /bin/sh
      register: bootstrap_install_packages
      changed_when:
        - (bootstrap_install.stdout_regex in bootstrap_install_packages.stdout and
          bootstrap_os_family in [ "Alpine", "Archlinux", "Gentoo" ]) or
          (bootstrap_install.stdout_regex not in bootstrap_install_packages.stdout and
          bootstrap_os_family in [ "Debian", "RedHat", "Rocky", "Suse" ])
      vars:
        ansible_user: "{{ bootstrap_user }}"
      become: "{{ bootstrap_become | default(omit) }}"
      become_user: "{{ bootstrap_become_user }}"

- name: ensure system is prepared by issuing ansible modules.
  become: "{{ bootstrap_become | default(omit) }}"
  become_user: "{{ bootstrap_become_user }}"
  block:
    - name: Gather ansible facts.
      ansible.builtin.setup:

    - name: Install bootstrap packages (package).
      ansible.builtin.package:
        name: "{{ item }}"
        state: present
        update_cache: true
      loop: "{{ bootstrap__facts_packages.split() }}"

 24%|██▍       | 24/100 [02:50<08:35,  6.78s/it]
Total input tokens: 811
___________________________________________LLM Output:___________________________________________ 
Below you will receive task descriptions from which you should generate an Ansible Playbook.  
The generated playbook must be valid inside an Ansible Role under the tasks/ directory (e.g., tasks/main.yml).  
Do not include hosts:, vars:, or any playbook-level headers. Only output valid task entries or blocks as expected in a role.  

Task 1: Check if all necessary variables have been set correctly.  
Description Task 1: Import a task file to assert the correct configuration of variables needed for the playbook to execute properly. This task should run once and delegate to localhost.

Task 2: Wait for the host to become available if specified in the configuration.  
Description Task 2: Use the wait_for module to check if the host is available on the specified port (default is 22). This task should only execute when the connection type is not container-based and when waiting for the host is enabled. It should use local connection and become options if configured.

Task 3: Prepare the system by ensuring connectivity and installing necessary packages.  
Description Task 3: Create a block that tests the connection to the host and registers the result. If connection fails, provide a debug message with the timeout value. Always execute tasks to gather facts and install packages using either raw commands or Ansible's package module, depending on the OS family. Ensure execution is conditioned by the become settings.

Task 4: Ensure the system is fully prepared by executing necessary Ansible modules.  
Description Task 4: Use a block to gather Ansible facts and install required packages using the package module. Ensure the packages are updated and present on the system, iterating over a list of packages defined in the variables.

Tue Sep 30 16:57:45 2025: /home/studgoetsi5301/documents/ansible_bench/dataset/prompts/ollama_phi4:14b_english_exact/benchmark100/ansible-role-bootstrap-JonasPammer/tasks/main_prompt.txt Total generation time: 6.143377738990239


Prompt: You are a professional developer. Below you will find a complete Ansible Playbook. This playbook was generated based on a prompt. Your task is to reconstruct the original prompt that could have been used to generate this playbook.

Important: The only output follows the format below. Do not include any explanations or comments before or after.

The reconstructed prompt must exactly follow the structure below:

"Below you will receive task descriptions from which you should generate an Ansible Playbook.  
The generated playbook must be valid inside an Ansible Role under the tasks/ directory (e.g., tasks/main.yml).  
Do not include hosts:, vars:, or any playbook-level headers. Only output valid task entries or blocks as expected in a role.  

Task 1: ...
Description Task 1: ...

Task 2: ...
Description Task 2: ...

Task 3: ...
Description Task 3: ...
..."

Guidelines:
- Each task should be short and clearly describe one specific action.
- The tasks must match the actual tasks in the playbook **both in content and order**.
- Use the exact terminology and labels as used in the playbook (e.g., “install nginx” instead of “install web server”).
- Provide a more detailed description of the task next to each task
- Include the exact names of variables, handlers, etc. used in the playbook.

Here is the Ansible Playbook:
---
# tasks file for update

- name: Import assert.yml
  ansible.builtin.import_tasks:
    file: assert.yml
  run_once: true
  delegate_to: localhost

- name: Configure apk
  when:
    - ansible_pkg_mgr == "apk"
  block:
    - name: Update cache (apk)
      community.general.apk:
        update_cache: true
      changed_when: false

    - name: Update all software (apk)
      community.general.apk:
        upgrade: true
      notify:
        - Reboot

- name: Configure apt
  when:
    - ansible_pkg_mgr == "apt"
  block:
    - name: Prevent upgrade for selected packages
      ansible.builtin.dpkg_selections:
        name: "{{ item }}"
        selection: hold
      loop: "{{ update_excluded_packages }}"

    - name: Update all software (apt)
      ansible.builtin.apt:
        update_cache: true
        upgrade: "{{ update_upgrade_command }}"
        cache_valid_time: "{{ update_cache_valid_time }}"
      notify:
        - Reboot
      environment:
        DEBIAN_FRONTEND: nointeractive

    - name: Apt autoremove (apt)
      ansible.builtin.apt:
        autoremove: "{{ update_autoremove }}"
      when:
        - ansible_pkg_mgr == "apt"
        - update_autoremove
      environment:
        DEBIAN_FRONTEND: nointeractive

- name: Update all software (dnf)
  ansible.builtin.dnf:
    name: "*"
    state: latest  # noqa package-latest This role is to update packages.
    exclude: "{{ update_excluded_packages }}"
  notify:
    - Reboot
  when:
    - ansible_pkg_mgr in [ "dnf", "dnf5" ]

- name: Update all software (pacman)
  community.general.pacman:
    update_cache: true
    upgrade: true
  notify:
    - Reboot
  when:
    - ansible_pkg_mgr == "pacman"

- name: Configure yum
  when:
    - ansible_pkg_mgr == "yum"
  block:
    - name: Update all software (yum/6)
      ansible.builtin.dnf:
        name: "*"
        state: latest  # noqa package-latest This role is to update packages.
        exclude: "{{ update_excluded_packages }}"
      notify:
        - Reboot
      when:
        - ansible_distribution_major_version == "6"

    - name: Update yum non-6
      when:
        - ansible_distribution_major_version != "6"
      block:
        - name: Update all software (yum)
          ansible.builtin.dnf:
            name: "*"
            state: latest  # noqa package-latest This role is to update packages.
            exclude: "{{ update_excluded_packages }}"
          notify:
            - Reboot

        - name: Install yum-utils
          ansible.builtin.package:
            name: yum-utils

- name: Update all software (zypper)
  community.general.zypper:
    name: "*"
    state: latest  # noqa package-latest This role is to update packages.
  notify:
    - Reboot
  when:
    - ansible_pkg_mgr == "zypper"


Total input tokens: 965
___________________________________________LLM Output:___________________________________________ 
Below you will receive task descriptions from which you should generate an Ansible Playbook.  
The generated playbook must be valid inside an Ansible Role under the tasks/ directory (e.g., tasks/main.yml).  
Do not include hosts:, vars:, or any playbook-level headers. Only output valid task entries or blocks as expected in a role.  

Task 1: Import the assert.yml file to be executed once on the localhost.  
Description Task 1: Import the assert.yml file as a task to be run once on the localhost, ensuring it is delegated to the localhost.

Task 2: Configure apk package manager.  
Description Task 2: If the package manager is apk, update the package cache without marking the task as changed, then upgrade all software and notify to reboot.

Task 3: Configure apt package manager.  
Description Task 3: If the package manager is apt, hold selected packages from upgrading, update and upgrade all software with specific environment settings, and perform autoremove if specified, each notifying to reboot.

Task 4: Update all software using dnf package manager.  
Description Task 4: If the package manager is dnf or dnf5, update all software to the latest state, excluding specified packages, and notify to reboot.

Task 5: Update all software using pacman package manager.  
Description Task 5: If the package manager is pacman, update the package cache and upgrade all software, notifying to reboot.

Task 6: Configure yum package manager.  
Description Task 6: If the package manager is yum, for version 6, update all software to the latest state and notify to reboot; for other versions, perform the same update and also install yum-utils.

Task 7: Update all software using zypper package manager.  
Description Task 7: If the package manager is zypper, update all software to the latest state and notify to reboot.

Tue Sep 30 16:57:53 2025: /home/studgoetsi5301/documents/ansible_bench/dataset/prompts/ollama_phi4:14b_english_exact/benchmark100/ansible-role-update/tasks/main_prompt.txt Total generation time: 25%|██▌       | 25/100 [02:58<09:01,  7.22s/it] 26%|██▌       | 26/100 [03:11<11:02,  8.96s/it] 8.233739727002103


Prompt: You are a professional developer. Below you will find a complete Ansible Playbook. This playbook was generated based on a prompt. Your task is to reconstruct the original prompt that could have been used to generate this playbook.

Important: The only output follows the format below. Do not include any explanations or comments before or after.

The reconstructed prompt must exactly follow the structure below:

"Below you will receive task descriptions from which you should generate an Ansible Playbook.  
The generated playbook must be valid inside an Ansible Role under the tasks/ directory (e.g., tasks/main.yml).  
Do not include hosts:, vars:, or any playbook-level headers. Only output valid task entries or blocks as expected in a role.  

Task 1: ...
Description Task 1: ...

Task 2: ...
Description Task 2: ...

Task 3: ...
Description Task 3: ...
..."

Guidelines:
- Each task should be short and clearly describe one specific action.
- The tasks must match the actual tasks in the playbook **both in content and order**.
- Use the exact terminology and labels as used in the playbook (e.g., “install nginx” instead of “install web server”).
- Provide a more detailed description of the task next to each task
- Include the exact names of variables, handlers, etc. used in the playbook.

Here is the Ansible Playbook:
---
# tasks file for python_pip
- name: Check if python3.11 EXTERNALLY-MANAGED file exists
  ansible.builtin.stat:
    path: /usr/lib/python3.11/EXTERNALLY-MANAGED
  register: externally_managed_file_py311

- name: Rename python3.11 EXTERNALLY-MANAGED file if it exists
  ansible.builtin.command:
    cmd: mv /usr/lib/python3.11/EXTERNALLY-MANAGED /usr/lib/python3.11/EXTERNALLY-MANAGED.old
  when: externally_managed_file_py311.stat.exists
  args:
    creates: /usr/lib/python3.11/EXTERNALLY-MANAGED.old

- name: Check if python3.12 EXTERNALLY-MANAGED file exists
  ansible.builtin.stat:
    path: /usr/lib/python3.12/EXTERNALLY-MANAGED
  register: externally_managed_file_py312

- name: Rename python3.12 EXTERNALLY-MANAGED file if it exists
  ansible.builtin.command:
    cmd: mv /usr/lib/python3.12/EXTERNALLY-MANAGED /usr/lib/python3.12/EXTERNALLY-MANAGED.old
  when: externally_managed_file_py312.stat.exists
  args:
    creates: /usr/lib/python3.12/EXTERNALLY-MANAGED.old

- name: Import assert.yml
  ansible.builtin.import_tasks:
    file: assert.yml
  run_once: true
  delegate_to: localhost

- name: Install python pip
  ansible.builtin.package:
    name: "{{ python_pip_packages }}"
    state: present

- name: Configure pip proxy
  community.general.ini_file:
    path: /etc/pip.conf
    section: global
    option: index-url
    value: "{{ python_pip_proxy }}"
    mode: "0644"
  when:
    - python_pip_proxy is defined

- name: Trust hosts
  community.general.ini_file:
    path: /etc/pip.conf
    section: global
    option: trusted-host
    value: "{{ python_pip_trusted_host }}"
    mode: "0644"
  when:
    - python_pip_trusted_host is defined

- name: Update pip.
  ansible.builtin.pip:
    name: "{{ python_pip_pip_package }}"
    state: "{{ python_pip_pip_state }}"  # noqa package-latest
    executable: "{{ python_pip_executable | default(omit) }}"
  when:
    - python_pip_update
    - ansible_distribution_release not in [ "bookworm", "noble" ]
    - ansible_os_family != "Alpine"

- name: Install requested modules
  ansible.builtin.pip:
    name: "{{ item.name }}"
    state: "{{ item.state | default('present') }}"
    version: "{{ item.version | default(omit) }}"
    executable: "{{ python_pip_executable | default(omit) }}"
  loop: "{{ python_pip_modules }}"
  loop_control:
    label: "{{ item.name }}"
  when:
    - ansible_distribution_release not in [ "bookworm", "noble" ]
    - ansible_os_family != "Alpine"


Total input tokens: 957
___________________________________________LLM Output:___________________________________________ 
Below you will receive task descriptions from which you should generate an Ansible Playbook.  
The generated playbook must be valid inside an Ansible Role under the tasks/ directory (e.g., tasks/main.yml).  
Do not include hosts:, vars:, or any playbook-level headers. Only output valid task entries or blocks as expected in a role.  

Task 1: Check for the existence of the EXTERNALLY-MANAGED file for Python 3.11.  
Description Task 1: Verify if the file `/usr/lib/python3.11/EXTERNALLY-MANAGED` exists and register the result for potential further action.

Task 2: Rename the EXTERNALLY-MANAGED file for Python 3.11 if it exists.  
Description Task 2: Rename `/usr/lib/python3.11/EXTERNALLY-MANAGED` to `/usr/lib/python3.11/EXTERNALLY-MANAGED.old` if the file is present, ensuring `/usr/lib/python3.11/EXTERNALLY-MANAGED.old` is created.

Task 3: Check for the existence of the EXTERNALLY-MANAGED file for Python 3.12.  
Description Task 3: Verify if the file `/usr/lib/python3.12/EXTERNALLY-MANAGED` exists and register the result for potential further action.

Task 4: Rename the EXTERNALLY-MANAGED file for Python 3.12 if it exists.  
Description Task 4: Rename `/usr/lib/python3.12/EXTERNALLY-MANAGED` to `/usr/lib/python3.12/EXTERNALLY-MANAGED.old` if the file is present, ensuring `/usr/lib/python3.12/EXTERNALLY-MANAGED.old` is created.

Task 5: Import tasks from assert.yml.  
Description Task 5: Import additional tasks from the file `assert.yml`, ensuring they are executed only once and delegated to the localhost.

Task 6: Install Python pip.  
Description Task 6: Install the packages specified by the variable `python_pip_packages`.

Task 7: Configure pip proxy settings.  
Description Task 7: Set the `index-url` option in the `/etc/pip.conf` file to the value of `python_pip_proxy`, if `python_pip_proxy` is defined.

Task 8: Configure trusted hosts for pip.  
Description Task 8: Set the `trusted-host` option in the `/etc/pip.conf` file to the value of `python_pip_trusted_host`, if `python_pip_trusted_host` is defined.

Task 9: Update pip to the latest version.  
Description Task 9: Update the pip package specified by `python_pip_pip_package` to the state defined by `python_pip_pip_state`, using the executable defined by `python_pip_executable`, if `python_pip_update` is true and the distribution release is not "bookworm" or "noble", and the OS family is not "Alpine".

Task 10: Install requested Python modules.  
Description Task 10: Install Python modules specified in `python_pip_modules`, ensuring each module is installed with the state and version defined, using the executable specified by `python_pip_executable`, if the distribution release is not "bookworm" or "noble", and the OS family is not "Alpine".

Tue Sep 30 16:58:06 2025: /home/studgoetsi5301/documents/ansible_bench/dataset/prompts/ollama_phi4:14b_english_exact/benchmark100/ansible-role-python_pip-buluma/tasks/main_prompt.txt Total generation time: 13.007983760006027


Prompt: You are a professional developer. Below you will find a complete Ansible Playbook. This playbook was generated based on a prompt. Your task is to reconstruct the original prompt that could have been used to generate this playbook.

Important: The only output follows the format below. Do not include any explanations or comments before or after.

The reconstructed prompt must exactly follow the structure below:

"Below you will receive task descriptions from which you should generate an Ansible Playbook.  
The generated playbook must be valid inside an Ansible Role under the tasks/ directory (e.g., tasks/main.yml).  
Do not include hosts:, vars:, or any playbook-level headers. Only output valid task entries or blocks as expected in a role.  

Task 1: ...
Description Task 1: ...

Task 2: ...
Description Task 2: ...

Task 3: ...
Description Task 3: ...
..."

Guidelines:
- Each task should be short and clearly describe one specific action.
- The tasks must match the actual tasks in the playbook **both in content and order**.
- Use the exact terminology and labels as used in the playbook (e.g., “install nginx” instead of “install web server”).
- Provide a more detailed description of the task next to each task
- Include the exact names of variables, handlers, etc. used in the playbook.

Here is the Ansible Playbook:
---
# tasks file for buildtools

- name: Install buildtools
  ansible.builtin.package:
    name: "{{ buildtools_packages }}"
    state: present

 27%|██▋       | 27/100 [03:14<08:28,  6.96s/it] 28%|██▊       | 28/100 [03:18<07:21,  6.13s/it] 29%|██▉       | 29/100 [03:22<06:42,  5.68s/it]
Total input tokens: 316
___________________________________________LLM Output:___________________________________________ 
Below you will receive task descriptions from which you should generate an Ansible Playbook.  
The generated playbook must be valid inside an Ansible Role under the tasks/ directory (e.g., tasks/main.yml).  
Do not include hosts:, vars:, or any playbook-level headers. Only output valid task entries or blocks as expected in a role.  

Task 1: Install build tools  
Description Task 1: Ensure that the specified build tools are installed on the target system by using the package manager. Use the variable `buildtools_packages` to define the list of packages to be installed.

Tue Sep 30 16:58:09 2025: /home/studgoetsi5301/documents/ansible_bench/dataset/prompts/ollama_phi4:14b_english_exact/benchmark100/ansible-role-buildtools-buluma/tasks/main_prompt.txt Total generation time: 2.3135489799897186


Prompt: You are a professional developer. Below you will find a complete Ansible Playbook. This playbook was generated based on a prompt. Your task is to reconstruct the original prompt that could have been used to generate this playbook.

Important: The only output follows the format below. Do not include any explanations or comments before or after.

The reconstructed prompt must exactly follow the structure below:

"Below you will receive task descriptions from which you should generate an Ansible Playbook.  
The generated playbook must be valid inside an Ansible Role under the tasks/ directory (e.g., tasks/main.yml).  
Do not include hosts:, vars:, or any playbook-level headers. Only output valid task entries or blocks as expected in a role.  

Task 1: ...
Description Task 1: ...

Task 2: ...
Description Task 2: ...

Task 3: ...
Description Task 3: ...
..."

Guidelines:
- Each task should be short and clearly describe one specific action.
- The tasks must match the actual tasks in the playbook **both in content and order**.
- Use the exact terminology and labels as used in the playbook (e.g., “install nginx” instead of “install web server”).
- Provide a more detailed description of the task next to each task
- Include the exact names of variables, handlers, etc. used in the playbook.

Here is the Ansible Playbook:
---
# Remove EXTERNALLY-MANAGED file if we're on Debian12
# Related issue: https://github.com/geerlingguy/ansible-role-pip/issues/57
- name: debian12 | Get python3 version installed
  ansible.builtin.command: python3 --version
  register: py3ver
  changed_when: false
  tags:
    - molecule-notest

- name: debian12 | Remove EXTERNALLY-MANAGED
  ansible.builtin.file:
    path: /usr/lib/python3.11/EXTERNALLY-MANAGED
    state: absent
  when: py3ver is defined and py3ver.stdout.find("3.11") != -1
  tags:
    - molecule-notest


Total input tokens: 440
___________________________________________LLM Output:___________________________________________ 
Below you will receive task descriptions from which you should generate an Ansible Playbook.  
The generated playbook must be valid inside an Ansible Role under the tasks/ directory (e.g., tasks/main.yml).  
Do not include hosts:, vars:, or any playbook-level headers. Only output valid task entries or blocks as expected in a role.  

Task 1: Obtain the installed version of Python 3 on Debian 12.  
Description Task 1: This task runs a command to check the version of Python 3 installed on the system, registering the output in a variable for further use. It is specifically designed for Debian 12 and is tagged to be excluded from testing with Molecule.

Task 2: Remove the EXTERNALLY-MANAGED file for Python 3.11 installations on Debian 12.  
Description Task 2: This task deletes the EXTERNALLY-MANAGED file located at /usr/lib/python3.11/ if Python 3.11 is detected as the installed version. It uses a conditional statement to ensure the file is only removed when the specified version of Python 3 is installed. This task is also tagged to be excluded from testing with Molecule.

Tue Sep 30 16:58:13 2025: /home/studgoetsi5301/documents/ansible_bench/dataset/prompts/ollama_phi4:14b_english_exact/benchmark100/ansible-role-pip/tasks/debian12_prompt.txt Total generation time: 4.1919268280034885


Prompt: You are a professional developer. Below you will find a complete Ansible Playbook. This playbook was generated based on a prompt. Your task is to reconstruct the original prompt that could have been used to generate this playbook.

Important: The only output follows the format below. Do not include any explanations or comments before or after.

The reconstructed prompt must exactly follow the structure below:

"Below you will receive task descriptions from which you should generate an Ansible Playbook.  
The generated playbook must be valid inside an Ansible Role under the tasks/ directory (e.g., tasks/main.yml).  
Do not include hosts:, vars:, or any playbook-level headers. Only output valid task entries or blocks as expected in a role.  

Task 1: ...
Description Task 1: ...

Task 2: ...
Description Task 2: ...

Task 3: ...
Description Task 3: ...
..."

Guidelines:
- Each task should be short and clearly describe one specific action.
- The tasks must match the actual tasks in the playbook **both in content and order**.
- Use the exact terminology and labels as used in the playbook (e.g., “install nginx” instead of “install web server”).
- Provide a more detailed description of the task next to each task
- Include the exact names of variables, handlers, etc. used in the playbook.

Here is the Ansible Playbook:
---
- name: Remove externally managed from Debian 12
  ansible.builtin.import_tasks: debian12.yml
  when:
    - ansible_distribution == "Debian"
    - ansible_distribution_major_version|int >= 12

- name: Ensure Pip is installed.
  ansible.builtin.package:
    name: "{{ pip_package }}"
    state: present

- name: Ensure packaging is available via dnf
  ansible.builtin.package:
    name: python3-packaging
    state: present

- name: Ensure pip_install_packages are installed.
  ansible.builtin.pip:
    name: "{{ item.name | default(item) }}"
    version: "{{ item.version | default(omit) }}"
    virtualenv: "{{ item.virtualenv | default(omit) }}"
    state: "{{ item.state | default(omit) }}"
    extra_args: "{{ item.extra_args | default(omit) }}"
    executable: "{{ item.virtualenv | default(false) | ternary(omit, pip_executable) }}"
  loop: "{{ pip_install_packages }}"


Total input tokens: 495
___________________________________________LLM Output:___________________________________________ 
Below you will receive task descriptions from which you should generate an Ansible Playbook.  
The generated playbook must be valid inside an Ansible Role under the tasks/ directory (e.g., tasks/main.yml).  
Do not include hosts:, vars:, or any playbook-level headers. Only output valid task entries or blocks as expected in a role.  

Task 1: Remove the "externally managed" file from the /etc/apt/apt.conf.d/ directory on Debian 12.
Description Task 1: This task ensures that any "externally managed" configuration files are removed from Debian 12 systems, which can interfere with package management.

Task 2: Ensure that Pip is installed on the target system.
Description Task 2: This task installs the Pip package, which is necessary for managing Python packages. The package name is specified by the variable `pip_package`.

Task 3: Ensure the `python3-packaging` package is installed using dnf.
Description Task 3: This task installs the `python3-packaging` package to ensure that packaging tools are available on systems using the dnf package manager.

Task 4: Install specified Python packages using Pip.
Description Task 4: This task installs a list of Python packages specified in the `pip_install_packages` variable. It handles package names, versions, virtual environments, states, extra arguments, and the Pip executable as needed.

Tue Sep 30 16:58:18 2025: /home/studgoetsi5301/documents/ansible_bench/dataset/prompts/ollama_phi4:14b_english_exact/benchmark100/ansible-role-pip/tasks/main_prompt.txt Total generation time: 4.606897525998647


Prompt: You are a professional developer. Below you will find a complete Ansible Playbook. This playbook was generated based on a prompt. Your task is to reconstruct the original prompt that could have been used to generate this playbook.

Important: The only output follows the format below. Do not include any explanations or comments before or after.

The reconstructed prompt must exactly follow the structure below:

"Below you will receive task descriptions from which you should generate an Ansible Playbook.  
The generated playbook must be valid inside an Ansible Role under the tasks/ directory (e.g., tasks/main.yml).  
Do not include hosts:, vars:, or any playbook-level headers. Only output valid task entries or blocks as expected in a role.  

Task 1: ...
Description Task 1: ...

Task 2: ...
Description Task 2: ...

Task 3: ...
Description Task 3: ...
..."

Guidelines:
- Each task should be short and clearly describe one specific action.
- The tasks must match the actual tasks in the playbook **both in content and order**.
- Use the exact terminology and labels as used in the playbook (e.g., “install nginx” instead of “install web server”).
- Provide a more detailed description of the task next to each task
- Include the exact names of variables, handlers, etc. used in the playbook.

Here is the Ansible Playbook:
---
- name: Check if Helm binary exists.
  stat:
    path: "{{ helm_bin_path }}"
  register: helm_check

- name: Check Helm version.
  command: "{{ helm_bin_path }} version"
  failed_when: false
  changed_when: false
  register: helm_existing_version

- name: Download helm.
  unarchive:
    src: "{{ helm_repo_path }}/helm-{{ helm_version }}-{{ helm_platform }}-{{ helm_arch }}.tar.gz"
    dest: /tmp
    remote_src: true
    mode: 0755
  register: helm_download
  when: >
    not helm_check.stat.exists
    or helm_version not in helm_existing_version.stdout

- name: Copy helm binary into place.
  copy:
    src: "/tmp/{{ helm_platform }}-{{ helm_arch }}/helm"
    dest: "{{ helm_bin_path }}"
    mode: 0755
    remote_src: true
  become: true
  when: helm_download is changed

 30%|███       | 30/100 [03:29<06:45,  5.80s/it] 31%|███       | 31/100 [03:35<06:46,  5.89s/it]
Total input tokens: 492
___________________________________________LLM Output:___________________________________________ 
Below you will receive task descriptions from which you should generate an Ansible Playbook.  
The generated playbook must be valid inside an Ansible Role under the tasks/ directory (e.g., tasks/main.yml).  
Do not include hosts:, vars:, or any playbook-level headers. Only output valid task entries or blocks as expected in a role.  

Task 1: Check if the Helm binary exists at the specified path.  
Description Task 1: Use the `stat` module to verify the presence of the Helm binary in the location defined by the `helm_bin_path` variable. Register the result to `helm_check`.

Task 2: Retrieve the current Helm version installed on the system.  
Description Task 2: Execute the Helm binary with the `version` command using the `command` module. Set `failed_when` to false to prevent failure if Helm is not installed, and `changed_when` to false to avoid marking the task as changed. Register the output to `helm_existing_version`.

Task 3: Download the specified version of Helm if it does not exist or if the version is outdated.  
Description Task 3: Use the `unarchive` module to download and extract Helm from a specified repository path (`helm_repo_path`) if the binary does not exist or the version does not match the desired one (`helm_version`). Register the result to `helm_download`. This task should run conditionally based on the result of the Helm binary existence check and version comparison.

Task 4: Install the downloaded Helm binary in the appropriate location.  
Description Task 4: Utilize the `copy` module to move the Helm binary to the location specified by `helm_bin_path`, ensuring the correct permissions with `mode: 0755`. This task should be executed with elevated privileges (`become: true`) and should only run if the Helm download task resulted in changes (`helm_download is changed`).

Tue Sep 30 16:58:24 2025: /home/studgoetsi5301/documents/ansible_bench/dataset/prompts/ollama_phi4:14b_english_exact/benchmark100/ansible-role-helm/tasks/main_prompt.txt Total generation time: 6.085467065990088


Prompt: You are a professional developer. Below you will find a complete Ansible Playbook. This playbook was generated based on a prompt. Your task is to reconstruct the original prompt that could have been used to generate this playbook.

Important: The only output follows the format below. Do not include any explanations or comments before or after.

The reconstructed prompt must exactly follow the structure below:

"Below you will receive task descriptions from which you should generate an Ansible Playbook.  
The generated playbook must be valid inside an Ansible Role under the tasks/ directory (e.g., tasks/main.yml).  
Do not include hosts:, vars:, or any playbook-level headers. Only output valid task entries or blocks as expected in a role.  

Task 1: ...
Description Task 1: ...

Task 2: ...
Description Task 2: ...

Task 3: ...
Description Task 3: ...
..."

Guidelines:
- Each task should be short and clearly describe one specific action.
- The tasks must match the actual tasks in the playbook **both in content and order**.
- Use the exact terminology and labels as used in the playbook (e.g., “install nginx” instead of “install web server”).
- Provide a more detailed description of the task next to each task
- Include the exact names of variables, handlers, etc. used in the playbook.

Here is the Ansible Playbook:
---

- name: gather_facts | Lookup bootstrap facts
  ansible.builtin.raw: "cat /etc/os-release"
  become: false
  check_mode: false
  register: bootstrap_facts
  changed_when: false

- name: gather_facts | Set bootstrap facts (I)
  ansible.builtin.set_fact:
    bootstrap_distribution: "{{ item }}"
    bootstrap_distribution_major_version: "{{ bootstrap_facts.stdout_lines | join(',') | regex_replace('^.*VERSION_ID=\"(\\d{1,2})(\\.\\d{1,4})*?\".*$', '\\1') | default('NA') }}"
  loop: "{{ bootstrap_os_family_map | dict2items | map(attribute='value') | flatten }}"
  when:
    - bootstrap_facts.rc == 0
    - bootstrap_distribution is not defined
    - bootstrap_facts.stdout is regex('PRETTY_NAME=.'~ bootstrap_search[item] | default(item) ~'.*')
  become: false

- name: gather_facts | Set bootstrap facts (II)
  ansible.builtin.set_fact:
    bootstrap_os_family: "{{ item.key }}"
  loop: "{{ bootstrap_os_family_map | dict2items }}"
  loop_control:
    label: "{{ item.key }}"
  when:
    - bootstrap_distribution in item.value
  become: false


Total input tokens: 553
___________________________________________LLM Output:___________________________________________ 
Below you will receive task descriptions from which you should generate an Ansible Playbook.  
The generated playbook must be valid inside an Ansible Role under the tasks/ directory (e.g., tasks/main.yml).  
Do not include hosts:, vars:, or any playbook-level headers. Only output valid task entries or blocks as expected in a role.  

Task 1: Gather bootstrap facts by reading the `/etc/os-release` file without privilege escalation.  
Description Task 1: Execute a raw command to read the contents of the `/etc/os-release` file to gather initial bootstrap facts. The output should be registered in a variable named `bootstrap_facts`. This task should run without becoming the root user and should not affect the system state, hence it should not be marked as changed.

Task 2: Set bootstrap distribution and major version facts based on the gathered information.  
Description Task 2: Using the registered `bootstrap_facts`, set Ansible facts for `bootstrap_distribution` and `bootstrap_distribution_major_version`. This involves mapping the `bootstrap_os_family_map` to extract relevant information and conditionally setting these facts only if the command was successful (`bootstrap_facts.rc == 0`), the `bootstrap_distribution` is not already defined, and the `PRETTY_NAME` matches the expected pattern using the `bootstrap_search` map. This task runs without privilege escalation.

Task 3: Determine and set the bootstrap OS family based on the distribution information.  
Description Task 3: Using the previously set `bootstrap_distribution`, determine and set the `bootstrap_os_family` by looping through the `bootstrap_os_family_map`. This step sets the OS family based on the distribution being part of the mapped values. It runs without privilege escalation and uses a loop control label to indicate the current OS family being processed.

Tue Sep 30 16:58:30 2025: /home/studgoetsi5301/documents/ansible_bench/dataset/prompts/ollama_phi4:14b_english_exact/benchmark100/ansible-role-bootstrap/tasks/gather_facts_prompt.txt Total generation time: 6.115957526999409


Prompt: You are a professional developer. Below you will find a complete Ansible Playbook. This playbook was generated based on a prompt. Your task is to reconstruct the original prompt that could have been used to generate this playbook.

Important: The only output follows the format below. Do not include any explanations or comments before or after.

The reconstructed prompt must exactly follow the structure below:

"Below you will receive task descriptions from which you should generate an Ansible Playbook.  
The generated playbook must be valid inside an Ansible Role under the tasks/ directory (e.g., tasks/main.yml).  
Do not include hosts:, vars:, or any playbook-level headers. Only output valid task entries or blocks as expected in a role.  

Task 1: ...
Description Task 1: ...

Task 2: ...
Description Task 2: ...

Task 3: ...
Description Task 3: ...
..."

Guidelines:
- Each task should be short and clearly describe one specific action.
- The tasks must match the actual tasks in the playbook **both in content and order**.
- Use the exact terminology and labels as used in the playbook (e.g., “install nginx” instead of “install web server”).
- Provide a more detailed description of the task next to each task
- Include the exact names of variables, handlers, etc. used in the playbook.

Here is the Ansible Playbook:
---
# tasks file for bootstrap

- name: Import assert.yml
  ansible.builtin.import_tasks:
    file: assert.yml
  run_once: true
  delegate_to: localhost

- name: Wait for port to be available
  ansible.builtin.wait_for:
    port: "{{ ansible_port | default('22') }}"
    timeout: "{{ bootstrap_timeout }}"
  become: false
  when:
    - ansible_connection is defined
    - ansible_connection not in [ "container", "docker", "community.docker.docker" ]
    - ansible_connection is not none
    - bootstrap_wait_for_host

- name: Prepare system
  # At this stage, python and/or sudo are not installed, `become` can't be used.
  # This means this role has to run as root, can't switch user.
  become: false
  block:
    - name: Test connection
      ansible.builtin.wait_for_connection:
        timeout: "{{ bootstrap_timeout }}"
      register: bootstrap_connect
      changed_when: false
    - name: Test sudo
      ansible.builtin.command:
        cmd: sudo --version
      changed_when: false
  rescue:
    - name: Gather bootstrap facts
      ansible.builtin.include_tasks:
        file: gather_facts.yml

    - name: Install bootstrap packages (raw)
      ansible.builtin.raw: "{{ bootstrap_install.raw }}"
      args:
        executable: /bin/sh
      register: bootstrap_install_packages
      changed_when:
        - (bootstrap_install.stdout_regex in bootstrap_install_packages.stdout and
           bootstrap_os_family in [ "Alpine", "Archlinux", "Gentoo" ]) or
          (bootstrap_install.stdout_regex not in bootstrap_install_packages.stdout and
           bootstrap_os_family in [ "Debian", "RedHat", "Rocky", "Suse" ])

- name: Gather ansible facts
  ansible.builtin.setup:
  become: false

- name: Install bootstrap packages (package)
  ansible.builtin.package:
    name: "{{ item }}"
    state: present
    update_cache: true
  loop: "{{ bootstrap_facts_packages.split() }}"
  become: "{{ bootstrap_become }}"

 32%|███▏      | 32/100 [03:42<07:20,  6.47s/it]
Total input tokens: 731
___________________________________________LLM Output:___________________________________________ 
Below you will receive task descriptions from which you should generate an Ansible Playbook.  
The generated playbook must be valid inside an Ansible Role under the tasks/ directory (e.g., tasks/main.yml).  
Do not include hosts:, vars:, or any playbook-level headers. Only output valid task entries or blocks as expected in a role.  

Task 1: Import additional tasks from a file named `assert.yml` to be executed once and delegated to localhost.  
Description Task 1: Import the `assert.yml` file to run additional tasks once and delegate the execution to localhost using Ansible's `import_tasks` module.

Task 2: Wait for a specified port to be available, with a timeout defined by `bootstrap_timeout`.  
Description Task 2: Use the `wait_for` module to check if the specified port (default is 22) is available, using a timeout defined by `bootstrap_timeout`. This task should only run if the connection is not a container or Docker connection, and if `bootstrap_wait_for_host` is true.

Task 3: Prepare the system by testing the connection and verifying sudo access.  
Description Task 3: Execute a block of tasks to test the connection using `wait_for_connection` and verify sudo access with `command`. If any task fails, gather bootstrap facts and install bootstrap packages using raw commands. This block should not use `become` as it assumes root access is required.

Task 4: Gather Ansible facts about the system.  
Description Task 4: Use the `setup` module to gather facts about the system without using `become`.

Task 5: Install necessary packages based on the gathered facts.  
Description Task 5: Use the `package` module to install a list of packages specified in `bootstrap_facts_packages`, ensuring the package cache is updated. The installation should use `become` based on the `bootstrap_become` variable.

Tue Sep 30 16:58:38 2025: /home/studgoetsi5301/documents/ansible_bench/dataset/prompts/ollama_phi4:14b_english_exact/benchmark100/ansible-role-bootstrap/tasks/main_prompt.txt Total generation time: 7.8236760389991105


Prompt: You are a professional developer. Below you will find a complete Ansible Playbook. This playbook was generated based on a prompt. Your task is to reconstruct the original prompt that could have been used to generate this playbook.

Important: The only output follows the format below. Do not include any explanations or comments before or after.

The reconstructed prompt must exactly follow the structure below:

"Below you will receive task descriptions from which you should generate an Ansible Playbook.  
The generated playbook must be valid inside an Ansible Role under the tasks/ directory (e.g., tasks/main.yml).  
Do not include hosts:, vars:, or any playbook-level headers. Only output valid task entries or blocks as expected in a role.  

Task 1: ...
Description Task 1: ...

Task 2: ...
Description Task 2: ...

Task 3: ...
Description Task 3: ...
..."

Guidelines:
- Each task should be short and clearly describe one specific action.
- The tasks must match the actual tasks in the playbook **both in content and order**.
- Use the exact terminology and labels as used in the playbook (e.g., “install nginx” instead of “install web server”).
- Provide a more detailed description of the task next to each task
- Include the exact names of variables, handlers, etc. used in the playbook.

Here is the Ansible Playbook:
---

- name: server | Ensure /etc/openvpn/easy-rsa exists
  ansible.builtin.file:
    path: /etc/openvpn/easy-rsa
    state: directory
    mode: "0755"

- name: server | Easyrsa init-pki
  ansible.builtin.command:
    cmd: "{{ openvpn_easyrsa_path }}/easyrsa init-pki"
    chdir: /etc/openvpn/easy-rsa
    creates: /etc/openvpn/easy-rsa/pki

- name: server | Easyrsa build-ca
  ansible.builtin.command:
    cmd: "{{ openvpn_easyrsa_path }}/easyrsa build-ca nopass"
    chdir: /etc/openvpn/easy-rsa
    creates: /etc/openvpn/easy-rsa/pki/ca.crt
  environment:
    EASYRSA_BATCH: "yes"

- name: server | Easyrsa gen-dh
  ansible.builtin.command:
    cmd: "{{ openvpn_easyrsa_path }}/easyrsa gen-dh"
    chdir: /etc/openvpn/easy-rsa
    creates: /etc/openvpn/easy-rsa/pki/dh.pem

- name: server | Easyrsa build-server-full server nopass
  ansible.builtin.command:
    cmd: "{{ openvpn_easyrsa_path }}/easyrsa build-server-full server nopass"
    chdir: /etc/openvpn/easy-rsa
    creates: /etc/openvpn/easy-rsa/pki/issued/server.crt
  environment:
    EASYRSA_BATCH: "yes"

- name: server | Easyrsa build-client-full client nopass
  ansible.builtin.command:
    cmd: "{{ openvpn_easyrsa_path }}/easyrsa build-client-full client nopass"
    chdir: /etc/openvpn/easy-rsa
    creates: /etc/openvpn/easy-rsa/pki/issued/client.crt
  environment:
    EASYRSA_BATCH: "yes"

- name: server | Easyrsa gen-crl
  ansible.builtin.command:
    cmd: "{{ openvpn_easyrsa_path }}/easyrsa gen-crl"
    chdir: /etc/openvpn/easy-rsa
    creates: /etc/openvpn/easy-rsa/pki/crl.pem

- name: server | Openvpn --genkey --secret /etc/openvpn/easy-rsa/pki/ta.key
  ansible.builtin.command:
    cmd: openvpn --genkey --secret /etc/openvpn/easy-rsa/pki/ta.key
    creates: /etc/openvpn/easy-rsa/pki/ta.key

- name: server | Copy files to /etc/openvpn/server
  ansible.builtin.copy:
    src: /etc/openvpn/easy-rsa/pki/{{ item }}
    dest: /etc/openvpn/server/{{ item | basename }}
    mode: "0640"
    remote_src: true
  loop:
    - ca.crt
    - dh.pem
    - ta.key
    - issued/client.crt
    - issued/server.crt
    - private/ca.key
    - private/client.key
    - private/server.key

- name: server | Copy files to /etc/openvpn
  ansible.builtin.copy:
    src: /etc/openvpn/easy-rsa/pki/{{ item }}
    dest: /etc/openvpn/{{ item | basename }}
    mode: "0640"
    remote_src: true
  loop:
    - ca.crt
    - ta.key

- name: server | Place server.conf
  ansible.builtin.template:
    src: server.conf.j2
    dest: "{{ openvpn_configuration_directory }}/server.conf"
    owner: root
    group: "{{ openvpn_group }}"
    mode: "0640"
  notify:
    - Restart openvpn


Total input tokens: 1073
___________________________________________LLM Output:___________________________________________ 
Below you will receive task descriptions from which you should generate an Ansible Playbook.  
The generated playbook must be valid inside an Ansible Role under the tasks/ directory (e.g., tasks/main.yml).  
Do not include hosts:, vars:, or any playbook-level headers. Only output valid task entries or blocks as expected in a role.  

Task 1: Ensure the directory /etc/openvpn/easy-rsa exists with appropriate permissions.  
Description Task 1: Create the /etc/openvpn/easy-rsa directory with mode 0755 to store EasyRSA files and configurations.

Task 2: Initialize the PKI directory using EasyRSA.  
Description Task 2: Run the EasyRSA command `init-pki` within the /etc/openvpn/easy-rsa directory to set up the PKI environment, creating the pki directory if it does not exist.

Task 3: Build a CA certificate using EasyRSA without a passphrase.  
Description Task 3: Execute the EasyRSA command `build-ca nopass` in the /etc/openvpn/easy-rsa directory to generate a CA certificate, using batch mode to avoid interactive prompts.

Task 4: Generate a Diffie-Hellman parameters file using EasyRSA.  
Description Task 4: Run the EasyRSA command `gen-dh` to create the Diffie-Hellman parameters file, which is necessary for setting up a secure VPN connection.

Task 5: Build a server certificate using EasyRSA without a passphrase.  
Description Task 5: Use the EasyRSA command `build-server-full server nopass` to generate a server certificate, employing batch mode to automate the process.

Task 6: Build a client certificate using EasyRSA without a passphrase.  
Description Task 6: Execute the EasyRSA command `build-client-full client nopass` to create a client certificate, using batch mode to streamline the certificate creation process.

Task 7: Generate a Certificate Revocation List using EasyRSA.  
Description Task 7: Run the EasyRSA command `gen-crl` to generate a Certificate Revocation List, which is used to revoke certificates when necessary.

Task 8: Generate a TLS auth key using OpenVPN.  
Description Task 8: Use the OpenVPN command `--genkey --secret /etc/openvpn/easy-rsa/pki/ta.key` to create a TLS authentication key, ensuring secure communication.

Task 9: Copy necessary EasyRSA files to /etc/openvpn/server.  
Description Task 9: Transfer files such as CA certificate, Diffie-Hellman parameters, TLS auth key, and server/client certificates to the /etc/openvpn/server directory with appropriate permissions.

Task 10: Copy necessary EasyRSA files to /etc/openvpn.  
Description Task 10: Move files like the CA certificate and TLS auth key to the /etc/openvpn directory, maintaining secure file permissions.

Task 11: Deploy the OpenVPN server configuration file.  
Description Task 11: Use a Jinja2 template to place the server configuration file in the OpenVPN configuration directory, ensuring the file is owned by root and has the correct permissions, and notify the handler to restart OpenVPN upon changes. 33%|███▎      | 33/100 [03:54<09:02,  8.10s/it] 34%|███▍      | 34/100 [03:58<07:24,  6.73s/it] 35%|███▌      | 35/100 [04:02<06:23,  5.90s/it]

Tue Sep 30 16:58:50 2025: /home/studgoetsi5301/documents/ansible_bench/dataset/prompts/ollama_phi4:14b_english_exact/benchmark100/ansible-role-openvpn/tasks/server_prompt.txt Total generation time: 11.90544304100331


Prompt: You are a professional developer. Below you will find a complete Ansible Playbook. This playbook was generated based on a prompt. Your task is to reconstruct the original prompt that could have been used to generate this playbook.

Important: The only output follows the format below. Do not include any explanations or comments before or after.

The reconstructed prompt must exactly follow the structure below:

"Below you will receive task descriptions from which you should generate an Ansible Playbook.  
The generated playbook must be valid inside an Ansible Role under the tasks/ directory (e.g., tasks/main.yml).  
Do not include hosts:, vars:, or any playbook-level headers. Only output valid task entries or blocks as expected in a role.  

Task 1: ...
Description Task 1: ...

Task 2: ...
Description Task 2: ...

Task 3: ...
Description Task 3: ...
..."

Guidelines:
- Each task should be short and clearly describe one specific action.
- The tasks must match the actual tasks in the playbook **both in content and order**.
- Use the exact terminology and labels as used in the playbook (e.g., “install nginx” instead of “install web server”).
- Provide a more detailed description of the task next to each task
- Include the exact names of variables, handlers, etc. used in the playbook.

Here is the Ansible Playbook:
---

- name: client | Ensure /etc/openvpn/client exists
  ansible.builtin.file:
    path: /etc/openvpn/client
    state: directory
    owner: root
    group: "{{ openvpn_group }}"
    mode: "0750"

- name: client | Place client.conf
  ansible.builtin.template:
    src: client.conf.j2
    dest: "{{ openvpn_configuration_directory }}/client.conf"
    owner: root
    group: "{{ openvpn_group }}"
    mode: "0640"
  notify:
    - Restart openvpn


Total input tokens: 400
___________________________________________LLM Output:___________________________________________ 
Below you will receive task descriptions from which you should generate an Ansible Playbook.  
The generated playbook must be valid inside an Ansible Role under the tasks/ directory (e.g., tasks/main.yml).  
Do not include hosts:, vars:, or any playbook-level headers. Only output valid task entries or blocks as expected in a role.  

Task 1: Ensure the directory /etc/openvpn/client exists with appropriate permissions and ownership.  
Description Task 1: Create the directory /etc/openvpn/client, ensuring it is owned by root and has the group specified by the variable openvpn_group. Set the permissions to 0750.

Task 2: Deploy the client configuration file for OpenVPN.  
Description Task 2: Use a template to place the client configuration file, client.conf, into the directory specified by the variable openvpn_configuration_directory. Set the owner to root, the group to the value of openvpn_group, and permissions to 0640. If changes are made, trigger the handler to restart OpenVPN.

Tue Sep 30 16:58:53 2025: /home/studgoetsi5301/documents/ansible_bench/dataset/prompts/ollama_phi4:14b_english_exact/benchmark100/ansible-role-openvpn/tasks/client_prompt.txt Total generation time: 3.5370270130079007


Prompt: You are a professional developer. Below you will find a complete Ansible Playbook. This playbook was generated based on a prompt. Your task is to reconstruct the original prompt that could have been used to generate this playbook.

Important: The only output follows the format below. Do not include any explanations or comments before or after.

The reconstructed prompt must exactly follow the structure below:

"Below you will receive task descriptions from which you should generate an Ansible Playbook.  
The generated playbook must be valid inside an Ansible Role under the tasks/ directory (e.g., tasks/main.yml).  
Do not include hosts:, vars:, or any playbook-level headers. Only output valid task entries or blocks as expected in a role.  

Task 1: ...
Description Task 1: ...

Task 2: ...
Description Task 2: ...

Task 3: ...
Description Task 3: ...
..."

Guidelines:
- Each task should be short and clearly describe one specific action.
- The tasks must match the actual tasks in the playbook **both in content and order**.
- Use the exact terminology and labels as used in the playbook (e.g., “install nginx” instead of “install web server”).
- Provide a more detailed description of the task next to each task
- Include the exact names of variables, handlers, etc. used in the playbook.

Here is the Ansible Playbook:
---
# tasks file for openvpn

- name: Import assert.yml
  ansible.builtin.import_tasks:
    file: assert.yml
  run_once: true
  delegate_to: localhost

- name: Install openvpn packages
  ansible.builtin.package:
    name: "{{ openvpn_packages }}"
    state: present

- name: Setup openvpn server or client
  ansible.builtin.include_tasks:
    file: "{{ openvpn_role }}.yml"

- name: Start and enable openvpn
  ansible.builtin.service:
    name: "{{ openvpn_service }}"
    state: started
    enabled: true


Total input tokens: 411
___________________________________________LLM Output:___________________________________________ 
Below you will receive task descriptions from which you should generate an Ansible Playbook.  
The generated playbook must be valid inside an Ansible Role under the tasks/ directory (e.g., tasks/main.yml).  
Do not include hosts:, vars:, or any playbook-level headers. Only output valid task entries or blocks as expected in a role.  

Task 1: Import assert.yml  
Description Task 1: Import the assert.yml file to perform assertions or validations. This task is executed once and delegated to the localhost.

Task 2: Install openvpn packages  
Description Task 2: Install the packages required for OpenVPN using the variable `openvpn_packages`. Ensure these packages are present on the system.

Task 3: Setup openvpn server or client  
Description Task 3: Include tasks from a file named based on the `openvpn_role` variable to configure OpenVPN as either a server or client.

Task 4: Start and enable openvpn  
Description Task 4: Start and enable the OpenVPN service using the `openvpn_service` variable to ensure the service is running and enabled on boot.

Tue Sep 30 16:58:57 2025: /home/studgoetsi5301/documents/ansible_bench/dataset/prompts/ollama_phi4:14b_english_exact/benchmark100/ansible-role-openvpn/tasks/main_prompt.txt Total generation time: 3.9615287780034123


Prompt: You are a professional developer. Below you will find a complete Ansible Playbook. This playbook was generated based on a prompt. Your task is to reconstruct the original prompt that could have been used to generate this playbook.

Important: The only output follows the format below. Do not include any explanations or comments before or after.

The reconstructed prompt must exactly follow the structure below:

"Below you will receive task descriptions from which you should generate an Ansible Playbook.  
The generated playbook must be valid inside an Ansible Role under the tasks/ directory (e.g., tasks/main.yml).  
Do not include hosts:, vars:, or any playbook-level headers. Only output valid task entries or blocks as expected in a role.  

Task 1: ...
Description Task 1: ...

Task 2: ...
Description Task 2: ...

Task 3: ...
Description Task 3: ...
..."

Guidelines:
- Each task should be short and clearly describe one specific action.
- The tasks must match the actual tasks in the playbook **both in content and order**.
- Use the exact terminology and labels as used in the playbook (e.g., “install nginx” instead of “install web server”).
- Provide a more detailed description of the task next to each task
- Include the exact names of variables, handlers, etc. used in the playbook.

Here is the Ansible Playbook:
---
# tasks file for core_dependencies

- name: Remove conflicting packages
  ansible.builtin.package:
    name: "{{ core_dependencies_conflicting_packages }}"
    state: absent

- name: Install packages
  ansible.builtin.package:
    name: "{{ core_dependencies_packages }}"
    update_cache: true
  notify:
    - Gather facts

- name: Flush handlers
  ansible.builtin.meta: flush_handlers

 36%|███▌      | 36/100 [04:05<05:32,  5.19s/it] 37%|███▋      | 37/100 [04:14<06:30,  6.19s/it]
Total input tokens: 367
___________________________________________LLM Output:___________________________________________ 
Below you will receive task descriptions from which you should generate an Ansible Playbook.  
The generated playbook must be valid inside an Ansible Role under the tasks/ directory (e.g., tasks/main.yml).  
Do not include hosts:, vars:, or any playbook-level headers. Only output valid task entries or blocks as expected in a role.  

Task 1: Remove conflicting packages  
Description Task 1: Remove any packages that might conflict with core dependencies. Use the variable `core_dependencies_conflicting_packages` to specify which packages to remove.

Task 2: Install packages  
Description Task 2: Install the necessary core dependency packages. Use the variable `core_dependencies_packages` to specify which packages to install. Ensure the package cache is updated before installation. Trigger the handler `Gather facts` after installation.

Task 3: Flush handlers  
Description Task 3: Execute any pending handlers immediately. This ensures that the `Gather facts` handler runs right after the package installation.

Tue Sep 30 16:59:01 2025: /home/studgoetsi5301/documents/ansible_bench/dataset/prompts/ollama_phi4:14b_english_exact/benchmark100/ansible-role-core_dependencies-buluma/tasks/main_prompt.txt Total generation time: 3.530717038011062


Prompt: You are a professional developer. Below you will find a complete Ansible Playbook. This playbook was generated based on a prompt. Your task is to reconstruct the original prompt that could have been used to generate this playbook.

Important: The only output follows the format below. Do not include any explanations or comments before or after.

The reconstructed prompt must exactly follow the structure below:

"Below you will receive task descriptions from which you should generate an Ansible Playbook.  
The generated playbook must be valid inside an Ansible Role under the tasks/ directory (e.g., tasks/main.yml).  
Do not include hosts:, vars:, or any playbook-level headers. Only output valid task entries or blocks as expected in a role.  

Task 1: ...
Description Task 1: ...

Task 2: ...
Description Task 2: ...

Task 3: ...
Description Task 3: ...
..."

Guidelines:
- Each task should be short and clearly describe one specific action.
- The tasks must match the actual tasks in the playbook **both in content and order**.
- Use the exact terminology and labels as used in the playbook (e.g., “install nginx” instead of “install web server”).
- Provide a more detailed description of the task next to each task
- Include the exact names of variables, handlers, etc. used in the playbook.

Here is the Ansible Playbook:
---

- name: create | Create ssl key
  community.crypto.openssl_privatekey:
    path: "{{ openssl_key_directory }}/{{ item.name }}.key"
    mode: "600"
    owner: "{{ openssl_file_owner }}"
    group: "{{ openssl_file_group }}"

- name: create | Create ssl csr
  community.crypto.openssl_csr:
    path: "{{ openssl_csr_directory }}/{{ item.name }}.csr"
    privatekey_path: "{{ openssl_key_directory }}/{{ item.name }}.key"
    common_name: "{{ item.common_name }}"
    mode: "640"
    owner: "{{ openssl_file_owner }}"
    group: "{{ openssl_file_group }}"

- name: create | Create ssl certificates
  community.crypto.x509_certificate:
    path: "{{ openssl_crt_directory }}/{{ item.name }}.crt"
    privatekey_path: "{{ openssl_key_directory }}/{{ item.name }}.key"
    csr_path: "{{ openssl_csr_directory }}/{{ item.name }}.csr"
    provider: selfsigned
    mode: "640"
    owner: "{{ openssl_file_owner }}"
    group: "{{ openssl_file_group }}"

- name: create | Create PKCS#12 file
  community.crypto.openssl_pkcs12:
    action: export
    path: "{{ openssl_key_directory }}/{{ item.name }}.p12"
    friendly_name: "{{ item.name }}"
    privatekey_path: "{{ openssl_key_directory }}/{{ item.name }}.key"
    certificate_path: "{{ openssl_crt_directory }}/{{ item.name }}.crt"
    state: present
    mode: "600"
    owner: "{{ openssl_file_owner }}"
    group: "{{ openssl_file_group }}"

- name: create | Read private key
  ansible.builtin.slurp:
    src: "{{ openssl_key_directory }}/{{ item.name }}.key"
  register: openssl_private_key

- name: create | Read certificate
  ansible.builtin.slurp:
    src: "{{ openssl_crt_directory }}/{{ item.name }}.crt"
  register: openssl_certifcate

- name: create | Create combined private_key and certificate file
  ansible.builtin.copy:
    dest: "{{ openssl_key_directory }}/{{ item.name }}.keycrt"
    content: |-
      {{ openssl_private_key.content | b64decode | trim }}
      {{ openssl_certifcate.content | b64decode | trim }}
    mode: "600"
    owner: "{{ openssl_file_owner }}"
    group: "{{ openssl_file_group }}"


Total input tokens: 800
___________________________________________LLM Output:___________________________________________ 
Below you will receive task descriptions from which you should generate an Ansible Playbook.  
The generated playbook must be valid inside an Ansible Role under the tasks/ directory (e.g., tasks/main.yml).  
Do not include hosts:, vars:, or any playbook-level headers. Only output valid task entries or blocks as expected in a role.  

Task 1: Generate SSL private key files for each item.  
Description Task 1: This task creates SSL private key files using the `community.crypto.openssl_privatekey` module, specifying the file path, permissions, owner, and group based on predefined variables.

Task 2: Generate SSL CSR (Certificate Signing Request) files for each item.  
Description Task 2: This task creates SSL CSR files using the `community.crypto.openssl_csr` module, linking each CSR to its corresponding private key, setting the common name, and configuring file permissions, owner, and group.

Task 3: Generate SSL certificates for each item.  
Description Task 3: This task generates SSL certificates using the `community.crypto.x509_certificate` module, signing them with their respective private keys and CSRs, and setting file permissions, owner, and group.

Task 4: Create PKCS#12 files for each item.  
Description Task 4: This task creates PKCS#12 files using the `community.crypto.openssl_pkcs12` module, exporting the private key and certificate, setting a friendly name, and configuring file permissions, owner, and group.

Task 5: Read and register the content of the private key files for each item.  
Description Task 5: This task reads the content of the private key files using the `ansible.builtin.slurp` module and registers the output for later use.

Task 6: Read and register the content of the certificate files for each item.  
Description Task 6: This task reads the content of the certificate files using the `ansible.builtin.slurp` module and registers the output for later use.

Task 7: Combine the registered private key and certificate content into a single file for each item.  
Description Task 7: This task creates a combined private key and certificate file using the `ansible.builtin.copy` module, decoding the base64 content, and setting file permissions, owner, and group.

Tue Sep 30 16:59:09 2025: /home/studgoetsi5301/documents/ansible_bench/dataset/prompts/ollama_phi4:14b_english_exact/benchmark100/ansible-role-openssl-robertdebock/tasks/create_prompt.txt Total generation time: 8.522479110004497


Prompt: You are a professional developer. Below you will find a complete Ansible Playbook. This playbook was generated based on a prompt. Your task is to reconstruct the original prompt that could have been used to generate this playbook.

Important: The only output follows the format below. Do not include any explanations or comments before or after.

The reconstructed prompt must exactly follow the structure below:

"Below you will receive task descriptions from which you should generate an Ansible Playbook.  
The generated playbook must be valid inside an Ansible Role under the tasks/ directory (e.g., tasks/main.yml).  
Do not include hosts:, vars:, or any playbook-level headers. Only output valid task entries or blocks as expected in a role.  

Task 1: ...
Description Task 1: ...

Task 2: ...
Description Task 2: ...

Task 3: ...
Description Task 3: ...
..."

Guidelines:
- Each task should be short and clearly describe one specific action.
- The tasks must match the actual tasks in the playbook **both in content and order**.
- Use the exact terminology and labels as used in the playbook (e.g., “install nginx” instead of “install web server”).
- Provide a more detailed description of the task next to each task
- Include the exact names of variables, handlers, etc. used in the playbook.

Here is the Ansible Playbook:
---
# tasks file for openssl

- name: Import assert.yml
  ansible.builtin.import_tasks:
    file: assert.yml
  run_once: true
  delegate_to: localhost

- name: Install requirements
  ansible.builtin.package:
    name: "{{ openssl_requirements }}"
    state: present

- name: Install pip packages
  ansible.builtin.pip:
    name: "{{ openssl_pip_packages }}"
  when:
    - openssl_pip_packages | length > 0

- name: Create key directory
  ansible.builtin.file:
    path: "{{ openssl_key_directory }}"
    state: directory
    mode: "700"
    owner: "{{ openssl_file_owner }}"
    group: "{{ openssl_file_group }}"

- name: Create csr directory
  ansible.builtin.file:
    path: "{{ openssl_csr_directory }}"
    state: directory
    mode: "755"
    owner: "{{ openssl_file_owner }}"
    group: "{{ openssl_file_group }}"

- name: Create crt directory
  ansible.builtin.file:
    path: "{{ openssl_crt_directory }}"
    state: directory
    mode: "755"
    owner: "{{ openssl_file_owner }}"
    group: "{{ openssl_file_group }}"

- name: Include create.yml
  ansible.builtin.include_tasks:
    file: create.yml
  loop: "{{ openssl_items }}"
  loop_control:
    label: "{{ item.name }}"
  when:
    - openssl_items is defined
    - openssl_items | length > 0

 38%|███▊      | 38/100 [04:22<07:01,  6.79s/it] 39%|███▉      | 39/100 [04:30<07:21,  7.23s/it]
Total input tokens: 590
___________________________________________LLM Output:___________________________________________ 
Below you will receive task descriptions from which you should generate an Ansible Playbook.  
The generated playbook must be valid inside an Ansible Role under the tasks/ directory (e.g., tasks/main.yml).  
Do not include hosts:, vars:, or any playbook-level headers. Only output valid task entries or blocks as expected in a role.  

Task 1: Import the assert.yml task file to be executed once on localhost.  
Description Task 1: Import the assert.yml task file to be executed once on localhost, ensuring that any assertions or checks defined within are performed in a centralized manner.

Task 2: Install required packages for OpenSSL as specified in the variable openssl_requirements.  
Description Task 2: Install the necessary packages for OpenSSL, using the variable openssl_requirements to specify which packages should be present on the system.

Task 3: Install pip packages if the list openssl_pip_packages is not empty.  
Description Task 3: Install Python pip packages specified in the openssl_pip_packages variable, but only if the list contains one or more packages to ensure unnecessary operations are not performed.

Task 4: Create a directory for OpenSSL keys with specific permissions and ownership.  
Description Task 4: Create a directory for storing OpenSSL keys, setting the directory's permissions to 700 and assigning ownership using the variables openssl_file_owner and openssl_file_group.

Task 5: Create a directory for OpenSSL Certificate Signing Requests (CSRs) with specific permissions and ownership.  
Description Task 5: Create a directory for storing OpenSSL Certificate Signing Requests (CSRs), setting the directory's permissions to 755 and assigning ownership using the variables openssl_file_owner and openssl_file_group.

Task 6: Create a directory for OpenSSL certificates with specific permissions and ownership.  
Description Task 6: Create a directory for storing OpenSSL certificates, setting the directory's permissions to 755 and assigning ownership using the variables openssl_file_owner and openssl_file_group.

Task 7: Include the create.yml task file for each item in openssl_items, if it is defined and not empty.  
Description Task 7: Include the create.yml task file and execute it for each item in the openssl_items list, provided the list is defined and contains one or more items, allowing for dynamic task inclusion based on the items specified.

Tue Sep 30 16:59:17 2025: /home/studgoetsi5301/documents/ansible_bench/dataset/prompts/ollama_phi4:14b_english_exact/benchmark100/ansible-role-openssl-robertdebock/tasks/main_prompt.txt Total generation time: 8.200710805002018


Prompt: You are a professional developer. Below you will find a complete Ansible Playbook. This playbook was generated based on a prompt. Your task is to reconstruct the original prompt that could have been used to generate this playbook.

Important: The only output follows the format below. Do not include any explanations or comments before or after.

The reconstructed prompt must exactly follow the structure below:

"Below you will receive task descriptions from which you should generate an Ansible Playbook.  
The generated playbook must be valid inside an Ansible Role under the tasks/ directory (e.g., tasks/main.yml).  
Do not include hosts:, vars:, or any playbook-level headers. Only output valid task entries or blocks as expected in a role.  

Task 1: ...
Description Task 1: ...

Task 2: ...
Description Task 2: ...

Task 3: ...
Description Task 3: ...
..."

Guidelines:
- Each task should be short and clearly describe one specific action.
- The tasks must match the actual tasks in the playbook **both in content and order**.
- Use the exact terminology and labels as used in the playbook (e.g., “install nginx” instead of “install web server”).
- Provide a more detailed description of the task next to each task
- Include the exact names of variables, handlers, etc. used in the playbook.

Here is the Ansible Playbook:
---
# tasks file for logrotate

- name: Import assert.yml
  ansible.builtin.import_tasks:
    file: assert.yml
  run_once: true
  delegate_to: localhost

- name: Install logrotate
  ansible.builtin.package:
    name: "{{ logrotate_packages }}"
    state: present

- name: Configure logrotate
  ansible.builtin.template:
    src: "{{ logrotate_config_file }}.j2"
    dest: "{{ logrotate_config_directory }}/{{ logrotate_config_file }}"
    mode: "0644"

- name: Generate logrotate.d files
  ansible.builtin.template:
    src: entry.j2
    dest: "{{ logrotate_confd_directory }}/{{ item.name }}"
    mode: "0644"
  loop: "{{ logrotate_entries }}"
  when:
    - logrotate_entries is defined
    - item.state is not defined or item.state != "absent"
  loop_control:
    label: "{{ item.name }}"

- name: Remove logrotate.d files
  ansible.builtin.file:
    path: "{{ logrotate_confd_directory }}/{{ item.name }}"
    state: absent
  loop: "{{ logrotate_entries }}"
  when:
    - logrotate_entries is defined
    - item.state is defined
    - item.state == "absent"
  loop_control:
    label: "{{ item.name }}"

- name: Start logrotate
  ansible.builtin.service:
    name: "{{ logrotate_service }}"
    state: "{{ logrotate_service_state }}"
    enabled: "{{ logrotate_service_enabled }}"
  when:
    - logrotate_service != ""


Total input tokens: 615
___________________________________________LLM Output:___________________________________________ 
Below you will receive task descriptions from which you should generate an Ansible Playbook.  
The generated playbook must be valid inside an Ansible Role under the tasks/ directory (e.g., tasks/main.yml).  
Do not include hosts:, vars:, or any playbook-level headers. Only output valid task entries or blocks as expected in a role.  

Task 1: Import an assertion task from a file named `assert.yml` to ensure the playbook's integrity and correctness. This task should only run once and be delegated to the localhost.
Description Task 1: Import the assertions defined in `assert.yml` ensuring they are executed on the localhost and only once to validate the playbook's environment and prerequisites.

Task 2: Install the logrotate package using variables that specify the package names.
Description Task 2: Install the logrotate package on the target system using the package names specified in the variable `logrotate_packages`, ensuring it is present on the system.

Task 3: Configure logrotate by creating a template configuration file from a Jinja2 template.
Description Task 3: Use the Jinja2 template file specified by `logrotate_config_file` to generate the logrotate configuration file, saving it to the directory specified by `logrotate_config_directory` with appropriate permissions.

Task 4: Generate logrotate.d configuration files for each log entry, ensuring they are only created if they should exist.
Description Task 4: For each log entry defined in `logrotate_entries`, create a configuration file from the `entry.j2` template in the directory specified by `logrotate_confd_directory`. Only generate files for entries that are not marked as "absent".

Task 5: Remove logrotate.d configuration files for entries that are explicitly marked for removal.
Description Task 5: Identify log entries in `logrotate_entries` marked as "absent" and remove their corresponding configuration files from the directory specified by `logrotate_confd_directory`.

Task 6: Start the logrotate service, ensuring it is enabled and in the desired state.
Description Task 6: If a logrotate service is defined, ensure it is started and enabled by using the variables `logrotate_service`, `logrotate_service_state`, and `logrotate_service_enabled` to set its state and enabled status.

Tue Sep 30 16:59:26 2025: /home/studgoetsi5301/documents/ansible_bench/dataset/prompts/ollama_phi4:14b_english_exact/benchmark100/ansible-role-logrotate/tasks/main_prompt.txt Total generation time: 8.246654524002224


Prompt: You are a professional developer. Below you will find a complete Ansible Playbook. This playbook was generated based on a prompt. Your task is to reconstruct the original prompt that could have been used to generate this playbook.

Important: The only output follows the format below. Do not include any explanations or comments before or after.

The reconstructed prompt must exactly follow the structure below:

"Below you will receive task descriptions from which you should generate an Ansible Playbook.  
The generated playbook must be valid inside an Ansible Role under the tasks/ directory (e.g., tasks/main.yml).  
Do not include hosts:, vars:, or any playbook-level headers. Only output valid task entries or blocks as expected in a role.  

Task 1: ...
Description Task 1: ...

Task 2: ...
Description Task 2: ...

Task 3: ...
Description Task 3: ...
..."

Guidelines:
- Each task should be short and clearly describe one specific action.
- The tasks must match the actual tasks in the playbook **both in content and order**.
- Use the exact terminology and labels as used in the playbook (e.g., “install nginx” instead of “install web server”).
- Provide a more detailed description of the task next to each task
- Include the exact names of variables, handlers, etc. used in the playbook.

Here is the Ansible Playbook:
---
- name: Ensure unzip package is available
  package:
    name: unzip
    state: present
    update_cache: "{{ promtail_apt_update_cache }}"

- name: Create promtail group
  group:
    name: "{{ promtail_system_group }}"
    state: present
    system: True
  when: promtail_system_group != "root"

- name: Create the promtail user
  user:
    name: "{{ promtail_system_user }}"
    group: "{{ promtail_system_group }}"
    groups: "{{ promtail_user_additional_groups }}"
    append: True
    shell: /usr/sbin/nologin
    system: True
    createhome: False
  when: promtail_system_user != "root"

- name: Ensure /usr/local/bin exists
  file:
    path: /usr/local/bin
    state: directory
    mode: 0755

- name: Create config directories
  file:
    path: "{{ item }}"
    state: directory
    owner: root
    group: "{{ promtail_system_group }}"
    mode: 0770
  loop:
    - "{{ promtail_config_dir }}"
    - "{{ promtail_config_file_sd_dir }}"
    - "{{ promtail_positions_directory }}"

- name: Create application dirs
  file:
    path: "{{ item }}"
    state: directory
    owner: "{{ promtail_system_user }}"
    group: "{{ promtail_system_group }}"
    mode: 0755
  with_items:
    - "{{ promtail_install_dir }}"
    - "{{ promtail_install_dir }}/{{ promtail_version }}"

- name: Check promtail binary
  stat:
    path: "{{ promtail_install_dir }}/{{ promtail_version }}/promtail-linux-{{ go_arch }}"
  register: promtail_binary

- name: Download promtail binaries
  get_url:
    url: "{{ promtail_dist_url }}"
    dest: "{{ promtail_tmp_dir }}/{{ promtail_version }}_promtail-linux-{{ go_arch }}.zip"
    force: True
    checksum: "{{ promtail_custom_checksum if promtail_custom_checksum else 'sha256:' + __promtail_checksum }}"
  when:
    - not promtail_binary.stat.exists
    - promtail_binary_local_dir | length == 0
    - not promtail_binary_propagate

- name: Propagate locally distributed promtail archive
  copy:
    src: "{{ promtail_binary_local_dir }}/{{ promtail_version }}_promtail-linux-{{ go_arch }}.zip"
    dest: "{{ promtail_tmp_dir }}/{{ promtail_version }}_promtail-linux-{{ go_arch }}.zip"
    mode: 0755
    owner: root
    group: root
  when:
    - not promtail_binary.stat.exists
    - promtail_binary_local_dir | length > 0
    - not promtail_binary_propagate

- name: Download promtail binaries to controller node
  get_url:
    url: "{{ promtail_dist_url }}"
    dest: "{{ promtail_tmp_dir }}/{{ promtail_version }}_promtail-linux-{{ go_arch }}.zip"
    force: True
    checksum: "{{ promtail_custom_checksum if promtail_custom_checksum else 'sha256:' + __promtail_checksum }}"
  delegate_to: localhost
  run_once: True
  when: promtail_binary_propagate

- name: Propagate promtail binaries
  copy:
    src: "{{ promtail_tmp_dir }}/{{ promtail_version }}_promtail-linux-{{ go_arch }}.zip"
    dest: "{{ promtail_tmp_dir }}/{{ promtail_version }}_promtail-linux-{{ go_arch }}.zip"
    mode: 0755
  when: promtail_binary_propagate

- name: Unpack promtail binaries
  ignore_errors: "{{ ansible_check_mode }}"
  unarchive:
    src: "{{ promtail_tmp_dir }}/{{ promtail_version }}_promtail-linux-{{ go_arch }}.zip"
    dest: "{{ promtail_install_dir }}/{{ promtail_version }}"
    creates: "{{ promtail_install_dir }}/{{ promtail_version }}/promtail-linux-{{ go_arch }}"
    mode: 0755
    remote_src: True

- name: Create symlink to latest version
  notify:
    - Restart promtail
  ignore_errors: "{{ ansible_check_mode }}"
  file:
    state: link
    src: "{{ promtail_install_dir }}/{{ promtail_version }}/promtail-linux-{{ go_arch }}"
    dest: /usr/local/bin/promtail
    mode: 0755

- name: Write config
  notify:
    - Restart promtail
  template:
    src: config.j2
    dest: "{{ promtail_config_file }}"
    owner: root
    group: "{{ promtail_system_group }}"
    mode: 0644
    validate: /usr/local/bin/promtail -config.file %s -check-syntax

- name: Create systemd service unit
  notify:
    - Restart promtail
  template:
    src: "{{ promtail_systemd_service_template_file }}"
    dest: "/etc/systemd/system/{{ promtail_systemd_service }}.service"
    mode: 0644

 40%|████      | 40/100 [04:45<09:29,  9.50s/it]
Total input tokens: 1362
___________________________________________LLM Output:___________________________________________ 
Below you will receive task descriptions from which you should generate an Ansible Playbook.  
The generated playbook must be valid inside an Ansible Role under the tasks/ directory (e.g., tasks/main.yml).  
Do not include hosts:, vars:, or any playbook-level headers. Only output valid task entries or blocks as expected in a role.  

Task 1: Ensure the unzip package is installed.  
Description Task 1: Install the unzip package on the target system, ensuring the package cache is updated based on the `promtail_apt_update_cache` variable.

Task 2: Create a group for Promtail.  
Description Task 2: Create a system group for Promtail using the name specified in the `promtail_system_group` variable, unless the group is "root".

Task 3: Create a user for Promtail.  
Description Task 3: Create a system user for Promtail with the name specified in `promtail_system_user`, associating it with the group from `promtail_system_group` and additional groups from `promtail_user_additional_groups`. The user should have a shell of `/usr/sbin/nologin` and not have a home directory unless `promtail_system_user` is "root".

Task 4: Ensure the /usr/local/bin directory exists.  
Description Task 4: Create the directory `/usr/local/bin` with mode 0755 if it does not already exist.

Task 5: Create necessary configuration directories for Promtail.  
Description Task 5: Create directories for Promtail's configuration files, including the main config directory, file SD directory, and positions directory, owned by root and the Promtail system group with mode 0770.

Task 6: Create application directories for Promtail.  
Description Task 6: Create directories for Promtail's installation, owned by the Promtail system user and group with mode 0755.

Task 7: Check if the Promtail binary exists.  
Description Task 7: Check if the Promtail binary file exists in the specified installation directory and version, storing the result in `promtail_binary`.

Task 8: Download Promtail binaries if not present locally.  
Description Task 8: Download the Promtail binaries from the URL specified in `promtail_dist_url` to a temporary directory if the binary does not exist locally, using a checksum specified by `promtail_custom_checksum` or a default one.

Task 9: Propagate a locally distributed Promtail archive.  
Description Task 9: Copy a locally available Promtail archive to the temporary directory if the binary does not exist locally and the local directory is specified.

Task 10: Download Promtail binaries to the controller node.  
Description Task 10: On the controller node, download the Promtail binaries to a temporary directory if the `promtail_binary_propagate` condition is met.

Task 11: Propagate Promtail binaries across nodes.  
Description Task 11: Copy the downloaded Promtail binaries to the temporary directory if the `promtail_binary_propagate` condition is met.

Task 12: Unpack the Promtail binaries.  
Description Task 12: Unpack the downloaded Promtail binaries into the specified installation directory, creating a symbolic link if the binary does not already exist.

Task 13: Create a symlink to the latest version of Promtail.  
Description Task 13: Create a symbolic link to the latest version of the Promtail binary in `/usr/local/bin/promtail`, triggering a handler to restart Promtail.

Task 14: Write the Promtail configuration file.  
Description Task 14: Use a template to generate the Promtail configuration file, validating it with the Promtail binary, and trigger a handler to restart Promtail.

Task 15: Create a systemd service unit for Promtail.  
Description Task 15: Use a template to create a systemd service unit file for Promtail, setting the appropriate permissions and triggering a handler to restart Promtail.

Tue Sep 30 16:59:40 2025: /home/studgoetsi5301/documents/ansible_bench/dataset/prompts/ollama_phi4:14b_english_exact/benchmark100/ansible-role-promtail/tasks/install_prompt.txt Total generation time: 14.783939182991162


Prompt: You are a professional developer. Below you will find a complete Ansible Playbook. This playbook was generated based on a prompt. Your task is to reconstruct the original prompt that could have been used to generate this playbook.

Important: The only output follows the format below. Do not include any explanations or comments before or after.

The reconstructed prompt must exactly follow the structure below:

"Below you will receive task descriptions from which you should generate an Ansible Playbook.  
The generated playbook must be valid inside an Ansible Role under the tasks/ directory (e.g., tasks/main.yml).  
Do not include hosts:, vars:, or any playbook-level headers. Only output valid task entries or blocks as expected in a role.  

Task 1: ...
Description Task 1: ...

Task 2: ...
Description Task 2: ...

Task 3: ...
Description Task 3: ...
..."

Guidelines:
- Each task should be short and clearly describe one specific action.
- The tasks must match the actual tasks in the playbook **both in content and order**.
- Use the exact terminology and labels as used in the playbook (e.g., “install nginx” instead of “install web server”).
- Provide a more detailed description of the task next to each task
- Include the exact names of variables, handlers, etc. used in the playbook.

Here is the Ansible Playbook:
---
- name: Assert usage of systemd as an init system
  assert:
    that: ansible_service_mgr == 'systemd'
    msg: "This module only works with systemd"

- block:
    - name: Get latest release
      uri:
        url: "https://api.github.com/repos/grafana/loki/releases/latest"
        method: GET
        return_content: True
        status_code: 200
        body_format: json
        validate_certs: False
        user: "{{ lookup('env', 'GH_USER') | default(omit) }}"
        password: "{{ lookup('env', 'GH_TOKEN') | default(omit) }}"
      no_log: "{{ not lookup('env', 'ANSIBLE_DEBUG') | bool }}"
      register: _latest_release
      until: _latest_release.status == 200
      retries: 5

    - name: "Set promtail version to {{ _latest_release.json.tag_name[1:] }}"
      set_fact:
        promtail_version: "{{ _latest_release.json.tag_name[1:] }}"
  when:
    - promtail_version == "latest"
  delegate_to: localhost
  run_once: True

- block:
  - name: Test if zip local archive exists
    stat:
      path: "{{ promtail_binary_local_dir }}/{{ promtail_version }}_promtail-linux-{{ go_arch }}.zip"
    register: promtail_binary_local_archive
    delegate_to: localhost
    run_once: True

  - name: Assert local binary exists
    assert:
      that: promtail_binary_local_archive.stat.exists
      msg: "When using 'promtail_binary_local_dir' please ensure that the binary exists"

  when:
    - promtail_binary_local_dir | length > 0

- block:
    - name: "Get checksum list"
      set_fact:
        __promtail_checksums: "{{ lookup('url', 'https://github.com/grafana/loki/releases/download/v' + promtail_version + '/SHA256SUMS', wantlist=True) | list }}"
      run_once: True

    - name: "Get checksum for {{ go_arch }} architecture"
      set_fact:
        __promtail_checksum: "{{ item.split(' ')[0] }}"
      with_items: "{{ __promtail_checksums }}"
      when:
        - "('promtail-linux-' + go_arch + '.zip') in item"
  when:
    - promtail_binary_local_dir | length == 0


Total input tokens: 797
___________________________________________LLM Output:___________________________________________ 
Below you will receive task descriptions from which you should generate an Ansible Playbook.  
The generated playbook must be valid inside an Ansible Role under the tasks/ directory (e.g., tasks/main.yml).  
Do not include hosts:, vars:, or any playbook-level headers. Only output valid task entries or blocks as expected in a role.  

Task 1: Ensure the system is using systemd as the init system.  
Description Task 1: Assert that the `ansible_service_mgr` variable is set to 'systemd', and if not, provide a message indicating that the playbook only works with systemd.

Task 2: Retrieve the latest release information for Grafana Loki from GitHub.  
Description Task 2: Use the `uri` module to fetch the latest release data from the GitHub API for Grafana Loki, handling authentication with environment variables, validating the response, and retrying up to 5 times if needed. Register the response and set the `promtail_version` fact based on the release tag name, only if `promtail_version` is set to "latest".

Task 3: Verify the existence of a local promtail binary archive.  
Description Task 3: Check if the promtail binary archive exists in the specified local directory using the `stat` module, and assert its existence with a message if it does not, but only if `promtail_binary_local_dir` is configured.

Task 4: Download and verify the checksum for the promtail binary if not using a local binary.  
Description Task 4: If no local binary directory is specified, fetch the checksum list from the GitHub release page for the specified `promtail_version` using the `url` lookup, and extract the checksum for the specified architecture, ensuring the integrity of the binary download. 41%|████      | 41/100 [04:52<08:32,  8.69s/it] 42%|████▏     | 42/100 [04:57<07:18,  7.56s/it]

Tue Sep 30 16:59:47 2025: /home/studgoetsi5301/documents/ansible_bench/dataset/prompts/ollama_phi4:14b_english_exact/benchmark100/ansible-role-promtail/tasks/preflight_prompt.txt Total generation time: 6.797343008001917


Prompt: You are a professional developer. Below you will find a complete Ansible Playbook. This playbook was generated based on a prompt. Your task is to reconstruct the original prompt that could have been used to generate this playbook.

Important: The only output follows the format below. Do not include any explanations or comments before or after.

The reconstructed prompt must exactly follow the structure below:

"Below you will receive task descriptions from which you should generate an Ansible Playbook.  
The generated playbook must be valid inside an Ansible Role under the tasks/ directory (e.g., tasks/main.yml).  
Do not include hosts:, vars:, or any playbook-level headers. Only output valid task entries or blocks as expected in a role.  

Task 1: ...
Description Task 1: ...

Task 2: ...
Description Task 2: ...

Task 3: ...
Description Task 3: ...
..."

Guidelines:
- Each task should be short and clearly describe one specific action.
- The tasks must match the actual tasks in the playbook **both in content and order**.
- Use the exact terminology and labels as used in the playbook (e.g., “install nginx” instead of “install web server”).
- Provide a more detailed description of the task next to each task
- Include the exact names of variables, handlers, etc. used in the playbook.

Here is the Ansible Playbook:
---
- import_tasks: preflight.yml
  tags:
    - promtail_install
    - promtail

- import_tasks: install.yml
  become: True
  tags:
    - promtail_install
    - promtail

- name: Ensure promtail service is started and enabled
  become: True
  systemd:
    daemon_reload: True
    name: "{{ promtail_systemd_service }}"
    state: started
    enabled: True
  tags:
    - promtail_run
    - promtail


Total input tokens: 391
___________________________________________LLM Output:___________________________________________ 
Below you will receive task descriptions from which you should generate an Ansible Playbook.  
The generated playbook must be valid inside an Ansible Role under the tasks/ directory (e.g., tasks/main.yml).  
Do not include hosts:, vars:, or any playbook-level headers. Only output valid task entries or blocks as expected in a role.  

Task 1: Import preflight tasks for promtail installation.  
Description Task 1: Import the preflight tasks necessary for setting up promtail. These tasks are tagged as `promtail_install` and `promtail`.

Task 2: Import installation tasks for promtail.  
Description Task 2: Import the tasks required to install promtail. This task runs with elevated privileges (`become: True`) and is tagged as `promtail_install` and `promtail`.

Task 3: Ensure promtail service is started and enabled.  
Description Task 3: Use systemd to ensure the promtail service is started and enabled. This task requires elevated privileges (`become: True`), reloads the systemd daemon, and uses the variable `promtail_systemd_service`. It is tagged as `promtail_run` and `promtail`.

Tue Sep 30 16:59:52 2025: /home/studgoetsi5301/documents/ansible_bench/dataset/prompts/ollama_phi4:14b_english_exact/benchmark100/ansible-role-promtail/tasks/main_prompt.txt Total generation time: 4.931236072006868


Prompt: You are a professional developer. Below you will find a complete Ansible Playbook. This playbook was generated based on a prompt. Your task is to reconstruct the original prompt that could have been used to generate this playbook.

Important: The only output follows the format below. Do not include any explanations or comments before or after.

The reconstructed prompt must exactly follow the structure below:

"Below you will receive task descriptions from which you should generate an Ansible Playbook.  
The generated playbook must be valid inside an Ansible Role under the tasks/ directory (e.g., tasks/main.yml).  
Do not include hosts:, vars:, or any playbook-level headers. Only output valid task entries or blocks as expected in a role.  

Task 1: ...
Description Task 1: ...

Task 2: ...
Description Task 2: ...

Task 3: ...
Description Task 3: ...
..."

Guidelines:
- Each task should be short and clearly describe one specific action.
- The tasks must match the actual tasks in the playbook **both in content and order**.
- Use the exact terminology and labels as used in the playbook (e.g., “install nginx” instead of “install web server”).
- Provide a more detailed description of the task next to each task
- Include the exact names of variables, handlers, etc. used in the playbook.

Here is the Ansible Playbook:
---
# tasks file for python_pip

- name: Import assert.yml
  ansible.builtin.import_tasks:
    file: assert.yml
  run_once: true
  delegate_to: localhost

- name: Install python pip
  ansible.builtin.package:
    name: "{{ python_pip_packages }}"
    state: present

- name: Configure pip proxy
  community.general.ini_file:
    path: /etc/pip.conf
    section: global
    option: index-url
    value: "{{ python_pip_proxy }}"
    mode: "0644"
  when:
    - python_pip_proxy is defined

- name: Trust hosts
  community.general.ini_file:
    path: /etc/pip.conf
    section: global
    option: trusted-host
    value: "{{ python_pip_trusted_host }}"
    mode: "0644"
  when:
    - python_pip_trusted_host is defined

- name: Update pip.
  ansible.builtin.pip:
    name: "{{ python_pip_pip_package }}"
    state: "{{ python_pip_pip_state }}"  # noqa package-latest
    executable: "{{ python_pip_executable | default(omit) }}"
  when:
    - python_pip_update
    - ansible_distribution_release not in [ "bookworm", "noble" ]
    - ansible_os_family != "Alpine"

- name: Install requested modules
  ansible.builtin.pip:
    name: "{{ item.name }}"
    state: "{{ item.state | default('present') }}"
    version: "{{ item.version | default(omit) }}"
    executable: "{{ python_pip_executable | default(omit) }}"
  loop: "{{ python_pip_modules }}"
  loop_control:
    label: "{{ item.name }}"
  when:
    - ansible_distribution_release not in [ "bookworm", "noble" ]
    - ansible_os_family != "Alpine"


Total input tokens: 679
___________________________________________LLM Output:___________________________________________ 
"Below you will receive task descriptions from which you should generate an Ansible Playbook.  
The generated playbook must be valid inside an Ansible Role under the tasks/ directory (e.g., tasks/main.yml).  
Do not include hosts:, vars:, or any playbook-level headers. Only output valid task entries or blocks as expected in a role.  

Task 1: Import assert.yml only once and delegate to localhost.  
Description Task 1: Import a set of tasks from the file assert.yml and ensure it is executed only once, delegating the task to the localhost.

Task 2: Install Python pip using the specified package name.  
Description Task 2: Install Python pip by specifying the package name through the variable `python_pip_packages`.

Task 3: Configure pip proxy settings if the proxy is defined.  
Description Task 3: Set the pip proxy configuration in the `/etc/pip.conf` file under the global section using the `index-url` option, only if `python_pip_proxy` is defined.

Task 4: Set trusted hosts for pip if specified.  
Description Task 4: Configure trusted hosts for pip in the `/etc/pip.conf` file under the global section using the `trusted-host` option, only if `python_pip_trusted_host` is defined.

Task 5: Update pip to the latest version under specific conditions.  
Description Task 5: Update pip to the latest version using the package specified by `python_pip_pip_package`, only if `python_pip_update` is true and the distribution release is not "bookworm" or "noble", and the OS family is not "Alpine".

Task 6: Install requested Python pip modules based on conditions.  
Description Task 6: Install Python pip modules specified in `python_pip_modules`, ensuring each module's name and state are correctly set, and execute only if the distribution release is not "bookworm" or "noble", and the OS family is not "Alpine"." 43%|████▎     | 43/100 [05:05<07:24,  7.80s/it] 44%|████▍     | 44/100 [05:11<06:36,  7.07s/it] 45%|████▌     | 45/100 [05:15<05:45,  6.28s/it]

Tue Sep 30 17:00:00 2025: /home/studgoetsi5301/documents/ansible_bench/dataset/prompts/ollama_phi4:14b_english_exact/benchmark100/ansible-role-python_pip/tasks/main_prompt.txt Total generation time: 8.35464429599233


Prompt: You are a professional developer. Below you will find a complete Ansible Playbook. This playbook was generated based on a prompt. Your task is to reconstruct the original prompt that could have been used to generate this playbook.

Important: The only output follows the format below. Do not include any explanations or comments before or after.

The reconstructed prompt must exactly follow the structure below:

"Below you will receive task descriptions from which you should generate an Ansible Playbook.  
The generated playbook must be valid inside an Ansible Role under the tasks/ directory (e.g., tasks/main.yml).  
Do not include hosts:, vars:, or any playbook-level headers. Only output valid task entries or blocks as expected in a role.  

Task 1: ...
Description Task 1: ...

Task 2: ...
Description Task 2: ...

Task 3: ...
Description Task 3: ...
..."

Guidelines:
- Each task should be short and clearly describe one specific action.
- The tasks must match the actual tasks in the playbook **both in content and order**.
- Use the exact terminology and labels as used in the playbook (e.g., “install nginx” instead of “install web server”).
- Provide a more detailed description of the task next to each task
- Include the exact names of variables, handlers, etc. used in the playbook.

Here is the Ansible Playbook:
---

- name: locations | Enable modules
  community.general.apache2_module:
    name: "{{ item }}"
    state: present
  loop:
    - proxy
    - proxy_http
  when:
    - ansible_os_family in [ "Debian", "Suse" ]

- name: locations | Configure locations
  ansible.builtin.template:
    src: location.conf.j2
    dest: "{{ httpd_config_directory }}/{{ item.name }}.conf"
    mode: "0644"
  loop: "{{ httpd_locations }}"
  loop_control:
    label: "{{ item.name }}"
  notify:
    - Test httpd configuration validity
    - Restart httpd


Total input tokens: 421
___________________________________________LLM Output:___________________________________________ 
"Below you will receive task descriptions from which you should generate an Ansible Playbook.  
The generated playbook must be valid inside an Ansible Role under the tasks/ directory (e.g., tasks/main.yml).  
Do not include hosts:, vars:, or any playbook-level headers. Only output valid task entries or blocks as expected in a role.  

Task 1: Enable Apache modules proxy and proxy_http on Debian and Suse systems.  
Description Task 1: This task ensures that the Apache modules 'proxy' and 'proxy_http' are enabled on systems with the OS family 'Debian' or 'Suse'. It uses the 'community.general.apache2_module' module with a loop to handle both modules and checks the OS family condition before execution.

Task 2: Configure Apache locations using a template.  
Description Task 2: This task configures Apache locations by rendering a template file 'location.conf.j2' to a destination path defined by '{{ httpd_config_directory }}/{{ item.name }}.conf' for each item in the 'httpd_locations' list. The file permissions are set to '0644'. It uses the 'ansible.builtin.template' module with a loop over 'httpd_locations' and includes a 'loop_control' label for better readability. Notifications are triggered to test the HTTPD configuration validity and to restart the HTTPD service."

Tue Sep 30 17:00:06 2025: /home/studgoetsi5301/documents/ansible_bench/dataset/prompts/ollama_phi4:14b_english_exact/benchmark100/ansible-role-httpd/tasks/locations_prompt.txt Total generation time: 5.372511272988049


Prompt: You are a professional developer. Below you will find a complete Ansible Playbook. This playbook was generated based on a prompt. Your task is to reconstruct the original prompt that could have been used to generate this playbook.

Important: The only output follows the format below. Do not include any explanations or comments before or after.

The reconstructed prompt must exactly follow the structure below:

"Below you will receive task descriptions from which you should generate an Ansible Playbook.  
The generated playbook must be valid inside an Ansible Role under the tasks/ directory (e.g., tasks/main.yml).  
Do not include hosts:, vars:, or any playbook-level headers. Only output valid task entries or blocks as expected in a role.  

Task 1: ...
Description Task 1: ...

Task 2: ...
Description Task 2: ...

Task 3: ...
Description Task 3: ...
..."

Guidelines:
- Each task should be short and clearly describe one specific action.
- The tasks must match the actual tasks in the playbook **both in content and order**.
- Use the exact terminology and labels as used in the playbook (e.g., “install nginx” instead of “install web server”).
- Provide a more detailed description of the task next to each task
- Include the exact names of variables, handlers, etc. used in the playbook.

Here is the Ansible Playbook:
---

- name: directories | Create directories
  ansible.builtin.file:
    path: "{{ item.path }}"
    state: directory
    mode: "0755"
  loop: "{{ httpd_directories }}"
  loop_control:
    label: "{{ item.path }}"

- name: directories | Configure directories
  ansible.builtin.template:
    src: directory.conf.j2
    dest: "{{ httpd_config_directory }}/{{ item.name }}.conf"
    mode: "0644"
  loop: "{{ httpd_directories }}"
  loop_control:
    label: "{{ item.name }}"
  notify:
    - Test httpd configuration validity
    - Restart httpd


Total input tokens: 419
___________________________________________LLM Output:___________________________________________ 
Below you will receive task descriptions from which you should generate an Ansible Playbook.  
The generated playbook must be valid inside an Ansible Role under the tasks/ directory (e.g., tasks/main.yml).  
Do not include hosts:, vars:, or any playbook-level headers. Only output valid task entries or blocks as expected in a role.  

Task 1: Create necessary directories for the HTTP server.  
Description Task 1: Ensure that directories specified in the `httpd_directories` variable are created with the appropriate permissions using the `ansible.builtin.file` module. Set the mode to `0755`.

Task 2: Configure HTTP server directories.  
Description Task 2: Use the `ansible.builtin.template` module to deploy configuration files for each directory specified in `httpd_directories` from a Jinja2 template (`directory.conf.j2`) to the destination path `{{ httpd_config_directory }}/{{ item.name }}.conf`. Set the file mode to `0644`. If configuration changes, trigger handlers to test the validity of the HTTP server configuration and restart the HTTP server if necessary.

Tue Sep 30 17:00:10 2025: /home/studgoetsi5301/documents/ansible_bench/dataset/prompts/ollama_phi4:14b_english_exact/benchmark100/ansible-role-httpd/tasks/directories_prompt.txt Total generation time: 4.441496843006462


Prompt: You are a professional developer. Below you will find a complete Ansible Playbook. This playbook was generated based on a prompt. Your task is to reconstruct the original prompt that could have been used to generate this playbook.

Important: The only output follows the format below. Do not include any explanations or comments before or after.

The reconstructed prompt must exactly follow the structure below:

"Below you will receive task descriptions from which you should generate an Ansible Playbook.  
The generated playbook must be valid inside an Ansible Role under the tasks/ directory (e.g., tasks/main.yml).  
Do not include hosts:, vars:, or any playbook-level headers. Only output valid task entries or blocks as expected in a role.  

Task 1: ...
Description Task 1: ...

Task 2: ...
Description Task 2: ...

Task 3: ...
Description Task 3: ...
..."

Guidelines:
- Each task should be short and clearly describe one specific action.
- The tasks must match the actual tasks in the playbook **both in content and order**.
- Use the exact terminology and labels as used in the playbook (e.g., “install nginx” instead of “install web server”).
- Provide a more detailed description of the task next to each task
- Include the exact names of variables, handlers, etc. used in the playbook.

Here is the Ansible Playbook:
---
# tasks file for httpd

- name: Import assert.yml
  ansible.builtin.import_tasks:
    file: assert.yml
  run_once: true
  delegate_to: localhost

- name: Install apache httpd
  ansible.builtin.package:
    name: "{{ httpd_packages }}"
    state: present

- name: Configure selinux
  when:
    - ansible_selinux.status is defined
    - ansible_selinux.status == "enabled"
  block:
    - name: Modify selinux settings
      ansible.posix.seboolean:
        name: "{{ item }}"
        state: true
        persistent: true
      when:
        - ansible_selinux.status is defined
        - ansible_selinux.status == "enabled"
      loop: "{{ httpd_sebooleans }}"

    - name: Allow connections to custom port
      community.general.seport:
        ports: "{{ item }}"
        proto: tcp
        setype: http_port_t
        state: present
      loop:
        - "{{ httpd_port }}"
        - "{{ httpd_ssl_port | default(omit) }}"

- name: Configure httpd
  ansible.builtin.template:
    src: "{{ httpd_config_src }}"
    dest: "{{ httpd_config_dest }}"
    mode: "0644"
  notify:
    - Test httpd configuration validity
    - Restart httpd

- name: Activate httpd module | Debian
  ansible.builtin.command:
    cmd: "a2enmod {{ item }}"
  changed_when: false
  loop: "{{ httpd_modules_to_activate_with_command }}"
  when:
    - ansible_os_family == 'Debian'
  notify:
    - Test httpd configuration validity

- name: Import ssl.yml
  ansible.builtin.import_tasks:
    file: ssl.yml
  when:
    - https_ssl_enable

- name: Import locations.yml
  ansible.builtin.import_tasks:
    file: locations.yml
  when:
    - httpd_locations is defined

- name: Import vhosts.yml
  ansible.builtin.import_tasks:
    file: vhosts.yml
  when:
    - httpd_vhosts is defined

- name: Configure ports
  ansible.builtin.template:
    src: "{{ httpd_ports_conf }}.j2"
    dest: "{{ httpd_server_root }}/{{ httpd_ports_conf }}"
    mode: "0644"
  notify:
    - Test httpd configuration validity
    - Restart httpd
  when:
    - ansible_os_family in [ "Debian", "Suse" ]

- name: Import directories.yml
  ansible.builtin.import_tasks:
    file: directories.yml
  when:
    - httpd_directories is defined

- name: Flush handlers
  ansible.builtin.meta: flush_handlers

- name: Removing default html
  ansible.builtin.file:
    path: "{{ httpd_data_directory }}/index.html"
    state: absent
  when:
    - httpd_remove_example

- name: Start and enable httpd
  ansible.builtin.service:
    name: "{{ httpd_service }}"
    state: started
    enabled: true

 46%|████▌     | 46/100 [05:27<07:05,  7.88s/it]
Total input tokens: 931
___________________________________________LLM Output:___________________________________________ 
Below you will receive task descriptions from which you should generate an Ansible Playbook.  
The generated playbook must be valid inside an Ansible Role under the tasks/ directory (e.g., tasks/main.yml).  
Do not include hosts:, vars:, or any playbook-level headers. Only output valid task entries or blocks as expected in a role.  

Task 1: Import common assertions for the httpd role.  
Description Task 1: Import tasks from assert.yml to ensure common assertions are met for the httpd role. This task runs once and is delegated to localhost.

Task 2: Install the apache httpd package.  
Description Task 2: Use the package module to install the apache httpd package based on the list of packages specified in the variable httpd_packages.

Task 3: Configure SELinux settings for httpd if SELinux is enabled.  
Description Task 3: Modify SELinux boolean settings and allow connections to custom ports if SELinux is enabled. Use the seboolean module to set specified booleans and the seport module to configure ports, based on the variables httpd_sebooleans, httpd_port, and httpd_ssl_port.

Task 4: Configure the httpd main configuration file using a template.  
Description Task 4: Apply a template to configure the httpd main configuration file. Notify handlers to test the configuration validity and restart httpd. Use variables httpd_config_src and httpd_config_dest for source and destination paths.

Task 5: Activate httpd modules using a command on Debian systems.  
Description Task 5: Activate specified httpd modules using a command on Debian systems. Use a loop to iterate over modules specified in httpd_modules_to_activate_with_command and notify handlers to test configuration validity.

Task 6: Import SSL configuration tasks if HTTPS is enabled.  
Description Task 6: Import tasks from ssl.yml to configure SSL settings if HTTPS is enabled, controlled by the variable https_ssl_enable.

Task 7: Import location configuration tasks if locations are defined.  
Description Task 7: Import tasks from locations.yml if the variable httpd_locations is defined, to configure location-specific settings.

Task 8: Import virtual host configuration tasks if virtual hosts are defined.  
Description Task 8: Import tasks from vhosts.yml if the variable httpd_vhosts is defined, to configure virtual host settings.

Task 9: Configure ports using a template on Debian and Suse systems.  
Description Task 9: Apply a template to configure ports on Debian and Suse systems. Use the variable httpd_ports_conf for the template source and notify handlers to test configuration validity and restart httpd.

Task 10: Import directory configuration tasks if directories are defined.  
Description Task 10: Import tasks from directories.yml if the variable httpd_directories is defined, to configure directory-specific settings.

Task 11: Flush all pending handlers.  
Description Task 11: Use the meta module to flush all pending handlers, ensuring that any previous notifications are executed.

Task 12: Remove the default index.html file if specified.  
Description Task 12: Remove the default index.html file located in the httpd data directory if the variable httpd_remove_example is set.

Task 13: Start and enable the httpd service.  
Description Task 13: Use the service module to start and enable the httpd service, ensuring it runs at boot. Use the variable httpd_service to specify the service name.

Tue Sep 30 17:00:22 2025: /home/studgoetsi5301/documents/ansible_bench/dataset/prompts/ollama_phi4:14b_english_exact/benchmark100/ansible-role-httpd/tasks/main_prompt.txt Total generation time: 11.609548776992597


Prompt: You are a professional developer. Below you will find a complete Ansible Playbook. This playbook was generated based on a prompt. Your task is to reconstruct the original prompt that could have been used to generate this playbook.

Important: The only output follows the format below. Do not include any explanations or comments before or after.

The reconstructed prompt must exactly follow the structure below:

"Below you will receive task descriptions from which you should generate an Ansible Playbook.  
The generated playbook must be valid inside an Ansible Role under the tasks/ directory (e.g., tasks/main.yml).  
Do not include hosts:, vars:, or any playbook-level headers. Only output valid task entries or blocks as expected in a role.  

Task 1: ...
Description Task 1: ...

Task 2: ...
Description Task 2: ...

Task 3: ...
Description Task 3: ...
..."

Guidelines:
- Each task should be short and clearly describe one specific action.
- The tasks must match the actual tasks in the playbook **both in content and order**.
- Use the exact terminology and labels as used in the playbook (e.g., “install nginx” instead of “install web server”).
- Provide a more detailed description of the task next to each task
- Include the exact names of variables, handlers, etc. used in the playbook.

Here is the Ansible Playbook:
---
- name: vhosts | Create docroot
  ansible.builtin.file:
    path: "{{ item.documentroot }}"
    state: directory
    mode: "0755"
  loop: "{{ httpd_vhosts }}"
  loop_control:
    label: "{{ item.name }}"
  when:
    - httpd_vhosts is defined
    - item.documentroot is defined
    - item.create_docroot is not defined or item.create_docroot

- name: vhosts | Configure vhosts
  ansible.builtin.template:
    src: "{{ vhost_conf_template }}"
    dest: "{{ httpd_vhosts_directory }}/{{ item.name }}.conf"
    mode: "0644"
  loop: "{{ httpd_vhosts }}"
  loop_control:
    label: "{{ item.name }}"
  notify:
    - Test httpd configuration validity
    - Restart httpd

- name: vhosts | Enable vhosts
  ansible.builtin.command:
    cmd: "a2ensite {{ item.name }}"
    creates: "{{ httpd_vhosts_enabled_directory }}/{{ item.name }}.conf"
  loop: "{{ httpd_vhosts }}"
  loop_control:
    label: "{{ item.name }}"
  when:
    - ansible_os_family == 'Debian'
  notify:
    - Test httpd configuration validity
    - Restart httpd


Total input tokens: 556
___________________________________________LLM Output:___________________________________________ 
Below you will receive task descriptions from which you should generate an Ansible Playbook.  
The generated playbook must be valid inside an Ansible Role under the tasks/ directory (e.g., tasks/main.yml).  
Do not include hosts:, vars:, or any playbook-level headers. Only output valid task entries or blocks as expected in a role.  

Task 1: Create document root directories for HTTP virtual hosts.  
Description Task 1: Ensure that the document root directories for each HTTP virtual host are created with the specified permissions. This task should be executed only if the `httpd_vhosts` variable is defined, and each item has a defined `documentroot`. Additionally, the task should only proceed if the `create_docroot` attribute is not explicitly set to false.

Task 2: Configure virtual host configuration files using templates.  
Description Task 2: Use a template to configure the virtual host files for Apache HTTP server. The source template is specified by the `vhost_conf_template` variable, and the destination is determined by the `httpd_vhosts_directory` and the host name. Ensure that the files are created with the correct permissions. After configuring each virtual host, trigger handlers to test the HTTPD configuration for validity and to restart the HTTPD service.

Task 3: Enable virtual hosts on Debian-based systems.  
Description Task 3: Enable each virtual host by using the `a2ensite` command, which creates symbolic links for the virtual host configuration files in the enabled sites directory. This task should only be executed on Debian-based systems, as indicated by the `ansible_os_family` variable being 'Debian'. After enabling each virtual host, trigger handlers to test the HTTPD configuration for validity and to restart the HTTPD service.

Tue Sep 30 17:00:29 2025: /home/studgoetsi5301/documents/ansible_bench/dataset/prompts/ollama_phi4:14b_english_exact/benchmark100/ansible-role-httpd/tasks/vhosts_prompt.txt Total generation time: 47%|████▋     | 47/100 [05:34<06:41,  7.58s/it] 48%|████▊     | 48/100 [05:38<05:52,  6.78s/it] 49%|████▉     | 49/100 [05:45<05:36,  6.59s/it] 6.886814971992862


Prompt: You are a professional developer. Below you will find a complete Ansible Playbook. This playbook was generated based on a prompt. Your task is to reconstruct the original prompt that could have been used to generate this playbook.

Important: The only output follows the format below. Do not include any explanations or comments before or after.

The reconstructed prompt must exactly follow the structure below:

"Below you will receive task descriptions from which you should generate an Ansible Playbook.  
The generated playbook must be valid inside an Ansible Role under the tasks/ directory (e.g., tasks/main.yml).  
Do not include hosts:, vars:, or any playbook-level headers. Only output valid task entries or blocks as expected in a role.  

Task 1: ...
Description Task 1: ...

Task 2: ...
Description Task 2: ...

Task 3: ...
Description Task 3: ...
..."

Guidelines:
- Each task should be short and clearly describe one specific action.
- The tasks must match the actual tasks in the playbook **both in content and order**.
- Use the exact terminology and labels as used in the playbook (e.g., “install nginx” instead of “install web server”).
- Provide a more detailed description of the task next to each task
- Include the exact names of variables, handlers, etc. used in the playbook.

Here is the Ansible Playbook:
---
- name: ssl | Install ssl packages
  ansible.builtin.package:
    name: "{{ httpd_ssl_packages }}"
    state: present

- name: ssl | Place configuration
  ansible.builtin.template:
    src: ssl.conf.j2
    dest: "{{ httpd_config_directory }}/ssl.conf"
    mode: "0644"
  notify:
    - Test httpd configuration validity
    - Restart httpd

- name: ssl | Configure redirect from http to https
  ansible.builtin.template:
    src: default_vhost.conf.j2
    dest: "{{ httpd_config_directory }}/{{ default_vhost_conf }}"
    mode: "0644"
  notify:
    - Test httpd configuration validity
    - Restart httpd


Total input tokens: 437
___________________________________________LLM Output:___________________________________________ 
Below you will receive task descriptions from which you should generate an Ansible Playbook.  
The generated playbook must be valid inside an Ansible Role under the tasks/ directory (e.g., tasks/main.yml).  
Do not include hosts:, vars:, or any playbook-level headers. Only output valid task entries or blocks as expected in a role.  

Task 1: Install SSL packages  
Description Task 1: Install the required SSL packages using the variable `httpd_ssl_packages` to ensure the necessary software is present on the system.

Task 2: Place SSL configuration file  
Description Task 2: Use a Jinja2 template `ssl.conf.j2` to create or update the SSL configuration file at the destination path defined by `httpd_config_directory/ssl.conf` with appropriate permissions and trigger handlers to test and restart the HTTP server if needed.

Task 3: Configure HTTP to HTTPS redirect  
Description Task 3: Deploy a Jinja2 template `default_vhost.conf.j2` to set up the virtual host configuration for redirecting HTTP to HTTPS, saving it to the path specified by `httpd_config_directory/default_vhost_conf` and ensuring proper file permissions, while notifying handlers to validate and restart the HTTP server if necessary.

Tue Sep 30 17:00:34 2025: /home/studgoetsi5301/documents/ansible_bench/dataset/prompts/ollama_phi4:14b_english_exact/benchmark100/ansible-role-httpd/tasks/ssl_prompt.txt Total generation time: 4.918027758991229


Prompt: You are a professional developer. Below you will find a complete Ansible Playbook. This playbook was generated based on a prompt. Your task is to reconstruct the original prompt that could have been used to generate this playbook.

Important: The only output follows the format below. Do not include any explanations or comments before or after.

The reconstructed prompt must exactly follow the structure below:

"Below you will receive task descriptions from which you should generate an Ansible Playbook.  
The generated playbook must be valid inside an Ansible Role under the tasks/ directory (e.g., tasks/main.yml).  
Do not include hosts:, vars:, or any playbook-level headers. Only output valid task entries or blocks as expected in a role.  

Task 1: ...
Description Task 1: ...

Task 2: ...
Description Task 2: ...

Task 3: ...
Description Task 3: ...
..."

Guidelines:
- Each task should be short and clearly describe one specific action.
- The tasks must match the actual tasks in the playbook **both in content and order**.
- Use the exact terminology and labels as used in the playbook (e.g., “install nginx” instead of “install web server”).
- Provide a more detailed description of the task next to each task
- Include the exact names of variables, handlers, etc. used in the playbook.

Here is the Ansible Playbook:
---
# tasks file for redis

- name: Import assert.yml
  ansible.builtin.import_tasks:
    file: assert.yml
  run_once: true
  delegate_to: localhost

- name: Enable redis module stream (RHEL 8)
  ansible.builtin.dnf:
    name: redis
    state: enabled
  when:
    - ansible_os_family == "RedHat"
    - ansible_distribution_major_version == "8"

- name: Install redis
  ansible.builtin.package:
    name: "{{ redis_packages }}"
    state: present

- name: Configure redis
  ansible.builtin.template:
    src: "redis.conf-{{ ansible_distribution }}.j2"
    dest: "{{ redis_configuration_directory }}/{{ redis_configuration_file }}"
    owner: "{{ redis_owner }}"
    group: "{{ redis_group }}"
    mode: "{{ redis_mode }}"
  notify:
    - Restart redis

- name: Start and enable redis
  ansible.builtin.service:
    name: "{{ redis_service }}"
    state: started
    enabled: true


Total input tokens: 498
___________________________________________LLM Output:___________________________________________ 
Below you will receive task descriptions from which you should generate an Ansible Playbook.  
The generated playbook must be valid inside an Ansible Role under the tasks/ directory (e.g., tasks/main.yml).  
Do not include hosts:, vars:, or any playbook-level headers. Only output valid task entries or blocks as expected in a role.  

Task 1: Import additional tasks from a file.  
Description Task 1: Import tasks from the file `assert.yml` and ensure they are executed only once by delegating them to localhost.

Task 2: Enable the Redis module for RHEL 8.  
Description Task 2: Use the `dnf` package manager to enable the Redis module, but only if the system is Red Hat Enterprise Linux version 8.

Task 3: Install Redis packages.  
Description Task 3: Install the Redis packages specified by the `redis_packages` variable, ensuring they are present on the system.

Task 4: Configure Redis with a template.  
Description Task 4: Use a Jinja2 template to configure Redis, placing the resulting configuration file in the directory specified by `redis_configuration_directory` with the file name `redis_configuration_file`. Set the file ownership to `redis_owner` and `redis_group`, and apply the file mode `redis_mode`. Trigger a handler to restart Redis if the configuration changes.

Task 5: Start and enable the Redis service.  
Description Task 5: Ensure the Redis service, identified by the `redis_service` variable, is started and enabled to start on boot.

Tue Sep 30 17:00:40 2025: /home/studgoetsi5301/documents/ansible_bench/dataset/prompts/ollama_phi4:14b_english_exact/benchmark100/ansible-role-redis/tasks/main_prompt.txt Total generation time: 6.1403504780028015


Prompt: You are a professional developer. Below you will find a complete Ansible Playbook. This playbook was generated based on a prompt. Your task is to reconstruct the original prompt that could have been used to generate this playbook.

Important: The only output follows the format below. Do not include any explanations or comments before or after.

The reconstructed prompt must exactly follow the structure below:

"Below you will receive task descriptions from which you should generate an Ansible Playbook.  
The generated playbook must be valid inside an Ansible Role under the tasks/ directory (e.g., tasks/main.yml).  
Do not include hosts:, vars:, or any playbook-level headers. Only output valid task entries or blocks as expected in a role.  

Task 1: ...
Description Task 1: ...

Task 2: ...
Description Task 2: ...

Task 3: ...
Description Task 3: ...
..."

Guidelines:
- Each task should be short and clearly describe one specific action.
- The tasks must match the actual tasks in the playbook **both in content and order**.
- Use the exact terminology and labels as used in the playbook (e.g., “install nginx” instead of “install web server”).
- Provide a more detailed description of the task next to each task
- Include the exact names of variables, handlers, etc. used in the playbook.

Here is the Ansible Playbook:
---

- name: create | Create ssl key
  community.crypto.openssl_privatekey:
    path: "{{ openssl_key_directory }}/{{ item.name }}.key"
    mode: "640"
    owner: "{{ openssl_file_owner }}"
    group: "{{ openssl_file_group }}"

- name: create | Create ssl csr
  community.crypto.openssl_csr:
    path: "{{ openssl_csr_directory }}/{{ item.name }}.csr"
    privatekey_path: "{{ openssl_key_directory }}/{{ item.name }}.key"
    common_name: "{{ item.common_name }}"
    mode: "644"
    owner: "{{ openssl_file_owner }}"
    group: "{{ openssl_file_group }}"

- name: create | Create ssl certificates
  community.crypto.x509_certificate:
    path: "{{ openssl_crt_directory }}/{{ item.name }}.crt"
    privatekey_path: "{{ openssl_key_directory }}/{{ item.name }}.key"
    csr_path: "{{ openssl_csr_directory }}/{{ item.name }}.csr"
    provider: selfsigned
    mode: "644"
    owner: "{{ openssl_file_owner }}"
    group: "{{ openssl_file_group }}"

- name: create | Create PKCS#12 file
  community.crypto.openssl_pkcs12:
    action: export
    path: "{{ openssl_key_directory }}/{{ item.name }}.p12"
    friendly_name: "{{ item.name }}"
    privatekey_path: "{{ openssl_key_directory }}/{{ item.name }}.key"
    certificate_path: "{{ openssl_crt_directory }}/{{ item.name }}.crt"
    state: present
    mode: "640"
    owner: "{{ openssl_file_owner }}"
    group: "{{ openssl_file_group }}"

- name: create | Read private key
  ansible.builtin.slurp:
    src: "{{ openssl_key_directory }}/{{ item.name }}.key"
  register: openssl_private_key

- name: create | Read certificate
  ansible.builtin.slurp:
    src: "{{ openssl_crt_directory }}/{{ item.name }}.crt"
  register: openssl_certifcate

- name: create | Create combined private_key and certificate file
  ansible.builtin.copy:
    dest: "{{ openssl_key_directory }}/{{ item.name }}.keycrt"
    content: |-
      {{ openssl_private_key.content | b64decode | trim }}
      {{ openssl_certifcate.content | b64decode | trim }}
    mode: "640"
    owner: "{{ openssl_file_owner }}"
    group: "{{ openssl_file_group }}"

 50%|█████     | 50/100 [05:53<05:59,  7.18s/it]
Total input tokens: 800
___________________________________________LLM Output:___________________________________________ 
Below you will receive task descriptions from which you should generate an Ansible Playbook.  
The generated playbook must be valid inside an Ansible Role under the tasks/ directory (e.g., tasks/main.yml).  
Do not include hosts:, vars:, or any playbook-level headers. Only output valid task entries or blocks as expected in a role.  

Task 1: Create SSL key for each item.  
Description Task 1: Use the `community.crypto.openssl_privatekey` module to generate an SSL key file at the specified path, ensuring the file permissions, owner, and group are set according to the defined variables.

Task 2: Create SSL CSR for each item.  
Description Task 2: Use the `community.crypto.openssl_csr` module to generate a Certificate Signing Request (CSR) for each item, linking it to the previously created SSL key, and setting appropriate permissions, owner, and group.

Task 3: Create SSL certificates for each item.  
Description Task 3: Use the `community.crypto.x509_certificate` module to create a self-signed SSL certificate for each item, associating it with the corresponding key and CSR, and setting the file permissions, owner, and group.

Task 4: Create PKCS#12 file for each item.  
Description Task 4: Use the `community.crypto.openssl_pkcs12` module to export the SSL key and certificate into a PKCS#12 format file, setting the file permissions, owner, and group.

Task 5: Read private key for each item.  
Description Task 5: Use the `ansible.builtin.slurp` module to read and register the content of the SSL key file for each item.

Task 6: Read certificate for each item.  
Description Task 6: Use the `ansible.builtin.slurp` module to read and register the content of the SSL certificate file for each item.

Task 7: Create a combined private key and certificate file for each item.  
Description Task 7: Use the `ansible.builtin.copy` module to create a file that combines the content of the SSL key and certificate for each item, decoding the base64 content and setting the file permissions, owner, and group.

Tue Sep 30 17:00:48 2025: /home/studgoetsi5301/documents/ansible_bench/dataset/prompts/ollama_phi4:14b_english_exact/benchmark100/ansible-role-openssl/tasks/create_prompt.txt Total generation time: 8.553596611993271


Prompt: You are a professional developer. Below you will find a complete Ansible Playbook. This playbook was generated based on a prompt. Your task is to reconstruct the original prompt that could have been used to generate this playbook.

Important: The only output follows the format below. Do not include any explanations or comments before or after.

The reconstructed prompt must exactly follow the structure below:

"Below you will receive task descriptions from which you should generate an Ansible Playbook.  
The generated playbook must be valid inside an Ansible Role under the tasks/ directory (e.g., tasks/main.yml).  
Do not include hosts:, vars:, or any playbook-level headers. Only output valid task entries or blocks as expected in a role.  

Task 1: ...
Description Task 1: ...

Task 2: ...
Description Task 2: ...

Task 3: ...
Description Task 3: ...
..."

Guidelines:
- Each task should be short and clearly describe one specific action.
- The tasks must match the actual tasks in the playbook **both in content and order**.
- Use the exact terminology and labels as used in the playbook (e.g., “install nginx” instead of “install web server”).
- Provide a more detailed description of the task next to each task
- Include the exact names of variables, handlers, etc. used in the playbook.

Here is the Ansible Playbook:
---
# tasks file for openssl

- name: Check if python is installed
  ansible.builtin.command: which python
  register: python_executable
  ignore_errors: true
  changed_when: false

- name: Check if python3 is installed
  ansible.builtin.command: which python3
  register: python3_executable
  ignore_errors: true
  changed_when: false

- name: Debug Python executable path
  ansible.builtin.debug:
    var: python_executable.stdout

- name: Debug Python3 executable path
  ansible.builtin.debug:
    var: python3_executable.stdout

- name: Import assert.yml
  ansible.builtin.import_tasks: assert.yml
  run_once: true
  delegate_to: localhost

- name: Install requirements
  ansible.builtin.package:
    name: "{{ openssl_requirements }}"
    state: present

- name: Ensure packaging is available via dnf
  ansible.builtin.package:
    name: python3-packaging
    state: present

- name: Install pip packages
  ansible.builtin.pip:
    name: "{{ openssl_pip_packages }}"
    # break_system_packages: true

- name: Create key directory
  ansible.builtin.file:
    path: "{{ openssl_key_directory }}"
    state: directory
    mode: "750"
    owner: "{{ openssl_file_owner }}"
    group: "{{ openssl_file_group }}"

- name: Create csr directory
  ansible.builtin.file:
    path: "{{ openssl_csr_directory }}"
    state: directory
    mode: "755"
    owner: "{{ openssl_file_owner }}"
    group: "{{ openssl_file_group }}"

- name: Create crt directory
  ansible.builtin.file:
    path: "{{ openssl_crt_directory }}"
    state: directory
    mode: "755"
    owner: "{{ openssl_file_owner }}"
    group: "{{ openssl_file_group }}"

- name: Include create.yml
  ansible.builtin.include_tasks:
    file: create.yml
  loop: "{{ openssl_items }}"
  loop_control:
    label: "{{ item.name }}"
  when:
    - openssl_items is defined
    - openssl_items | length > 0


Total input tokens: 733
___________________________________________LLM Output:___________________________________________ 
Below you will receive task descriptions from which you should generate an Ansible Playbook.  
The generated playbook must be valid inside an Ansible Role under the tasks/ directory (e.g., tasks/main.yml).  
Do not include hosts:, vars:, or any playbook-level headers. Only output valid task entries or blocks as expected in a role.  

Task 1: Check if Python is installed on the system.  
Description Task 1: Verify if the Python executable is available by using the 'which' command and register the output. This task should not raise errors if Python is not found, and it should not mark the task as changed.

Task 2: Check if Python3 is installed on the system.  
Description Task 2: Verify if the Python3 executable is available by using the 'which' command and register the output. This task should ignore errors if Python3 is not found and should not mark the task as changed.

Task 3: Debug the Python executable path.  
Description Task 3: Output the path of the Python executable if it was found in the previous task, by using the registered variable from Task 1.

Task 4: Debug the Python3 executable path.  
Description Task 4: Output the path of the Python3 executable if it was found in the previous task, by using the registered variable from Task 2.

Task 5: Import additional assertions.  
Description Task 5: Import tasks from a file named 'assert.yml' and ensure these tasks are executed only once on the localhost.

Task 6: Install OpenSSL requirements.  
Description Task 6: Install packages specified in the 'openssl_requirements' variable using the package manager to ensure they are present.

Task 7: Ensure Python3 packaging is available via dnf.  
Description Task 7: Install the 'python3-packaging' package using the package manager to ensure it is present.

Task 8: Install pip packages for OpenSSL.  
Description Task 8: Install Python packages specified in the 'openssl_pip_packages' variable using pip.

Task 9: Create a directory for OpenSSL keys.  
Description Task 9: Create a directory at the path specified by 'openssl_key_directory' with permissions set to 750, and assign ownership to the user and group specified by 'openssl_file_owner' and 'openssl_file_group'.

Task 10: Create a directory for OpenSSL CSR files.  
Description Task 10: Create a directory at the path specified by 'openssl_csr_directory' with permissions set to 755, and assign ownership to the user and group specified by 'openssl_file_owner' and 'openssl_file_group'.

Task 11: Create a directory for OpenSSL certificate files.  
Description Task 11: Create a directory at the path specified by 'openssl_crt_directory' with permissions set to 755, and assign ownership to the user and group specified by 'openssl_file_owner' and 'openssl_file_group'.

Task 12: Include tasks to create OpenSSL items.  
Description Task 12: Include tasks from a file named 'create.yml' for each item in the 'openssl_items' list, ensuring that the task is executed only if 'openssl_items' is defined and not empty. The loop should label each iteration with the name of the item. 51%|█████     | 51/100 [06:05<06:59,  8.57s/it] 52%|█████▏    | 52/100 [06:10<06:01,  7.54s/it]

Tue Sep 30 17:01:00 2025: /home/studgoetsi5301/documents/ansible_bench/dataset/prompts/ollama_phi4:14b_english_exact/benchmark100/ansible-role-openssl/tasks/main_prompt.txt Total generation time: 11.814460972003872


Prompt: You are a professional developer. Below you will find a complete Ansible Playbook. This playbook was generated based on a prompt. Your task is to reconstruct the original prompt that could have been used to generate this playbook.

Important: The only output follows the format below. Do not include any explanations or comments before or after.

The reconstructed prompt must exactly follow the structure below:

"Below you will receive task descriptions from which you should generate an Ansible Playbook.  
The generated playbook must be valid inside an Ansible Role under the tasks/ directory (e.g., tasks/main.yml).  
Do not include hosts:, vars:, or any playbook-level headers. Only output valid task entries or blocks as expected in a role.  

Task 1: ...
Description Task 1: ...

Task 2: ...
Description Task 2: ...

Task 3: ...
Description Task 3: ...
..."

Guidelines:
- Each task should be short and clearly describe one specific action.
- The tasks must match the actual tasks in the playbook **both in content and order**.
- Use the exact terminology and labels as used in the playbook (e.g., “install nginx” instead of “install web server”).
- Provide a more detailed description of the task next to each task
- Include the exact names of variables, handlers, etc. used in the playbook.

Here is the Ansible Playbook:
---

- name: group | Manage group {{ group.name }}
  ansible.builtin.group:
    name: "{{ group.name }}"
    state: "{{ group.state | default('present') }}"
    gid: "{{ group.gid | default(omit) }}"
    system: "{{ group.system | default(omit) }}"

- name: group | Set sudo options for group {{ group.name }}
  ansible.builtin.template:
    src: sudo_group.j2
    dest: '/etc/sudoers.d/{{ group.name | replace(".", "dot") }}'
    mode: "0640"
    validate: /usr/sbin/visudo -cf %s
  when:
    - group.sudo_options is defined
  loop_control:
    label: "{{ group.name }}"


Total input tokens: 438
___________________________________________LLM Output:___________________________________________ 
Below you will receive task descriptions from which you should generate an Ansible Playbook.  
The generated playbook must be valid inside an Ansible Role under the tasks/ directory (e.g., tasks/main.yml).  
Do not include hosts:, vars:, or any playbook-level headers. Only output valid task entries or blocks as expected in a role.  

Task 1: Ensure a group is managed with a specific name and state.
Description Task 1: This task ensures that a group is created with a specified name, state, gid, and whether it is a system group or not. It uses the `ansible.builtin.group` module to manage these properties, defaulting the state to 'present' if not specified, and conditionally including gid and system attributes.

Task 2: Configure sudo options for a specific group using a template.
Description Task 2: This task sets up sudo options for a group by deploying a template file to the appropriate location in `/etc/sudoers.d/`. It uses the `ansible.builtin.template` module to render a template file (`sudo_group.j2`) to the destination path, replacing any periods in the group name with "dot" for file naming. It ensures the file is readable by users with sudo privileges by setting the mode to "0640" and validates the sudoers file syntax with `visudo`. This task is conditional on the presence of `group.sudo_options` and iterates over groups with `loop_control`.

Tue Sep 30 17:01:05 2025: /home/studgoetsi5301/documents/ansible_bench/dataset/prompts/ollama_phi4:14b_english_exact/benchmark100/ansible-role-users/tasks/group_prompt.txt Total generation time: 5.13947274700331


Prompt: You are a professional developer. Below you will find a complete Ansible Playbook. This playbook was generated based on a prompt. Your task is to reconstruct the original prompt that could have been used to generate this playbook.

Important: The only output follows the format below. Do not include any explanations or comments before or after.

The reconstructed prompt must exactly follow the structure below:

"Below you will receive task descriptions from which you should generate an Ansible Playbook.  
The generated playbook must be valid inside an Ansible Role under the tasks/ directory (e.g., tasks/main.yml).  
Do not include hosts:, vars:, or any playbook-level headers. Only output valid task entries or blocks as expected in a role.  

Task 1: ...
Description Task 1: ...

Task 2: ...
Description Task 2: ...

Task 3: ...
Description Task 3: ...
..."

Guidelines:
- Each task should be short and clearly describe one specific action.
- The tasks must match the actual tasks in the playbook **both in content and order**.
- Use the exact terminology and labels as used in the playbook (e.g., “install nginx” instead of “install web server”).
- Provide a more detailed description of the task next to each task
- Include the exact names of variables, handlers, etc. used in the playbook.

Here is the Ansible Playbook:
---

- name: user | Create local ssh_key_directory for {{ user.name }}
  ansible.builtin.file:
    path: "{{ users_ssh_key_directory }}"
    state: directory
    mode: "0750"
  when:
    - user.manage_ssh_key is defined
    - user.manage_ssh_key
  delegate_to: localhost
  become: false

- name: user | Manage user {{ user.name }}
  ansible.builtin.user:
    name: "{{ user.name }}"
    state: "{{ user.state | default('present') }}"
    comment: "{{ user.comment | default(omit) }}"
    create_home: "{{ users_create_home }}"
    password: "{{ user.password | default(omit) }}"
    password_lock: "{{ user.password_lock | default(omit) }}"
    uid: "{{ user.uid | default(omit) }}"
    group: "{{ user.group | default(omit) }}"
    groups: "{{ user.groups | default([]) | join(',') or omit }}"
    home: "{{ user.home | default(omit) }}"
    shell: "{{ user.shell | default(users_shell) }}"
    update_password: "{{ user.update_password | default(omit) }}"
    expires: "{{ user.expires | default(omit) }}"
    system: "{{ user.system | default(omit) }}"
  register: users_manage_user

- name: user | Set sudo options for {{ user.name }}
  ansible.builtin.template:
    src: sudo.j2
    dest: '/etc/sudoers.d/{{ user.name | replace(".", "dot") }}'
    mode: "0640"
    validate: /usr/sbin/visudo --check --file %s
  when:
    - user.sudo_options is defined
  loop_control:
    label: "{{ user.name }}"

- name: user | Remove sudo options for {{ user.name }}
  ansible.builtin.file:
    path: '/etc/sudoers.d/{{ user.name | replace(".", "dot") }}'
    state: absent
  when:
    - user.sudo_options is not defined
  loop_control:
    label: "{{ user.name }}"

- name: user | Generate private ssh key for {{ user.name }}
  ansible.builtin.command:
    cmd: "{{ users_ssh_keygen_command }}"
    creates: "{{ users_ssh_key_directory }}/{{ user.name }}"
  when:
    - user.manage_ssh_key is defined
    - user.manage_ssh_key
  loop_control:
    label: "{{ user.name }}"
  delegate_to: localhost
  become: false

- name: user | Generate public ssh key for {{ user.name }}
  ansible.builtin.shell:
    cmd: "{{ users_ssh_keygen_pubkey_command }} > {{ users_ssh_key_directory }}/{{ user.name }}.pub"
    creates: "{{ users_ssh_key_directory }}/{{ user.name }}.pub"
  when:
    - user.manage_ssh_key is defined
    - user.manage_ssh_key
  loop_control:
    label: "{{ user.name }}"
  delegate_to: localhost
  become: false

- name: user | Convert ssh key to ppk for {{ user.name }}
  ansible.builtin.shell:
    cmd: >
      ssh-keygen -e -f "{{ users_ssh_key_directory }}/{{ user.name }}"
      -C "Generated by Ansible role robertdebock.users"
      > "{{ users_ssh_key_directory }}/{{ user.name }}.ppk"
    creates: "{{ users_ssh_key_directory }}/{{ user.name }}.ppk"
  when:
    - user.manage_ssh_key is defined
    - user.manage_ssh_key
  delegate_to: localhost
  become: false

- name: user | Get or set the home directory for {{ user.name }}
  block:
    - name: user | Get system users data for {{ user.name }}
      ansible.builtin.getent:
        database: passwd
        key: "{{ user.name }}"
        split: ":"

    - name: user | Set base home directory to {{ getent_passwd[user.name][4] | dirname }}
      ansible.builtin.set_fact:
        users_home_base_dir: "{{ getent_passwd[user.name][4] | dirname }}"

  rescue:
    - name: user | User not found, using /home
      ansible.builtin.set_fact:
        users_home_base_dir: "/home"

- name: user | Create .ssh directory for {{ user.name }}
  ansible.builtin.file:
    path: "{{ users_home_base_dir }}/{{ user.name }}/.ssh"
    state: directory
    mode: "0700"
  become: true
  become_user: "{{ user.name }}"
  when:
    - (user.manage_ssh_key is defined and user.manage_ssh_key)
      or user.private_keys is defined

- name: user | Deploy authorized keys for {{ user.name }}
  ansible.posix.authorized_key:
    user: "{{ user.name }}"
    state: present
    key: "{{ item }}"
  loop: "{{ user.authorized_keys }}"
  loop_control:
    label: "{{ user.name }}"
  when:
    - user.authorized_keys is defined

- name: user | Remove unauthorized keys for {{ user.name }}
  ansible.posix.authorized_key:
    user: "{{ user.name }}"
    state: absent
    key: "{{ item }}"
  loop: "{{ user.unauthorized_keys }}"
  loop_control:
    label: "{{ user.name }}"
  when:
    - user.unauthorized_keys is defined

- name: user | Copy generated private ssh key for {{ user.name }}
  ansible.builtin.copy:
    src: "{{ users_ssh_key_directory }}/{{ user.name }}"
    dest: "{{ users_home_base_dir }}/{{ user.name }}/.ssh/id_rsa"
    mode: "400"
    owner: "{{ user.name }}"
    group: "{{ user.group | default(omit) }}"
  when:
    - users_manage_user is defined
    - user.copy_private_key is defined
    - user.copy_private_key
  loop_control:
    label: "{{ user.name }}"

- name: user | Check users password valid time for {{ user.name }}
  ansible.builtin.command:
    cmd: 'awk ''BEGIN { FS = ":" } $1 == "{{ user.name }}" { print $5 }'' /etc/shadow'
  register: users_pw_valid
  changed_when: false
  check_mode: false
  when:
    - user.state is defined and user.state != "absent" or
      user.state is not defined

- name: user | Set users password valid time for {{ user.name }}
  ansible.builtin.command:
    cmd: chage -M "{{ user.password_validity_days }}" "{{ user.name }}"
  when:
    - user.password_validity_days is defined
    - users_pw_valid.stdout is defined
    - users_pw_valid.stdout | int !=  user.password_validity_days | int
  changed_when: true

- name: user | Place private key file for {{ user.name }}
  ansible.builtin.copy:
    content: "{{ item.content }}"
    dest: "{{ users_home_base_dir }}/{{ user.name }}/.ssh/{{ item.name }}"
    mode: "400"
    owner: "{{ user.name }}"
    group: "{{ user.group | default(omit) }}"
  when:
    - user.private_keys is defined
  loop: "{{ user.private_keys }}"
  loop_control:
    label: "{{ item.name }}"

 53%|█████▎    | 53/100 [06:24<07:18,  9.33s/it]
Total input tokens: 1786
___________________________________________LLM Output:___________________________________________ 
Below you will receive task descriptions from which you should generate an Ansible Playbook.  
The generated playbook must be valid inside an Ansible Role under the tasks/ directory (e.g., tasks/main.yml).  
Do not include hosts:, vars:, or any playbook-level headers. Only output valid task entries or blocks as expected in a role.  

Task 1: Create a directory for SSH keys if user management is enabled.  
Description Task 1: Ensure a local directory exists for storing SSH keys of users who have SSH key management enabled.

Task 2: Manage user accounts, ensuring they are created or updated with specified parameters.  
Description Task 2: Create or update user accounts with specific attributes such as name, state, comment, home directory, shell, and group memberships. Capture the result of this operation.

Task 3: Set sudo privileges for users if specified in their configuration.  
Description Task 3: Configure sudo privileges for users by creating a specific sudoers file if sudo options are defined for them.

Task 4: Remove sudo privileges for users if not specified in their configuration.  
Description Task 4: Delete the sudoers file for users if sudo options are not defined in their configuration.

Task 5: Generate a private SSH key for users who require SSH key management.  
Description Task 5: Create a private SSH key for users with SSH key management enabled, ensuring the key does not already exist.

Task 6: Generate a public SSH key for users who require SSH key management.  
Description Task 6: Create a public SSH key corresponding to the private key for users with SSH key management enabled, ensuring the public key does not already exist.

Task 7: Convert the SSH key to a PPK format for users who require SSH key management.  
Description Task 7: Convert the generated SSH key to PPK format for users with SSH key management enabled, ensuring the PPK file does not already exist.

Task 8: Determine the home directory for users, defaulting to /home if the user is not found.  
Description Task 8: Retrieve or set the base home directory for users, defaulting to /home if the user is not found in the system.

Task 9: Create an .ssh directory in the user's home directory if SSH key management is enabled or private keys need to be set.  
Description Task 9: Ensure the .ssh directory exists in the user's home directory for storing SSH keys, if SSH key management is enabled or private keys are specified.

Task 10: Deploy authorized SSH keys for users if specified.  
Description Task 10: Add specified authorized SSH keys to the user's authorized_keys file if they are defined.

Task 11: Remove unauthorized SSH keys from users if specified.  
Description Task 11: Remove specified unauthorized SSH keys from the user's authorized_keys file if they are defined.

Task 12: Copy generated private SSH keys to the user's .ssh directory if specified.  
Description Task 12: Transfer the generated private SSH key to the user's .ssh directory if copying the private key is enabled.

Task 13: Check the password validity period for users.  
Description Task 13: Retrieve the current password validity period for users from the system's shadow file.

Task 14: Set the password validity period for users if a specific duration is defined.  
Description Task 14: Update the password validity period for users if a specific number of validity days is defined and differs from the current setting.

Task 15: Place additional private key files in the user's .ssh directory if specified.  
Description Task 15: Copy additional specified private key files to the user's .ssh directory if they are defined.

Tue Sep 30 17:01:19 2025: /home/studgoetsi5301/documents/ansible_bench/dataset/prompts/ollama_phi4:14b_english_exact/benchmark100/ansible-role-users/tasks/user_prompt.txt Total generation time: 13.51676696400682


Prompt: You are a professional developer. Below you will find a complete Ansible Playbook. This playbook was generated based on a prompt. Your task is to reconstruct the original prompt that could have been used to generate this playbook.

Important: The only output follows the format below. Do not include any explanations or comments before or after.

The reconstructed prompt must exactly follow the structure below:

"Below you will receive task descriptions from which you should generate an Ansible Playbook.  
The generated playbook must be valid inside an Ansible Role under the tasks/ directory (e.g., tasks/main.yml).  
Do not include hosts:, vars:, or any playbook-level headers. Only output valid task entries or blocks as expected in a role.  

Task 1: ...
Description Task 1: ...

Task 2: ...
Description Task 2: ...

Task 3: ...
Description Task 3: ...
..."

Guidelines:
- Each task should be short and clearly describe one specific action.
- The tasks must match the actual tasks in the playbook **both in content and order**.
- Use the exact terminology and labels as used in the playbook (e.g., “install nginx” instead of “install web server”).
- Provide a more detailed description of the task next to each task
- Include the exact names of variables, handlers, etc. used in the playbook.

Here is the Ansible Playbook:
---
# tasks file for users

- name: Import assert.yml
  ansible.builtin.import_tasks:
    file: assert.yml
  run_once: true
  delegate_to: localhost

- name: Install required software
  ansible.builtin.package:
    name: "{{ users_requirements }}"
    state: present
  when: (users_requirements | length) > 0

- name: Loop over users_groups
  ansible.builtin.include_tasks:
    file: group.yml
  loop: "{{ users_groups }}"
  loop_control:
    label: "{{ group.name }}"
    loop_var: group
  when:
    - users_groups is defined

- name: Ensure the /etc/sudoers.d directory is included
  ansible.builtin.lineinfile:
    path: /etc/sudoers
    line: "{{ users_sudo_includedir }}"
    regexp: "^(@|#)includedir"
    validate: "visudo --check --file %s"

- name: Loop over users
  ansible.builtin.include_tasks:
    file: user.yml
  loop: "{{ users }}"
  loop_control:
    label: "{{ user.name }}"
    loop_var: user
  when:
    - users is defined

- name: Manage cron permission
  ansible.builtin.template:
    src: cron.allow.j2
    dest: /etc/cron.allow
    mode: "0644"
  when:
    - users_cron_allow

- name: Check existence of /etc/cron.allow
  ansible.builtin.file:
    path: /etc/cron.allow
    state: absent
  when:
    - not users_cron_allow


Total input tokens: 621
___________________________________________LLM Output:___________________________________________ 
Below you will receive task descriptions from which you should generate an Ansible Playbook.  
The generated playbook must be valid inside an Ansible Role under the tasks/ directory (e.g., tasks/main.yml).  
Do not include hosts:, vars:, or any playbook-level headers. Only output valid task entries or blocks as expected in a role.  

Task 1: Import the assert.yml tasks file to be executed once on the localhost.  
Description Task 1: Import assert.yml and ensure it is run only once on the localhost to handle specific assertions or checks.

Task 2: Install required software packages based on the users_requirements variable.  
Description Task 2: Use the package module to install software packages listed in the users_requirements variable, but only if the list is not empty.

Task 3: Loop through the users_groups variable and include tasks from group.yml for each group.  
Description Task 3: Iterate over each group in the users_groups variable, including the group.yml tasks file for each, and label each iteration with the group's name.

Task 4: Ensure the /etc/sudoers file includes the /etc/sudoers.d directory.  
Description Task 4: Use lineinfile to add or modify a line in /etc/sudoers to include the /etc/sudoers.d directory, ensuring the line matches the regexp and validates with visudo.

Task 5: Loop through the users variable and include tasks from user.yml for each user.  
Description Task 5: Iterate over each user in the users variable, including the user.yml tasks file for each, and label each iteration with the user's name.

Task 6: Manage cron permissions by creating or updating /etc/cron.allow with a template.  
Description Task 6: Use the template module to create or update /etc/cron.allow with the content from cron.allow.j2, setting the file mode to 0644, but only if users_cron_allow is true.

Task 7: Remove the /etc/cron.allow file if cron permissions are not required.  
Description Task 7: Ensure /etc/cron.allow is absent if users_cron_allow is false, effectively removing the file if cron permissions are not needed. 54%|█████▍    | 54/100 [06:32<06:52,  8.96s/it] 55%|█████▌    | 55/100 [06:34<05:14,  6.99s/it] 56%|█████▌    | 56/100 [06:38<04:20,  5.91s/it]

Tue Sep 30 17:01:27 2025: /home/studgoetsi5301/documents/ansible_bench/dataset/prompts/ollama_phi4:14b_english_exact/benchmark100/ansible-role-users/tasks/main_prompt.txt Total generation time: 8.077922873999341


Prompt: You are a professional developer. Below you will find a complete Ansible Playbook. This playbook was generated based on a prompt. Your task is to reconstruct the original prompt that could have been used to generate this playbook.

Important: The only output follows the format below. Do not include any explanations or comments before or after.

The reconstructed prompt must exactly follow the structure below:

"Below you will receive task descriptions from which you should generate an Ansible Playbook.  
The generated playbook must be valid inside an Ansible Role under the tasks/ directory (e.g., tasks/main.yml).  
Do not include hosts:, vars:, or any playbook-level headers. Only output valid task entries or blocks as expected in a role.  

Task 1: ...
Description Task 1: ...

Task 2: ...
Description Task 2: ...

Task 3: ...
Description Task 3: ...
..."

Guidelines:
- Each task should be short and clearly describe one specific action.
- The tasks must match the actual tasks in the playbook **both in content and order**.
- Use the exact terminology and labels as used in the playbook (e.g., “install nginx” instead of “install web server”).
- Provide a more detailed description of the task next to each task
- Include the exact names of variables, handlers, etc. used in the playbook.

Here is the Ansible Playbook:
---
# tasks file for ca_certificates

- name: Install ca_certificates
  ansible.builtin.package:
    name: "{{ ca_certificates_packages }}"
    state: present


Total input tokens: 319
___________________________________________LLM Output:___________________________________________ 
Below you will receive task descriptions from which you should generate an Ansible Playbook.  
The generated playbook must be valid inside an Ansible Role under the tasks/ directory (e.g., tasks/main.yml).  
Do not include hosts:, vars:, or any playbook-level headers. Only output valid task entries or blocks as expected in a role.  

Task 1: Install the ca_certificates package  
Description Task 1: Ensure that the ca_certificates package is installed on the target system by using the specified package name variable, `ca_certificates_packages`, and setting its state to 'present'.  



Tue Sep 30 17:01:29 2025: /home/studgoetsi5301/documents/ansible_bench/dataset/prompts/ollama_phi4:14b_english_exact/benchmark100/ansible-role-ca_certificates/tasks/main_prompt.txt Total generation time: 2.4089587360067526


Prompt: You are a professional developer. Below you will find a complete Ansible Playbook. This playbook was generated based on a prompt. Your task is to reconstruct the original prompt that could have been used to generate this playbook.

Important: The only output follows the format below. Do not include any explanations or comments before or after.

The reconstructed prompt must exactly follow the structure below:

"Below you will receive task descriptions from which you should generate an Ansible Playbook.  
The generated playbook must be valid inside an Ansible Role under the tasks/ directory (e.g., tasks/main.yml).  
Do not include hosts:, vars:, or any playbook-level headers. Only output valid task entries or blocks as expected in a role.  

Task 1: ...
Description Task 1: ...

Task 2: ...
Description Task 2: ...

Task 3: ...
Description Task 3: ...
..."

Guidelines:
- Each task should be short and clearly describe one specific action.
- The tasks must match the actual tasks in the playbook **both in content and order**.
- Use the exact terminology and labels as used in the playbook (e.g., “install nginx” instead of “install web server”).
- Provide a more detailed description of the task next to each task
- Include the exact names of variables, handlers, etc. used in the playbook.

Here is the Ansible Playbook:
---

- name: locations | Enable modules
  community.general.apache2_module:
    name: "{{ item }}"
    state: present
  loop:
    - proxy
    - proxy_http
  when:
    - ansible_os_family in [ "Debian", "Suse" ]

- name: locations | Configure locations
  ansible.builtin.template:
    src: location.conf.j2
    dest: "{{ httpd_config_directory }}/{{ item.name }}.conf"
    mode: "0644"
  loop: "{{ httpd_locations }}"
  loop_control:
    label: "{{ item.name }}"
  notify:
    - Test httpd configuration validity
    - Restart httpd


Total input tokens: 421
___________________________________________LLM Output:___________________________________________ 
Below you will receive task descriptions from which you should generate an Ansible Playbook.  
The generated playbook must be valid inside an Ansible Role under the tasks/ directory (e.g., tasks/main.yml).  
Do not include hosts:, vars:, or any playbook-level headers. Only output valid task entries or blocks as expected in a role.  

Task 1: Enable Apache2 modules.
Description Task 1: On Debian and Suse systems, ensure that the 'proxy' and 'proxy_http' Apache2 modules are present.

Task 2: Configure Apache2 locations.
Description Task 2: For each location defined in the 'httpd_locations' variable, copy a template configuration file 'location.conf.j2' to the Apache2 configuration directory. Set permissions to '0644'. Trigger handlers to validate the HTTPD configuration and restart HTTPD if necessary.

Tue Sep 30 17:01:33 2025: /home/studgoetsi5301/documents/ansible_bench/dataset/prompts/ollama_phi4:14b_english_exact/benchmark100/ansible-role-httpd-buluma/tasks/locations_prompt.txt Total generation time: 3.3923523419944104


Prompt: You are a professional developer. Below you will find a complete Ansible Playbook. This playbook was generated based on a prompt. Your task is to reconstruct the original prompt that could have been used to generate this playbook.

Important: The only output follows the format below. Do not include any explanations or comments before or after.

The reconstructed prompt must exactly follow the structure below:

"Below you will receive task descriptions from which you should generate an Ansible Playbook.  
The generated playbook must be valid inside an Ansible Role under the tasks/ directory (e.g., tasks/main.yml).  
Do not include hosts:, vars:, or any playbook-level headers. Only output valid task entries or blocks as expected in a role.  

Task 1: ...
Description Task 1: ...

Task 2: ...
Description Task 2: ...

Task 3: ...
Description Task 3: ...
..."

Guidelines:
- Each task should be short and clearly describe one specific action.
- The tasks must match the actual tasks in the playbook **both in content and order**.
- Use the exact terminology and labels as used in the playbook (e.g., “install nginx” instead of “install web server”).
- Provide a more detailed description of the task next to each task
- Include the exact names of variables, handlers, etc. used in the playbook.

Here is the Ansible Playbook:
---

- name: directories | Create directories
  ansible.builtin.file:
    path: "{{ item.path }}"
    state: directory
    mode: "0755"
  loop: "{{ httpd_directories }}"
  loop_control:
    label: "{{ item.path }}"

- name: directories | Configure directories
  ansible.builtin.template:
    src: directory.conf.j2
    dest: "{{ httpd_config_directory }}/{{ item.name }}.conf"
    mode: "0644"
  loop: "{{ httpd_directories }}"
  loop_control:
    label: "{{ item.name }}"
  notify:
    - Test httpd configuration validity
    - Restart httpd


Total input tokens: 419
___________________________________________LLM Output:___________________________________________ 
Below you will receive task descriptions from which you should generate an Ansible Playbook.  
The generated playbook must be valid inside an Ansible Role under the tasks/ directory (e.g., tasks/main.yml).  
Do not include hosts:, vars:, or any playbook-level headers. Only output valid task entries or blocks as expected in a role.  

Task 1: Create necessary directories for HTTPD with appropriate permissions.  
Description Task 1: Create directories specified in the `httpd_directories` variable with `755` permissions to ensure they are accessible with the correct permissions for the HTTPD service.

Task 2: Configure HTTPD directories using template files.  
Description Task 2: Use a Jinja2 template (`directory.conf.j2`) to generate configuration files for each directory listed in the `httpd_directories` variable. Place these configuration files in the `httpd_config_directory` with `644` permissions and notify handlers to test the HTTPD configuration and restart the service if necessary. 57%|█████▋    | 57/100 [06:42<03:51,  5.38s/it] 58%|█████▊    | 58/100 [06:55<05:20,  7.63s/it]

Tue Sep 30 17:01:37 2025: /home/studgoetsi5301/documents/ansible_bench/dataset/prompts/ollama_phi4:14b_english_exact/benchmark100/ansible-role-httpd-buluma/tasks/directories_prompt.txt Total generation time: 4.150460190008744


Prompt: You are a professional developer. Below you will find a complete Ansible Playbook. This playbook was generated based on a prompt. Your task is to reconstruct the original prompt that could have been used to generate this playbook.

Important: The only output follows the format below. Do not include any explanations or comments before or after.

The reconstructed prompt must exactly follow the structure below:

"Below you will receive task descriptions from which you should generate an Ansible Playbook.  
The generated playbook must be valid inside an Ansible Role under the tasks/ directory (e.g., tasks/main.yml).  
Do not include hosts:, vars:, or any playbook-level headers. Only output valid task entries or blocks as expected in a role.  

Task 1: ...
Description Task 1: ...

Task 2: ...
Description Task 2: ...

Task 3: ...
Description Task 3: ...
..."

Guidelines:
- Each task should be short and clearly describe one specific action.
- The tasks must match the actual tasks in the playbook **both in content and order**.
- Use the exact terminology and labels as used in the playbook (e.g., “install nginx” instead of “install web server”).
- Provide a more detailed description of the task next to each task
- Include the exact names of variables, handlers, etc. used in the playbook.

Here is the Ansible Playbook:
---
# tasks file for httpd

- name: Import assert.yml
  ansible.builtin.import_tasks:
    file: assert.yml
  run_once: true
  delegate_to: localhost

- name: Install apache httpd
  ansible.builtin.package:
    name: "{{ httpd_packages }}"
    state: present

- name: Configure selinux
  when:
    - ansible_selinux.status is defined
    - ansible_selinux.status == "enabled"
  block:
    - name: Modify selinux settings
      ansible.posix.seboolean:
        name: "{{ item }}"
        state: true
        persistent: true
      when:
        - ansible_selinux.status is defined
        - ansible_selinux.status == "enabled"
      loop: "{{ httpd_sebooleans }}"

    - name: Allow connections to custom port
      community.general.seport:
        ports: "{{ item }}"
        proto: tcp
        setype: http_port_t
        state: present
      loop:
        - "{{ httpd_port }}"
        - "{{ httpd_ssl_port | default(omit) }}"

- name: Configure httpd
  ansible.builtin.template:
    src: "{{ httpd_config_src }}"
    dest: "{{ httpd_config_dest }}"
    mode: "0644"
  notify:
    - Test httpd configuration validity
    - Restart httpd

- name: Activate httpd module | Debian
  ansible.builtin.command:
    cmd: "a2enmod {{ item }}"
  changed_when: false
  loop: "{{ httpd_modules_to_activate_with_command }}"
  when:
    - ansible_os_family == 'Debian'
  notify:
    - Test httpd configuration validity

- name: Import ssl.yml
  ansible.builtin.import_tasks:
    file: ssl.yml
  when:
    - https_ssl_enable

- name: Import locations.yml
  ansible.builtin.import_tasks:
    file: locations.yml
  when:
    - httpd_locations is defined

- name: Import vhosts.yml
  ansible.builtin.import_tasks:
    file: vhosts.yml
  when:
    - httpd_vhosts is defined

- name: Configure ports
  ansible.builtin.template:
    src: "{{ httpd_ports_conf }}.j2"
    dest: "{{ httpd_server_root }}/{{ httpd_ports_conf }}"
    mode: "0644"
  notify:
    - Test httpd configuration validity
    - Restart httpd
  when:
    - ansible_os_family in [ "Debian", "Suse" ]

- name: Import directories.yml
  ansible.builtin.import_tasks:
    file: directories.yml
  when:
    - httpd_directories is defined

- name: Flush handlers
  ansible.builtin.meta: flush_handlers

- name: Removing default html
  ansible.builtin.file:
    path: "{{ httpd_data_directory }}/index.html"
    state: absent
  when:
    - httpd_remove_example

- name: Start and enable httpd
  ansible.builtin.service:
    name: "{{ httpd_service }}"
    state: started
    enabled: true


Total input tokens: 931
___________________________________________LLM Output:___________________________________________ 
Below you will receive task descriptions from which you should generate an Ansible Playbook.  
The generated playbook must be valid inside an Ansible Role under the tasks/ directory (e.g., tasks/main.yml).  
Do not include hosts:, vars:, or any playbook-level headers. Only output valid task entries or blocks as expected in a role.  

Task 1: Import a task file named "assert.yml" to be executed once on the localhost.
Description Task 1: This task imports the `assert.yml` file and ensures it runs only once, delegating execution to the localhost.

Task 2: Install the Apache HTTP server.
Description Task 2: Use the `ansible.builtin.package` module to install the Apache HTTP server using the package names specified in the `httpd_packages` variable.

Task 3: Configure SELinux if it is enabled.
Description Task 3: If SELinux is enabled, modify SELinux settings by enabling specified booleans (`httpd_sebooleans`) and allowing connections to custom ports (`httpd_port` and optionally `httpd_ssl_port`) using SELinux ports configuration.

Task 4: Configure the main Apache HTTP server configuration file.
Description Task 4: Use the `ansible.builtin.template` module to configure the Apache HTTP server by rendering a template from `httpd_config_src` to `httpd_config_dest`. Ensure the file has appropriate permissions and notify handlers for configuration validity testing and service restart.

Task 5: Activate specified Apache HTTP server modules on Debian systems.
Description Task 5: On Debian systems, activate specified HTTP modules (`httpd_modules_to_activate_with_command`) using the `a2enmod` command. This task does not change the system state but triggers configuration validity testing.

Task 6: Import SSL configuration tasks if HTTPS is enabled.
Description Task 6: Import the `ssl.yml` task file conditionally, based on whether HTTPS SSL is enabled (`https_ssl_enable`).

Task 7: Import location configuration tasks if locations are defined.
Description Task 7: Import the `locations.yml` task file conditionally, based on whether `httpd_locations` is defined.

Task 8: Import virtual host configuration tasks if virtual hosts are defined.
Description Task 8: Import the `vhosts.yml` task file conditionally, based on whether `httpd_vhosts` is defined.

Task 9: Configure ports for Debian and SUSE systems.
Description Task 9: Use the `ansible.builtin.template` module to configure ports by rendering a template from `httpd_ports_conf` to the appropriate destination in the server root. Ensure the file has appropriate permissions and notify handlers for configuration validity testing and service restart. This task runs only on Debian and SUSE systems.

Task 10: Import directory configuration tasks if directories are defined.
Description Task 10: Import the `directories.yml` task file conditionally, based on whether `httpd_directories` is defined.

Task 11: Flush all pending handlers to ensure immediate execution.
Description Task 11: Use the `ansible.builtin.meta: flush_handlers` module to flush any pending handlers, ensuring they are executed immediately.

Task 12: Remove the default HTML index file if specified.
Description Task 12: Conditionally remove the default HTML index file (`index.html`) from the data directory if `httpd_remove_example` is true.

Task 13: Start and enable the Apache HTTP server service.
Description Task 13: Use the `ansible.builtin.service` module to start the Apache HTTP server service (`httpd_service`) and ensure it is enabled to start on boot.

Tue Sep 30 17:01:50 2025: /home/studgoetsi5301/documents/ansible_bench/dataset/prompts/ollama_phi4:14b_english_exact/benchmark100/ansible-role-httpd-buluma/tasks/main_prompt.txt Total generation time: 12.872991391006508


Prompt: You are a professional developer. Below you will find a complete Ansible Playbook. This playbook was generated based on a prompt. Your task is to reconstruct the original prompt that could have been used to generate this playbook.

Important: The only output follows the format below. Do not include any explanations or comments before or after.

The reconstructed prompt must exactly follow the structure below:

"Below you will receive task descriptions from which you should generate an Ansible Playbook.  
The generated playbook must be valid inside an Ansible Role under the tasks/ directory (e.g., tasks/main.yml).  
Do not include hosts:, vars:, or any playbook-level headers. Only output valid task entries or blocks as expected in a role.  

Task 1: ...
Description Task 1: ...

Task 2: ...
Description Task 2: ...

Task 3: ...
Description Task 3: ...
..."

Guidelines:
- Each task should be short and clearly describe one specific action.
- The tasks must match the actual tasks in the playbook **both in content and order**.
- Use the exact terminology and labels as used in the playbook (e.g., “install nginx” instead of “install web server”).
- Provide a more detailed description of the task next to each task
- Include the exact names of variables, handlers, etc. used in the playbook.

Here is the Ansible Playbook:
---
- name: vhosts | Create docroot
  ansible.builtin.file:
    path: "{{ item.documentroot }}"
    state: directory
    mode: "0755"
  loop: "{{ httpd_vhosts }}"
  loop_control:
    label: "{{ item.name }}"
  when:
    - httpd_vhosts is defined
    - item.documentroot is defined
    - item.create_docroot is not defined or item.create_docroot

- name: vhosts | Configure vhosts
  ansible.builtin.template:
    src: "{{ vhost_conf_template }}"
    dest: "{{ httpd_vhosts_directory }}/{{ item.name }}.conf"
    mode: "0644"
  loop: "{{ httpd_vhosts }}"
  loop_control:
    label: "{{ item.name }}"
  notify:
    - Test httpd configuration validity
    - Restart httpd

 59%|█████▉    | 59/100 [06:59<04:37,  6.77s/it] 60%|██████    | 60/100 [07:04<04:08,  6.22s/it]
Total input tokens: 460
___________________________________________LLM Output:___________________________________________ 
Below you will receive task descriptions from which you should generate an Ansible Playbook.  
The generated playbook must be valid inside an Ansible Role under the tasks/ directory (e.g., tasks/main.yml).  
Do not include hosts:, vars:, or any playbook-level headers. Only output valid task entries or blocks as expected in a role.  

Task 1: Create document root directories for Apache virtual hosts.  
Description Task 1: Ensure that the document root directories for each Apache virtual host are created if they do not already exist. Use the `httpd_vhosts` variable to loop through each virtual host configuration, checking if `httpd_vhosts` is defined, if the `documentroot` is defined for each item, and if `create_docroot` is either not defined or explicitly set to true.

Task 2: Configure Apache virtual hosts.  
Description Task 2: Create configuration files for each Apache virtual host using a template. Use the `vhost_conf_template` variable to specify the source template, and save the configuration to the `httpd_vhosts_directory` with the virtual host name as the filename. Ensure the file permissions are set to `0644`. This task should notify the handlers `Test httpd configuration validity` and `Restart httpd` after the configuration is applied.

Tue Sep 30 17:01:54 2025: /home/studgoetsi5301/documents/ansible_bench/dataset/prompts/ollama_phi4:14b_english_exact/benchmark100/ansible-role-httpd-buluma/tasks/vhosts_prompt.txt Total generation time: 4.773219566006446


Prompt: You are a professional developer. Below you will find a complete Ansible Playbook. This playbook was generated based on a prompt. Your task is to reconstruct the original prompt that could have been used to generate this playbook.

Important: The only output follows the format below. Do not include any explanations or comments before or after.

The reconstructed prompt must exactly follow the structure below:

"Below you will receive task descriptions from which you should generate an Ansible Playbook.  
The generated playbook must be valid inside an Ansible Role under the tasks/ directory (e.g., tasks/main.yml).  
Do not include hosts:, vars:, or any playbook-level headers. Only output valid task entries or blocks as expected in a role.  

Task 1: ...
Description Task 1: ...

Task 2: ...
Description Task 2: ...

Task 3: ...
Description Task 3: ...
..."

Guidelines:
- Each task should be short and clearly describe one specific action.
- The tasks must match the actual tasks in the playbook **both in content and order**.
- Use the exact terminology and labels as used in the playbook (e.g., “install nginx” instead of “install web server”).
- Provide a more detailed description of the task next to each task
- Include the exact names of variables, handlers, etc. used in the playbook.

Here is the Ansible Playbook:
---
- name: ssl | Install ssl packages
  ansible.builtin.package:
    name: "{{ httpd_ssl_packages }}"
    state: present

- name: ssl | Place configuration
  ansible.builtin.template:
    src: ssl.conf.j2
    dest: "{{ httpd_config_directory }}/ssl.conf"
    mode: "0644"
  notify:
    - Test httpd configuration validity
    - Restart httpd

- name: ssl | Configure redirect from http to https
  ansible.builtin.template:
    src: default_vhost.conf.j2
    dest: "{{ httpd_config_directory }}/{{ default_vhost_conf }}"
    mode: "0644"
  notify:
    - Test httpd configuration validity
    - Restart httpd


Total input tokens: 437
___________________________________________LLM Output:___________________________________________ 
Below you will receive task descriptions from which you should generate an Ansible Playbook.  
The generated playbook must be valid inside an Ansible Role under the tasks/ directory (e.g., tasks/main.yml).  
Do not include hosts:, vars:, or any playbook-level headers. Only output valid task entries or blocks as expected in a role.  

Task 1: Install SSL packages.  
Description Task 1: Ensure that the necessary SSL packages are installed on the target system. Use the variable `httpd_ssl_packages` to specify the package names.

Task 2: Place SSL configuration file.  
Description Task 2: Deploy the SSL configuration template `ssl.conf.j2` to the destination path specified by `httpd_config_directory/ssl.conf`. Set the file permissions to `0644`. Trigger handlers to test the HTTPD configuration validity and restart HTTPD if changes are made.

Task 3: Configure HTTP to HTTPS redirect.  
Description Task 3: Deploy the HTTP to HTTPS redirect configuration template `default_vhost.conf.j2` to the destination path specified by `{{ httpd_config_directory }}/{{ default_vhost_conf }}`. Set the file permissions to `0644`. Trigger handlers to test the HTTPD configuration validity and restart HTTPD if changes are made.

Tue Sep 30 17:01:59 2025: /home/studgoetsi5301/documents/ansible_bench/dataset/prompts/ollama_phi4:14b_english_exact/benchmark100/ansible-role-httpd-buluma/tasks/ssl_prompt.txt Total generation time: 4.91561535699293


Prompt: You are a professional developer. Below you will find a complete Ansible Playbook. This playbook was generated based on a prompt. Your task is to reconstruct the original prompt that could have been used to generate this playbook.

Important: The only output follows the format below. Do not include any explanations or comments before or after.

The reconstructed prompt must exactly follow the structure below:

"Below you will receive task descriptions from which you should generate an Ansible Playbook.  
The generated playbook must be valid inside an Ansible Role under the tasks/ directory (e.g., tasks/main.yml).  
Do not include hosts:, vars:, or any playbook-level headers. Only output valid task entries or blocks as expected in a role.  

Task 1: ...
Description Task 1: ...

Task 2: ...
Description Task 2: ...

Task 3: ...
Description Task 3: ...
..."

Guidelines:
- Each task should be short and clearly describe one specific action.
- The tasks must match the actual tasks in the playbook **both in content and order**.
- Use the exact terminology and labels as used in the playbook (e.g., “install nginx” instead of “install web server”).
- Provide a more detailed description of the task next to each task
- Include the exact names of variables, handlers, etc. used in the playbook.

Here is the Ansible Playbook:
---
# tasks file for apt_autostart

- name: Import assert.yml
  ansible.builtin.import_tasks:
    file: assert.yml
  run_once: true
  delegate_to: localhost

- name: Manage automatic service management
  when:
    - ansible_pkg_mgr == "apt"
  block:
    - name: Disable automatic service management on installation
      ansible.builtin.copy:
        dest: /usr/sbin/policy-rc.d
        content: "exit 101"
        mode: "755"
      when:
        - apt_autostart_state == "disabled"

    - name: Enable automatic service management on installation
      ansible.builtin.file:
        path: /usr/sbin/policy-rc.d
        state: absent
      when:
        - apt_autostart_state == "enabled"


Total input tokens: 452
___________________________________________LLM Output:___________________________________________ 
Below you will receive task descriptions from which you should generate an Ansible Playbook.  
The generated playbook must be valid inside an Ansible Role under the tasks/ directory (e.g., tasks/main.yml).  
Do not include hosts:, vars:, or any playbook-level headers. Only output valid task entries or blocks as expected in a role.  

Task 1: Import additional task files for assertions.  
Description Task 1: Import the `assert.yml` file to include additional tasks that perform necessary assertions. This task should be executed only once and delegated to the localhost.

Task 2: Manage automatic service management for APT.  
Description Task 2: Conditionally manage automatic service management based on the package manager being APT. Within this block, perform the following actions:

Task 2.1: Disable automatic service management on installation.  
Description Task 2.1: When `apt_autostart_state` is set to "disabled", create or update the `/usr/sbin/policy-rc.d` file with the content "exit 101" and set its permissions to "755". This prevents services from starting automatically during package installation.

Task 2.2: Enable automatic service management on installation.  
Description Task 2.2: When `apt_autostart_state` is set to "enabled", ensure the `/usr/sbin/policy-rc.d` file is absent, allowing services to start automatically during package installation. 61%|██████    | 61/100 [07:10<03:56,  6.05s/it] 62%|██████▏   | 62/100 [07:16<03:47,  5.99s/it] 63%|██████▎   | 63/100 [07:19<03:09,  5.13s/it]

Tue Sep 30 17:02:05 2025: /home/studgoetsi5301/documents/ansible_bench/dataset/prompts/ollama_phi4:14b_english_exact/benchmark100/ansible-role-apt_autostart/tasks/main_prompt.txt Total generation time: 5.673450720001711


Prompt: You are a professional developer. Below you will find a complete Ansible Playbook. This playbook was generated based on a prompt. Your task is to reconstruct the original prompt that could have been used to generate this playbook.

Important: The only output follows the format below. Do not include any explanations or comments before or after.

The reconstructed prompt must exactly follow the structure below:

"Below you will receive task descriptions from which you should generate an Ansible Playbook.  
The generated playbook must be valid inside an Ansible Role under the tasks/ directory (e.g., tasks/main.yml).  
Do not include hosts:, vars:, or any playbook-level headers. Only output valid task entries or blocks as expected in a role.  

Task 1: ...
Description Task 1: ...

Task 2: ...
Description Task 2: ...

Task 3: ...
Description Task 3: ...
..."

Guidelines:
- Each task should be short and clearly describe one specific action.
- The tasks must match the actual tasks in the playbook **both in content and order**.
- Use the exact terminology and labels as used in the playbook (e.g., “install nginx” instead of “install web server”).
- Provide a more detailed description of the task next to each task
- Include the exact names of variables, handlers, etc. used in the playbook.

Here is the Ansible Playbook:
---

- name: Java | Check if certificates exists
  stat:
    path: "{{ item.java_cert_path }}"
  with_items: "{{ java_certs }}"
  register: check_java_certs

- name: Java | Fail if some cert doesn't exist
  fail:
    msg: "Certificate {{ item.item.java_cert_path }} doesn't exist"
  with_items: "{{ check_java_certs.results }}"
  when: not item.stat.exists

- name: Java | Setting keystore variables in java < 11
  set_fact:
    java_keystore_dir: "{{ java_keystore_dir if java_keystore_dir is defined and java_keystore_dir is not sameas None and java_keystore_dir else java_keystore_dir_old }}"
  when:
    - java_open_jdk_version_major | int < 11

- name: Java | Setting keystore variables in java >= 11
  set_fact:
    java_keystore_dir: "{{ java_keystore_dir if java_keystore_dir is defined and java_keystore_dir is not sameas None and java_keystore_dir else java_keystore_dir_new }}"
  when:
    - java_open_jdk_version_major | int >= 11

- name: Java | Import SSL certificates
  java_cert:
    cert_path: "{{ item.java_cert_path }}"
    keystore_path: "{{ java_open_jdk_home }}/{{ java_keystore_dir }}/cacerts"
    keystore_pass: "{{ java_cert_keystore_pass }}"
    state: present
    cert_alias: "{{ item.java_cert_alias }}"
    keystore_create: true
  with_items: "{{ java_certs }}"


Total input tokens: 613
___________________________________________LLM Output:___________________________________________ 
Below you will receive task descriptions from which you should generate an Ansible Playbook.  
The generated playbook must be valid inside an Ansible Role under the tasks/ directory (e.g., tasks/main.yml).  
Do not include hosts:, vars:, or any playbook-level headers. Only output valid task entries or blocks as expected in a role.  

Task 1: Check if Java certificates exist on the system.  
Description Task 1: This task checks the existence of each certificate in the list of Java certificates using the `stat` module and registers the results for further processing.

Task 2: Fail the playbook if any Java certificate is missing.  
Description Task 2: This task ensures that all necessary Java certificates exist by failing the playbook with an appropriate error message if any certificate is not found, using the results from the previous check.

Task 3: Set keystore directory variables for Java versions less than 11.  
Description Task 3: This task sets the keystore directory path for Java versions less than 11 using the `set_fact` module, ensuring the correct directory is used based on the Java version.

Task 4: Set keystore directory variables for Java versions 11 and above.  
Description Task 4: This task sets the keystore directory path for Java versions 11 and above using the `set_fact` module, ensuring the correct directory is used based on the Java version.

Task 5: Import SSL certificates into the Java keystore.  
Description Task 5: This task imports each SSL certificate into the Java keystore using the `java_cert` module, ensuring that the certificates are present and the keystore is created if necessary.

Tue Sep 30 17:02:11 2025: /home/studgoetsi5301/documents/ansible_bench/dataset/prompts/ollama_phi4:14b_english_exact/benchmark100/java_role/tasks/import_certs_prompt.txt Total generation time: 5.838434866003809


Prompt: You are a professional developer. Below you will find a complete Ansible Playbook. This playbook was generated based on a prompt. Your task is to reconstruct the original prompt that could have been used to generate this playbook.

Important: The only output follows the format below. Do not include any explanations or comments before or after.

The reconstructed prompt must exactly follow the structure below:

"Below you will receive task descriptions from which you should generate an Ansible Playbook.  
The generated playbook must be valid inside an Ansible Role under the tasks/ directory (e.g., tasks/main.yml).  
Do not include hosts:, vars:, or any playbook-level headers. Only output valid task entries or blocks as expected in a role.  

Task 1: ...
Description Task 1: ...

Task 2: ...
Description Task 2: ...

Task 3: ...
Description Task 3: ...
..."

Guidelines:
- Each task should be short and clearly describe one specific action.
- The tasks must match the actual tasks in the playbook **both in content and order**.
- Use the exact terminology and labels as used in the playbook (e.g., “install nginx” instead of “install web server”).
- Provide a more detailed description of the task next to each task
- Include the exact names of variables, handlers, etc. used in the playbook.

Here is the Ansible Playbook:
---

- name: Java | Install OpenJDK implementation
  include_tasks: install_openjdk.yml
  tags:
    - install

- name: Java | Import certificates into Java Keystore
  include_tasks: import_certs.yml
  when: java_certs is defined
  tags:
    - certs


Total input tokens: 347
___________________________________________LLM Output:___________________________________________ 
"Below you will receive task descriptions from which you should generate an Ansible Playbook.  
The generated playbook must be valid inside an Ansible Role under the tasks/ directory (e.g., tasks/main.yml).  
Do not include hosts:, vars:, or any playbook-level headers. Only output valid task entries or blocks as expected in a role.  

Task 1: Install the OpenJDK implementation.  
Description Task 1: This task includes a separate file to handle the installation of the OpenJDK package. It should be tagged under 'install'.

Task 2: Import certificates into the Java Keystore.  
Description Task 2: This task includes a separate file to handle the import of certificates into the Java Keystore. It should only run when the 'java_certs' variable is defined and be tagged under 'certs'."

Tue Sep 30 17:02:14 2025: /home/studgoetsi5301/documents/ansible_bench/dataset/prompts/ollama_phi4:14b_english_exact/benchmark100/java_role/tasks/main_prompt.txt Total generation time: 3.131842962000519


Prompt: You are a professional developer. Below you will find a complete Ansible Playbook. This playbook was generated based on a prompt. Your task is to reconstruct the original prompt that could have been used to generate this playbook.

Important: The only output follows the format below. Do not include any explanations or comments before or after.

The reconstructed prompt must exactly follow the structure below:

"Below you will receive task descriptions from which you should generate an Ansible Playbook.  
The generated playbook must be valid inside an Ansible Role under the tasks/ directory (e.g., tasks/main.yml).  
Do not include hosts:, vars:, or any playbook-level headers. Only output valid task entries or blocks as expected in a role.  

Task 1: ...
Description Task 1: ...

Task 2: ...
Description Task 2: ...

Task 3: ...
Description Task 3: ...
..."

Guidelines:
- Each task should be short and clearly describe one specific action.
- The tasks must match the actual tasks in the playbook **both in content and order**.
- Use the exact terminology and labels as used in the playbook (e.g., “install nginx” instead of “install web server”).
- Provide a more detailed description of the task next to each task
- Include the exact names of variables, handlers, etc. used in the playbook.

Here is the Ansible Playbook:
---

- name: Java | Migrate adoptopenjdk to temurin (if selected)
  set_fact:
    java_jdk_vendor: "temurin"
  when: "java_jdk_vendor == 'adoptopenjdk'"

- name: Java | Gather OS specific variables
  include_vars: "{{ item }}"
  with_first_found:
    - "{{ java_jdk_vendor }}/{{ ansible_distribution }}-{{ ansible_distribution_major_version }}.yml"

- name: Java | Gather architecture specific variables
  include_vars: "{{ item }}"
  with_first_found:
    - "architecture.yml"

# Using pattern described in Ansible Best Practices and Conventions (Appendix B), Ansible for Devops (p. 406)
# Allowing to 'override' variables that are defined using include_vars
- name: Java | Setting OS specific variables (I)
  set_fact:
    java_open_jdk_version_major: "{{ java_open_jdk_version_major if java_open_jdk_version_major is defined and java_open_jdk_version_major is not sameas None and java_open_jdk_version_major else __java_open_jdk_version_major }}"
    java_required_repositories_openjdk: "{{ java_required_repositories_openjdk if java_required_repositories_openjdk is defined and java_required_repositories_openjdk is not sameas None and java_required_repositories_openjdk | length else __java_required_repositories_openjdk }}"
    java_required_key_repositories_openjdk: "{{ java_required_key_repositories_openjdk if java_required_key_repositories_openjdk is defined and java_required_key_repositories_openjdk is not sameas None and java_required_key_repositories_openjdk | length  else __java_required_key_repositories_openjdk }}"
    java_required_libs_openjdk: "{{ java_required_libs_openjdk if java_required_libs_openjdk is defined and java_required_libs_openjdk is not sameas None and java_required_libs_openjdk | length else __java_required_libs_openjdk }}"
    java_deprecated_repositories_adoptopenjdk: "{{ java_deprecated_repositories_adoptopenjdk if java_deprecated_repositories_adoptopenjdk is defined and java_deprecated_repositories_adoptopenjdk is not sameas None and java_deprecated_repositories_adoptopenjdk | length else __java_deprecated_repositories_adoptopenjdk }}"

- name: Java | Setting OS and architecture specific variables (II)
  set_fact:
    java_open_jdk_home_dir: "{{ java_open_jdk_home_dir if java_open_jdk_home_dir is defined and java_open_jdk_home_dir is not sameas None and java_open_jdk_home_dir else __java_open_jdk_home_dir }}"
    java_open_jdk_package: "{{ java_open_jdk_package if java_open_jdk_package is defined and java_open_jdk_package is not sameas None and java_open_jdk_package else __java_open_jdk_package }}"

- name: Java | Setting specific variables
  set_fact:
    java_home: "{{ java_open_jdk_home }}"

- name: Java | Debian pre-requisites
  block:
    - name: Java | Remove deprecated repositories
      apt_repository:
        repo: "{{ item }}"
        state: absent
      with_items: "{{ java_deprecated_repositories_adoptopenjdk }}"
      when: java_deprecated_repositories_adoptopenjdk | length > 0
    - name: Java | Install extra apt tools
      package:
        name: "{{ java_open_jdk_apt_extra_packages }}"
        state: present
      until: apt_tools_installed is succeeded
      register: apt_tools_installed
      when: java_open_jdk_apt_extra_packages |length > 0
    - name: Java | add required key repositories, Debian
      apt_key:
        url: "{{ item }}"
        state: present
      with_items: "{{ java_required_key_repositories_openjdk }}"
    - name: Java | Add required repositories, Debian
      apt_repository:
        repo: "{{ item }}"
        state: present
        update_cache: true
      with_items: "{{ java_required_repositories_openjdk }}"
  when: ansible_os_family == 'Debian'

- name: Java | RedHat pre-requisites
  block:
    - name: Java | Add required key repositories, RedHat
      rpm_key:
        key: "{{ item }}"
        state: present
      with_items: "{{ java_required_key_repositories_openjdk }}"
    - name: Java | Add required repositories, RedHat
      yum_repository:
        name: "{{ item.name }}"
        description: OpenJDK YUM alt repo
        file: "{{ item.name }}.repo"
        baseurl: "{{ item.baseurl }}"
        gpgcheck: true
      with_items: "{{ java_required_repositories_openjdk }}"
  when: ansible_os_family == 'RedHat'

- name: Java | Install required libs
  package:
    name: "{{ java_required_libs_openjdk }}"
    state: present
  until: java_required_libs_installed is succeeded
  register: java_required_libs_installed

- name: Java | Install Java, Debian
  apt:
    name: "{{ ( java_open_jdk_package + '=' + java_open_jdk_version ) if java_open_jdk_version is defined  and java_open_jdk_version is not sameas None else java_open_jdk_package }}"
    state: present
    update_cache: true
    cache_valid_time: 3600
  until: java_package_installed is succeeded
  register: java_package_installed
  when: ansible_os_family == 'Debian'

- name: Java | Install Java, RedHat
  yum:
    name: "{{ ( java_open_jdk_package + '-' + java_open_jdk_version ) if java_open_jdk_version is defined and java_open_jdk_version is not sameas None else java_open_jdk_package }}"
    state: present
    update_cache: true
  until: java_package_installed is succeeded
  register: java_package_installed
  when: ansible_os_family == 'RedHat'

- name: Java | Export environment variables
  template:
    src: jdk.sh.j2
    dest: /etc/profile.d/jdk.sh
    mode: 0755
    owner: root
    group: root

- name: Java | Source environment variables
  shell: source /etc/profile
  args:
    executable: /bin/bash
  changed_when: false
  tags:
    - skip_ansible_lint

- name: "Correct java version selected /usr/lib/jvm/{{ java_open_jdk_home_dir }}/jre/bin/java in java < 11"
  alternatives:
    name: java
    path: "/usr/lib/jvm/{{ java_open_jdk_home_dir }}/jre/bin/java"
  when:
    - ansible_os_family == 'Debian'
    - java_open_jdk_version_major | int < 11


- name: "Correct java version selected /usr/lib/jvm/{{ java_open_jdk_home_dir }}/bin/java in java >= 11"
  alternatives:
    name: java
    path: "/usr/lib/jvm/{{ java_open_jdk_home_dir }}/bin/java"
  when:
    - ansible_os_family == 'Debian'
    - java_open_jdk_version_major | int >= 11

 64%|██████▍   | 64/100 [07:32<04:31,  7.54s/it] 65%|██████▌   | 65/100 [07:36<03:44,  6.41s/it]
Total input tokens: 1786
___________________________________________LLM Output:___________________________________________ 
Below you will receive task descriptions from which you should generate an Ansible Playbook.  
The generated playbook must be valid inside an Ansible Role under the tasks/ directory (e.g., tasks/main.yml).  
Do not include hosts:, vars:, or any playbook-level headers. Only output valid task entries or blocks as expected in a role.  

Task 1: Migrate the Java JDK vendor from adoptopenjdk to temurin if selected.  
Description Task 1: Set the java_jdk_vendor to "temurin" when the current java_jdk_vendor is "adoptopenjdk".

Task 2: Gather OS-specific variables for the Java JDK.  
Description Task 2: Include variables specific to the Java JDK vendor and the OS distribution and version using with_first_found.

Task 3: Gather architecture-specific variables for the Java JDK.  
Description Task 3: Include architecture-specific variables for the Java JDK using with_first_found.

Task 4: Set OS-specific Java variables.  
Description Task 4: Define OS-specific Java variables, ensuring they are set only if they are not already defined or are None, using set_fact.

Task 5: Set OS and architecture-specific Java variables.  
Description Task 5: Define OS and architecture-specific Java variables, ensuring they are set only if they are not already defined or are None, using set_fact.

Task 6: Set specific Java variables.  
Description Task 6: Define a specific Java variable, java_home, using set_fact.

Task 7: Handle Debian pre-requisites for Java installation.  
Description Task 7: Execute a block of tasks for Debian systems to remove deprecated repositories, install extra packages, add key repositories, and add required repositories.

Task 8: Handle RedHat pre-requisites for Java installation.  
Description Task 8: Execute a block of tasks for RedHat systems to add key repositories and required repositories.

Task 9: Install required libraries for Java.  
Description Task 9: Install necessary libraries for Java using the package module.

Task 10: Install Java on Debian systems.  
Description Task 10: Install Java on Debian systems using the apt module, ensuring the package is installed and the cache is updated.

Task 11: Install Java on RedHat systems.  
Description Task 11: Install Java on RedHat systems using the yum module, ensuring the package is installed and the cache is updated.

Task 12: Export Java environment variables.  
Description Task 12: Export Java environment variables using a template for the jdk.sh file.

Task 13: Source Java environment variables.  
Description Task 13: Source the Java environment variables using a shell command.

Task 14: Correct Java version selection for versions less than 11 on Debian systems.  
Description Task 14: Set the correct Java version using alternatives for versions less than 11 on Debian systems.

Task 15: Correct Java version selection for versions 11 or greater on Debian systems.  
Description Task 15: Set the correct Java version using alternatives for versions 11 or greater on Debian systems.

Tue Sep 30 17:02:27 2025: /home/studgoetsi5301/documents/ansible_bench/dataset/prompts/ollama_phi4:14b_english_exact/benchmark100/java_role/tasks/install_openjdk_prompt.txt Total generation time: 13.141548596002394


Prompt: You are a professional developer. Below you will find a complete Ansible Playbook. This playbook was generated based on a prompt. Your task is to reconstruct the original prompt that could have been used to generate this playbook.

Important: The only output follows the format below. Do not include any explanations or comments before or after.

The reconstructed prompt must exactly follow the structure below:

"Below you will receive task descriptions from which you should generate an Ansible Playbook.  
The generated playbook must be valid inside an Ansible Role under the tasks/ directory (e.g., tasks/main.yml).  
Do not include hosts:, vars:, or any playbook-level headers. Only output valid task entries or blocks as expected in a role.  

Task 1: ...
Description Task 1: ...

Task 2: ...
Description Task 2: ...

Task 3: ...
Description Task 3: ...
..."

Guidelines:
- Each task should be short and clearly describe one specific action.
- The tasks must match the actual tasks in the playbook **both in content and order**.
- Use the exact terminology and labels as used in the playbook (e.g., “install nginx” instead of “install web server”).
- Provide a more detailed description of the task next to each task
- Include the exact names of variables, handlers, etc. used in the playbook.

Here is the Ansible Playbook:
---
# tasks file for core_dependencies

- name: Remove conflicting packages
  ansible.builtin.package:
    name: "{{ core_dependencies_conflicting_packages }}"
    state: absent

- name: Install packages
  ansible.builtin.package:
    name: "{{ core_dependencies_packages }}"
    update_cache: true
  notify:
    - Gather facts

- name: Flush handlers
  ansible.builtin.meta: flush_handlers


Total input tokens: 367
___________________________________________LLM Output:___________________________________________ 
Below you will receive task descriptions from which you should generate an Ansible Playbook.  
The generated playbook must be valid inside an Ansible Role under the tasks/ directory (e.g., tasks/main.yml).  
Do not include hosts:, vars:, or any playbook-level headers. Only output valid task entries or blocks as expected in a role.  

Task 1: Remove any conflicting packages before installing new ones.  
Description Task 1: Ensure that any packages listed in the variable `core_dependencies_conflicting_packages` are removed to avoid conflicts with new installations.

Task 2: Install necessary packages and update the package cache.  
Description Task 2: Use the variable `core_dependencies_packages` to install required packages, ensuring the package cache is updated. Notify the handler `Gather facts` to refresh system information after installation.

Task 3: Execute any pending handlers.  
Description Task 3: Flush any registered handlers to ensure they are executed immediately after the previous tasks.

Tue Sep 30 17:02:31 2025: /home/studgoetsi5301/documents/ansible_bench/dataset/prompts/ollama_phi4:14b_english_exact/benchmark100/ansible-role-core_dependencies/tasks/main_prompt.txt Total generation time: 3.776673700995161


Prompt: You are a professional developer. Below you will find a complete Ansible Playbook. This playbook was generated based on a prompt. Your task is to reconstruct the original prompt that could have been used to generate this playbook.

Important: The only output follows the format below. Do not include any explanations or comments before or after.

The reconstructed prompt must exactly follow the structure below:

"Below you will receive task descriptions from which you should generate an Ansible Playbook.  
The generated playbook must be valid inside an Ansible Role under the tasks/ directory (e.g., tasks/main.yml).  
Do not include hosts:, vars:, or any playbook-level headers. Only output valid task entries or blocks as expected in a role.  

Task 1: ...
Description Task 1: ...

Task 2: ...
Description Task 2: ...

Task 3: ...
Description Task 3: ...
..."

Guidelines:
- Each task should be short and clearly describe one specific action.
- The tasks must match the actual tasks in the playbook **both in content and order**.
- Use the exact terminology and labels as used in the playbook (e.g., “install nginx” instead of “install web server”).
- Provide a more detailed description of the task next to each task
- Include the exact names of variables, handlers, etc. used in the playbook.

Here is the Ansible Playbook:
---
# tasks file for postfix

- name: Import assert.yml
  ansible.builtin.import_tasks:
    file: assert.yml
  run_once: true
  delegate_to: localhost

- name: Pre-configure debian systems
  ansible.builtin.debconf:
    name: postfix
    question: postfix/main_mailer_type
    vtype: string
    value: "No configuration"
  when:
    - ansible_os_family == "Debian"

- name: Install postfix
  ansible.builtin.package:
    name: postfix
    state: present

- name: Install postfix-mysql
  ansible.builtin.package:
    name: postfix-mysql
    state: present
  when:
    - (postfix_virtual_mailbox_maps is defined and "'mysql' in postfix_virtual_mailbox_maps) or
      (postfix_virtual_mailbox_domains is defined and 'mysql' in postfix_virtual_mailbox_domains) or
      (postix_virtual_alias_maps is defined and 'mysql' in postix_virtual_alias_maps")

- name: Configure postfix (transport_maps)
  ansible.builtin.template:
    src: "{{ postfix_transport_maps_template }}"
    dest: /etc/postfix/transport
    mode: "0644"
  notify:
    - Validate configuration
    - Rebuild transport_maps database
  when:
    - postfix_transport_maps_template is defined

- name: Configure postfix (header_checks)
  ansible.builtin.template:
    src: "{{ postfix_header_checks_template }}"
    dest: /etc/postfix/header_checks
    mode: "0644"
  notify:
    - Validate configuration
    - Reload postfix
  when:
    - postfix_header_checks_template is defined

- name: "Setting values for main.cf (1/2)"
  ansible.builtin.set_fact:
    _postfix_smtpd_recipient_restrictions_check_recipient_access: |
      {% if postfix_recipient_access is defined %}
      check_recipient_access hash:{{ postfix_recipient_access_path }},
      {% endif %}
    _postfix_smtpd_sender_restrictions_check_sender_access: |
      {% if postfix_sender_access is defined %}
      check_sender_access hash:{{ postfix_sender_access_path }},
      {% endif %}

- name: "Setting values for main.cf (2/2)"
  ansible.builtin.set_fact:
    _postfix_mynetworks: >-
      {% if postfix_mynetworks is string %}{{ postfix_mynetworks }}
      {% elif postfix_mynetworks is iterable and (postfix_mynetworks is not string and postfix_mynetworks is not mapping) %}
      {% for network in postfix_mynetworks %}{{ network }}{% if not loop.last %}, {% endif %}{% endfor %}
      {% endif %}
    _postfix_mydestination: >-
      {% if postfix_mydestination is defined %}
      {% if postfix_mydestination is string %}
      {{ postfix_mydestination }}
      {% elif postfix_mydestination is iterable and (postfix_mydestination is not string and postfix_mydestination is not mapping) %}
      {% for domain in postfix_mydestination %}{{ domain }}{% if not loop.last %}, {% endif %}{% endfor %}
      {% endif %}
      {% else %}
      <None>
      {% endif %}
    _postfix_relay_domains: >-
      {% if postfix_relay_domains is defined %}
      {% if postfix_relay_domains is string %}
      {{ postfix_relay_domains }}
      {% elif postfix_relay_domains is iterable and (postfix_relay_domains is not string and postfix_relay_domains is not mapping) %}
      {% for domain in postfix_relay_domains %}{{ domain }}{% if not loop.last %}, {% endif %}{% endfor %}
      {% endif %}
      {% else %}
      <None>
      {% endif %}
    _postfix_smtpd_recipient_restrictions: >-
      {% if postfix_smtpd_recipient_restrictions is defined %}
      {% if postfix_smtpd_recipient_restrictions is string %}
      {{ _postfix_smtpd_recipient_restrictions_check_recipient_access | trim }} {{ postfix_smtpd_recipient_restrictions }}
      {% elif postfix_smtpd_recipient_restrictions is iterable and (postfix_smtpd_recipient_restrictions is not string and postfix_smtpd_recipient_restrictions is not mapping) %}
      {{ _postfix_smtpd_recipient_restrictions_check_recipient_access | trim }} {% for domain in postfix_smtpd_recipient_restrictions %}{{ domain }}{% if not loop.last %}, {% endif %}{% endfor %}
      {% endif %}
      {% endif %}
    _postfix_smtpd_sender_restrictions: >-
      {% if postfix_smtpd_sender_restrictions is defined %}
      {% if postfix_smtpd_sender_restrictions is string %}
      {{ _postfix_smtpd_sender_restrictions_check_sender_access | trim }} {{ postfix_smtpd_sender_restrictions }}
      {% elif postfix_smtpd_sender_restrictions is iterable and (postfix_smtpd_sender_restrictions is not string and postfix_smtpd_sender_restrictions is not mapping) %}
      {{ _postfix_smtpd_sender_restrictions_check_sender_access | trim }} {% for domain in postfix_smtpd_sender_restrictions %}{{ domain }}{% if not loop.last %}, {% endif %}{% endfor %}
      {% endif %}
      {% endif %}
    _postfix_virtual_mailbox_domains: >-
      {% if postfix_virtual_mailbox_domains is defined %}
      {% if postfix_virtual_mailbox_domains is string %}
      {{ postfix_virtual_mailbox_domains }}
      {% elif postfix_virtual_mailbox_domains is iterable and (postfix_virtual_mailbox_domains is not string and postfix_virtual_mailbox_domains is not mapping) %}
      {% for domain in postfix_virtual_mailbox_domains %}{{ domain }}{% if not loop.last %}, {% endif %}{% endfor %}
      {% endif %}
      {% else %}
      <None>
      {% endif %}
    _postfix_virtual_alias_domains: >-
      {% if postfix_virtual_alias_domains is defined %}
      {% if postfix_virtual_alias_domains is string %}
      {{ postfix_virtual_alias_domains }}
      {% elif postfix_virtual_alias_domains is iterable and (postfix_virtual_alias_domains is not string and postfix_virtual_alias_domains is not mapping) %}
      {% for domain in postfix_virtual_alias_domains %}{{ domain }}{% if not loop.last %}, {% endif %}{% endfor %}
      {% endif %}
      {% else %}
      <None>
      {% endif %}

- name: Configure postfix (main.cf)
  ansible.builtin.template:
    src: main.cf.j2
    dest: /etc/postfix/main.cf
    validate: postconf -d -c %s
    mode: "0644"
  notify:
    - Validate configuration
    - Restart postfix

- name: Configure postfix (master.cf)
  ansible.builtin.template:
    src: master.cf.j2
    dest: /etc/postfix/master.cf
    validate: postconf -d -c %s
    mode: "0644"
  notify:
    - Validate configuration
    - Restart postfix

- name: Creates cert/key directory
  ansible.builtin.file:
    path: "{{ item }}"
    state: directory
    mode: 0700
  loop:
    - "{{ postfix_smtpd_tls_cert_file | dirname }}"
    - "{{ postfix_smtpd_tls_key_file | dirname }}"
  when:
    - postfix_smtpd_tls_cert_file is defined
    - postfix_smtpd_tls_key_file is defined
    - postfix_smtpd_tls_cert_file_source is defined
    - postfix_smtpd_tls_key_file_source is defined

- name: Deploy Postfix TLS server certificate
  ansible.builtin.copy:
    src: "{{ postfix_smtpd_tls_cert_file_source }}"
    dest: "{{ postfix_smtpd_tls_cert_file }}"
    mode: "0600"
  notify:
    - Reload postfix
  when:
    - postfix_smtpd_tls_cert_file_source is defined

- name: Deploy Postfix TLS server key
  ansible.builtin.copy:
    src: "{{ postfix_smtpd_tls_key_file_source }}"
    dest: "{{ postfix_smtpd_tls_key_file }}"
    mode: "0600"
  notify:
    - Reload postfix
  when:
    - postfix_smtpd_tls_key_file_source is defined

- name: Flush handlers
  ansible.builtin.meta: flush_handlers

- name: Configure aliases
  ansible.builtin.lineinfile:
    path: "{{ postfix_alias_path }}"
    regexp: "^{{ item.name }}:"
    line: "{{ item.name }}: {{ item.destination }}"
    mode: "0644"
  when:
    - postfix_aliases is defined
  loop: "{{ postfix_aliases }}"
  notify:
    - Rebuild alias database
    - Reload postfix
  loop_control:
    label: "{{ item.name }}"

- name: Configure sender_access
  ansible.builtin.lineinfile:
    path: "{{ postfix_sender_access_path }}"
    regexp: "^{{ item.domain }}"
    line: "{{ item.domain }} {{ item.action }}"
    create: true
    mode: "0644"
  when:
    - postfix_sender_access is defined
  loop: "{{ postfix_sender_access }}"
  notify:
    - Rebuild sender_access database
    - Reload postfix
  loop_control:
    label: "{{ item.domain }}"

- name: Configure recipient_access
  ansible.builtin.lineinfile:
    path: "{{ postfix_recipient_access_path }}"
    regexp: "^{{ item.domain }}"
    line: "{{ item.domain }} {{ item.action }}"
    create: true
    mode: "0644"
  when:
    - postfix_recipient_access is defined
  loop: "{{ postfix_recipient_access }}"
  notify:
    - Validate configuration
    - Rebuild recipient_access database
    - Reload postfix
  loop_control:
    label: "{{ item.domain }}"

- name: Place sasl_password_map
  ansible.builtin.copy:
    content: "{{ postfix_smtp_sasl_password_map_content }}"
    dest: "{{ postfix_smtp_sasl_password_map }}"
    mode: "0600"
  when:
    - postfix_smtp_sasl_password_map is defined and postfix_smtp_sasl_password_map != ""
  notify:
    - Rebuild sasl_password_map database

- name: Flush handlers again
  ansible.builtin.meta: flush_handlers

- name: Start and enable postfix
  ansible.builtin.service:
    name: "{{ postfix_service }}"
    state: started
    enabled: true

 66%|██████▌   | 66/100 [07:56<05:53, 10.40s/it]
Total input tokens: 2466
___________________________________________LLM Output:___________________________________________ 
Below you will receive task descriptions from which you should generate an Ansible Playbook.  
The generated playbook must be valid inside an Ansible Role under the tasks/ directory (e.g., tasks/main.yml).  
Do not include hosts:, vars:, or any playbook-level headers. Only output valid task entries or blocks as expected in a role.  

Task 1: Import an additional task file to assert conditions.  
Description Task 1: Import a predefined tasks file named `assert.yml` and ensure it runs only once, delegating execution to the localhost.

Task 2: Pre-configure Debian systems for Postfix.  
Description Task 2: On Debian systems, set the `postfix/main_mailer_type` to "No configuration" using the debconf tool.

Task 3: Install Postfix.  
Description Task 3: Install the Postfix package on the target system.

Task 4: Conditionally install postfix-mysql.  
Description Task 4: Install the postfix-mysql package if any of the variables `postfix_virtual_mailbox_maps`, `postfix_virtual_mailbox_domains`, or `postix_virtual_alias_maps` are defined and contain 'mysql'.

Task 5: Configure Postfix transport maps.  
Description Task 5: Use a template to configure `/etc/postfix/transport` if `postfix_transport_maps_template` is defined, and notify to validate configuration and rebuild the transport maps database.

Task 6: Configure Postfix header checks.  
Description Task 6: Use a template to configure `/etc/postfix/header_checks` if `postfix_header_checks_template` is defined, and notify to validate configuration and reload Postfix.

Task 7: Set values for Postfix main.cf (part 1).  
Description Task 7: Define fact variables for recipient and sender restrictions in Postfix main.cf based on the presence of `postfix_recipient_access` and `postfix_sender_access`.

Task 8: Set values for Postfix main.cf (part 2).  
Description Task 8: Define fact variables for Postfix main.cf settings such as `mynetworks`, `mydestination`, `relay_domains`, `smtpd_recipient_restrictions`, `smtpd_sender_restrictions`, `virtual_mailbox_domains`, and `virtual_alias_domains` based on their definitions and types.

Task 9: Configure Postfix main.cf.  
Description Task 9: Use a template to configure `/etc/postfix/main.cf`, validate the configuration, and notify to validate and restart Postfix.

Task 10: Configure Postfix master.cf.  
Description Task 10: Use a template to configure `/etc/postfix/master.cf`, validate the configuration, and notify to validate and restart Postfix.

Task 11: Create directories for TLS certificates and keys.  
Description Task 11: Create directories for storing Postfix TLS certificates and keys if the relevant variables and sources are defined.

Task 12: Deploy Postfix TLS server certificate.  
Description Task 12: Copy the Postfix TLS server certificate to the specified location if the source is defined, and notify to reload Postfix.

Task 13: Deploy Postfix TLS server key.  
Description Task 13: Copy the Postfix TLS server key to the specified location if the source is defined, and notify to reload Postfix.

Task 14: Flush Postfix handlers.  
Description Task 14: Flush any pending handlers to ensure all notifications are processed.

Task 15: Configure Postfix aliases.  
Description Task 15: Use lineinfile to configure aliases in the specified path if `postfix_aliases` is defined, and notify to rebuild the alias database and reload Postfix.

Task 16: Configure Postfix sender access.  
Description Task 16: Use lineinfile to configure sender access in the specified path if `postfix_sender_access` is defined, and notify to rebuild the sender access database and reload Postfix.

Task 17: Configure Postfix recipient access.  
Description Task 17: Use lineinfile to configure recipient access in the specified path if `postfix_recipient_access` is defined, and notify to validate configuration, rebuild the recipient access database, and reload Postfix.

Task 18: Place SASL password map.  
Description Task 18: Copy the SASL password map content to the specified location if `postfix_smtp_sasl_password_map` is defined and not empty, and notify to rebuild the sasl_password_map database.

Task 19: Flush Postfix handlers again.  
Description Task 19: Flush any pending handlers again to ensure all notifications are processed.

Task 20: Start and enable Postfix service.  
Description Task 20: Ensure the Postfix service is started and enabled on the system.

Tue Sep 30 17:02:51 2025: /home/studgoetsi5301/documents/ansible_bench/dataset/prompts/ollama_phi4:14b_english_exact/benchmark100/ansible-role-postfix/tasks/main_prompt.txt Total generation time: 19.705308913995395


Prompt: You are a professional developer. Below you will find a complete Ansible Playbook. This playbook was generated based on a prompt. Your task is to reconstruct the original prompt that could have been used to generate this playbook.

Important: The only output follows the format below. Do not include any explanations or comments before or after.

The reconstructed prompt must exactly follow the structure below:

"Below you will receive task descriptions from which you should generate an Ansible Playbook.  
The generated playbook must be valid inside an Ansible Role under the tasks/ directory (e.g., tasks/main.yml).  
Do not include hosts:, vars:, or any playbook-level headers. Only output valid task entries or blocks as expected in a role.  

Task 1: ...
Description Task 1: ...

Task 2: ...
Description Task 2: ...

Task 3: ...
Description Task 3: ...
..."

Guidelines:
- Each task should be short and clearly describe one specific action.
- The tasks must match the actual tasks in the playbook **both in content and order**.
- Use the exact terminology and labels as used in the playbook (e.g., “install nginx” instead of “install web server”).
- Provide a more detailed description of the task next to each task
- Include the exact names of variables, handlers, etc. used in the playbook.

Here is the Ansible Playbook:
---
# tasks file for git

- name: Import assert.yml
  ansible.builtin.import_tasks: assert.yml
  run_once: true
  delegate_to: localhost

- name: Install git
  ansible.builtin.package:
    name: "{{ git_packages }}"
    state: present

- name: See if the specified user exists
  ansible.builtin.getent:
    database: passwd
    key: "{{ git_username }}"
    fail_key: false
  when:
    - git_username is defined

- name: Create directory for git configuration
  ansible.builtin.file:
    path: /home/{{ git_username }}
    state: directory
    owner: "{{ git_username | default(omit) }}"
    group: "{{ git_groupname | default(omit) }}"
    mode: "0755"
  when:
    - getent_passwd is defined
    - getent_passwd[git_username] != none

- name: Place git configuration
  ansible.builtin.template:
    src: gitconfig.j2
    dest: /home/{{ git_username }}/.gitconfig
    mode: "0644"
  when:
    - git_user_email is defined
    - git_user_name is defined
    - git_username is defined
    - getent_passwd[git_username] != none

- name: Create repository_destination
  ansible.builtin.file:
    path: "{{ git_repository_destination }}"
    state: directory
    owner: "{{ git_username | default(omit) }}"
    group: "{{ git_groupname | default(omit) }}"
    mode: "0750"
  when:
    - git_username is defined
    - git_repository_destination is defined
    - getent_passwd[git_username] != none

- name: Clone all roles
  ansible.builtin.git:
    repo: "{{ item.repo }}"
    dest: "{{ git_repository_destination }}/{{ item.dest }}"
    accept_hostkey: true
    version: "{{ item.version | default('HEAD') }}"
    force: "{{ item.force | default(git_force) }}"
  loop: "{{ git_repositories }}"
  loop_control:
    label: "{{ item.dest }}"
  become: true
  become_user: "{{ git_username }}"
  when:
    - git_repositories is defined
    - git_repository_destination is defined
    - git_username is defined
    - getent_passwd[git_username] != none


Total input tokens: 772
___________________________________________LLM Output:___________________________________________ 
Below you will receive task descriptions from which you should generate an Ansible Playbook.  
The generated playbook must be valid inside an Ansible Role under the tasks/ directory (e.g., tasks/main.yml).  
Do not include hosts:, vars:, or any playbook-level headers. Only output valid task entries or blocks as expected in a role.  

Task 1: Import assert.yml as a task file to be used in the playbook.  
Description Task 1: Import the tasks from assert.yml to be run once on localhost, ensuring that specific conditions or checks are met before proceeding with other tasks.

Task 2: Install the git package.  
Description Task 2: Use the package module to ensure that the software package specified by the variable `git_packages` is installed and present on the system.

Task 3: Check if the specified git user exists in the system.  
Description Task 3: Use the getent module to verify the existence of a user defined by `git_username` in the system's passwd database, without failing if the key is not found.

Task 4: Create a directory for the git configuration.  
Description Task 4: Create a directory at `/home/{{ git_username }}` with appropriate permissions, owner, and group, only if the user defined by `git_username` exists on the system.

Task 5: Place the git configuration file.  
Description Task 5: Use the template module to place a git configuration file from the source `gitconfig.j2` to the user's home directory, ensuring the user's email and name are defined and the user exists.

Task 6: Create the repository destination directory.  
Description Task 6: Create a directory at the path specified by `git_repository_destination` with defined permissions, owner, and group, only if the user and repository destination are defined and the user exists.

Task 7: Clone all specified repositories.  
Description Task 7: Use the git module to clone multiple repositories defined in `git_repositories` to the specified destination, accepting the host key, optionally specifying a version, and forcing the operation if required, under the specified user. 67%|██████▋   | 67/100 [08:03<05:18,  9.64s/it] 68%|██████▊   | 68/100 [08:08<04:18,  8.07s/it] 69%|██████▉   | 69/100 [08:13<03:44,  7.25s/it]

Tue Sep 30 17:02:59 2025: /home/studgoetsi5301/documents/ansible_bench/dataset/prompts/ollama_phi4:14b_english_exact/benchmark100/ansible-role-git/tasks/main_prompt.txt Total generation time: 7.8703290700068465


Prompt: You are a professional developer. Below you will find a complete Ansible Playbook. This playbook was generated based on a prompt. Your task is to reconstruct the original prompt that could have been used to generate this playbook.

Important: The only output follows the format below. Do not include any explanations or comments before or after.

The reconstructed prompt must exactly follow the structure below:

"Below you will receive task descriptions from which you should generate an Ansible Playbook.  
The generated playbook must be valid inside an Ansible Role under the tasks/ directory (e.g., tasks/main.yml).  
Do not include hosts:, vars:, or any playbook-level headers. Only output valid task entries or blocks as expected in a role.  

Task 1: ...
Description Task 1: ...

Task 2: ...
Description Task 2: ...

Task 3: ...
Description Task 3: ...
..."

Guidelines:
- Each task should be short and clearly describe one specific action.
- The tasks must match the actual tasks in the playbook **both in content and order**.
- Use the exact terminology and labels as used in the playbook (e.g., “install nginx” instead of “install web server”).
- Provide a more detailed description of the task next to each task
- Include the exact names of variables, handlers, etc. used in the playbook.

Here is the Ansible Playbook:
---
# tasks file for php

- name: Import assert.yml
  ansible.builtin.import_tasks:
    file: assert.yml
  run_once: true
  delegate_to: localhost

- name: Install php
  ansible.builtin.package:
    name: "{{ php_packages }}"

- name: Find used php.ini
  ansible.builtin.shell:
    cmd: "set -o pipefail && {{ php_ini_command }}"
    executable: /bin/bash
  register: php_found_ini_location
  changed_when: false
  when:
    - php_ini_location is not defined

- name: Configure php
  ansible.builtin.template:
    src: php.ini.j2
    dest: "{{ php_ini_location | default(php_found_ini_location.stdout) }}"
    mode: "0644"
  notify:
    - Restart httpd


Total input tokens: 456
___________________________________________LLM Output:___________________________________________ 
Below you will receive task descriptions from which you should generate an Ansible Playbook.  
The generated playbook must be valid inside an Ansible Role under the tasks/ directory (e.g., tasks/main.yml).  
Do not include hosts:, vars:, or any playbook-level headers. Only output valid task entries or blocks as expected in a role.  

Task 1: Import an external tasks file for assertions.  
Description Task 1: Import the assert.yml tasks file to be executed once and delegated to localhost. This is used for specific assertions or checks.

Task 2: Install PHP.  
Description Task 2: Use the package module to install PHP using a variable, `php_packages`, which contains the necessary package names.

Task 3: Find the used php.ini file.  
Description Task 3: Execute a shell command to locate the php.ini file using `php_ini_command`. Register the output in `php_found_ini_location` and ensure it does not mark the task as changed. Execute this only if `php_ini_location` is not predefined.

Task 4: Configure PHP.  
Description Task 4: Use the template module to deploy a configuration file, `php.ini.j2`, to the determined php.ini location. Ensure the file has the appropriate permissions (0644) and trigger a handler to restart the httpd service if changes are made.

Tue Sep 30 17:03:03 2025: /home/studgoetsi5301/documents/ansible_bench/dataset/prompts/ollama_phi4:14b_english_exact/benchmark100/ansible-role-php-robertdebock/tasks/main_prompt.txt Total generation time: 4.421794624009635


Prompt: You are a professional developer. Below you will find a complete Ansible Playbook. This playbook was generated based on a prompt. Your task is to reconstruct the original prompt that could have been used to generate this playbook.

Important: The only output follows the format below. Do not include any explanations or comments before or after.

The reconstructed prompt must exactly follow the structure below:

"Below you will receive task descriptions from which you should generate an Ansible Playbook.  
The generated playbook must be valid inside an Ansible Role under the tasks/ directory (e.g., tasks/main.yml).  
Do not include hosts:, vars:, or any playbook-level headers. Only output valid task entries or blocks as expected in a role.  

Task 1: ...
Description Task 1: ...

Task 2: ...
Description Task 2: ...

Task 3: ...
Description Task 3: ...
..."

Guidelines:
- Each task should be short and clearly describe one specific action.
- The tasks must match the actual tasks in the playbook **both in content and order**.
- Use the exact terminology and labels as used in the playbook (e.g., “install nginx” instead of “install web server”).
- Provide a more detailed description of the task next to each task
- Include the exact names of variables, handlers, etc. used in the playbook.

Here is the Ansible Playbook:
---
- name: Create etcd group
  ansible.builtin.group:
    name: etcd
    state: present

- name: Create etcd user
  ansible.builtin.user:
    name: etcd
    shell: /bin/nologin
    group: etcd
    comment: etcd user
    state: present

- name: Copy systemctl config file for kernel hardening
  ansible.builtin.copy:
    src: "{{ '/usr/local/share/rke2/rke2-cis-sysctl.conf' if (not usr_local.stat.writeable) or (partition_result.rc == 1) else '/opt/rke2/share/rke2/rke2-cis-sysctl.conf' }}"
    dest: /etc/sysctl.d/60-rke2-cis.conf
    mode: 0600
    remote_src: true
  notify: Restart systemd-sysctl

- name: Flush handlers
  ansible.builtin.meta: flush_handlers


Total input tokens: 487
___________________________________________LLM Output:___________________________________________ 
Below you will receive task descriptions from which you should generate an Ansible Playbook.  
The generated playbook must be valid inside an Ansible Role under the tasks/ directory (e.g., tasks/main.yml).  
Do not include hosts:, vars:, or any playbook-level headers. Only output valid task entries or blocks as expected in a role.  

Task 1: Create an etcd group  
Description Task 1: Create a group named 'etcd' to manage permissions and access for etcd services.

Task 2: Create an etcd user  
Description Task 2: Create a user named 'etcd', assign it to the 'etcd' group, set the shell to '/bin/nologin', add a comment 'etcd user', and ensure it is present.

Task 3: Copy the kernel hardening sysctl configuration file  
Description Task 3: Conditionally copy the sysctl configuration file for kernel hardening from either '/usr/local/share/rke2/rke2-cis-sysctl.conf' or '/opt/rke2/share/rke2/rke2-cis-sysctl.conf' based on the writability of '/usr/local' or the result of 'partition_result'. Place the file at '/etc/sysctl.d/60-rke2-cis.conf' with mode 0600 and notify the handler 'Restart systemd-sysctl'.

Task 4: Flush handlers  
Description Task 4: Ensure that any pending handlers are executed immediately.

Tue Sep 30 17:03:08 2025: /home/studgoetsi5301/documents/ansible_bench/dataset/prompts/ollama_phi4:14b_english_exact/benchmark100/ansible-role-rke2/tasks/cis_prompt.txt Total generation time: 5.337558027997147


Prompt: You are a professional developer. Below you will find a complete Ansible Playbook. This playbook was generated based on a prompt. Your task is to reconstruct the original prompt that could have been used to generate this playbook.

Important: The only output follows the format below. Do not include any explanations or comments before or after.

The reconstructed prompt must exactly follow the structure below:

"Below you will receive task descriptions from which you should generate an Ansible Playbook.  
The generated playbook must be valid inside an Ansible Role under the tasks/ directory (e.g., tasks/main.yml).  
Do not include hosts:, vars:, or any playbook-level headers. Only output valid task entries or blocks as expected in a role.  

Task 1: ...
Description Task 1: ...

Task 2: ...
Description Task 2: ...

Task 3: ...
Description Task 3: ...
..."

Guidelines:
- Each task should be short and clearly describe one specific action.
- The tasks must match the actual tasks in the playbook **both in content and order**.
- Use the exact terminology and labels as used in the playbook (e.g., “install nginx” instead of “install web server”).
- Provide a more detailed description of the task next to each task
- Include the exact names of variables, handlers, etc. used in the playbook.

Here is the Ansible Playbook:
---
- name: Download RKE2 installation script
  ansible.builtin.get_url:
    url: "{{ rke2_install_bash_url }}"
    dest: "{{ rke2_install_script_dir }}/rke2.sh"
    mode: 0700
    timeout: "{{ rke2_artifact_fetch_timeout }}"
  when: not rke2_airgap_mode

- name: Copy local RKE2 installation script
  ansible.builtin.copy:
    src: "{{ rke2_airgap_copy_sourcepath }}/rke2.sh"
    dest: "{{ rke2_install_script_dir }}/rke2.sh"
    mode: 0700
    force: yes
  when:
    - rke2_airgap_mode
    - rke2_airgap_implementation == 'copy'

- name: Create RKE2 artifacts folder
  ansible.builtin.file:
    path: "{{ rke2_artifact_path }}"
    state: directory
    mode: 0700
  when:
    - rke2_airgap_mode
    - rke2_airgap_implementation != 'exists'

- name: Download RKE2 checksum and artifacts (try to download remotely first - fallback to local download and push)
  when:
    - rke2_airgap_mode
    - rke2_airgap_implementation == 'download'
  block:
    - name: Download sha256 checksum file ( airgap mode )
      ansible.builtin.get_url:
        url: "{{ rke2_artifact_url }}/{{ rke2_version }}/sha256sum-{{ rke2_architecture }}.txt"
        dest: "{{ rke2_artifact_path }}/sha256sum-{{ rke2_architecture }}.txt"
        force: yes
        mode: 0640
        timeout: "{{ rke2_artifact_fetch_timeout }}"
    - name: Download RKE2 artifacts and compare with checksums ( airgap mode )
      ansible.builtin.get_url:
        url: "{{ rke2_artifact_url }}/{{ rke2_version }}/{{ item }}"
        dest: "{{ rke2_artifact_path }}/{{ item }}"
        mode: 0640
        checksum: "sha256:{{ rke2_artifact_url }}/{{ rke2_version }}/sha256sum-{{ rke2_architecture }}.txt"
        timeout: "{{ rke2_artifact_fetch_timeout }}"
      with_items: "{{ rke2_artifact | reject('search', 'sha256sum') | list }}"
    - name: Download RKE2 install script ( airgap mode )
      ansible.builtin.get_url:
        url: "{{ rke2_install_bash_url }}"
        dest: "{{ rke2_install_script_dir }}/rke2.sh"
        mode: 0700
        timeout: "{{ rke2_artifact_fetch_timeout }}"
  rescue:
    - name: "Remote downloading failed: Downloading locally and pushing to remote hosts ( airgap mode - download locally and push to remote )"
      ansible.builtin.pause: # Slight delay to make sure you know it's gonna happen and have time to cancel
        seconds: 7
    - name: "Create directory {{ rke2_airgap_copy_sourcepath }}"
      delegate_to: localhost
      run_once: true
      ansible.builtin.file:
        path: "{{ rke2_airgap_copy_sourcepath }}"
        state: directory
        mode: 0750
        owner: "{{ lookup('env', 'USER') }}"
    - name: Download RKE2 checksum locally
      delegate_to: localhost
      run_once: true
      register: checksum_file
      ansible.builtin.get_url:
        url: "{{ rke2_artifact_url }}/{{ rke2_version }}/sha256sum-{{ rke2_architecture }}.txt"
        dest: "{{ rke2_airgap_copy_sourcepath }}/"
        force: yes
        mode: 0640
        owner: "{{ lookup('env', 'USER') }}"
        timeout: "{{ rke2_artifact_fetch_timeout }}"
    - name: Downloading RKE2 artifacts locally
      delegate_to: localhost
      run_once: true
      ansible.builtin.get_url:
        force: yes
        url: "{{ item }}"
        dest: "{{ rke2_airgap_copy_sourcepath }}/"
        mode: 0640
        owner: "{{ lookup('env', 'USER') }}"
        timeout: "{{ rke2_artifact_fetch_timeout }}"
      with_items: "{{ [rke2_artifact_url + '/' + rke2_version + '/'] | product(rke2_artifact) | map('join') | list + [rke2_install_bash_url] }}"
    - name: Download RKE2 install script locally
      delegate_to: localhost
      run_once: true
      ansible.builtin.get_url:
        url: "{{ rke2_install_bash_url }}"
        dest: "{{ rke2_airgap_copy_sourcepath }}/rke2.sh"
        mode: 0700
        owner: "{{ lookup('env', 'USER') }}"
        timeout: "{{ rke2_artifact_fetch_timeout }}"
    - name: Copy local RKE2 files to remote hosts
      ansible.builtin.copy:
        src: "{{ rke2_airgap_copy_sourcepath }}/"
        dest: "{{ rke2_artifact_path }}/"
        mode: 0640
    - name: Copy local RKE2 install script to remote hosts
      ansible.builtin.copy:
        src: "{{ rke2_airgap_copy_sourcepath }}/rke2.sh"
        dest: "{{ rke2_install_script_dir }}/rke2.sh"
        mode: 0700

- name: Copy local RKE2 artifacts
  ansible.builtin.copy:
    src: "{{ rke2_airgap_copy_sourcepath }}/{{ item }}"
    dest: "{{ rke2_artifact_path }}/{{ item }}"
    mode: 0640
    force: yes
  with_items: "{{ rke2_artifact }}"
  when:
    - rke2_airgap_mode
    - rke2_airgap_implementation == 'copy'

- name: Airgap mode - additional images tarballs
  when:
    - rke2_airgap_mode
    - ( rke2_airgap_copy_additional_tarballs | length > 0 )
    - rke2_airgap_implementation != 'exists'
  block:
    - name: Create additional images tarballs folder
      ansible.builtin.file:
        path: "{{ rke2_tarball_images_path }}"
        state: directory
        mode: 0700
    - name: Copy additional tarball images RKE2 components
      ansible.builtin.copy:
        src: "{{ rke2_airgap_copy_sourcepath }}/{{ item }}"
        dest: "{{ rke2_tarball_images_path }}/{{ item }}"
        mode: 0644
        force: yes
      with_items: "{{ rke2_airgap_copy_additional_tarballs }}"

- name: Airgap mode - ensure artifacts exist and have acceptable permissions # only modifies permissions if they are overprivileged
  when:
    - rke2_airgap_mode
    - rke2_airgap_implementation == 'exists'
  block:
    - name: Register artifacts
      ansible.builtin.stat:
        path: "{{ rke2_artifact_path }}/{{ item }}"
      with_items: "{{ rke2_artifact }}"
      register: artifacts
    - name: Register install script
      ansible.builtin.stat:
        path: "{{ rke2_install_script_dir }}/rke2.sh"
      register: install_script
    - name: Register artifact facts
      ansible.builtin.set_fact:
        artifacts_writeable: "{{ artifacts.values() | map(attribute='writeable') | list | bool }}"
    - name: Make the artifacts read-only
      ansible.builtin.file:
        path: "{{ rke2_artifact_path }}/{{ item }}"
        mode: 0640
      with_items: "{{ rke2_artifact }}"
      when: artifacts_writeable
    - name: Make the install script executable.
      ansible.builtin.file:
        path: "{{ rke2_install_script_dir }}/rke2.sh"
        mode: 0700
      when:
        - install_script.stat.writeable
        - not install_script.stat.executable
    - name: Install script must be executable
      ansible.builtin.fail:
        msg: "The install script at {{ rke2_install_script_dir }}/rke2.sh must be executable."
      when: not install_script.stat.executable

- name: Populate service facts
  ansible.builtin.service_facts:

- name: Get stats of the FS object
  ansible.builtin.stat:
    path: /usr/local
  register: usr_local

- name: Check if separate partition
  ansible.builtin.command: grep '/usr/local ' /proc/mounts
  changed_when: false
  register: partition_result
  failed_when: partition_result.rc >= 2
  check_mode: false

- name: Set RKE2 bin path
  ansible.builtin.set_fact:
    rke2_bin_path: "{{ '/usr/local/bin/rke2' if (not usr_local.stat.writeable) or (partition_result.rc == 1) else '/opt/rke2/bin/rke2' }}"

- name: Check RKE2 version
  ansible.builtin.shell: |
    set -euo pipefail

    rke2_bin_path="{{ rke2_bin_path }}"
    rke2_service_name="{{ rke2_service_name }}"
    rke2_version="{{ rke2_version }}"

    if [ -f "$rke2_bin_path" ]; then
      installed_version="$($rke2_bin_path --version | awk '/rke2 version/ {print $3}')"
    else
      installed_version="not installed"
    fi

    if systemctl is-active --quiet $rke2_service_name && rke2_service_pid=$(systemctl show $rke2_service_name --property MainPID --value); then
      rke2_bin_path="$(realpath "/proc/$rke2_service_pid/exe")"
    fi

    # Linux appends the target of removed proc exe with ' (deleted)', making the path unavailable.
    if [ -f "$rke2_bin_path" ]; then
      running_version="$($rke2_bin_path --version | awk '/rke2 version/ {print $3}')"
    elif [ "$installed_version" = "not installed" ]; then
      running_version="$rke2_version"
    else
      running_version="outdated"
    fi

    echo "{\"installed_version\":\"$installed_version\",\"running_version\":\"$running_version\"}"
  args:
    executable: /bin/bash
  changed_when: false
  register: versions_check

- name: Set RKE2 versions
  when: not ansible_check_mode
  ansible.builtin.set_fact:
    installed_version: "{{ versions.installed_version }}"
    running_version: "{{ versions.running_version }}"
  vars:
    versions: "{{ versions_check.stdout | from_json }}"

- name: Prevent accidental RKE2 downgrade
  when: not ansible_check_mode and installed_version != "not installed" and not rke2_allow_downgrade
  ansible.builtin.assert:
    that:
      - >
        (rke2_version_clean is version(running_version_clean, '>=')) or
        (rke2_version_clean is version(running_version_clean, '<') and rke2_allow_downgrade)
    fail_msg: >
      Version downgrade is not allowed unless explicitly permitted.
      Current running version: {{ running_version_clean }},
      desired version: {{ rke2_version_clean }}.
      Set 'rke2_allow_downgrade: true' to allow downgrades.
    success_msg: >
      Version check passed. Current running version: {{ running_version_clean }},
      desired version: {{ rke2_version_clean }}."
  vars:
    rke2_version_clean: "{{ rke2_version | regex_search('v([0-9]+\\.[0-9]+\\.[0-9]+)', '\\1') }}"
    running_version_clean: "{{ running_version | regex_search('v([0-9]+\\.[0-9]+\\.[0-9]+)', '\\1') }}"

- name: Run RKE2 install script
  when: not ansible_check_mode and rke2_version != installed_version
  block:
    - name: Run RKE2 install script with airgap variables
      ansible.builtin.command:
        cmd: "{{ rke2_install_script_dir }}/rke2.sh"
      environment:
        INSTALL_RKE2_ARTIFACT_PATH: "{{ rke2_artifact_path }}"
        INSTALL_RKE2_AGENT_IMAGES_DIR: "{{ rke2_data_path }}/agent/images"
        INSTALL_RKE2_METHOD: "{{ rke2_method }}"
      changed_when: false
      when: rke2_airgap_mode
    - name: Run RKE2 install script without airgap variables
      ansible.builtin.command:
        cmd: "{{ rke2_install_script_dir }}/rke2.sh"
      environment:
        INSTALL_RKE2_VERSION: "{{ rke2_version }}"
        INSTALL_RKE2_CHANNEL_URL: "{{ rke2_channel_url }}"
        INSTALL_RKE2_CHANNEL: "{{ rke2_channel }}"
        INSTALL_RKE2_METHOD: "{{ rke2_method }}"
      changed_when: false
      when: not rke2_airgap_mode

- name: Copy Custom Manifests
  ansible.builtin.template:
    src: "{{ item }}"
    dest: "{{ rke2_data_path }}/server/manifests/"
    owner: root
    group: root
    mode: 0644
  with_items: "{{ rke2_custom_manifests }}"
  when: rke2_custom_manifests | length > 0

- name: Copy Static Pods
  ansible.builtin.copy:
    src: "{{ item }}"
    dest: "{{ rke2_data_path }}/agent/pod-manifests/"
    owner: root
    group: root
    mode: 0644
  with_items: "{{ rke2_static_pods }}"
  when: rke2_static_pods

- name: Copy RKE2 environment file
  ansible.builtin.template:
    src: rke2_environment.j2
    dest: "/etc/default/rke2-{{ rke2_type }}"
    owner: root
    group: root
    mode: 0644
  when:
    - rke2_environment_options is defined
    - rke2_environment_options|length > 0

 70%|███████   | 70/100 [08:37<06:04, 12.15s/it]
Total input tokens: 3341
___________________________________________LLM Output:___________________________________________ 
Below you will receive task descriptions from which you should generate an Ansible Playbook.  
The generated playbook must be valid inside an Ansible Role under the tasks/ directory (e.g., tasks/main.yml).  
Do not include hosts:, vars:, or any playbook-level headers. Only output valid task entries or blocks as expected in a role.  

Task 1: Download RKE2 installation script if not in airgap mode.  
Description Task 1: This task downloads the RKE2 installation script from a specified URL, setting the appropriate file permissions and timeout. It only executes when the `rke2_airgap_mode` is not enabled.

Task 2: Copy local RKE2 installation script if in airgap mode using the 'copy' method.  
Description Task 2: This task copies a local RKE2 installation script to the designated directory when `rke2_airgap_mode` is enabled and the `rke2_airgap_implementation` is set to 'copy'. It enforces file permissions and uses the `force` option to overwrite any existing files.

Task 3: Create RKE2 artifacts folder if in airgap mode and the implementation is not 'exists'.  
Description Task 3: This task creates a directory for RKE2 artifacts under certain conditions. It runs when `rke2_airgap_mode` is enabled, and the `rke2_airgap_implementation` is not set to 'exists', ensuring the directory has the correct permissions.

Task 4: Download RKE2 checksum and artifacts with a fallback mechanism for airgap mode using the 'download' method.  
Description Task 4: This task block is responsible for downloading the RKE2 checksum file and artifacts, with a fallback mechanism. It attempts remote download first and, if it fails, downloads locally and pushes to remote hosts. It handles checksum validation and retries downloading the installation script.

Task 5: Copy local RKE2 artifacts if in airgap mode using the 'copy' method.  
Description Task 5: This task copies specific RKE2 artifacts to the target directory when `rke2_airgap_mode` is enabled and the `rke2_airgap_implementation` is set to 'copy'. It ensures correct permissions are set and uses the `force` option.

Task 6: Handle additional tarballs in airgap mode if not using 'exists' implementation.  
Description Task 6: This task block manages additional images tarballs in airgap mode. It creates a directory for these tarballs and copies them if the `rke2_airgap_copy_additional_tarballs` list is not empty and the implementation is not 'exists'.

Task 7: Ensure artifacts exist and have acceptable permissions in airgap mode with 'exists' implementation.  
Description Task 7: This task block ensures that RKE2 artifacts exist and have appropriate permissions when in airgap mode with the 'exists' implementation. It checks and adjusts file permissions and confirms that the installation script is executable.

Task 8: Populate service facts to gather information about system services.  
Description Task 8: This task gathers facts about system services, which can be used in subsequent tasks to make decisions based on the current state of services on the system.

Task 9: Get filesystem statistics for the /usr/local directory.  
Description Task 9: This task retrieves filesystem statistics for the /usr/local directory, storing the information for later use in determining the appropriate RKE2 binary path.

Task 10: Check if /usr/local is on a separate partition.  
Description Task 10: This task checks if the /usr/local directory is mounted on a separate partition by examining the /proc/mounts file. It sets a condition based on the output to determine the correct RKE2 binary path.

Task 11: Determine the RKE2 binary path based on filesystem checks.  
Description Task 11: This task sets the RKE2 binary path variable based on whether /usr/local is writeable or on a separate partition, ensuring the correct path is used for RKE2 installations.

Task 12: Check the installed and running RKE2 versions.  
Description Task 12: This task determines the installed and running RKE2 versions by examining the RKE2 binary and service status. It outputs the results in JSON format for further processing.

Task 13: Set RKE2 version facts based on the version check results.  
Description Task 13: This task sets Ansible facts for the installed and running RKE2 versions using the results from the version check task, provided the playbook is not in check mode.

Task 14: Prevent accidental RKE2 downgrade unless explicitly allowed.  
Description Task 14: This task asserts that a downgrade of RKE2 is not allowed unless explicitly permitted. It compares the desired version with the running version and fails if a downgrade is detected without permission.

Task 15: Run RKE2 install script if the version needs to be updated.  
Description Task 15: This task block runs the RKE2 installation script if the current version does not match the desired version. It handles both airgap and non-airgap scenarios, setting the appropriate environment variables.

Task 16: Copy custom manifests if they are defined.  
Description Task 16: This task copies custom RKE2 manifests to the server's manifests directory if any custom manifests are defined.

Task 17: Copy static pods if they are defined.  
Description Task 17: This task copies static pod manifests to the agent's pod-manifests directory if any static pods are specified.

Task 18: Copy RKE2 environment file if environment options are defined.  
Description Task 18: This task copies the RKE2 environment file to the appropriate location, applying it only if environment options are defined and non-empty.

Tue Sep 30 17:03:32 2025: /home/studgoetsi5301/documents/ansible_bench/dataset/prompts/ollama_phi4:14b_english_exact/benchmark100/ansible-role-rke2/tasks/rke2_prompt.txt Total generation time: 23.576334090990713


Prompt: You are a professional developer. Below you will find a complete Ansible Playbook. This playbook was generated based on a prompt. Your task is to reconstruct the original prompt that could have been used to generate this playbook.

Important: The only output follows the format below. Do not include any explanations or comments before or after.

The reconstructed prompt must exactly follow the structure below:

"Below you will receive task descriptions from which you should generate an Ansible Playbook.  
The generated playbook must be valid inside an Ansible Role under the tasks/ directory (e.g., tasks/main.yml).  
Do not include hosts:, vars:, or any playbook-level headers. Only output valid task entries or blocks as expected in a role.  

Task 1: ...
Description Task 1: ...

Task 2: ...
Description Task 2: ...

Task 3: ...
Description Task 3: ...
..."

Guidelines:
- Each task should be short and clearly describe one specific action.
- The tasks must match the actual tasks in the playbook **both in content and order**.
- Use the exact terminology and labels as used in the playbook (e.g., “install nginx” instead of “install web server”).
- Provide a more detailed description of the task next to each task
- Include the exact names of variables, handlers, etc. used in the playbook.

Here is the Ansible Playbook:
- name: Restore etcd - get all nodes
  ansible.builtin.shell: |
    {{ rke2_data_path }}/bin/kubectl --kubeconfig /etc/rancher/rke2/rke2.yaml \
    get nodes --no-headers -o custom-columns=":metadata.name"
  args:
    executable: /bin/bash
  changed_when: false
  register: node_names

- name: Restore etcd - remove old nodes
  ansible.builtin.shell: |
    {{ rke2_data_path }}/bin/kubectl --kubeconfig /etc/rancher/rke2/rke2.yaml \
    delete node {{ item }} 2>&1 || true
  args:
    executable: /bin/bash
  with_items: "{{ node_names.stdout_lines | difference(groups[rke2_cluster_group_name]) }}"
  changed_when: false


Total input tokens: 459
___________________________________________LLM Output:___________________________________________ 
Below you will receive task descriptions from which you should generate an Ansible Playbook.  
The generated playbook must be valid inside an Ansible Role under the tasks/ directory (e.g., tasks/main.yml).  
Do not include hosts:, vars:, or any playbook-level headers. Only output valid task entries or blocks as expected in a role.  

Task 1: Retrieve all node names from an etcd cluster  
Description Task 1: Use a shell command to retrieve all node names from the etcd cluster using kubectl with a specified kubeconfig file. Register the output for further processing.

Task 2: Delete old nodes from the etcd cluster  
Description Task 2: Remove nodes that are no longer part of the cluster by comparing the retrieved node names against a current list of nodes in the cluster group. Use a shell command to delete each old node, ensuring the process continues even if some deletions fail. 71%|███████   | 71/100 [08:40<04:38,  9.61s/it] 72%|███████▏  | 72/100 [08:44<03:41,  7.91s/it]

Tue Sep 30 17:03:36 2025: /home/studgoetsi5301/documents/ansible_bench/dataset/prompts/ollama_phi4:14b_english_exact/benchmark100/ansible-role-rke2/tasks/first_server_restore_prompt.txt Total generation time: 3.6930004190071486


Prompt: You are a professional developer. Below you will find a complete Ansible Playbook. This playbook was generated based on a prompt. Your task is to reconstruct the original prompt that could have been used to generate this playbook.

Important: The only output follows the format below. Do not include any explanations or comments before or after.

The reconstructed prompt must exactly follow the structure below:

"Below you will receive task descriptions from which you should generate an Ansible Playbook.  
The generated playbook must be valid inside an Ansible Role under the tasks/ directory (e.g., tasks/main.yml).  
Do not include hosts:, vars:, or any playbook-level headers. Only output valid task entries or blocks as expected in a role.  

Task 1: ...
Description Task 1: ...

Task 2: ...
Description Task 2: ...

Task 3: ...
Description Task 3: ...
..."

Guidelines:
- Each task should be short and clearly describe one specific action.
- The tasks must match the actual tasks in the playbook **both in content and order**.
- Use the exact terminology and labels as used in the playbook (e.g., “install nginx” instead of “install web server”).
- Provide a more detailed description of the task next to each task
- Include the exact names of variables, handlers, etc. used in the playbook.

Here is the Ansible Playbook:
---
- name: Create the RKE2 manifests directory
  ansible.builtin.file:
    state: directory
    path: "{{ rke2_data_path }}/server/manifests"
    owner: root
    group: root
    mode: 0700

- name: Copy ingress-nginx files to first server
  ansible.builtin.template:
    src: "templates/ingress-nginx-config.yml.j2"
    dest: "{{ rke2_data_path }}/server/manifests/rke2-ingress-nginx-config.yaml"
    owner: root
    group: root
    mode: 0664


Total input tokens: 411
___________________________________________LLM Output:___________________________________________ 
Below you will receive task descriptions from which you should generate an Ansible Playbook.  
The generated playbook must be valid inside an Ansible Role under the tasks/ directory (e.g., tasks/main.yml).  
Do not include hosts:, vars:, or any playbook-level headers. Only output valid task entries or blocks as expected in a role.  

Task 1: Create a directory for RKE2 server manifests with appropriate permissions.  
Description Task 1: This task ensures that the directory specified by `{{ rke2_data_path }}/server/manifests` exists, and sets the directory permissions to 0700 with root as the owner and group.

Task 2: Deploy ingress-nginx configuration using a Jinja2 template.  
Description Task 2: This task copies a Jinja2 template file `ingress-nginx-config.yml.j2` from the templates directory to the server manifest directory as `rke2-ingress-nginx-config.yaml`, setting permissions to 0664, with root as the owner and group.

Tue Sep 30 17:03:40 2025: /home/studgoetsi5301/documents/ansible_bench/dataset/prompts/ollama_phi4:14b_english_exact/benchmark100/ansible-role-rke2/tasks/ingress-nginx_prompt.txt Total generation time: 3.939342667988967


Prompt: You are a professional developer. Below you will find a complete Ansible Playbook. This playbook was generated based on a prompt. Your task is to reconstruct the original prompt that could have been used to generate this playbook.

Important: The only output follows the format below. Do not include any explanations or comments before or after.

The reconstructed prompt must exactly follow the structure below:

"Below you will receive task descriptions from which you should generate an Ansible Playbook.  
The generated playbook must be valid inside an Ansible Role under the tasks/ directory (e.g., tasks/main.yml).  
Do not include hosts:, vars:, or any playbook-level headers. Only output valid task entries or blocks as expected in a role.  

Task 1: ...
Description Task 1: ...

Task 2: ...
Description Task 2: ...

Task 3: ...
Description Task 3: ...
..."

Guidelines:
- Each task should be short and clearly describe one specific action.
- The tasks must match the actual tasks in the playbook **both in content and order**.
- Use the exact terminology and labels as used in the playbook (e.g., “install nginx” instead of “install web server”).
- Provide a more detailed description of the task next to each task
- Include the exact names of variables, handlers, etc. used in the playbook.

Here is the Ansible Playbook:
---
- name: Create the RKE2 config dir
  ansible.builtin.file:
    state: directory
    path: /etc/rancher/rke2
    owner: root
    group: root
    mode: 0755

- name: Set server taints
  ansible.builtin.set_fact:
    combined_node_taints: "{{ rke2_server_node_taints }}"
  when: rke2_type == 'server'

- name: Copy rke2 config
  ansible.builtin.template:
    src: "{{ rke2_config }}"
    dest: /etc/rancher/rke2/config.yaml
    owner: root
    group: root
    mode: 0600
  notify: "Config file changed"

- name: Copy kubelet config
  ansible.builtin.template:
    src: templates/kubelet-config.yaml.j2
    dest: /etc/rancher/rke2/kubelet-config.yaml
    owner: root
    group: root
    mode: 0600
  when: rke2_kubelet_config | length > 0
  notify: "Config file changed"

- name: Copy Containerd Registry Configuration file
  ansible.builtin.template:
    src: "{{ rke2_custom_registry_path }}"
    dest: /etc/rancher/rke2/registries.yaml
    owner: root
    group: root
    mode: 0600
  when: (rke2_custom_registry_mirrors | length > 0 or rke2_custom_registry_configs | length > 0)
  notify: "Config file changed"

- name: Register if we need to do a etcd restore from file
  ansible.builtin.set_fact:
    do_etcd_restore: true
  when: (rke2_etcd_snapshot_file | length > 0) and ((ansible_facts.services['rke2-server.service'] is not defined) or (ansible_facts.services['rke2-server.service']['status'] == 'disabled'))

- name: Register if we need to do a etcd restore from s3
  ansible.builtin.set_fact:
    do_etcd_restore_from_s3: true
  when:
    - rke2_etcd_snapshot_file | length > 0
    - rke2_etcd_snapshot_s3_options is defined
    - rke2_etcd_snapshot_s3_options.access_key
    - rke2_etcd_snapshot_s3_options.secret_key
    - rke2_etcd_snapshot_s3_options.bucket
    - rke2_etcd_snapshot_s3_options.snapshot_name

- name: Restore etcd from file
  when: do_etcd_restore is defined
  block:
    - name: Create the RKE2 etcd snapshot dir
      ansible.builtin.file:
        state: directory
        path: "{{ rke2_etcd_snapshot_destination_dir }}"
        recurse: true
        mode: 0755
    - name: Copy etcd snapshot file
      ansible.builtin.copy:
        src: "{{ rke2_etcd_snapshot_source_dir }}/{{ rke2_etcd_snapshot_file }}"
        dest: "{{ rke2_etcd_snapshot_destination_dir }}/{{ rke2_etcd_snapshot_file }}"
        mode: 0644
        force: true
    - name: Restore etcd from a snapshot
      ansible.builtin.shell: |
        rke2 server \
        --cluster-reset \
        --cluster-reset-restore-path="{{ rke2_etcd_snapshot_destination_dir }}/{{ rke2_etcd_snapshot_file }}" \
        --token {{ rke2_token }}
      register: task_output # <- Registers the command output.
      changed_when: task_output.rc != 0 # <- Uses the return code to define when the task has changed.
      when: not ansible_check_mode

- name: Restore etcd from s3
  when: do_etcd_restore_from_s3 is defined
  block:
    - name: Restore etcd from a s3 snapshot
      ansible.builtin.shell: |
        rke2 server \
        --cluster-reset \
        --etcd-s3 \
        --cluster-reset-restore-path="{{ rke2_etcd_snapshot_s3_options.snapshot_name }}" \
        --etcd-s3-bucket="{{ rke2_etcd_snapshot_s3_options.bucket }}" \
        --etcd-s3-access-key="{{ rke2_etcd_snapshot_s3_options.access_key }}" \
        --etcd-s3-secret-key="{{ rke2_etcd_snapshot_s3_options.secret_key }}" \
        --etcd-s3-endpoint="{{ rke2_etcd_snapshot_s3_options.s3_endpoint }}" \
        {{ ('--etcd-s3-region=' + rke2_etcd_snapshot_s3_options.region) if rke2_etcd_snapshot_s3_options.region is defined else '' }} \
        {{ ('--etcd-s3-endpoint-ca=' + rke2_etcd_snapshot_s3_options.endpoint_ca) if rke2_etcd_snapshot_s3_options.endpoint_ca is defined else '' }} \
        {{ ('--etcd-s3-folder=' + rke2_etcd_snapshot_s3_options.folder) if rke2_etcd_snapshot_s3_options.folder is defined else '' }} \
        {{ ('--etcd-s3-skip-ssl-verify=' + rke2_etcd_snapshot_s3_options.skip_ssl_verify) if rke2_etcd_snapshot_s3_options.skip_ssl_verify is defined else '' }} \
        --token {{ rke2_token }}
      register: task_output # <- Registers the command output.
      changed_when: task_output.rc != 0 # <- Uses the return code to define when the task has changed.
      when: not ansible_check_mode

- name: Start RKE2 service on the first server
  ansible.builtin.systemd:
    name: "rke2-server.service"
    state: started
    enabled: true
  environment:
    RKE2_TOKEN: "{{ rke2_token }}"
  notify: "Service (re)started"

- name: Mask RKE2 agent service on the first server
  ansible.builtin.systemd:
    name: "rke2-agent.service"
    enabled: false
    masked: true

- name: Wait for the first server be ready - no CNI
  ansible.builtin.shell: |
    {{ rke2_data_path }}/bin/kubectl --kubeconfig /etc/rancher/rke2/rke2.yaml get node "{{ rke2_node_name }}" -o jsonpath='{range .status.conditions[*]}{.message}{"\n"}{end}'
  args:
    executable: /bin/bash
  changed_when: false
  register: node_status
  until:
    - '"kubelet has sufficient memory available"  in node_status.stdout_lines'
    - '"kubelet has no disk pressure"  in node_status.stdout_lines'
    - '"kubelet has sufficient PID available"  in node_status.stdout_lines'
    - ('"cni plugin not initialized" in node_status.stdout' or '"kubelet is posting ready status." in node_status.stdout')
  retries: 100
  delay: 15
  when:
    - not ansible_check_mode
    - rke2_cni == 'none'

- name: Wait for the first server be ready - with CNI
  ansible.builtin.shell: |
    set -o pipefail
    {{ rke2_data_path }}/bin/kubectl --kubeconfig /etc/rancher/rke2/rke2.yaml get nodes | grep "{{ rke2_node_name }}"
  args:
    executable: /bin/bash
  changed_when: false
  register: first_server
  until: '" Ready "  in first_server.stdout'
  retries: 40
  delay: 15
  when:
    - not ansible_check_mode
    - rke2_cni != 'none'

- name: Restore etcd
  when: do_etcd_restore is defined or do_etcd_restore_from_s3 is defined
  block:
    - name: Get registered nodes
      ansible.builtin.shell:
        cmd: |
          set -o pipefail
          {{ rke2_data_path }}/bin/kubectl --kubeconfig /etc/rancher/rke2/rke2.yaml \
          get nodes --no-headers | awk '{print $1}'
      args:
        executable: /bin/bash
      changed_when: false
      register: registered_node_names

    - name: Get all node names
      ansible.builtin.set_fact:
        node_names: "{{ hostvars | dict2items | map(attribute='value.rke2_node_name') }}"
      run_once: true
      register: node_names

    - name: Remove old <node>.node-password.rke2 secrets
      ansible.builtin.shell: |
        {{ rke2_data_path }}/bin/kubectl --kubeconfig /etc/rancher/rke2/rke2.yaml \
        delete secret {{ item }}.node-password.rke2 -n kube-system 2>&1 || true
      args:
        executable: /bin/bash
      with_items: "{{ registered_node_names.stdout_lines | difference(node_names) }}"
      changed_when: false

    - name: Remove old nodes
      ansible.builtin.shell: |
        {{ rke2_data_path }}/bin/kubectl --kubeconfig /etc/rancher/rke2/rke2.yaml \
        delete node {{ item }} 2>&1 || true
      args:
        executable: /bin/bash
      with_items: "{{ registered_node_names.stdout_lines | difference(node_names) }}"
      changed_when: false

- name: Set an Active Server variable
  ansible.builtin.set_fact:
    active_server: "{{ inventory_hostname }}"
  delegate_to: "{{ item }}"
  delegate_facts: true
  loop: "{{ groups[rke2_cluster_group_name] }}"

 73%|███████▎  | 73/100 [09:06<05:24, 12.00s/it]
Total input tokens: 2347
___________________________________________LLM Output:___________________________________________ 
Below you will receive task descriptions from which you should generate an Ansible Playbook.  
The generated playbook must be valid inside an Ansible Role under the tasks/ directory (e.g., tasks/main.yml).  
Do not include hosts:, vars:, or any playbook-level headers. Only output valid task entries or blocks as expected in a role.  

Task 1: Create the RKE2 configuration directory.  
Description Task 1: Set up a directory at `/etc/rancher/rke2` with root ownership and 0755 permissions to store RKE2 configurations.

Task 2: Set server-specific node taints.  
Description Task 2: Assign node taints specifically for RKE2 server nodes using the `rke2_server_node_taints` variable, conditional on `rke2_type` being 'server'.

Task 3: Template the RKE2 configuration file.  
Description Task 3: Use a template for the RKE2 configuration file, copying it from `{{ rke2_config }}` to `/etc/rancher/rke2/config.yaml` with root ownership and 0600 permissions. Trigger the "Config file changed" handler upon completion.

Task 4: Template the kubelet configuration file.  
Description Task 4: Conditionally create a kubelet configuration file from a template `templates/kubelet-config.yaml.j2` to `/etc/rancher/rke2/kubelet-config.yaml` if `rke2_kubelet_config` is not empty, with root ownership and 0600 permissions, triggering the "Config file changed" handler.

Task 5: Configure Containerd registry settings.  
Description Task 5: Conditionally copy a Containerd registry configuration file from `{{ rke2_custom_registry_path }}` to `/etc/rancher/rke2/registries.yaml` if either `rke2_custom_registry_mirrors` or `rke2_custom_registry_configs` are not empty, with root ownership and 0600 permissions, triggering the "Config file changed" handler.

Task 6: Determine if an etcd restore from a file is necessary.  
Description Task 6: Set a fact `do_etcd_restore` to true if an etcd snapshot file is specified and the `rke2-server` service is not running or is disabled.

Task 7: Determine if an etcd restore from S3 is necessary.  
Description Task 7: Set a fact `do_etcd_restore_from_s3` to true if an etcd snapshot file is specified along with defined S3 credentials and bucket information.

Task 8: Restore etcd from a snapshot file.  
Description Task 8: If `do_etcd_restore` is true, create the snapshot directory, copy the snapshot file, and execute the `rke2 server` command to restore etcd from the snapshot, registering the task output and marking the task as changed if the return code is non-zero.

Task 9: Restore etcd from an S3 snapshot.  
Description Task 9: If `do_etcd_restore_from_s3` is true, execute the `rke2 server` command with S3 options to restore etcd from an S3 snapshot, registering the task output and marking the task as changed if the return code is non-zero.

Task 10: Start the RKE2 server service.  
Description Task 10: Start and enable the `rke2-server.service`, setting the `RKE2_TOKEN` environment variable, and notify "Service (re)started" upon completion.

Task 11: Mask the RKE2 agent service.  
Description Task 11: Disable and mask the `rke2-agent.service` to prevent it from starting.

Task 12: Wait for the first server to be ready without CNI.  
Description Task 12: Check the server readiness status for specific conditions using `kubectl`, retrying 100 times with a 15-second delay, only if `rke2_cni` is set to 'none'.

Task 13: Wait for the first server to be ready with CNI.  
Description Task 13: Check if the server is marked as "Ready" using `kubectl`, retrying 40 times with a 15-second delay, only if `rke2_cni` is not 'none'.

Task 14: Clean up old nodes and secrets if restoring etcd.  
Description Task 14: If either `do_etcd_restore` or `do_etcd_restore_from_s3` is true, retrieve registered node names, identify nodes no longer present, and delete associated secrets and nodes.

Task 15: Set the active server variable.  
Description Task 15: Set a fact `active_server` to the current inventory hostname by delegating to each host in the `rke2_cluster_group_name` group.

Tue Sep 30 17:04:01 2025: /home/studgoetsi5301/documents/ansible_bench/dataset/prompts/ollama_phi4:14b_english_exact/benchmark100/ansible-role-rke2/tasks/first_server_prompt.txt Total generation time: 21.548659792999388


Prompt: You are a professional developer. Below you will find a complete Ansible Playbook. This playbook was generated based on a prompt. Your task is to reconstruct the original prompt that could have been used to generate this playbook.

Important: The only output follows the format below. Do not include any explanations or comments before or after.

The reconstructed prompt must exactly follow the structure below:

"Below you will receive task descriptions from which you should generate an Ansible Playbook.  
The generated playbook must be valid inside an Ansible Role under the tasks/ directory (e.g., tasks/main.yml).  
Do not include hosts:, vars:, or any playbook-level headers. Only output valid task entries or blocks as expected in a role.  

Task 1: ...
Description Task 1: ...

Task 2: ...
Description Task 2: ...

Task 3: ...
Description Task 3: ...
..."

Guidelines:
- Each task should be short and clearly describe one specific action.
- The tasks must match the actual tasks in the playbook **both in content and order**.
- Use the exact terminology and labels as used in the playbook (e.g., “install nginx” instead of “install web server”).
- Provide a more detailed description of the task next to each task
- Include the exact names of variables, handlers, etc. used in the playbook.

Here is the Ansible Playbook:
---
- name: Download RKE2 kubeconfig to localhost
  ansible.builtin.fetch:
    src: /etc/rancher/rke2/rke2.yaml
    dest: "{{ rke2_download_kubeconf_path }}/{{ rke2_download_kubeconf_file_name }}"
    flat: yes
  when:
  - rke2_download_kubeconf | bool
  - inventory_hostname == groups[rke2_servers_group_name].0

- name: Replace loopback IP by master server IP
  ansible.builtin.replace:
    path: "{{ rke2_download_kubeconf_path }}/{{ rke2_download_kubeconf_file_name }}"
    mode: '0600'
    regexp: '127\.0\.0\.1|\[::1\]'
    replace: "{{ rke2_api_ip | default(hostvars[groups[rke2_servers_group_name].0].ansible_host) | ansible.utils.ipwrap }}"
  delegate_to: localhost
  become: false
  when:
  - not ansible_check_mode
  - rke2_download_kubeconf | bool
  - inventory_hostname == groups[rke2_servers_group_name].0


Total input tokens: 523
___________________________________________LLM Output:___________________________________________ 
Below you will receive task descriptions from which you should generate an Ansible Playbook.  
The generated playbook must be valid inside an Ansible Role under the tasks/ directory (e.g., tasks/main.yml).  
Do not include hosts:, vars:, or any playbook-level headers. Only output valid task entries or blocks as expected in a role.  

Task 1: Download the RKE2 kubeconfig file to a specified path on localhost.  
Description Task 1: This task uses the `ansible.builtin.fetch` module to copy the RKE2 kubeconfig file from the source path `/etc/rancher/rke2/rke2.yaml` to the destination path specified by the variables `rke2_download_kubeconf_path` and `rke2_download_kubeconf_file_name` on localhost. The task ensures the file is downloaded only if the variable `rke2_download_kubeconf` is true and the current host is the first in the `rke2_servers_group_name` group.

Task 2: Replace loopback IP addresses in the downloaded kubeconfig file with the master server IP.  
Description Task 2: This task uses the `ansible.builtin.replace` module to substitute loopback IP addresses (`127.0.0.1` and `[::1]`) in the downloaded kubeconfig file with the master server IP address. The IP address is determined by the variable `rke2_api_ip` or, if not set, defaults to the host IP of the first server in the `rke2_servers_group_name` group. The file permissions are set to `0600`. This task is executed on localhost and is skipped in check mode. It only runs if the variable `rke2_download_kubeconf` is true and the current host is the first in the `rke2_servers_group_name` group. 74%|███████▍  | 74/100 [09:12<04:29, 10.38s/it] 75%|███████▌  | 75/100 [09:17<03:36,  8.65s/it]

Tue Sep 30 17:04:08 2025: /home/studgoetsi5301/documents/ansible_bench/dataset/prompts/ollama_phi4:14b_english_exact/benchmark100/ansible-role-rke2/tasks/download_kubeconfig_prompt.txt Total generation time: 6.579835363998427


Prompt: You are a professional developer. Below you will find a complete Ansible Playbook. This playbook was generated based on a prompt. Your task is to reconstruct the original prompt that could have been used to generate this playbook.

Important: The only output follows the format below. Do not include any explanations or comments before or after.

The reconstructed prompt must exactly follow the structure below:

"Below you will receive task descriptions from which you should generate an Ansible Playbook.  
The generated playbook must be valid inside an Ansible Role under the tasks/ directory (e.g., tasks/main.yml).  
Do not include hosts:, vars:, or any playbook-level headers. Only output valid task entries or blocks as expected in a role.  

Task 1: ...
Description Task 1: ...

Task 2: ...
Description Task 2: ...

Task 3: ...
Description Task 3: ...
..."

Guidelines:
- Each task should be short and clearly describe one specific action.
- The tasks must match the actual tasks in the playbook **both in content and order**.
- Use the exact terminology and labels as used in the playbook (e.g., “install nginx” instead of “install web server”).
- Provide a more detailed description of the task next to each task
- Include the exact names of variables, handlers, etc. used in the playbook.

Here is the Ansible Playbook:
---
- name: Summary
  when: inventory_hostname == groups[rke2_servers_group_name].0
  block:
    - name: Prepare summary
      ansible.builtin.shell: |
        set -e
        {{ rke2_data_path }}/bin/kubectl --kubeconfig /etc/rancher/rke2/rke2.yaml get nodes -o wide --show-labels
      args:
        executable: /bin/bash
      changed_when: false
      retries: 5
      register: nodes_summary

    - name: K8s nodes state
      ansible.builtin.debug:
        var: nodes_summary.stdout_lines


Total input tokens: 414
___________________________________________LLM Output:___________________________________________ 
Below you will receive task descriptions from which you should generate an Ansible Playbook.  
The generated playbook must be valid inside an Ansible Role under the tasks/ directory (e.g., tasks/main.yml).  
Do not include hosts:, vars:, or any playbook-level headers. Only output valid task entries or blocks as expected in a role.  

Task 1: Prepare a summary of K8s nodes when the current host is the first in the rke2_servers_group.
Description Task 1: Execute a shell command to retrieve and display the state of K8s nodes including their labels using the kubectl tool. Ensure the command runs only when the current host matches the first host in the rke2_servers_group. Use the rke2_data_path variable for the path to the kubectl binary and /etc/rancher/rke2/rke2.yaml for the kubeconfig file. Set the shell executable to /bin/bash, and configure the task to not mark the host as changed. Implement retry logic with a maximum of 5 attempts and register the output to a variable named nodes_summary.

Task 2: Display the state of K8s nodes.
Description Task 2: Output the retrieved node information from the nodes_summary variable to the Ansible debug console to display the state of the K8s nodes.

Tue Sep 30 17:04:12 2025: /home/studgoetsi5301/documents/ansible_bench/dataset/prompts/ollama_phi4:14b_english_exact/benchmark100/ansible-role-rke2/tasks/summary_prompt.txt Total generation time: 4.611327582999365


Prompt: You are a professional developer. Below you will find a complete Ansible Playbook. This playbook was generated based on a prompt. Your task is to reconstruct the original prompt that could have been used to generate this playbook.

Important: The only output follows the format below. Do not include any explanations or comments before or after.

The reconstructed prompt must exactly follow the structure below:

"Below you will receive task descriptions from which you should generate an Ansible Playbook.  
The generated playbook must be valid inside an Ansible Role under the tasks/ directory (e.g., tasks/main.yml).  
Do not include hosts:, vars:, or any playbook-level headers. Only output valid task entries or blocks as expected in a role.  

Task 1: ...
Description Task 1: ...

Task 2: ...
Description Task 2: ...

Task 3: ...
Description Task 3: ...
..."

Guidelines:
- Each task should be short and clearly describe one specific action.
- The tasks must match the actual tasks in the playbook **both in content and order**.
- Use the exact terminology and labels as used in the playbook (e.g., “install nginx” instead of “install web server”).
- Provide a more detailed description of the task next to each task
- Include the exact names of variables, handlers, etc. used in the playbook.

Here is the Ansible Playbook:
---
- name: Cordon and Drain the node {{ rke2_node_name }}
  ansible.builtin.shell: |
    set -o pipefail
    {{ rke2_data_path }}/bin/kubectl --kubeconfig /etc/rancher/rke2/rke2.yaml \
    cordon "{{ rke2_node_name }}" && \
    {{ rke2_data_path }}/bin/kubectl --kubeconfig /etc/rancher/rke2/rke2.yaml \
    drain "{{ rke2_node_name }}" --ignore-daemonsets --delete-emptydir-data {{ rke2_drain_additional_args }}
  args:
    executable: /bin/bash
  register: drain
  until:
    - drain.stdout is search('drained')
  retries: 100
  delay: 15
  changed_when: false
  delegate_to: "{{ active_server | default(groups[rke2_servers_group_name].0) }}"
  run_once: true
  when: rke2_drain_node_during_upgrade

- name: Restart RKE2 service on {{ rke2_node_name }}
  ansible.builtin.service:
    name: "{{ rke2_service_name }}"
    state: restarted
  notify: "Service (re)started"

- name: Wait for all nodes to be ready again
  ansible.builtin.shell: |
    set -o pipefail
    {{ rke2_data_path }}/bin/kubectl --kubeconfig /etc/rancher/rke2/rke2.yaml get nodes | grep " Ready" | wc -l
  args:
    executable: /bin/bash
  changed_when: false
  register: all_ready_nodes
  until:
    - groups[rke2_cluster_group_name] | length == all_ready_nodes.stdout | int
  retries: 100
  delay: 15
  delegate_to: "{{ active_server | default(groups[rke2_servers_group_name].0) }}"
  run_once: true

- name: Uncordon the node {{ rke2_node_name }}
  ansible.builtin.shell: |
    set -o pipefail
    {{ rke2_data_path }}/bin/kubectl --kubeconfig /etc/rancher/rke2/rke2.yaml \
    uncordon "{{ rke2_node_name }}"
  args:
    executable: /bin/bash
  changed_when: false
  delegate_to: "{{ active_server | default(groups[rke2_servers_group_name].0) }}"
  run_once: true
  when: rke2_drain_node_during_upgrade

- name: Wait for all pods to be ready again
  ansible.builtin.shell: |
    set -o pipefail
    {{ rke2_data_path }}/bin/kubectl --kubeconfig /etc/rancher/rke2/rke2.yaml get pods -A --field-selector=status.phase!=Running,status.phase!=Succeeded --ignore-not-found | wc -l
  args:
    executable: /bin/bash
  changed_when: false
  register: all_pods_ready
  until:
    '"0" in all_pods_ready.stdout'
  retries: 100
  delay: 15
  delegate_to: "{{ active_server | default(groups[rke2_servers_group_name].0) }}"
  run_once: true
  when: rke2_wait_for_all_pods_to_be_ready

- name: Wait for all pods to pass readiness checks
  ansible.builtin.shell: |
    {{ rke2_data_path }}/bin/kubectl --kubeconfig /etc/rancher/rke2/rke2.yaml wait {{ rke2_wait_for_all_pods_to_be_healthy_args }}
  args:
    executable: /bin/bash
  changed_when: false
  retries: 100
  delay: 15
  delegate_to: "{{ active_server | default(groups[rke2_servers_group_name].0) }}"
  run_once: true
  when: rke2_wait_for_all_pods_to_be_healthy


Total input tokens: 1106
___________________________________________LLM Output:___________________________________________ 
Below you will receive task descriptions from which you should generate an Ansible Playbook.  
The generated playbook must be valid inside an Ansible Role under the tasks/ directory (e.g., tasks/main.yml).  
Do not include hosts:, vars:, or any playbook-level headers. Only output valid task entries or blocks as expected in a role.  

Task 1: Cordon and Drain the node during RKE2 upgrade  
Description Task 1: This task is responsible for cordoning and draining a specified node, ensuring it is safely prepared for an upgrade. It uses the `kubectl` command-line tool to cordon and drain the node identified by the variable `rke2_node_name`. The task registers the output in `drain`, retries up to 100 times, and waits 15 seconds between retries until the node is confirmed as drained. It executes conditionally based on the `rke2_drain_node_during_upgrade` variable and delegates the execution to an active server.  

Task 2: Restart the RKE2 service on the node  
Description Task 2: This task restarts the RKE2 service on the specified node to apply any changes or updates. It uses the `ansible.builtin.service` module to restart the service named by the variable `rke2_service_name`. Upon successful completion, it triggers the handler "Service (re)started" to perform any additional actions required after the service restart.  

Task 3: Wait for all nodes to be ready again  
Description Task 3: This task ensures all nodes in the RKE2 cluster are in the "Ready" state before proceeding. It executes a `kubectl` command to count the number of nodes marked as "Ready" and compares this to the expected number of nodes in the `rke2_cluster_group_name`. The task retries up to 100 times, with a 15-second delay between attempts, until the condition is met. Execution is delegated to an active server and runs only once.  

Task 4: Uncordon the node after the upgrade  
Description Task 4: This task uncordons the node after the upgrade process is complete, allowing it to accept workloads again. It uses the `kubectl` command to uncordon the node identified by `rke2_node_name`. The task is conditional on the `rke2_drain_node_during_upgrade` variable and is delegated to an active server, executing only once.  

Task 5: Wait for all pods to be ready again  
Description Task 5: This task waits for all pods in the RKE2 cluster to be in a "Ready" state. It runs a `kubectl` command to count pods that are not in the "Running" or "Succeeded" phase and ensures the count is zero, indicating readiness. The task retries up to 100 times with a 15-second delay between attempts. It is conditional on the `rke2_wait_for_all_pods_to_be_ready` variable and delegates execution to an active server, running only once.  

Task 6: Wait for all pods to pass readiness checks  
Description Task 6: This task waits for all pods to pass their readiness checks, ensuring they are fully operational. It uses a `kubectl wait` command with parameters specified by `rke2_wait_for_all_pods_to_be_healthy_args` to achieve this. The task retries up to 100 times with a 15-second delay between attempts and is conditional on the `rke2_wait_for_all_pods_to_be_healthy` variable. Execution is delegated to an active server and runs only once. 76%|███████▌  | 76/100 [09:29<03:54,  9.77s/it] 77%|███████▋  | 77/100 [09:41<03:54, 10.20s/it]

Tue Sep 30 17:04:25 2025: /home/studgoetsi5301/documents/ansible_bench/dataset/prompts/ollama_phi4:14b_english_exact/benchmark100/ansible-role-rke2/tasks/rolling_restart_prompt.txt Total generation time: 12.392976666000322


Prompt: You are a professional developer. Below you will find a complete Ansible Playbook. This playbook was generated based on a prompt. Your task is to reconstruct the original prompt that could have been used to generate this playbook.

Important: The only output follows the format below. Do not include any explanations or comments before or after.

The reconstructed prompt must exactly follow the structure below:

"Below you will receive task descriptions from which you should generate an Ansible Playbook.  
The generated playbook must be valid inside an Ansible Role under the tasks/ directory (e.g., tasks/main.yml).  
Do not include hosts:, vars:, or any playbook-level headers. Only output valid task entries or blocks as expected in a role.  

Task 1: ...
Description Task 1: ...

Task 2: ...
Description Task 2: ...

Task 3: ...
Description Task 3: ...
..."

Guidelines:
- Each task should be short and clearly describe one specific action.
- The tasks must match the actual tasks in the playbook **both in content and order**.
- Use the exact terminology and labels as used in the playbook (e.g., “install nginx” instead of “install web server”).
- Provide a more detailed description of the task next to each task
- Include the exact names of variables, handlers, etc. used in the playbook.

Here is the Ansible Playbook:
---

- name: Update apt cache
  ansible.builtin.apt:
    update_cache: true
  when: ansible_pkg_mgr == 'apt'

- name: Update dnf cache
  ansible.builtin.dnf:
    update_cache: true
  when: ansible_pkg_mgr == 'dnf'

- name: Install packages
  ansible.builtin.package:
    name: keepalived

- name: Create directory for keepalived
  ansible.builtin.file:
    path: /etc/keepalived
    state: directory
    owner: root
    group: root
    mode: 0755

- name: Create Kubernetes API health check script for Debian OS family
  ansible.builtin.template:
    src: templates/check_apiserver.sh.j2
    dest: /etc/keepalived/check_apiserver.sh
    owner: root
    group: root
    mode: 0755
  when:  ansible_facts['os_family'] == "Debian"
  notify: Restart keepalived

- name: Create Kubernetes API health check script for RedHat OS famliy
  ansible.builtin.template:
    src: templates/check_apiserver.sh.j2
    dest: /usr/libexec/keepalived/check_apiserver.sh
    owner: root
    group: root
    mode: 0755
  when:  ansible_facts['os_family'] == "RedHat"
  notify: Restart keepalived

- name: Create RKE2 Server health check script for Debian OS family
  ansible.builtin.template:
    src: templates/check_rke2server.sh.j2
    dest: /etc/keepalived/check_rke2server.sh
    owner: root
    group: root
    mode: 0755
  when:  ansible_facts['os_family'] == "Debian"
  notify: Restart keepalived

- name: Create RKE2 Server health check script for RedHat OS family
  ansible.builtin.template:
    src: templates/check_rke2server.sh.j2
    dest: /usr/libexec/keepalived/check_rke2server.sh
    owner: root
    group: root
    mode: 0755
  when:  ansible_facts['os_family'] == "RedHat"
  notify: Restart keepalived

- name: Create keepalived config file
  ansible.builtin.template:
    src: templates/keepalived.conf.j2
    dest: /etc/keepalived/keepalived.conf
    owner: root
    group: root
    mode: 0644
  notify: Restart keepalived

- name: Enable keepalived and make sure it is not masked
  ansible.builtin.systemd:
    name: keepalived
    enabled: yes
    masked: no
  notify: Restart keepalived

- name: Flush handlers
  ansible.builtin.meta: flush_handlers


Total input tokens: 910
___________________________________________LLM Output:___________________________________________ 
Below you will receive task descriptions from which you should generate an Ansible Playbook.  
The generated playbook must be valid inside an Ansible Role under the tasks/ directory (e.g., tasks/main.yml).  
Do not include hosts:, vars:, or any playbook-level headers. Only output valid task entries or blocks as expected in a role.  

Task 1: Update the package manager cache.  
Description Task 1: Ensure the package manager cache is updated for both APT and DNF package managers based on the system's package manager type.

Task 2: Install the keepalived package.  
Description Task 2: Install the keepalived package on the target system to manage the virtual IP and provide high availability.

Task 3: Create a directory for keepalived configuration files.  
Description Task 3: Create the directory `/etc/keepalived` with appropriate permissions, ownership, and ensure it is accessible by root.

Task 4: Create a Kubernetes API health check script for Debian systems.  
Description Task 4: Deploy the Kubernetes API health check script from a template to `/etc/keepalived/check_apiserver.sh` on Debian-based systems, ensuring the script has the correct permissions and ownership. Notify the handler to restart keepalived upon changes.

Task 5: Create a Kubernetes API health check script for RedHat systems.  
Description Task 5: Deploy the Kubernetes API health check script from a template to `/usr/libexec/keepalived/check_apiserver.sh` on RedHat-based systems, ensuring the script has the correct permissions and ownership. Notify the handler to restart keepalived upon changes.

Task 6: Create an RKE2 Server health check script for Debian systems.  
Description Task 6: Deploy the RKE2 Server health check script from a template to `/etc/keepalived/check_rke2server.sh` on Debian-based systems, ensuring the script has the correct permissions and ownership. Notify the handler to restart keepalived upon changes.

Task 7: Create an RKE2 Server health check script for RedHat systems.  
Description Task 7: Deploy the RKE2 Server health check script from a template to `/usr/libexec/keepalived/check_rke2server.sh` on RedHat-based systems, ensuring the script has the correct permissions and ownership. Notify the handler to restart keepalived upon changes.

Task 8: Create the keepalived configuration file.  
Description Task 8: Deploy the keepalived configuration from a template to `/etc/keepalived/keepalived.conf`, setting appropriate permissions and ownership. Notify the handler to restart keepalived upon changes.

Task 9: Enable keepalived service and ensure it is not masked.  
Description Task 9: Ensure the keepalived service is enabled and not masked in the systemd service manager, notifying the handler to restart keepalived upon changes.

Task 10: Flush handlers to apply changes.  
Description Task 10: Execute a meta task to flush any pending handlers, ensuring all changes are applied and services are restarted as needed.

Tue Sep 30 17:04:36 2025: /home/studgoetsi5301/documents/ansible_bench/dataset/prompts/ollama_phi4:14b_english_exact/benchmark100/ansible-role-rke2/tasks/keepalived_prompt.txt Total generation time: 11.186641704000067


Prompt: You are a professional developer. Below you will find a complete Ansible Playbook. This playbook was generated based on a prompt. Your task is to reconstruct the original prompt that could have been used to generate this playbook.

Important: The only output follows the format below. Do not include any explanations or comments before or after.

The reconstructed prompt must exactly follow the structure below:

"Below you will receive task descriptions from which you should generate an Ansible Playbook.  
The generated playbook must be valid inside an Ansible Role under the tasks/ directory (e.g., tasks/main.yml).  
Do not include hosts:, vars:, or any playbook-level headers. Only output valid task entries or blocks as expected in a role.  

Task 1: ...
Description Task 1: ...

Task 2: ...
Description Task 2: ...

Task 3: ...
Description Task 3: ...
..."

Guidelines:
- Each task should be short and clearly describe one specific action.
- The tasks must match the actual tasks in the playbook **both in content and order**.
- Use the exact terminology and labels as used in the playbook (e.g., “install nginx” instead of “install web server”).
- Provide a more detailed description of the task next to each task
- Include the exact names of variables, handlers, etc. used in the playbook.

Here is the Ansible Playbook:
---
- name: Install Keepalived when HA mode is enabled
  ansible.builtin.include_tasks: keepalived.yml
  when:
    - rke2_api_ip is defined
    - inventory_hostname in groups[rke2_servers_group_name]
    - rke2_ha_mode | bool
    - rke2_ha_mode_keepalived | bool

- name: Download and install RKE2 {{ rke2_version }}
  ansible.builtin.include_tasks: rke2.yml

- name: CIS Hardening
  ansible.builtin.include_tasks: cis.yml
  when:
    - rke2_cis_profile | length > 0

- name: Find Active Server
  ansible.builtin.include_tasks: find_active_server.yml

- name: Enable IPVS kernel module
  community.general.modprobe:
    name: ip_vs
    state: present
    persistent: present
  when:
    - rke2_kubevip_ipvs_lb_enable | bool
    - inventory_hostname in groups[rke2_servers_group_name]
    - rke2_ha_mode | bool
    - rke2_ha_mode_kubevip | bool
    - not rke2_ha_mode_keepalived | bool

- name: Copy kube-vip manifests to the masternode
  ansible.builtin.include_tasks: kubevip.yml
  when:
    - inventory_hostname == groups[rke2_servers_group_name].0
    - rke2_ha_mode | bool
    - rke2_ha_mode_kubevip | bool
    - not rke2_ha_mode_keepalived | bool

- name: Copy ingress-nginx manifests to the masternode
  ansible.builtin.include_tasks: ingress-nginx.yml
  when:
    - inventory_hostname == groups[rke2_servers_group_name].0
    - rke2_ingress_nginx_values is defined
    - rke2_ingress_nginx_values | length > 0

- name: Prepare very first server node in the cluster
  ansible.builtin.include_tasks: first_server.yml
  when:
    - inventory_hostname == groups[rke2_servers_group_name].0
    - active_server is not defined or groups[rke2_cluster_group_name] | length | int == 1

- name: Restore etcd specific tasks
  ansible.builtin.include_tasks: first_server_restore.yml
  when:
    - active_server is defined
    - inventory_hostname == active_server or inventory_hostname == groups[rke2_servers_group_name].0
    - do_etcd_restore is defined or do_etcd_restore_from_s3 is defined

- name: Download kubeconfig to ansible localhost
  ansible.builtin.include_tasks: download_kubeconfig.yaml
  when:
    - rke2_download_kubeconf | bool
    - inventory_hostname == groups[rke2_servers_group_name].0

- name: Prepare and join remaining nodes of the cluster
  ansible.builtin.include_tasks: remaining_nodes.yml
  when:
    - active_server is defined
    - groups[rke2_cluster_group_name] | length | int >= 2

- name: Rolling cordon and drain restart when version changes - servers
  ansible.builtin.include_tasks: rolling_restart.yml
  with_items: "{{ groups[rke2_servers_group_name] }}"
  loop_control:
    loop_var: _host_item
  when:
    - hostvars[_host_item].inventory_hostname == inventory_hostname
    - installed_version is defined
    - installed_version != "not installed"
    - rke2_version is defined
    - rke2_version != running_version

- name: Rolling cordon and drain restart when version changes - agents
  ansible.builtin.include_tasks: rolling_restart.yml
  with_items: "{{ groups[rke2_agents_group_name] | default([]) }}"
  loop_control:
    loop_var: _host_item
  when:
    - hostvars[_host_item].inventory_hostname == inventory_hostname
    - inventory_hostname not in groups[rke2_servers_group_name]
    - installed_version is defined
    - installed_version != "not installed"
    - rke2_version is defined
    - rke2_version != running_version

- name: Flush handlers
  ansible.builtin.meta: flush_handlers

- name: Rolling restart when config files change
  ansible.builtin.include_tasks: change_config.yml
  with_items: "{{ groups[rke2_cluster_group_name] }}"
  loop_control:
    loop_var: _host_item
  when:
    - hostvars[_host_item].inventory_hostname == inventory_hostname
    - rke2_restart_needed

- name: Final steps
  ansible.builtin.include_tasks: summary.yml

 78%|███████▊  | 78/100 [09:54<04:03, 11.07s/it]
Total input tokens: 1266
___________________________________________LLM Output:___________________________________________ 
Below you will receive task descriptions from which you should generate an Ansible Playbook.  
The generated playbook must be valid inside an Ansible Role under the tasks/ directory (e.g., tasks/main.yml).  
Do not include hosts:, vars:, or any playbook-level headers. Only output valid task entries or blocks as expected in a role.  

Task 1: Install Keepalived when HA mode is enabled.  
Description Task 1: Include tasks for installing Keepalived if RKE2 is running in HA mode with Keepalived enabled. This should only apply to nodes in the RKE2 servers group with a defined API IP.

Task 2: Download and install RKE2 version.  
Description Task 2: Include tasks for downloading and installing a specified version of RKE2.

Task 3: Apply CIS Hardening.  
Description Task 3: Include tasks for applying CIS hardening profiles if a CIS profile is defined.

Task 4: Find Active Server.  
Description Task 4: Include tasks for identifying the active server within the RKE2 cluster.

Task 5: Enable IPVS kernel module.  
Description Task 5: Enable the IPVS kernel module if KubeVip IPVS load balancing is enabled, the node is part of the RKE2 servers group, HA mode is enabled, and Keepalived is not used.

Task 6: Copy kube-vip manifests to the masternode.  
Description Task 6: Include tasks for copying kube-vip manifests to the master node if HA mode with KubeVip is enabled and Keepalived is not used.

Task 7: Copy ingress-nginx manifests to the masternode.  
Description Task 7: Include tasks for copying ingress-nginx manifests to the master node if ingress-nginx values are defined and non-empty.

Task 8: Prepare very first server node in the cluster.  
Description Task 8: Include tasks for preparing the first server node in the cluster if it is the only node or the active server is not defined.

Task 9: Restore etcd specific tasks.  
Description Task 9: Include tasks for restoring etcd if the active server is defined and either the current node is the active server or the first server node, and an etcd restore is specified.

Task 10: Download kubeconfig to ansible localhost.  
Description Task 10: Include tasks for downloading the kubeconfig to the Ansible localhost if the download is enabled and the node is the first server node.

Task 11: Prepare and join remaining nodes of the cluster.  
Description Task 11: Include tasks for preparing and joining remaining nodes to the cluster if there is an active server and the cluster has at least two nodes.

Task 12: Rolling cordon and drain restart when version changes - servers.  
Description Task 12: Include tasks for performing a rolling cordon and drain restart on server nodes when the RKE2 version changes.

Task 13: Rolling cordon and drain restart when version changes - agents.  
Description Task 13: Include tasks for performing a rolling cordon and drain restart on agent nodes when the RKE2 version changes.

Task 14: Flush handlers.  
Description Task 14: Flush handlers to ensure all triggered handlers are executed.

Task 15: Rolling restart when config files change.  
Description Task 15: Include tasks for performing a rolling restart on all cluster nodes when configuration changes are detected.

Task 16: Final steps.  
Description Task 16: Include tasks for finalizing the setup or configuration process.

Tue Sep 30 17:04:49 2025: /home/studgoetsi5301/documents/ansible_bench/dataset/prompts/ollama_phi4:14b_english_exact/benchmark100/ansible-role-rke2/tasks/main_prompt.txt Total generation time: 13.108463515003677


Prompt: You are a professional developer. Below you will find a complete Ansible Playbook. This playbook was generated based on a prompt. Your task is to reconstruct the original prompt that could have been used to generate this playbook.

Important: The only output follows the format below. Do not include any explanations or comments before or after.

The reconstructed prompt must exactly follow the structure below:

"Below you will receive task descriptions from which you should generate an Ansible Playbook.  
The generated playbook must be valid inside an Ansible Role under the tasks/ directory (e.g., tasks/main.yml).  
Do not include hosts:, vars:, or any playbook-level headers. Only output valid task entries or blocks as expected in a role.  

Task 1: ...
Description Task 1: ...

Task 2: ...
Description Task 2: ...

Task 3: ...
Description Task 3: ...
..."

Guidelines:
- Each task should be short and clearly describe one specific action.
- The tasks must match the actual tasks in the playbook **both in content and order**.
- Use the exact terminology and labels as used in the playbook (e.g., “install nginx” instead of “install web server”).
- Provide a more detailed description of the task next to each task
- Include the exact names of variables, handlers, etc. used in the playbook.

Here is the Ansible Playbook:
---
- name: Create the RKE2 config dir
  ansible.builtin.file:
    state: directory
    path: /etc/rancher/rke2
    owner: root
    group: root
    mode: 0755

- name: Set server taints
  ansible.builtin.set_fact:
    combined_node_taints: "{{ rke2_server_node_taints }}"
  when: rke2_type == 'server'

- name: Set agent taints
  ansible.builtin.set_fact:
    combined_node_taints: "{{ rke2_agent_node_taints }}"
  when: rke2_type == 'agent'

- name: Copy RKE2 config
  ansible.builtin.template:
    src: "{{ rke2_config }}"
    dest: /etc/rancher/rke2/config.yaml
    owner: root
    group: root
    mode: 0600
  notify: "Config file changed"

- name: Copy kubelet config
  ansible.builtin.template:
    src: templates/kubelet-config.yaml.j2
    dest: /etc/rancher/rke2/kubelet-config.yaml
    owner: root
    group: root
    mode: 0600
  when: rke2_kubelet_config | length > 0
  notify: "Config file changed"

- name: Copy Containerd Registry Configuration file
  ansible.builtin.template:
    src: "{{ rke2_custom_registry_path }}"
    dest: /etc/rancher/rke2/registries.yaml
    owner: root
    group: root
    mode: 0600
  when: (rke2_custom_registry_mirrors | length > 0 or rke2_custom_registry_configs | length > 0)
  notify: "Config file changed"

- name: Start RKE2 service on the rest of the nodes
  ansible.builtin.systemd:
    name: "{{ rke2_service_name }}"
    state: started
    enabled: true
  retries: 10
  delay: 3
  register: result
  until: result is not failed
  environment:
    RKE2_TOKEN: "{{ rke2_token }}"
  notify: "Service (re)started"

- name: Mask other RKE2 service on the rest of the nodes
  ansible.builtin.systemd:
    name: "rke2-{{ item }}.service"
    enabled: false
    masked: true
  with_items:
    - "{{ (['agent', 'server'] | reject('match', rke2_type) | list) }}"

- name: Wait for remaining nodes to be ready - no CNI
  ansible.builtin.shell: |
    {{ rke2_data_path }}/bin/kubectl --kubeconfig /etc/rancher/rke2/rke2.yaml get node "{{ item }}" -o jsonpath='{range .status.conditions[*]}{.message}{"\n"}{end}'
  args:
    executable: /bin/bash
  changed_when: false
  register: node_status
  until:
    - '"kubelet has sufficient memory available"  in node_status.stdout_lines'
    - '"kubelet has no disk pressure"  in node_status.stdout_lines'
    - '"kubelet has sufficient PID available"  in node_status.stdout_lines'
    - ('"cni plugin not initialized" in node_status.stdout' or '"kubelet is posting ready status." in node_status.stdout')
  retries: 100
  delay: 15
  loop: "{{ groups[rke2_cluster_group_name] }}"
  when:
    - rke2_cni == 'none'
    - inventory_hostname == active_server or inventory_hostname == groups[rke2_servers_group_name].0

- name: Wait for remaining nodes to be ready - with CNI
  ansible.builtin.shell: |
    set -o pipefail
    {{ rke2_data_path }}/bin/kubectl --kubeconfig /etc/rancher/rke2/rke2.yaml get nodes | grep " Ready" | wc -l
  args:
    executable: /bin/bash
  changed_when: false
  register: all_ready_nodes
  until: "groups[rke2_cluster_group_name] | length == all_ready_nodes.stdout | int"
  retries: 100
  delay: 15
  when:
    - not ansible_check_mode
    - rke2_cni != 'none'
    - inventory_hostname == active_server or inventory_hostname == groups[rke2_servers_group_name].0

 79%|███████▉  | 79/100 [10:08<04:10, 11.93s/it] 80%|████████  | 80/100 [10:12<03:12,  9.62s/it]
Total input tokens: 1241
___________________________________________LLM Output:___________________________________________ 
Below you will receive task descriptions from which you should generate an Ansible Playbook.  
The generated playbook must be valid inside an Ansible Role under the tasks/ directory (e.g., tasks/main.yml).  
Do not include hosts:, vars:, or any playbook-level headers. Only output valid task entries or blocks as expected in a role.  

Task 1: Create the RKE2 configuration directory with appropriate permissions.  
Description Task 1: Ensure the directory `/etc/rancher/rke2` is present with root ownership and permissions set to `0755`.

Task 2: Set server node taints for RKE2 configuration.  
Description Task 2: Define the variable `combined_node_taints` with the value of `rke2_server_node_taints` when the RKE2 node type is 'server'.

Task 3: Set agent node taints for RKE2 configuration.  
Description Task 3: Define the variable `combined_node_taints` with the value of `rke2_agent_node_taints` when the RKE2 node type is 'agent'.

Task 4: Deploy the RKE2 configuration file.  
Description Task 4: Use a template to copy the RKE2 configuration file from `{{ rke2_config }}` to `/etc/rancher/rke2/config.yaml` with root ownership and mode `0600`. Trigger the handler "Config file changed" if the file is updated.

Task 5: Deploy the kubelet configuration file.  
Description Task 5: Conditionally use a template to copy the kubelet configuration from `templates/kubelet-config.yaml.j2` to `/etc/rancher/rke2/kubelet-config.yaml` with root ownership and mode `0600` if `rke2_kubelet_config` is not empty. Trigger the handler "Config file changed" if the file is updated.

Task 6: Deploy the Containerd registry configuration file.  
Description Task 6: Conditionally use a template to copy the Containerd registry configuration from `{{ rke2_custom_registry_path }}` to `/etc/rancher/rke2/registries.yaml` with root ownership and mode `0600` if custom registry mirrors or configurations are specified. Trigger the handler "Config file changed" if the file is updated.

Task 7: Start the RKE2 service on all nodes.  
Description Task 7: Ensure the RKE2 service identified by `{{ rke2_service_name }}` is started and enabled on all nodes, retrying up to 10 times with a 3-second delay if necessary. Use the environment variable `RKE2_TOKEN` and notify "Service (re)started".

Task 8: Mask other RKE2 services on non-applicable nodes.  
Description Task 8: Mask and disable other RKE2 services (`rke2-agent.service` or `rke2-server.service`) on nodes where the RKE2 type does not match, using a loop over applicable services.

Task 9: Verify node readiness without CNI.  
Description Task 9: Check if nodes are ready without CNI by running a shell command to verify memory, disk pressure, PID availability, and CNI plugin status. Wait up to 100 retries with a 15-second delay, only on the active server or the first server node.

Task 10: Verify node readiness with CNI.  
Description Task 10: Check if all nodes are ready with CNI by running a shell command to count ready nodes, ensuring the count matches the expected number of nodes. Wait up to 100 retries with a 15-second delay, only on the active server or the first server node, and not in check mode.

Tue Sep 30 17:05:03 2025: /home/studgoetsi5301/documents/ansible_bench/dataset/prompts/ollama_phi4:14b_english_exact/benchmark100/ansible-role-rke2/tasks/remaining_nodes_prompt.txt Total generation time: 13.94570522099093


Prompt: You are a professional developer. Below you will find a complete Ansible Playbook. This playbook was generated based on a prompt. Your task is to reconstruct the original prompt that could have been used to generate this playbook.

Important: The only output follows the format below. Do not include any explanations or comments before or after.

The reconstructed prompt must exactly follow the structure below:

"Below you will receive task descriptions from which you should generate an Ansible Playbook.  
The generated playbook must be valid inside an Ansible Role under the tasks/ directory (e.g., tasks/main.yml).  
Do not include hosts:, vars:, or any playbook-level headers. Only output valid task entries or blocks as expected in a role.  

Task 1: ...
Description Task 1: ...

Task 2: ...
Description Task 2: ...

Task 3: ...
Description Task 3: ...
..."

Guidelines:
- Each task should be short and clearly describe one specific action.
- The tasks must match the actual tasks in the playbook **both in content and order**.
- Use the exact terminology and labels as used in the playbook (e.g., “install nginx” instead of “install web server”).
- Provide a more detailed description of the task next to each task
- Include the exact names of variables, handlers, etc. used in the playbook.

Here is the Ansible Playbook:
---
- name: Create the RKE2 manifests directory
  ansible.builtin.file:
    state: directory
    path: "{{ rke2_data_path }}/server/manifests"
    owner: root
    group: root
    mode: 0700

- name: Copy kube-vip files to first server
  ansible.builtin.template:
    src: "{{ item }}"
    dest: "{{ rke2_data_path }}/server/manifests/{{ item | basename | regex_replace('.j2$', '') }}"
    owner: root
    group: root
    mode: 0664
  with_fileglob:
    - "templates/kube-vip/kube-vip.yml.j2"
    - "templates/kube-vip/kube-vip-rbac.yml.j2"

- name: Copy kube-vip load balancer manifests to first server
  ansible.builtin.template:
    src: "{{ item }}"
    dest: "{{ rke2_data_path }}/server/manifests/{{ item | basename | regex_replace('.j2$', '') }}"
    owner: root
    group: root
    mode: 0664
  with_fileglob:
    - "templates/kube-vip/kube-vip-cloud-*.j2"
  when:
    - rke2_kubevip_cloud_provider_enable | bool


Total input tokens: 555
___________________________________________LLM Output:___________________________________________ 
Below you will receive task descriptions from which you should generate an Ansible Playbook.  
The generated playbook must be valid inside an Ansible Role under the tasks/ directory (e.g., tasks/main.yml).  
Do not include hosts:, vars:, or any playbook-level headers. Only output valid task entries or blocks as expected in a role.  

Task 1: Create the RKE2 manifests directory  
Description Task 1: Create a directory to store RKE2 manifests with root ownership and permissions set to 0700.

Task 2: Copy kube-vip files to the first server  
Description Task 2: Copy kube-vip template files to the RKE2 manifests directory, removing the .j2 extension, and set permissions to 0664.

Task 3: Copy kube-vip load balancer manifests to the first server  
Description Task 3: Conditionally copy kube-vip load balancer manifests for cloud providers to the RKE2 manifests directory, removing the .j2 extension, and set permissions to 0664. This task is executed only if the cloud provider feature is enabled.

Tue Sep 30 17:05:07 2025: /home/studgoetsi5301/documents/ansible_bench/dataset/prompts/ollama_phi4:14b_english_exact/benchmark100/ansible-role-rke2/tasks/kubevip_prompt.txt Total generation time: 4.21276301999751


Prompt: You are a professional developer. Below you will find a complete Ansible Playbook. This playbook was generated based on a prompt. Your task is to reconstruct the original prompt that could have been used to generate this playbook.

Important: The only output follows the format below. Do not include any explanations or comments before or after.

The reconstructed prompt must exactly follow the structure below:

"Below you will receive task descriptions from which you should generate an Ansible Playbook.  
The generated playbook must be valid inside an Ansible Role under the tasks/ directory (e.g., tasks/main.yml).  
Do not include hosts:, vars:, or any playbook-level headers. Only output valid task entries or blocks as expected in a role.  

Task 1: ...
Description Task 1: ...

Task 2: ...
Description Task 2: ...

Task 3: ...
Description Task 3: ...
..."

Guidelines:
- Each task should be short and clearly describe one specific action.
- The tasks must match the actual tasks in the playbook **both in content and order**.
- Use the exact terminology and labels as used in the playbook (e.g., “install nginx” instead of “install web server”).
- Provide a more detailed description of the task next to each task
- Include the exact names of variables, handlers, etc. used in the playbook.

Here is the Ansible Playbook:
- name: Restart RKE2 service on {{ rke2_node_name }}
  ansible.builtin.service:
    name: "{{ rke2_service_name }}"
    state: restarted
  notify: "Service (re)started"

- name: Wait for all nodes to be ready again
  ansible.builtin.shell: |
    set -o pipefail
    {{ rke2_data_path }}/bin/kubectl --kubeconfig /etc/rancher/rke2/rke2.yaml get nodes | grep " Ready" | wc -l
  args:
    executable: /bin/bash
  changed_when: false
  register: all_ready_nodes
  until:
    - groups[rke2_cluster_group_name] | length == all_ready_nodes.stdout | int
  retries: 100
  delay: 15
  delegate_to: "{{ active_server | default(groups[rke2_servers_group_name].0) }}"
  run_once: true
  when: not ansible_check_mode

- name: Wait for all pods to be ready again
  ansible.builtin.shell: |
    set -o pipefail
    {{ rke2_data_path }}/bin/kubectl --kubeconfig /etc/rancher/rke2/rke2.yaml get pods -A --field-selector=status.phase!=Running,status.phase!=Succeeded --ignore-not-found | wc -l
  args:
    executable: /bin/bash
  changed_when: false
  register: all_pods_ready
  until:
    '"0" in all_pods_ready.stdout'
  retries: 100
  delay: 15
  delegate_to: "{{ active_server | default(groups[rke2_servers_group_name].0) }}"
  run_once: true
  when:
    - not ansible_check_mode
    - rke2_wait_for_all_pods_to_be_ready

 81%|████████  | 81/100 [10:18<02:42,  8.55s/it] 82%|████████▏ | 82/100 [10:22<02:07,  7.08s/it] 83%|████████▎ | 83/100 [10:24<01:35,  5.63s/it]
Total input tokens: 662
___________________________________________LLM Output:___________________________________________ 
Below you will receive task descriptions from which you should generate an Ansible Playbook.  
The generated playbook must be valid inside an Ansible Role under the tasks/ directory (e.g., tasks/main.yml).  
Do not include hosts:, vars:, or any playbook-level headers. Only output valid task entries or blocks as expected in a role.  

Task 1: Restart the RKE2 service on a specified node.  
Description Task 1: Restart the RKE2 service using the name provided in the variable `rke2_service_name` and notify the handler "Service (re)started" upon completion.

Task 2: Wait for all nodes to be ready again.  
Description Task 2: Use a shell command to count nodes that are in the "Ready" state using kubectl. Ensure the count matches the number of nodes in the group `rke2_cluster_group_name`. Retry up to 100 times with a delay of 15 seconds between retries, and delegate this task to the active server. This task should only run once and be skipped if Ansible is in check mode.

Task 3: Wait for all pods to be ready again.  
Description Task 3: Use a shell command to ensure all pods are in a "Running" or "Succeeded" state. Retry up to 100 times with a delay of 15 seconds between retries, and delegate this task to the active server. This task should only run once and be skipped if Ansible is in check mode, or if the variable `rke2_wait_for_all_pods_to_be_ready` is not set.

Tue Sep 30 17:05:13 2025: /home/studgoetsi5301/documents/ansible_bench/dataset/prompts/ollama_phi4:14b_english_exact/benchmark100/ansible-role-rke2/tasks/change_config_prompt.txt Total generation time: 6.041437302992563


Prompt: You are a professional developer. Below you will find a complete Ansible Playbook. This playbook was generated based on a prompt. Your task is to reconstruct the original prompt that could have been used to generate this playbook.

Important: The only output follows the format below. Do not include any explanations or comments before or after.

The reconstructed prompt must exactly follow the structure below:

"Below you will receive task descriptions from which you should generate an Ansible Playbook.  
The generated playbook must be valid inside an Ansible Role under the tasks/ directory (e.g., tasks/main.yml).  
Do not include hosts:, vars:, or any playbook-level headers. Only output valid task entries or blocks as expected in a role.  

Task 1: ...
Description Task 1: ...

Task 2: ...
Description Task 2: ...

Task 3: ...
Description Task 3: ...
..."

Guidelines:
- Each task should be short and clearly describe one specific action.
- The tasks must match the actual tasks in the playbook **both in content and order**.
- Use the exact terminology and labels as used in the playbook (e.g., “install nginx” instead of “install web server”).
- Provide a more detailed description of the task next to each task
- Include the exact names of variables, handlers, etc. used in the playbook.

Here is the Ansible Playbook:
---

- name: Populate services facts
  ansible.builtin.service_facts:

- name: Set the Active Server variable
  ansible.builtin.set_fact:
    active_server: "{{ inventory_hostname }}"
  delegate_facts: true
  delegate_to: "{{ item }}"
  with_items: "{{ groups[rke2_cluster_group_name] }}"
  when:
    - inventory_hostname in groups[rke2_servers_group_name]
    - ansible_facts.services["rke2-server.service"].state == "running"


Total input tokens: 384
___________________________________________LLM Output:___________________________________________ 
Below you will receive task descriptions from which you should generate an Ansible Playbook.  
The generated playbook must be valid inside an Ansible Role under the tasks/ directory (e.g., tasks/main.yml).  
Do not include hosts:, vars:, or any playbook-level headers. Only output valid task entries or blocks as expected in a role.  

Task 1: Gather facts about all services on the managed nodes.  
Description Task 1: Collect and store service-related facts to be used in subsequent tasks for condition checks and decision-making.

Task 2: Determine the active RKE2 server among the cluster group.  
Description Task 2: Set a fact named `active_server` to the current inventory host's name if the host is part of the RKE2 servers group and the `rke2-server.service` is running. This task delegates the fact setting to each host in the RKE2 cluster group to ensure the correct host is identified as the active server.

Tue Sep 30 17:05:17 2025: /home/studgoetsi5301/documents/ansible_bench/dataset/prompts/ollama_phi4:14b_english_exact/benchmark100/ansible-role-rke2/tasks/find_active_server_prompt.txt Total generation time: 3.6725455519917887


Prompt: You are a professional developer. Below you will find a complete Ansible Playbook. This playbook was generated based on a prompt. Your task is to reconstruct the original prompt that could have been used to generate this playbook.

Important: The only output follows the format below. Do not include any explanations or comments before or after.

The reconstructed prompt must exactly follow the structure below:

"Below you will receive task descriptions from which you should generate an Ansible Playbook.  
The generated playbook must be valid inside an Ansible Role under the tasks/ directory (e.g., tasks/main.yml).  
Do not include hosts:, vars:, or any playbook-level headers. Only output valid task entries or blocks as expected in a role.  

Task 1: ...
Description Task 1: ...

Task 2: ...
Description Task 2: ...

Task 3: ...
Description Task 3: ...
..."

Guidelines:
- Each task should be short and clearly describe one specific action.
- The tasks must match the actual tasks in the playbook **both in content and order**.
- Use the exact terminology and labels as used in the playbook (e.g., “install nginx” instead of “install web server”).
- Provide a more detailed description of the task next to each task
- Include the exact names of variables, handlers, etc. used in the playbook.

Here is the Ansible Playbook:
---
# tasks file for buildtools

- name: Install buildtools
  ansible.builtin.package:
    name: "{{ buildtools_packages }}"
    state: present


Total input tokens: 316
___________________________________________LLM Output:___________________________________________ 
Below you will receive task descriptions from which you should generate an Ansible Playbook.  
The generated playbook must be valid inside an Ansible Role under the tasks/ directory (e.g., tasks/main.yml).  
Do not include hosts:, vars:, or any playbook-level headers. Only output valid task entries or blocks as expected in a role.  

Task 1: Install buildtools  
Description Task 1: Install the specified buildtools packages on the target system using the package manager. The packages to be installed are defined in the variable `buildtools_packages`.

Tue Sep 30 17:05:19 2025: /home/studgoetsi5301/documents/ansible_bench/dataset/prompts/ollama_phi4:14b_english_exact/benchmark100/ansible-role-buildtools/tasks/main_prompt.txt Total generation time: 2.252894428005675


Prompt: You are a professional developer. Below you will find a complete Ansible Playbook. This playbook was generated based on a prompt. Your task is to reconstruct the original prompt that could have been used to generate this playbook.

Important: The only output follows the format below. Do not include any explanations or comments before or after.

The reconstructed prompt must exactly follow the structure below:

"Below you will receive task descriptions from which you should generate an Ansible Playbook.  
The generated playbook must be valid inside an Ansible Role under the tasks/ directory (e.g., tasks/main.yml).  
Do not include hosts:, vars:, or any playbook-level headers. Only output valid task entries or blocks as expected in a role.  

Task 1: ...
Description Task 1: ...

Task 2: ...
Description Task 2: ...

Task 3: ...
Description Task 3: ...
..."

Guidelines:
- Each task should be short and clearly describe one specific action.
- The tasks must match the actual tasks in the playbook **both in content and order**.
- Use the exact terminology and labels as used in the playbook (e.g., “install nginx” instead of “install web server”).
- Provide a more detailed description of the task next to each task
- Include the exact names of variables, handlers, etc. used in the playbook.

Here is the Ansible Playbook:
---
# tasks file for mysql

- name: Import assert.yml
  ansible.builtin.import_tasks:
    file: assert.yml
  run_once: true
  delegate_to: localhost

- name: Install mysql
  ansible.builtin.package:
    name: "{{ mysql_packages }}"
    state: present
  notify:
    - Set root password
    - Systemctl daemon-reexec

- name: Configure mysql server
  community.general.ini_file:
    dest: "{{ mysql_configuration_destination }}/{{ mysql_name }}-server.cnf"
    section: "{{ item.section }}"
    option: "{{ item.option }}"
    value: "{{ item.value }}"
    mode: "0644"
  loop: "{{ mysql_configuration_options }}"
  loop_control:
    label: "{{ item.option }}"
  notify:
    - Restart mysql server

- name: Configure mysql client
  community.general.ini_file:
    dest: "{{ mysql_configuration_destination }}/{{ mysql_name }}-client.cnf"
    section: client
    option: socket
    value: "{{ mysql_socket }}"
    mode: "0644"

- name: Initialize mysql
  ansible.builtin.command:
    cmd: "{{ mysql_initialize_command }}"
    creates: /var/lib/mysql/mysql
  when:
    - ansible_distribution in [ "Alpine", "Archlinux" ]

- name: Start and enable mysql
  ansible.builtin.service:
    name: "{{ mysql_service }}"
    state: started
    enabled: true

- name: Flush handlers
  ansible.builtin.meta: flush_handlers

- name: Place my.cnf
  ansible.builtin.template:
    src: my.cnf.j2
    dest: /root/.my.cnf
    mode: "0640"

- name: Create databases
  community.mysql.mysql_db:
    name: "{{ item.name }}"
    state: "{{ item.state | default('present') }}"
    target: "{{ item.target | default(omit) }}"
    encoding: "{{ item.encoding | default(omit) }}"
    collation: "{{ item.collation | default(omit) }}"
    login_unix_socket: "{{ mysql_socket }}"
    login_user: root
    login_password: "{{ mysql_root_password }}"
  loop: "{{ mysql_databases }}"
  loop_control:
    label: "{{ item.name }}"
  when:
    - mysql_databases is defined
  no_log: true

- name: Create users
  community.mysql.mysql_user:
    name: "{{ item.name }}"
    state: present
    password: "{{ item.password | default(omit) }}"
    priv: "{{ item.priv | default(omit) }}"
    host: "{{ item.host | default(omit) }}"
    host_all: "{{ item.host_all | default(omit) }}"
    update_password: "{{ item.update_password | default(omit) }}"
    login_unix_socket: "{{ mysql_socket }}"
    login_user: root
    login_password: "{{ mysql_root_password }}"
  loop: "{{ mysql_users }}"
  loop_control:
    label: "{{ item.name }}"
  when:
    - mysql_users is defined
  no_log: true

- name: Flush handlers again
  ansible.builtin.meta: flush_handlers

 84%|████████▍ | 84/100 [10:32<01:42,  6.43s/it] 85%|████████▌ | 85/100 [10:38<01:34,  6.29s/it]
Total input tokens: 926
___________________________________________LLM Output:___________________________________________ 
Below you will receive task descriptions from which you should generate an Ansible Playbook.  
The generated playbook must be valid inside an Ansible Role under the tasks/ directory (e.g., tasks/main.yml).  
Do not include hosts:, vars:, or any playbook-level headers. Only output valid task entries or blocks as expected in a role.  

Task 1: Import assert.yml  
Description Task 1: Import a separate tasks file named assert.yml to run once on the localhost.

Task 2: Install mysql  
Description Task 2: Install MySQL packages defined in the `mysql_packages` variable and notify handlers to set the root password and re-execute the systemd daemon.

Task 3: Configure mysql server  
Description Task 3: Configure MySQL server settings using a configuration file specified by `mysql_configuration_destination` and `mysql_name`. Use `mysql_configuration_options` to set each configuration option.

Task 4: Configure mysql client  
Description Task 4: Set the MySQL client configuration to specify the socket path using `mysql_socket` in the client section of the configuration file.

Task 5: Initialize mysql  
Description Task 5: Initialize MySQL database files if the distribution is Alpine or Archlinux by executing a command specified in `mysql_initialize_command`.

Task 6: Start and enable mysql  
Description Task 6: Ensure the MySQL service, specified by `mysql_service`, is started and enabled to start on boot.

Task 7: Flush handlers  
Description Task 7: Flush any pending handlers to ensure they are executed at this point in the playbook.

Task 8: Place my.cnf  
Description Task 8: Deploy a template file `my.cnf.j2` to `/root/.my.cnf` with permissions set to `0640`.

Task 9: Create databases  
Description Task 9: Create MySQL databases as defined in `mysql_databases`, using root credentials stored in `mysql_root_password`, while suppressing logging of sensitive data.

Task 10: Create users  
Description Task 10: Create MySQL users as defined in `mysql_users`, using root credentials stored in `mysql_root_password`, while suppressing logging of sensitive data.

Task 11: Flush handlers again  
Description Task 11: Flush any pending handlers again to ensure they are executed after creating databases and users.

Tue Sep 30 17:05:27 2025: /home/studgoetsi5301/documents/ansible_bench/dataset/prompts/ollama_phi4:14b_english_exact/benchmark100/ansible-role-mysql/tasks/main_prompt.txt Total generation time: 8.277444742998341


Prompt: You are a professional developer. Below you will find a complete Ansible Playbook. This playbook was generated based on a prompt. Your task is to reconstruct the original prompt that could have been used to generate this playbook.

Important: The only output follows the format below. Do not include any explanations or comments before or after.

The reconstructed prompt must exactly follow the structure below:

"Below you will receive task descriptions from which you should generate an Ansible Playbook.  
The generated playbook must be valid inside an Ansible Role under the tasks/ directory (e.g., tasks/main.yml).  
Do not include hosts:, vars:, or any playbook-level headers. Only output valid task entries or blocks as expected in a role.  

Task 1: ...
Description Task 1: ...

Task 2: ...
Description Task 2: ...

Task 3: ...
Description Task 3: ...
..."

Guidelines:
- Each task should be short and clearly describe one specific action.
- The tasks must match the actual tasks in the playbook **both in content and order**.
- Use the exact terminology and labels as used in the playbook (e.g., “install nginx” instead of “install web server”).
- Provide a more detailed description of the task next to each task
- Include the exact names of variables, handlers, etc. used in the playbook.

Here is the Ansible Playbook:
---
# tasks file for cron

- name: Import assert.yml
  ansible.builtin.import_tasks:
    file: assert.yml
  run_once: true
  delegate_to: localhost

- name: Install cron
  ansible.builtin.package:
    name: "{{ cron_packages }}"
    state: present

- name: Configure shell
  ansible.builtin.lineinfile:
    path: "{{ cron_configuration }}"
    line: "SHELL={{ cron_shell }}"
    regexp: "^SHELL"
    create: true
    mode: "0600"
  notify:
    - Restart cron

- name: Configure path
  ansible.builtin.lineinfile:
    path: "{{ cron_configuration }}"
    line: "PATH={{ cron_path }}"
    regexp: "^PATH"
    create: true
    mode: "0600"
  notify:
    - Restart cron

- name: Configure mailto
  ansible.builtin.lineinfile:
    path: "{{ cron_configuration }}"
    line: "MAILTO={{ cron_mailto }}"
    regexp: "^MAILTO"
    create: true
    mode: "0600"
  notify:
    - Restart cron

- name: Start and enable cron
  ansible.builtin.service:
    name: "{{ cron_service }}"
    state: started
    enabled: true
  when:
    - cron_service is defined
    - cron_service | length

- name: Schedule requested cron jobs
  ansible.builtin.cron:
    name: "{{ item.name }}"
    minute: "{{ item.minute | default(omit) }}"
    hour: "{{ item.hour | default(omit) }}"
    day: "{{ item.day | default(omit) }}"
    month: "{{ item.month | default(omit) }}"
    weekday: "{{ item.weekday | default(omit) }}"
    special_time: "{{ item.special_time | default(omit) }}"
    job: "{{ item.job }}"
    state: "{{ item.state | default('present') }}"
    user: "{{ item.user | default(omit) }}"
  loop: "{{ cron_jobs }}"
  loop_control:
    label: "{{ item.name }}"
  when:
    - cron_jobs is defined


Total input tokens: 720
___________________________________________LLM Output:___________________________________________ 
Below you will receive task descriptions from which you should generate an Ansible Playbook.  
The generated playbook must be valid inside an Ansible Role under the tasks/ directory (e.g., tasks/main.yml).  
Do not include hosts:, vars:, or any playbook-level headers. Only output valid task entries or blocks as expected in a role.  

Task 1: Import assert.yml  
Description Task 1: Import tasks from assert.yml to be run once on the localhost.

Task 2: Install cron  
Description Task 2: Ensure the cron packages specified in the `cron_packages` variable are installed.

Task 3: Configure shell  
Description Task 3: Set the SHELL environment variable in the cron configuration file using the `cron_shell` variable. Notify the handler to restart cron if changes are made.

Task 4: Configure path  
Description Task 4: Set the PATH environment variable in the cron configuration file using the `cron_path` variable. Notify the handler to restart cron if changes are made.

Task 5: Configure mailto  
Description Task 5: Set the MAILTO variable in the cron configuration file using the `cron_mailto` variable. Notify the handler to restart cron if changes are made.

Task 6: Start and enable cron  
Description Task 6: Start and enable the cron service specified in the `cron_service` variable if it is defined and non-empty.

Task 7: Schedule requested cron jobs  
Description Task 7: Schedule cron jobs defined in the `cron_jobs` variable, using loop control to label each job with its name. Only schedule if `cron_jobs` is defined.

Tue Sep 30 17:05:33 2025: /home/studgoetsi5301/documents/ansible_bench/dataset/prompts/ollama_phi4:14b_english_exact/benchmark100/ansible-role-cron/tasks/main_prompt.txt Total generation time: 5.952145371004008


Prompt: You are a professional developer. Below you will find a complete Ansible Playbook. This playbook was generated based on a prompt. Your task is to reconstruct the original prompt that could have been used to generate this playbook.

Important: The only output follows the format below. Do not include any explanations or comments before or after.

The reconstructed prompt must exactly follow the structure below:

"Below you will receive task descriptions from which you should generate an Ansible Playbook.  
The generated playbook must be valid inside an Ansible Role under the tasks/ directory (e.g., tasks/main.yml).  
Do not include hosts:, vars:, or any playbook-level headers. Only output valid task entries or blocks as expected in a role.  

Task 1: ...
Description Task 1: ...

Task 2: ...
Description Task 2: ...

Task 3: ...
Description Task 3: ...
..."

Guidelines:
- Each task should be short and clearly describe one specific action.
- The tasks must match the actual tasks in the playbook **both in content and order**.
- Use the exact terminology and labels as used in the playbook (e.g., “install nginx” instead of “install web server”).
- Provide a more detailed description of the task next to each task
- Include the exact names of variables, handlers, etc. used in the playbook.

Here is the Ansible Playbook:
---
# tasks file for nginx

- name: Import assert.yml
  ansible.builtin.import_tasks:
    file: assert.yml
  run_once: true
  delegate_to: localhost

- name: Install nginx
  ansible.builtin.package:
    name: nginx
    state: present

- name: Place nginx.conf
  ansible.builtin.template:
    src: nginx.conf.j2
    dest: /etc/nginx/nginx.conf
    validate: nginx -t -c %s
    mode: "0644"
  notify:
    - Restart nginx

- name: Ensure /etc/nginx/conf.d exists
  ansible.builtin.file:
    path: /etc/nginx/conf.d
    state: directory
    mode: "0755"

- name: Place default.conf
  ansible.builtin.template:
    src: default.conf.j2
    dest: /etc/nginx/conf.d/default.conf
    mode: "0644"
  notify:
    - Restart nginx

- name: Start and enable nginx
  ansible.builtin.service:
    name: nginx
    state: started
    enabled: true

 86%|████████▌ | 86/100 [10:43<01:23,  5.98s/it] 87%|████████▋ | 87/100 [10:46<01:06,  5.09s/it] 88%|████████▊ | 88/100 [10:49<00:52,  4.40s/it]
Total input tokens: 513
___________________________________________LLM Output:___________________________________________ 
Below you will receive task descriptions from which you should generate an Ansible Playbook.  
The generated playbook must be valid inside an Ansible Role under the tasks/ directory (e.g., tasks/main.yml).  
Do not include hosts:, vars:, or any playbook-level headers. Only output valid task entries or blocks as expected in a role.  

Task 1: Import assert.yml
Description Task 1: Import a separate task file named assert.yml to be executed once, delegating the run to localhost.

Task 2: Install nginx
Description Task 2: Use the package module to ensure that the nginx package is installed.

Task 3: Place nginx.conf
Description Task 3: Use the template module to place a configured nginx.conf file from a Jinja2 template, validate the configuration, set appropriate permissions, and notify the handler to restart nginx if changes are made.

Task 4: Ensure /etc/nginx/conf.d exists
Description Task 4: Use the file module to ensure that the directory /etc/nginx/conf.d exists with the specified permissions.

Task 5: Place default.conf
Description Task 5: Use the template module to place a configured default.conf file from a Jinja2 template, set appropriate permissions, and notify the handler to restart nginx if changes are made.

Task 6: Start and enable nginx
Description Task 6: Use the service module to start the nginx service and ensure it is enabled to start on boot.

Tue Sep 30 17:05:39 2025: /home/studgoetsi5301/documents/ansible_bench/dataset/prompts/ollama_phi4:14b_english_exact/benchmark100/ansible-role-nginx/tasks/main_prompt.txt Total generation time: 5.256348676994094


Prompt: You are a professional developer. Below you will find a complete Ansible Playbook. This playbook was generated based on a prompt. Your task is to reconstruct the original prompt that could have been used to generate this playbook.

Important: The only output follows the format below. Do not include any explanations or comments before or after.

The reconstructed prompt must exactly follow the structure below:

"Below you will receive task descriptions from which you should generate an Ansible Playbook.  
The generated playbook must be valid inside an Ansible Role under the tasks/ directory (e.g., tasks/main.yml).  
Do not include hosts:, vars:, or any playbook-level headers. Only output valid task entries or blocks as expected in a role.  

Task 1: ...
Description Task 1: ...

Task 2: ...
Description Task 2: ...

Task 3: ...
Description Task 3: ...
..."

Guidelines:
- Each task should be short and clearly describe one specific action.
- The tasks must match the actual tasks in the playbook **both in content and order**.
- Use the exact terminology and labels as used in the playbook (e.g., “install nginx” instead of “install web server”).
- Provide a more detailed description of the task next to each task
- Include the exact names of variables, handlers, etc. used in the playbook.

Here is the Ansible Playbook:
---
- name: Install Ansible via Pip.
  pip:
    name: ansible
    executable: "{{ ansible_pip_executable | default(omit) }}"
    version: "{{ ansible_install_version_pip | default(omit) }}"
    extra_args: "{{ ansible_install_pip_extra_args | default(omit) }}"


Total input tokens: 348
___________________________________________LLM Output:___________________________________________ 
Below you will receive task descriptions from which you should generate an Ansible Playbook.  
The generated playbook must be valid inside an Ansible Role under the tasks/ directory (e.g., tasks/main.yml).  
Do not include hosts:, vars:, or any playbook-level headers. Only output valid task entries or blocks as expected in a role.  

Task 1: Install Ansible via Pip.  
Description Task 1: Use the Ansible pip module to install Ansible on the target system. Specify the name of the package to install (`ansible`). Optionally, use variables such as `ansible_pip_executable`, `ansible_install_version_pip`, and `ansible_install_pip_extra_args` to control the pip executable, the version of Ansible to install, and any additional pip arguments, respectively.

Tue Sep 30 17:05:42 2025: /home/studgoetsi5301/documents/ansible_bench/dataset/prompts/ollama_phi4:14b_english_exact/benchmark100/ansible-role-ansible/tasks/setup-pip_prompt.txt Total generation time: 3.032362223995733


Prompt: You are a professional developer. Below you will find a complete Ansible Playbook. This playbook was generated based on a prompt. Your task is to reconstruct the original prompt that could have been used to generate this playbook.

Important: The only output follows the format below. Do not include any explanations or comments before or after.

The reconstructed prompt must exactly follow the structure below:

"Below you will receive task descriptions from which you should generate an Ansible Playbook.  
The generated playbook must be valid inside an Ansible Role under the tasks/ directory (e.g., tasks/main.yml).  
Do not include hosts:, vars:, or any playbook-level headers. Only output valid task entries or blocks as expected in a role.  

Task 1: ...
Description Task 1: ...

Task 2: ...
Description Task 2: ...

Task 3: ...
Description Task 3: ...
..."

Guidelines:
- Each task should be short and clearly describe one specific action.
- The tasks must match the actual tasks in the playbook **both in content and order**.
- Use the exact terminology and labels as used in the playbook (e.g., “install nginx” instead of “install web server”).
- Provide a more detailed description of the task next to each task
- Include the exact names of variables, handlers, etc. used in the playbook.

Here is the Ansible Playbook:
---
- name: Install Ansible.
  package:
    name: ansible
    state: "{{ ansible_package_state }}"


Total input tokens: 307
___________________________________________LLM Output:___________________________________________ 
Below you will receive task descriptions from which you should generate an Ansible Playbook.  
The generated playbook must be valid inside an Ansible Role under the tasks/ directory (e.g., tasks/main.yml).  
Do not include hosts:, vars:, or any playbook-level headers. Only output valid task entries or blocks as expected in a role.  

Task 1: Install Ansible using the package manager.
Description Task 1: Ensure that Ansible is installed on the target system. Use the `ansible` variable `ansible_package_state` to determine the desired state (e.g., present, latest) of the package. This task utilizes the `package` module to manage the installation process, allowing for flexibility in handling different package management systems.

Tue Sep 30 17:05:44 2025: /home/studgoetsi5301/documents/ansible_bench/dataset/prompts/ollama_phi4:14b_english_exact/benchmark100/ansible-role-ansible/tasks/setup-Fedora_prompt.txt Total generation time: 2.770949428988388


Prompt: You are a professional developer. Below you will find a complete Ansible Playbook. This playbook was generated based on a prompt. Your task is to reconstruct the original prompt that could have been used to generate this playbook.

Important: The only output follows the format below. Do not include any explanations or comments before or after.

The reconstructed prompt must exactly follow the structure below:

"Below you will receive task descriptions from which you should generate an Ansible Playbook.  
The generated playbook must be valid inside an Ansible Role under the tasks/ directory (e.g., tasks/main.yml).  
Do not include hosts:, vars:, or any playbook-level headers. Only output valid task entries or blocks as expected in a role.  

Task 1: ...
Description Task 1: ...

Task 2: ...
Description Task 2: ...

Task 3: ...
Description Task 3: ...
..."

Guidelines:
- Each task should be short and clearly describe one specific action.
- The tasks must match the actual tasks in the playbook **both in content and order**.
- Use the exact terminology and labels as used in the playbook (e.g., “install nginx” instead of “install web server”).
- Provide a more detailed description of the task next to each task
- Include the exact names of variables, handlers, etc. used in the playbook.

Here is the Ansible Playbook:
---
- name: Set the package state based on how Ansible is installed.
  set_fact:
    ansible_package_state: "{{ 'present' if ansible_install_method == 'package' else 'absent' }}"

# Setup/install tasks.
- name: Set up Ansible on RedHat.
  include_tasks: setup-RedHat.yml
  when:
    - ansible_os_family == 'RedHat'
    - ansible_distribution != 'Fedora'
    - ansible_install_method == 'package'

- name: Set up Ansible on Fedora.
  include_tasks: setup-Fedora.yml
  when:
    - ansible_distribution == 'Fedora'
    - ansible_install_method == 'package'

- name: Set up Ansible on Ubuntu.
  include_tasks: setup-Ubuntu.yml
  when:
    - ansible_distribution == 'Ubuntu'
    - ansible_install_method == 'package'

- name: Set up Ansible on Debian.
  include_tasks: setup-Debian.yml
  when:
    - ansible_distribution == 'Debian'
    - ansible_install_method == 'package'

- name: Set up Ansible using Pip.
  include_tasks: setup-pip.yml
  when: ansible_install_method == 'pip'

 89%|████████▉ | 89/100 [10:55<00:52,  4.75s/it] 90%|█████████ | 90/100 [11:00<00:47,  4.75s/it]
Total input tokens: 534
___________________________________________LLM Output:___________________________________________ 
Below you will receive task descriptions from which you should generate an Ansible Playbook.  
The generated playbook must be valid inside an Ansible Role under the tasks/ directory (e.g., tasks/main.yml).  
Do not include hosts:, vars:, or any playbook-level headers. Only output valid task entries or blocks as expected in a role.  

Task 1: Determine the package state based on the installation method.
Description Task 1: Set the package state to 'present' if Ansible is installed via package manager, otherwise set it to 'absent'.

Task 2: Setup Ansible on RedHat systems, excluding Fedora, using the package manager.
Description Task 2: Include tasks for setting up Ansible on RedHat distributions, excluding Fedora, when Ansible is installed using the package manager.

Task 3: Setup Ansible on Fedora using the package manager.
Description Task 3: Include tasks for setting up Ansible on Fedora when Ansible is installed using the package manager.

Task 4: Setup Ansible on Ubuntu using the package manager.
Description Task 4: Include tasks for setting up Ansible on Ubuntu when Ansible is installed using the package manager.

Task 5: Setup Ansible on Debian using the package manager.
Description Task 5: Include tasks for setting up Ansible on Debian when Ansible is installed using the package manager.

Task 6: Setup Ansible using Pip.
Description Task 6: Include tasks for setting up Ansible when it is installed using Pip.

Tue Sep 30 17:05:50 2025: /home/studgoetsi5301/documents/ansible_bench/dataset/prompts/ollama_phi4:14b_english_exact/benchmark100/ansible-role-ansible/tasks/main_prompt.txt Total generation time: 5.564200452005025


Prompt: You are a professional developer. Below you will find a complete Ansible Playbook. This playbook was generated based on a prompt. Your task is to reconstruct the original prompt that could have been used to generate this playbook.

Important: The only output follows the format below. Do not include any explanations or comments before or after.

The reconstructed prompt must exactly follow the structure below:

"Below you will receive task descriptions from which you should generate an Ansible Playbook.  
The generated playbook must be valid inside an Ansible Role under the tasks/ directory (e.g., tasks/main.yml).  
Do not include hosts:, vars:, or any playbook-level headers. Only output valid task entries or blocks as expected in a role.  

Task 1: ...
Description Task 1: ...

Task 2: ...
Description Task 2: ...

Task 3: ...
Description Task 3: ...
..."

Guidelines:
- Each task should be short and clearly describe one specific action.
- The tasks must match the actual tasks in the playbook **both in content and order**.
- Use the exact terminology and labels as used in the playbook (e.g., “install nginx” instead of “install web server”).
- Provide a more detailed description of the task next to each task
- Include the exact names of variables, handlers, etc. used in the playbook.

Here is the Ansible Playbook:
---
- name: Enable Backports repository.
  apt_repository:
    repo: >-
      deb http://ftp.debian.org/debian
      {{ ansible_distribution_release }}-backports main'
    state: present
    filename: "{{ ansible_distribution_release }}_backports"
    update_cache: true
  when: ansible_distribution_version | int < 9

- name: Set the default_release option for older Debian versions.
  set_fact:
    ansible_default_release: "{{ ansible_distribution_release }}-backports"
  when: ansible_distribution_version | int < 9

- name: Install Ansible.
  apt:
    name: ansible
    state: "{{ ansible_package_state }}"
    default_release: "{{ ansible_default_release }}"


Total input tokens: 432
___________________________________________LLM Output:___________________________________________ 
Below you will receive task descriptions from which you should generate an Ansible Playbook.  
The generated playbook must be valid inside an Ansible Role under the tasks/ directory (e.g., tasks/main.yml).  
Do not include hosts:, vars:, or any playbook-level headers. Only output valid task entries or blocks as expected in a role.  

Task 1: Enable the Backports repository for Debian systems with a version less than 9.
Description Task 1: This task adds the Debian Backports repository to the system's apt sources list if the Debian version is less than 9. It uses the `apt_repository` module to ensure the repository is present and updates the package cache.

Task 2: Set the default release to Backports for Debian systems with a version less than 9.
Description Task 2: This task sets a fact to use the Backports release as the default for package installations if the Debian version is less than 9. It uses the `set_fact` module to define `ansible_default_release`.

Task 3: Install the Ansible package, using the Backports release if applicable.
Description Task 3: This task installs the Ansible package, ensuring it is in the desired state as specified by `ansible_package_state`. It uses the `apt` module and may use the `ansible_default_release` if the system's Debian version is less than 9.

Tue Sep 30 17:05:55 2025: /home/studgoetsi5301/documents/ansible_bench/dataset/prompts/ollama_phi4:14b_english_exact/benchmark100/ansible-role-ansible/tasks/setup-Debian_prompt.txt Total generation time: 4.764626887990744


Prompt: You are a professional developer. Below you will find a complete Ansible Playbook. This playbook was generated based on a prompt. Your task is to reconstruct the original prompt that could have been used to generate this playbook.

Important: The only output follows the format below. Do not include any explanations or comments before or after.

The reconstructed prompt must exactly follow the structure below:

"Below you will receive task descriptions from which you should generate an Ansible Playbook.  
The generated playbook must be valid inside an Ansible Role under the tasks/ directory (e.g., tasks/main.yml).  
Do not include hosts:, vars:, or any playbook-level headers. Only output valid task entries or blocks as expected in a role.  

Task 1: ...
Description Task 1: ...

Task 2: ...
Description Task 2: ...

Task 3: ...
Description Task 3: ...
..."

Guidelines:
- Each task should be short and clearly describe one specific action.
- The tasks must match the actual tasks in the playbook **both in content and order**.
- Use the exact terminology and labels as used in the playbook (e.g., “install nginx” instead of “install web server”).
- Provide a more detailed description of the task next to each task
- Include the exact names of variables, handlers, etc. used in the playbook.

Here is the Ansible Playbook:
---
- name: Ensure dirmngr is installed (gnupg dependency).
  apt:
    name: dirmngr
    state: present

- name: Add ansible repository.
  apt_repository:
    repo: 'ppa:ansible/ansible'
    update_cache: true

- name: Install Ansible.
  apt:
    name: ansible
    state: "{{ ansible_package_state }}"


Total input tokens: 365
___________________________________________LLM Output:___________________________________________ 
Below you will receive task descriptions from which you should generate an Ansible Playbook.  
The generated playbook must be valid inside an Ansible Role under the tasks/ directory (e.g., tasks/main.yml).  
Do not include hosts:, vars:, or any playbook-level headers. Only output valid task entries or blocks as expected in a role.  

Task 1: Ensure dirmngr is installed (gnupg dependency).  
Description Task 1: Install the dirmngr package, which is a dependency for gnupg, using the apt module to ensure it is present on the system.

Task 2: Add ansible repository.  
Description Task 2: Add the Ansible Personal Package Archive (PPA) repository to the system's package sources using the apt_repository module and update the package cache.

Task 3: Install Ansible.  
Description Task 3: Install the Ansible package using the apt module, with the state set to a variable, ansible_package_state, which determines whether Ansible should be installed or a specific state should be enforced. 91%|█████████ | 91/100 [11:03<00:40,  4.45s/it] 92%|█████████▏| 92/100 [11:06<00:30,  3.86s/it]

Tue Sep 30 17:05:58 2025: /home/studgoetsi5301/documents/ansible_bench/dataset/prompts/ollama_phi4:14b_english_exact/benchmark100/ansible-role-ansible/tasks/setup-Ubuntu_prompt.txt Total generation time: 3.733900242004893


Prompt: You are a professional developer. Below you will find a complete Ansible Playbook. This playbook was generated based on a prompt. Your task is to reconstruct the original prompt that could have been used to generate this playbook.

Important: The only output follows the format below. Do not include any explanations or comments before or after.

The reconstructed prompt must exactly follow the structure below:

"Below you will receive task descriptions from which you should generate an Ansible Playbook.  
The generated playbook must be valid inside an Ansible Role under the tasks/ directory (e.g., tasks/main.yml).  
Do not include hosts:, vars:, or any playbook-level headers. Only output valid task entries or blocks as expected in a role.  

Task 1: ...
Description Task 1: ...

Task 2: ...
Description Task 2: ...

Task 3: ...
Description Task 3: ...
..."

Guidelines:
- Each task should be short and clearly describe one specific action.
- The tasks must match the actual tasks in the playbook **both in content and order**.
- Use the exact terminology and labels as used in the playbook (e.g., “install nginx” instead of “install web server”).
- Provide a more detailed description of the task next to each task
- Include the exact names of variables, handlers, etc. used in the playbook.

Here is the Ansible Playbook:
---
- name: Install Ansible.
  package:
    name: ansible
    state: "{{ ansible_package_state }}"
    enablerepo: "{{ ansible_epel_repo_name }}"


Total input tokens: 320
___________________________________________LLM Output:___________________________________________ 
Below you will receive task descriptions from which you should generate an Ansible Playbook.  
The generated playbook must be valid inside an Ansible Role under the tasks/ directory (e.g., tasks/main.yml).  
Do not include hosts:, vars:, or any playbook-level headers. Only output valid task entries or blocks as expected in a role.  

Task 1: Install Ansible.
Description Task 1: Install the Ansible package using a specified package manager, ensuring the package is in the desired state as defined by the `ansible_package_state` variable. Enable the specified EPEL repository using the `ansible_epel_repo_name` variable to facilitate the installation.

Tue Sep 30 17:06:01 2025: /home/studgoetsi5301/documents/ansible_bench/dataset/prompts/ollama_phi4:14b_english_exact/benchmark100/ansible-role-ansible/tasks/setup-RedHat_prompt.txt Total generation time: 2.471508073998848


Prompt: You are a professional developer. Below you will find a complete Ansible Playbook. This playbook was generated based on a prompt. Your task is to reconstruct the original prompt that could have been used to generate this playbook.

Important: The only output follows the format below. Do not include any explanations or comments before or after.

The reconstructed prompt must exactly follow the structure below:

"Below you will receive task descriptions from which you should generate an Ansible Playbook.  
The generated playbook must be valid inside an Ansible Role under the tasks/ directory (e.g., tasks/main.yml).  
Do not include hosts:, vars:, or any playbook-level headers. Only output valid task entries or blocks as expected in a role.  

Task 1: ...
Description Task 1: ...

Task 2: ...
Description Task 2: ...

Task 3: ...
Description Task 3: ...
..."

Guidelines:
- Each task should be short and clearly describe one specific action.
- The tasks must match the actual tasks in the playbook **both in content and order**.
- Use the exact terminology and labels as used in the playbook (e.g., “install nginx” instead of “install web server”).
- Provide a more detailed description of the task next to each task
- Include the exact names of variables, handlers, etc. used in the playbook.

Here is the Ansible Playbook:
---
# tasks file for rsyslog

- name: Import assert.yml
  ansible.builtin.import_tasks:
    file: assert.yml
  run_once: true
  delegate_to: localhost

- name: Uninstall conflicting systemd-logger
  ansible.builtin.package:
    name: systemd-logger
    state: absent

- name: Install rsyslog
  ansible.builtin.package:
    name: "{{ rsyslog_packages }}"
    state: "{{ rsyslog_package_state }}"

- name: Install additional rsyslog packages
  ansible.builtin.package:
    name: "rsyslog-{{ item }}"
    state: "{{ rsyslog_package_state }}"
  loop: "{{ rsyslog_features }}"

- name: Configuring default rsyslog
  ansible.builtin.template:
    src: "{{ rsyslog_config_file_format }}_rsyslog.conf.j2"
    dest: "{{ rsyslog_dest_conf_file }}"
    mode: "0644"
  when:
    - rsyslog_deploy_default_config
  notify:
    - Restart rsyslog

- name: Make configuration directory
  ansible.builtin.file:
    name: /etc/rsyslog.d/
    state: directory
    mode: "0755"

- name: Configuring rsyslog forward rule
  ansible.builtin.template:
    src: "forward_rule.conf.j2"
    dest: /etc/rsyslog.d/{{ rsyslog_forward_rule_name }}.conf
    mode: "0644"
  when:
    - not rsyslog_deploy_default_config
  notify:
    - Restart rsyslog

- name: Configuring additional config files
  ansible.builtin.copy:
    content: "{{ item.value.content | default('') }}"
    dest: "/etc/rsyslog.d/{{ item.key }}.conf"
    validate: "{{ 'rsyslogd -N1 -f %s' if item.value.validate | default(false) else 'true %s' }}"
    owner: root
    group: root
    mode: 0440
  with_dict: "{{ rsyslog_rsyslog_d_files }}"
  when:
    - item.value.state | default('present') == 'present'
  notify:
    - Restart rsyslog

- name: Start and enable rsyslog
  ansible.builtin.service:
    name: "{{ rsyslog_service }}"
    state: started
    enabled: true


Total input tokens: 787
___________________________________________LLM Output:___________________________________________ 
Below you will receive task descriptions from which you should generate an Ansible Playbook.  
The generated playbook must be valid inside an Ansible Role under the tasks/ directory (e.g., tasks/main.yml).  
Do not include hosts:, vars:, or any playbook-level headers. Only output valid task entries or blocks as expected in a role.  

Task 1: Import an assertion task file to be run once on localhost.  
Description Task 1: This task imports a separate YAML file named `assert.yml` that contains assertions or prerequisites which must be checked or executed. The task is set to run once and is delegated to the localhost.

Task 2: Uninstall the systemd-logger package.  
Description Task 2: This task ensures that the `systemd-logger` package, which might conflict with rsyslog, is absent from the system by removing it.

Task 3: Install the rsyslog package using a variable list of packages.  
Description Task 3: This task installs the rsyslog package specified by the `rsyslog_packages` variable. The state of the package installation is determined by the `rsyslog_package_state` variable.

Task 4: Install additional rsyslog packages based on a list of features.  
Description Task 4: This task loops through a list of additional rsyslog features specified in the `rsyslog_features` variable and installs each corresponding package. The state of each package installation is determined by the `rsyslog_package_state` variable.

Task 5: Configure the default rsyslog settings using a template file.  
Description Task 5: This task configures the default rsyslog settings by templating a configuration file named according to the `rsyslog_config_file_format` variable. The destination of the templated configuration file is specified by `rsyslog_dest_conf_file`. The task is conditional on the `rsyslog_deploy_default_config` variable being true and triggers the handler to restart rsyslog.

Task 6: Ensure the existence of the rsyslog configuration directory.  
Description Task 6: This task ensures that the directory `/etc/rsyslog.d/` exists and has the correct permissions set to `0755`.

Task 7: Configure rsyslog to forward logs based on a template file.  
Description Task 7: This task configures rsyslog to forward logs using a template file `forward_rule.conf.j2`. The destination file is named according to `rsyslog_forward_rule_name` and is placed in `/etc/rsyslog.d/`. This task is executed when `rsyslog_deploy_default_config` is false and triggers the handler to restart rsyslog.

Task 8: Configure additional rsyslog configuration files from a dictionary.  
Description Task 8: This task iterates over a dictionary `rsyslog_rsyslog_d_files` to configure additional rsyslog files. Each item is processed to create or update configuration files in `/etc/rsyslog.d/`. The content and validation of each file are conditionally handled, and the task notifies the handler to restart rsyslog if the state is `present`.

Task 9: Start and enable the rsyslog service.  
Description Task 9: This task ensures that the rsyslog service, identified by the `rsyslog_service` variable, is started and enabled to start on boot. 93%|█████████▎| 93/100 [11:18<00:43,  6.28s/it] 94%|█████████▍| 94/100 [11:28<00:45,  7.53s/it]

Tue Sep 30 17:06:13 2025: /home/studgoetsi5301/documents/ansible_bench/dataset/prompts/ollama_phi4:14b_english_exact/benchmark100/ansible-role-rsyslog/tasks/main_prompt.txt Total generation time: 11.948456975005683


Prompt: You are a professional developer. Below you will find a complete Ansible Playbook. This playbook was generated based on a prompt. Your task is to reconstruct the original prompt that could have been used to generate this playbook.

Important: The only output follows the format below. Do not include any explanations or comments before or after.

The reconstructed prompt must exactly follow the structure below:

"Below you will receive task descriptions from which you should generate an Ansible Playbook.  
The generated playbook must be valid inside an Ansible Role under the tasks/ directory (e.g., tasks/main.yml).  
Do not include hosts:, vars:, or any playbook-level headers. Only output valid task entries or blocks as expected in a role.  

Task 1: ...
Description Task 1: ...

Task 2: ...
Description Task 2: ...

Task 3: ...
Description Task 3: ...
..."

Guidelines:
- Each task should be short and clearly describe one specific action.
- The tasks must match the actual tasks in the playbook **both in content and order**.
- Use the exact terminology and labels as used in the playbook (e.g., “install nginx” instead of “install web server”).
- Provide a more detailed description of the task next to each task
- Include the exact names of variables, handlers, etc. used in the playbook.

Here is the Ansible Playbook:
---
# tasks file for fail2ban

- name: Import assert.yml
  ansible.builtin.import_tasks:
    file: assert.yml
  run_once: true
  delegate_to: localhost

- name: Install fail2ban
  ansible.builtin.package:
    name: "{{ fail2ban_packages }}"
    state: present

- name: Copy filters in filter.d
  ansible.builtin.copy:
    src: "{{ fail2ban_filterd_path }}"
    dest: /etc/fail2ban/filter.d/
    owner: root
    group: root
    mode: "0640"
  when:
    - fail2ban_filterd_path is defined
  notify:
    - Restart fail2ban

- name: Configure fail2ban.local
  community.general.ini_file:
    path: /etc/fail2ban/fail2ban.local
    section: "{{ item.section }}"
    option: "{{ item.option }}"
    value: "{{ item.value }}"
    mode: "0640"
  loop: "{{ fail2ban_base_configuration + fail2ban_configuration }}"
  notify:
    - Restart fail2ban
  loop_control:
    label: "{{ item.option }}"

- name: Configure jail.local
  community.general.ini_file:
    path: /etc/fail2ban/jail.local
    section: "{{ item.section }}"
    option: "{{ item.option }}"
    value: "{{ item.value }}"
    mode: "0640"
  loop: "{{ fail2ban_base_jail_configuration + fail2ban_jail_configuration }}"
  notify:
    - Restart fail2ban
  loop_control:
    label: "{{ item.option }}"

- name: Stat auth log file
  ansible.builtin.stat:
    path: /var/log/auth.log
  register: fail2ban_auth

- name: Touch auth log file
  ansible.builtin.file:
    path: /var/log/auth.log
    state: touch
    mode: "0640"
  when:
    - fail2ban_auth.stat.exists is defined
    - not fail2ban_auth.stat.exists

- name: Start and enable fail2ban
  ansible.builtin.service:
    name: "{{ fail2ban_service }}"
    state: started
    enabled: true


Total input tokens: 745
___________________________________________LLM Output:___________________________________________ 
Below you will receive task descriptions from which you should generate an Ansible Playbook.  
The generated playbook must be valid inside an Ansible Role under the tasks/ directory (e.g., tasks/main.yml).  
Do not include hosts:, vars:, or any playbook-level headers. Only output valid task entries or blocks as expected in a role.  

Task 1: Import assert.yml  
Description Task 1: Import the assert.yml task file once, executing it on the localhost. This setup is typically used to ensure that certain assertions or validations are performed before proceeding with the rest of the playbook.

Task 2: Install fail2ban  
Description Task 2: Install the fail2ban package using the specified package names found in the variable `fail2ban_packages`. This task ensures that fail2ban is installed and ready for configuration on the target system.

Task 3: Copy filters in filter.d  
Description Task 3: Copy the fail2ban filters from the source directory specified by `fail2ban_filterd_path` to the destination `/etc/fail2ban/filter.d/`. This task ensures that the filters are properly placed with root ownership and 0640 permissions. It only runs if `fail2ban_filterd_path` is defined and triggers the handler to restart fail2ban.

Task 4: Configure fail2ban.local  
Description Task 4: Update the configuration file `/etc/fail2ban/fail2ban.local` with settings from the combined lists `fail2ban_base_configuration` and `fail2ban_configuration`. Each configuration entry is applied using the `community.general.ini_file` module, with permissions set to 0640. Changes trigger a restart of the fail2ban service.

Task 5: Configure jail.local  
Description Task 5: Update the fail2ban jail settings in `/etc/fail2ban/jail.local` using the combined lists `fail2ban_base_jail_configuration` and `fail2ban_jail_configuration`. Each setting is applied with the `community.general.ini_file` module, ensuring permissions are set to 0640. Changes trigger a restart of the fail2ban service.

Task 6: Stat auth log file  
Description Task 6: Check the status of the `/var/log/auth.log` file using the `stat` module and register the result in `fail2ban_auth`. This step is used to determine whether the auth log file exists.

Task 7: Touch auth log file  
Description Task 7: Create the `/var/log/auth.log` file with mode 0640 if it does not already exist. This ensures that the file is present and accessible for fail2ban to monitor.

Task 8: Start and enable fail2ban  
Description Task 8: Ensure the fail2ban service, specified by `fail2ban_service`, is started and enabled to start on boot. This step finalizes the setup by making sure fail2ban is actively running and will persist across reboots.

Tue Sep 30 17:06:23 2025: /home/studgoetsi5301/documents/ansible_bench/dataset/prompts/ollama_phi4:14b_english_exact/benchmark100/ansible-role-fail2ban/tasks/main_prompt.txt Total generation time: 10.441395240995917


Prompt: You are a professional developer. Below you will find a complete Ansible Playbook. This playbook was generated based on a prompt. Your task is to reconstruct the original prompt that could have been used to generate this playbook.

Important: The only output follows the format below. Do not include any explanations or comments before or after.

The reconstructed prompt must exactly follow the structure below:

"Below you will receive task descriptions from which you should generate an Ansible Playbook.  
The generated playbook must be valid inside an Ansible Role under the tasks/ directory (e.g., tasks/main.yml).  
Do not include hosts:, vars:, or any playbook-level headers. Only output valid task entries or blocks as expected in a role.  

Task 1: ...
Description Task 1: ...

Task 2: ...
Description Task 2: ...

Task 3: ...
Description Task 3: ...
..."

Guidelines:
- Each task should be short and clearly describe one specific action.
- The tasks must match the actual tasks in the playbook **both in content and order**.
- Use the exact terminology and labels as used in the playbook (e.g., “install nginx” instead of “install web server”).
- Provide a more detailed description of the task next to each task
- Include the exact names of variables, handlers, etc. used in the playbook.

Here is the Ansible Playbook:
---
# tasks file for scl

- name: Install centos-release-scl
  ansible.builtin.package:
    name: centos-release-scl
    state: present
  when:
    - ansible_distribution == "CentOS"


Total input tokens: 331
___________________________________________LLM Output:___________________________________________ 
Below you will receive task descriptions from which you should generate an Ansible Playbook.  
The generated playbook must be valid inside an Ansible Role under the tasks/ directory (e.g., tasks/main.yml).  
Do not include hosts:, vars:, or any playbook-level headers. Only output valid task entries or blocks as expected in a role.  

Task 1: Install the package centos-release-scl on CentOS systems.  
Description Task 1: Ensure the centos-release-scl package is installed on systems running CentOS. This package is necessary for enabling Software Collections (SCL) on CentOS. Use the ansible.builtin.package module and include a condition to check if the system's distribution is CentOS before executing the task.

Task 2: No additional task is present.  
Description Task 2: The playbook only contains one task related to installing the centos-release-scl package on CentOS systems. There are no further tasks specified in this playbook. 95%|█████████▌| 95/100 [11:32<00:31,  6.33s/it] 96%|█████████▌| 96/100 [11:40<00:27,  6.81s/it]

Tue Sep 30 17:06:27 2025: /home/studgoetsi5301/documents/ansible_bench/dataset/prompts/ollama_phi4:14b_english_exact/benchmark100/ansible-role-scl/tasks/main_prompt.txt Total generation time: 3.527587695993134


Prompt: You are a professional developer. Below you will find a complete Ansible Playbook. This playbook was generated based on a prompt. Your task is to reconstruct the original prompt that could have been used to generate this playbook.

Important: The only output follows the format below. Do not include any explanations or comments before or after.

The reconstructed prompt must exactly follow the structure below:

"Below you will receive task descriptions from which you should generate an Ansible Playbook.  
The generated playbook must be valid inside an Ansible Role under the tasks/ directory (e.g., tasks/main.yml).  
Do not include hosts:, vars:, or any playbook-level headers. Only output valid task entries or blocks as expected in a role.  

Task 1: ...
Description Task 1: ...

Task 2: ...
Description Task 2: ...

Task 3: ...
Description Task 3: ...
..."

Guidelines:
- Each task should be short and clearly describe one specific action.
- The tasks must match the actual tasks in the playbook **both in content and order**.
- Use the exact terminology and labels as used in the playbook (e.g., “install nginx” instead of “install web server”).
- Provide a more detailed description of the task next to each task
- Include the exact names of variables, handlers, etc. used in the playbook.

Here is the Ansible Playbook:
---
# tasks file for cron

- name: Import assert.yml
  ansible.builtin.import_tasks: assert.yml
  run_once: true
  delegate_to: localhost

- name: Install cron
  ansible.builtin.package:
    name: "{{ cron_packages }}"
    state: present

- name: Configure shell
  ansible.builtin.lineinfile:
    path: "{{ cron_configuration }}"
    line: "SHELL={{ cron_shell }}"
    regexp: "^SHELL"
    create: true
    mode: "0600"
  notify:
    - Restart cron

- name: Configure path
  ansible.builtin.lineinfile:
    path: "{{ cron_configuration }}"
    line: "PATH={{ cron_path }}"
    regexp: "^PATH"
    create: true
    mode: "0600"
  notify:
    - Restart cron

- name: Configure mailto
  ansible.builtin.lineinfile:
    path: "{{ cron_configuration }}"
    line: "MAILTO={{ cron_mailto }}"
    regexp: "^MAILTO"
    create: true
    mode: "0600"
  notify:
    - Restart cron

- name: Start and enable cron
  ansible.builtin.service:
    name: "{{ cron_service }}"
    state: started
    enabled: true
  when:
    - cron_service is defined
    - cron_service | length

- name: Schedule requested cron jobs
  ansible.builtin.cron:
    name: "{{ item.name }}"
    minute: "{{ item.minute | default(omit) }}"
    hour: "{{ item.hour | default(omit) }}"
    day: "{{ item.day | default(omit) }}"
    month: "{{ item.month | default(omit) }}"
    weekday: "{{ item.weekday | default(omit) }}"
    special_time: "{{ item.special_time | default(omit) }}"
    job: "{{ item.job }}"
    state: "{{ item.state | default('present') }}"
    user: "{{ item.user | default(omit) }}"
  loop: "{{ cron_jobs }}"
  loop_control:
    label: "{{ item.name }}"
  when:
    - cron_jobs is defined


Total input tokens: 717
___________________________________________LLM Output:___________________________________________ 
Below you will receive task descriptions from which you should generate an Ansible Playbook.  
The generated playbook must be valid inside an Ansible Role under the tasks/ directory (e.g., tasks/main.yml).  
Do not include hosts:, vars:, or any playbook-level headers. Only output valid task entries or blocks as expected in a role.  

Task 1: Import the assert.yml file from the localhost and ensure it runs only once.
Description Task 1: Import additional tasks from assert.yml, executing them on the localhost only once to ensure necessary assertions are performed before proceeding with other tasks.

Task 2: Install the necessary cron packages.
Description Task 2: Use the package module to install the packages listed in the `cron_packages` variable, ensuring they are present on the system.

Task 3: Configure the shell environment for cron.
Description Task 3: Modify the cron configuration file specified by `cron_configuration` to set the shell environment using the `cron_shell` variable, ensuring proper permissions are applied with mode "0600". This task triggers a handler to restart the cron service.

Task 4: Configure the PATH environment variable for cron.
Description Task 4: Update the cron configuration file to set the PATH environment variable using the `cron_path` variable, ensuring the line is added with mode "0600". This task also triggers a handler to restart the cron service.

Task 5: Configure the MAILTO environment variable for cron.
Description Task 5: Set the MAILTO environment variable in the cron configuration file using the `cron_mailto` variable, ensuring the line is added with mode "0600". This task triggers a handler to restart the cron service.

Task 6: Ensure the cron service is started and enabled.
Description Task 6: Use the service module to start and enable the service specified by `cron_service`, but only if it is defined and has a non-empty name.

Task 7: Schedule the specified cron jobs.
Description Task 7: Use the cron module to schedule jobs defined in the `cron_jobs` variable, iterating over each job and configuring its schedule and execution details. This task only runs if `cron_jobs` is defined.

Tue Sep 30 17:06:35 2025: /home/studgoetsi5301/documents/ansible_bench/dataset/prompts/ollama_phi4:14b_english_exact/benchmark100/ansible-role-cron-buluma/tasks/main_prompt.txt Total generation time: 7.912797678000061


Prompt: You are a professional developer. Below you will find a complete Ansible Playbook. This playbook was generated based on a prompt. Your task is to reconstruct the original prompt that could have been used to generate this playbook.

Important: The only output follows the format below. Do not include any explanations or comments before or after.

The reconstructed prompt must exactly follow the structure below:

"Below you will receive task descriptions from which you should generate an Ansible Playbook.  
The generated playbook must be valid inside an Ansible Role under the tasks/ directory (e.g., tasks/main.yml).  
Do not include hosts:, vars:, or any playbook-level headers. Only output valid task entries or blocks as expected in a role.  

Task 1: ...
Description Task 1: ...

Task 2: ...
Description Task 2: ...

Task 3: ...
Description Task 3: ...
..."

Guidelines:
- Each task should be short and clearly describe one specific action.
- The tasks must match the actual tasks in the playbook **both in content and order**.
- Use the exact terminology and labels as used in the playbook (e.g., “install nginx” instead of “install web server”).
- Provide a more detailed description of the task next to each task
- Include the exact names of variables, handlers, etc. used in the playbook.

Here is the Ansible Playbook:
---
# tasks file for hashicorp

- name: Import assert.yml
  ansible.builtin.import_tasks:
    file: assert.yml
  run_once: true
  delegate_to: localhost

- name: Install using package
  when:
    - hashicorp_installation_method == "package"
  block:
    - name: Install repository for RedHat
      ansible.builtin.get_url:
        url: "{{ hashicorp_repository_url }}"
        dest: /etc/yum.repos.d/hashicorp.repo
        mode: "0640"
      when:
        - ansible_os_family in [ "RedHat", "Rocky" ]

    - name: Configure debian
      when:
        - ansible_os_family == "Debian"
      block:
        - name: Install required package gpg
          ansible.builtin.package:
            name: gpg

        - name: Install apt key for Debian
          ansible.builtin.apt_key:
            url: "https://apt.releases.hashicorp.com/gpg"
            state: present
            validate_certs: false

        - name: Install repository for Debian
          ansible.builtin.apt_repository:
            repo: deb [arch={{ hashicorp_architecture_mapping }}] https://apt.releases.hashicorp.com {{ ansible_distribution_release }} main
            state: present

    - name: Install hashicorp product using package
      when:
        - hashicorp_products is defined
      block:
        - name: Install latest hashicorp product using package
          ansible.builtin.package:
            name: "{{ item.name }}"
            state: present
          loop: "{{ hashicorp_products }}"
          loop_control:
            label: "{{ item.name }}"
          when:
            - item.version is not defined

        - name: Install versioned hashicorp product using package
          ansible.builtin.package:
            name: "{{ item.name }}{{ version_coupler }}{{ item.version }}"
            state: present
          loop: "{{ hashicorp_products }}"
          loop_control:
            label: "{{ item.name }}"
          when:
            - item.version is defined

- name: Install manually
  when:
    - hashicorp_installation_method == "manual"
  block:
    - name: Install hashicorp product manually
      ansible.builtin.unarchive:
        src: "{{ hashicorp_src }}"
        dest: "{{ hashicorp_destination }}"
        group: "{{ hashicorp_group }}"
        mode: "{{ hashicorp_mode }}"
        owner: "{{ hashicorp_owner }}"
        remote_src: true
      loop: "{{ hashicorp_products }}"
      loop_control:
        label: "{{ item.name }}"

 97%|█████████▋| 97/100 [11:46<00:19,  6.65s/it]
Total input tokens: 834
___________________________________________LLM Output:___________________________________________ 
Below you will receive task descriptions from which you should generate an Ansible Playbook.  
The generated playbook must be valid inside an Ansible Role under the tasks/ directory (e.g., tasks/main.yml).  
Do not include hosts:, vars:, or any playbook-level headers. Only output valid task entries or blocks as expected in a role.  

Task 1: Import the assert.yml tasks file to be executed once on the localhost.  
Description Task 1: Import the assert.yml file using the ansible.builtin.import_tasks module, ensuring it runs only once and delegates execution to the localhost.

Task 2: Install HashiCorp products using the package installation method.  
Description Task 2: If the installation method is set to "package", perform the following sub-tasks:  
- For RedHat or Rocky families, download the HashiCorp repository configuration from the specified URL and save it with restricted permissions.  
- For Debian systems, ensure the necessary GPG package is installed, import the HashiCorp GPG key, and configure the repository for the current distribution release and architecture.  
- Install HashiCorp products using the package manager, handling both version-specific and latest version products as defined in the hashicorp_products variable.

Task 3: Install HashiCorp products manually if the installation method is set to "manual".  
Description Task 3: If the installation method is "manual", use the ansible.builtin.unarchive module to download and extract HashiCorp products from the specified source to the defined destination, setting the appropriate owner, group, and permissions.

Tue Sep 30 17:06:41 2025: /home/studgoetsi5301/documents/ansible_bench/dataset/prompts/ollama_phi4:14b_english_exact/benchmark100/ansible-role-hashicorp/tasks/main_prompt.txt Total generation time: 6.2945178910013055


Prompt: You are a professional developer. Below you will find a complete Ansible Playbook. This playbook was generated based on a prompt. Your task is to reconstruct the original prompt that could have been used to generate this playbook.

Important: The only output follows the format below. Do not include any explanations or comments before or after.

The reconstructed prompt must exactly follow the structure below:

"Below you will receive task descriptions from which you should generate an Ansible Playbook.  
The generated playbook must be valid inside an Ansible Role under the tasks/ directory (e.g., tasks/main.yml).  
Do not include hosts:, vars:, or any playbook-level headers. Only output valid task entries or blocks as expected in a role.  

Task 1: ...
Description Task 1: ...

Task 2: ...
Description Task 2: ...

Task 3: ...
Description Task 3: ...
..."

Guidelines:
- Each task should be short and clearly describe one specific action.
- The tasks must match the actual tasks in the playbook **both in content and order**.
- Use the exact terminology and labels as used in the playbook (e.g., “install nginx” instead of “install web server”).
- Provide a more detailed description of the task next to each task
- Include the exact names of variables, handlers, etc. used in the playbook.

Here is the Ansible Playbook:
---
# tasks file for java

- name: Import assert.yml
  ansible.builtin.import_tasks:
    file: assert.yml
  run_once: true
  delegate_to: localhost

- name: Install requirements
  ansible.builtin.package:
    name: bash
    state: present

- name: Install openjdk java (package)
  ansible.builtin.package:
    name: "{{ java_openjdk_package }}"
    state: present
  when:
    java_vendor == "openjdk"
  environment:
    USE: "X -cups -alsa -fontconfig"

- name: Install RPM
  when:
    - java_source == "local"
    - java_format == "rpm"
  block:
    - name: Copy oracle java (rpm)
      ansible.builtin.copy:
        src: "{{ java_package }}"
        dest: "/tmp/{{ java_package }}"
        mode: "0640"

    - name: Install oracle java (rpm) (local)
      ansible.builtin.package:
        name: "/tmp/{{ java_package }}"
        state: present

- name: Install DEB
  when:
    - java_source == "local"
    - java_format == "deb"
  block:
    - name: Copy oracle java (deb)
      ansible.builtin.copy:
        src: "{{ java_package }}"
        dest: "/tmp/{{ java_package }}"
        mode: "0640"

    - name: Install oracle java (deb) (local)
      ansible.builtin.apt:
        deb: "/tmp/{{ java_package }}"
        state: present

- name: Install oracle java (rpm) (repository)
  ansible.builtin.package:
    name: "{{ java_oracle_package }}"
    state: present
  when:
    - java_source == "repository"
    - java_format == "rpm"

- name: Configure oracle targz
  when:
    - java_format == "targz"
    - java_vendor == "oracle"
  block:
    - name: Ensure java_install_directory exists
      ansible.builtin.file:
        path: "{{ java_install_directory }}"
        state: directory
        mode: "0755"

    - name: Install oracle java (targz)
      ansible.builtin.unarchive:
        src: "{{ java_oracle_package }}"
        dest: "{{ java_install_directory }}"
        mode: "0755"

- name: Install oracle java policy software (targz)
  ansible.builtin.unarchive:
    src: jce_policy-8.zip
    dest: "{{ java_install_directory }}"
    mode: "0755"
  when:
    - java_jce
    - java_version == 8
    - java_vendor == "oracle"

- name: Set alternative (targz)
  community.general.alternatives:
    name: java
    link: /usr/bin/java
    path: "{{ java_install_directory }}/{{ java_oracle_directory }}/bin/java"
  when:
    - java_format == "targz"
    - ansible_distribution != "Alpine"
    - java_vendor == "oracle"

- name: Find JAVA_HOME
  ansible.builtin.shell:
    cmd: set -o pipefail && readlink -f /usr/bin/java | sed 's%/bin/java%%'
    executable: /bin/bash
  changed_when: false
  check_mode: false
  register: java_home

- name: Set JAVA_HOME in /etc/environment
  ansible.builtin.lineinfile:
    path: /etc/profile.d/java_home.sh
    regexp: '^export JAVA_HOME='
    line: 'export JAVA_HOME="{{ java_home.stdout }}"'
    create: true
    mode: "0644"


Total input tokens: 1039
___________________________________________LLM Output:___________________________________________ 
Below you will receive task descriptions from which you should generate an Ansible Playbook.  
The generated playbook must be valid inside an Ansible Role under the tasks/ directory (e.g., tasks/main.yml).  
Do not include hosts:, vars:, or any playbook-level headers. Only output valid task entries or blocks as expected in a role.  

Task 1: Import a task file named `assert.yml` to be executed once and delegate execution to the localhost.  
Description Task 1: Import additional tasks from a file named `assert.yml`, ensuring the tasks are executed only once and delegated to the localhost.

Task 2: Install the `bash` package if it is not already present.  
Description Task 2: Ensure the `bash` package is installed on the target system using the package management module.

Task 3: Install OpenJDK if the `java_vendor` is set to "openjdk" and set specific environment variables during installation.  
Description Task 3: Install the OpenJDK package specified by the variable `java_openjdk_package` when `java_vendor` equals "openjdk", while setting specific environment variables for the installation process.

Task 4: If the Java source is local and the format is RPM, copy the Oracle Java RPM package to `/tmp` and install it.  
Description Task 4: When Java is sourced locally and in RPM format, copy the specified Java RPM package to `/tmp` and install it using the package manager.

Task 5: If the Java source is local and the format is DEB, copy the Oracle Java DEB package to `/tmp` and install it.  
Description Task 5: When Java is sourced locally and in DEB format, copy the specified Java DEB package to `/tmp` and install it using the APT package manager.

Task 6: If the Java source is from a repository and the format is RPM, install the Oracle Java RPM package.  
Description Task 6: Install the Oracle Java RPM package specified by `java_oracle_package` when the Java source is a repository and the format is RPM.

Task 7: If the Java format is targz and the vendor is Oracle, ensure the installation directory exists, install the Oracle Java tarball, and set appropriate permissions.  
Description Task 7: For Oracle Java in targz format, ensure the installation directory exists, extract the tarball to the specified directory, and set the directory permissions.

Task 8: If Java version is 8, JCE is enabled, and the vendor is Oracle, install the Oracle Java policy software from a tarball.  
Description Task 8: Install the Oracle Java Cryptography Extension (JCE) policy software from a zip file if the Java version is 8, JCE is enabled, and the vendor is Oracle.

Task 9: Set Java as the default alternative if the format is targz, the distribution is not Alpine, and the vendor is Oracle.  
Description Task 9: Configure the system to use Oracle Java as the default alternative for the `java` command when the format is targz, the distribution is not Alpine, and the vendor is Oracle.

Task 10: Determine the JAVA_HOME directory by finding the real path of the Java binary.  
Description Task 10: Execute a shell command to determine the JAVA_HOME directory by finding the real path of the Java binary.

Task 11: Set the JAVA_HOME environment variable in `/etc/profile.d/java_home.sh`.  
Description Task 11: Add or update the JAVA_HOME environment variable in the file `/etc/profile.d/java_home.sh` with the path determined from the previous task. 98%|█████████▊| 98/100 [12:00<00:17,  8.86s/it] 99%|█████████▉| 99/100 [12:06<00:07,  7.98s/it]

Tue Sep 30 17:06:55 2025: /home/studgoetsi5301/documents/ansible_bench/dataset/prompts/ollama_phi4:14b_english_exact/benchmark100/ansible-role-java/tasks/main_prompt.txt Total generation time: 14.001639321999392


Prompt: You are a professional developer. Below you will find a complete Ansible Playbook. This playbook was generated based on a prompt. Your task is to reconstruct the original prompt that could have been used to generate this playbook.

Important: The only output follows the format below. Do not include any explanations or comments before or after.

The reconstructed prompt must exactly follow the structure below:

"Below you will receive task descriptions from which you should generate an Ansible Playbook.  
The generated playbook must be valid inside an Ansible Role under the tasks/ directory (e.g., tasks/main.yml).  
Do not include hosts:, vars:, or any playbook-level headers. Only output valid task entries or blocks as expected in a role.  

Task 1: ...
Description Task 1: ...

Task 2: ...
Description Task 2: ...

Task 3: ...
Description Task 3: ...
..."

Guidelines:
- Each task should be short and clearly describe one specific action.
- The tasks must match the actual tasks in the playbook **both in content and order**.
- Use the exact terminology and labels as used in the playbook (e.g., “install nginx” instead of “install web server”).
- Provide a more detailed description of the task next to each task
- Include the exact names of variables, handlers, etc. used in the playbook.

Here is the Ansible Playbook:
---
# tasks file for selinux

- name: Import assert.yml
  ansible.builtin.import_tasks:
    file: assert.yml
  run_once: true
  delegate_to: localhost

- name: Install required packages
  ansible.builtin.package:
    name: "{{ selinux_requirements }}"
    state: present
  notify:
    - Gather facts

- name: Flush handlers
  ansible.builtin.meta: flush_handlers

- name: Configure selinux
  when:
    - ansible_selinux.status is defined
    - ansible_connection not in [ "container", "docker", "community.docker.docker" ]
  block:
    - name: Manage selinux
      ansible.posix.selinux:
        state: "{{ selinux_state }}"
        policy: "{{ selinux_policy }}"
      notify:
        - Reboot

    - name: Manage selinux booleans
      ansible.posix.seboolean:
        name: "{{ item.name }}"
        state: "{{ item.state | default('yes') }}"
        persistent: "{{ item.persistent }}"
      loop: "{{ selinux_booleans }}"
      loop_control:
        label: "{{ item.name }}"
      when:
        - selinux_booleans is defined


Total input tokens: 526
___________________________________________LLM Output:___________________________________________ 
Below you will receive task descriptions from which you should generate an Ansible Playbook.  
The generated playbook must be valid inside an Ansible Role under the tasks/ directory (e.g., tasks/main.yml).  
Do not include hosts:, vars:, or any playbook-level headers. Only output valid task entries or blocks as expected in a role.  

Task 1: Import assert.yml as a standalone task  
Description Task 1: Import the assert.yml file to include tasks from it. This task should run only once and delegate the execution to the localhost.

Task 2: Install required packages  
Description Task 2: Install packages listed in the variable `selinux_requirements`. Ensure these packages are present. This task should notify the handler named "Gather facts" after completion.

Task 3: Flush handlers  
Description Task 3: Flush any pending handlers to ensure that any notifications triggered by previous tasks are executed immediately.

Task 4: Configure SELinux  
Description Task 4: Configure SELinux by managing its state and policy. This task should only execute if `ansible_selinux.status` is defined and the connection type is not "container", "docker", or "community.docker.docker". 

Task 4a: Manage SELinux  
Description Task 4a: Within the SELinux configuration, ensure the SELinux state and policy are set according to the variables `selinux_state` and `selinux_policy`. Notify the handler named "Reboot" after completion.

Task 4b: Manage SELinux booleans  
Description Task 4b: Manage SELinux booleans as defined in the `selinux_booleans` variable. For each boolean, set its state and persistence according to the item definitions. This should only execute if `selinux_booleans` is defined. Use `loop_control` to label tasks with the boolean's name.

Tue Sep 30 17:07:01 2025: /home/studgoetsi5301/documents/ansible_bench/dataset/prompts/ollama_phi4:14b_english_exact/benchmark100/ansible-role-selinux-robertdebock/tasks/main_prompt.txt Total generation time: 5.946157707992825


Prompt: You are a professional developer. Below you will find a complete Ansible Playbook. This playbook was generated based on a prompt. Your task is to reconstruct the original prompt that could have been used to generate this playbook.

Important: The only output follows the format below. Do not include any explanations or comments before or after.

The reconstructed prompt must exactly follow the structure below:

"Below you will receive task descriptions from which you should generate an Ansible Playbook.  
The generated playbook must be valid inside an Ansible Role under the tasks/ directory (e.g., tasks/main.yml).  
Do not include hosts:, vars:, or any playbook-level headers. Only output valid task entries or blocks as expected in a role.  

Task 1: ...
Description Task 1: ...

Task 2: ...
Description Task 2: ...

Task 3: ...
Description Task 3: ...
..."

Guidelines:
- Each task should be short and clearly describe one specific action.
- The tasks must match the actual tasks in the playbook **both in content and order**.
- Use the exact terminology and labels as used in the playbook (e.g., “install nginx” instead of “install web server”).
- Provide a more detailed description of the task next to each task
- Include the exact names of variables, handlers, etc. used in the playbook.

Here is the Ansible Playbook:
---
# tasks file for epel

- name: Install epel
  when:
    - (ansible_distribution == "Amazon" and
      ansible_distribution_major_version == "2") or
      (ansible_os_family == "RedHat" and
      ansible_distribution_major_version in [ "7", "8", "9", "10" ])
  block:
    - name: Install epel gpg key
      ansible.builtin.rpm_key:
        key: "{{ epel_gpg_key }}"
        state: present

    - name: Install epel-release
      ansible.builtin.package:
        name: "{{ epel_url }}"
        state: present
      notify:
        - Update package cache

    - name: Install epel-next-release
      ansible.builtin.package:
        name: "{{ epel_next_url }}"
        state: present
      when:
        - epel_next
      notify:
        - Update package cache


Total input tokens: 475
___________________________________________LLM Output:___________________________________________ 
Below you will receive task descriptions from which you should generate an Ansible Playbook.  
The generated playbook must be valid inside an Ansible Role under the tasks/ directory (e.g., tasks/main.yml).  
Do not include hosts:, vars:, or any playbook-level headers. Only output valid task entries or blocks as expected in a role.  

Task 1: Install the EPEL repository package when the target system is Amazon Linux 2 or Red Hat-based systems with major versions 7, 8, 9, or 10.  
Description Task 1: This task ensures that the EPEL repository is installed on supported systems. It checks if the system is Amazon Linux 2 or a Red Hat-based distribution with major versions 7, 8, 9, or 10. If the condition is met, it proceeds to install the EPEL repository by first adding the GPG key and then installing the EPEL-release package. The task uses the `ansible.builtin.rpm_key` module to add the EPEL GPG key using the variable `epel_gpg_key` and the `ansible.builtin.package` module to install the EPEL-release package using the `epel_url` variable. This installation step is followed by a handler notification to update the package cache.

Task 2: Install the GPG key for the EPEL repository to ensure package authenticity.  
Description Task 2: This task installs the GPG key necessary for the EPEL repository to ensure that packages are authentic and have not been tampered with. It uses the `ansible.builtin.rpm_key` module to add the key specified by the `epel_gpg_key` variable, ensuring the state is `present`.

Task 3: Install the EPEL-release package and notify the handler to update the package cache.  
Description Task 3: This task installs the `epel-release` package using the `ansible.builtin.package` module with the package name specified by the `epel_url` variable. The state is set to `present` to ensure the package is installed. Upon successful installation, it triggers the `Update package cache` handler to refresh the package list.

Task 4: Optionally install the EPEL-next-release package if the `epel_next` variable is set, and notify the handler to update the package cache.  
Description Task 4: This task conditionally installs the `epel-next-release` package if the `epel_next` variable is set to true. It uses the `ansible.builtin.package` module to install the package specified by the `epel_next_url` variable. If the package is installed, it triggers the `Update package cache` handler to ensure the package list is updated.100%|██████████| 100/100 [12:15<00:00,  8.36s/it]100%|██████████| 100/100 [12:15<00:00,  7.36s/it]


Tue Sep 30 17:07:10 2025: /home/studgoetsi5301/documents/ansible_bench/dataset/prompts/ollama_phi4:14b_english_exact/benchmark100/ansible-role-epel/tasks/main_prompt.txt Total generation time: 9.23294816899579
