Loaded config from file config/config.yaml: config: {'base_dir': '/home/studgoetsi5301/documents/ansible_bench', 'output_dir': 'output', 'dataset_dir': 'dataset', 'config_dir': 'config', 'logs_dir': 'logs', 'testresults_dir': 'testresults', 'postprocessing_reports_dir': 'postprocessing_reports', 'temp_exec_dir': 'temp'}
Name for the ollama model: granite-code:20b

Input_Directory: /home/studgoetsi5301/documents/ansible_bench/dataset/benchmark100

Output_Directory: /home/studgoetsi5301/documents/ansible_bench/dataset/prompts/ollama_granite-code:20b_english_exact/benchmark100

Input-Files:
ansible-role-docker_compose/tasks/main.yml
ansible-role-cadvisor/tasks/main.yml
ansible-role-vsftpd/tasks/main.yml
ansible-role-epel-buluma/tasks/main.yml
ansible-role-vault/tasks/package.yml
ansible-role-vault/tasks/binary.yml
ansible-role-vault/tasks/hardening.yml
ansible-role-vault/tasks/main.yml
ansible-role-dns/tasks/main.yml
ansible-role-grub/tasks/password.yml
ansible-role-grub/tasks/main.yml
ansible-role-service/tasks/main.yml
ansible-role-bootstrap-buluma/tasks/gather_facts.yml
ansible-role-bootstrap-buluma/tasks/main.yml
ansible-role-docker/tasks/main.yml
ansible-role-docker/tasks/setup-Debian.yml
ansible-role-docker/tasks/setup-RedHat.yml
ansible-role-docker/tasks/docker-compose.yml
ansible-role-docker/tasks/docker-users.yml
ansible-role-selinux/tasks/main.yml
ansible-role-mysql-robertdebock/tasks/main.yml
ansible-role-sysctl/tasks/main.yml
ansible-role-bootstrap-JonasPammer/tasks/gather_facts.yml
ansible-role-bootstrap-JonasPammer/tasks/main.yml
ansible-role-update/tasks/main.yml
ansible-role-python_pip-buluma/tasks/main.yml
ansible-role-buildtools-buluma/tasks/main.yml
ansible-role-pip/tasks/debian12.yml
ansible-role-pip/tasks/main.yml
ansible-role-helm/tasks/main.yml
ansible-role-bootstrap/tasks/gather_facts.yml
ansible-role-bootstrap/tasks/main.yml
ansible-role-openvpn/tasks/server.yml
ansible-role-openvpn/tasks/client.yml
ansible-role-openvpn/tasks/main.yml
ansible-role-core_dependencies-buluma/tasks/main.yml
ansible-role-openssl-robertdebock/tasks/create.yml
ansible-role-openssl-robertdebock/tasks/main.yml
ansible-role-logrotate/tasks/main.yml
ansible-role-promtail/tasks/install.yml
ansible-role-promtail/tasks/preflight.yml
ansible-role-promtail/tasks/main.yml
ansible-role-python_pip/tasks/main.yml
ansible-role-httpd/tasks/locations.yml
ansible-role-httpd/tasks/directories.yml
ansible-role-httpd/tasks/main.yml
ansible-role-httpd/tasks/vhosts.yml
ansible-role-httpd/tasks/ssl.yml
ansible-role-redis/tasks/main.yml
ansible-role-openssl/tasks/create.yml
ansible-role-openssl/tasks/main.yml
ansible-role-users/tasks/group.yml
ansible-role-users/tasks/user.yml
ansible-role-users/tasks/main.yml
ansible-role-ca_certificates/tasks/main.yml
ansible-role-httpd-buluma/tasks/locations.yml
ansible-role-httpd-buluma/tasks/directories.yml
ansible-role-httpd-buluma/tasks/main.yml
ansible-role-httpd-buluma/tasks/vhosts.yml
ansible-role-httpd-buluma/tasks/ssl.yml
ansible-role-apt_autostart/tasks/main.yml
java_role/tasks/import_certs.yml
java_role/tasks/main.yml
java_role/tasks/install_openjdk.yml
ansible-role-core_dependencies/tasks/main.yml
ansible-role-postfix/tasks/main.yml
ansible-role-git/tasks/main.yml
ansible-role-php-robertdebock/tasks/main.yml
ansible-role-rke2/tasks/cis.yml
ansible-role-rke2/tasks/rke2.yml
ansible-role-rke2/tasks/first_server_restore.yml
ansible-role-rke2/tasks/ingress-nginx.yml
ansible-role-rke2/tasks/first_server.yml
ansible-role-rke2/tasks/download_kubeconfig.yaml
ansible-role-rke2/tasks/summary.yml
ansible-role-rke2/tasks/rolling_restart.yml
ansible-role-rke2/tasks/keepalived.yml
ansible-role-rke2/tasks/main.yml
ansible-role-rke2/tasks/remaining_nodes.yml
ansible-role-rke2/tasks/kubevip.yml
ansible-role-rke2/tasks/change_config.yml
ansible-role-rke2/tasks/find_active_server.yml
ansible-role-buildtools/tasks/main.yml
ansible-role-mysql/tasks/main.yml
ansible-role-cron/tasks/main.yml
ansible-role-nginx/tasks/main.yml
ansible-role-ansible/tasks/setup-pip.yml
ansible-role-ansible/tasks/setup-Fedora.yml
ansible-role-ansible/tasks/main.yml
ansible-role-ansible/tasks/setup-Debian.yml
ansible-role-ansible/tasks/setup-Ubuntu.yml
ansible-role-ansible/tasks/setup-RedHat.yml
ansible-role-rsyslog/tasks/main.yml
ansible-role-fail2ban/tasks/main.yml
ansible-role-scl/tasks/main.yml
ansible-role-cron-buluma/tasks/main.yml
ansible-role-hashicorp/tasks/main.yml
ansible-role-java/tasks/main.yml
ansible-role-selinux-robertdebock/tasks/main.yml
ansible-role-epel/tasks/main.yml
Found 100 inputs

Serving model via Ollama
  0%|          | 0/100 [00:00<?, ?it/s]  1%|          | 1/100 [00:02<03:57,  2.40s/it]  2%|▏         | 2/100 [00:10<09:50,  6.03s/it]

Prompt: You are a professional developer. Below you will find a complete Ansible Playbook. This playbook was generated based on a prompt. Your task is to reconstruct the original prompt that could have been used to generate this playbook.

Important: The only output follows the format below. Do not include any explanations or comments before or after.

The reconstructed prompt must exactly follow the structure below:

"Below you will receive task descriptions from which you should generate an Ansible Playbook.  
The generated playbook must be valid inside an Ansible Role under the tasks/ directory (e.g., tasks/main.yml).  
Do not include hosts:, vars:, or any playbook-level headers. Only output valid task entries or blocks as expected in a role.  

Task 1: ...
Description Task 1: ...

Task 2: ...
Description Task 2: ...

Task 3: ...
Description Task 3: ...
..."

Guidelines:
- Each task should be short and clearly describe one specific action.
- The tasks must match the actual tasks in the playbook **both in content and order**.
- Use the exact terminology and labels as used in the playbook (e.g., “install nginx” instead of “install web server”).
- Provide a more detailed description of the task next to each task
- Include the exact names of variables, handlers, etc. used in the playbook.

Here is the Ansible Playbook:
---
# tasks file for docker_compose

- name: Import assert.yml
  ansible.builtin.import_tasks:
    file: assert.yml
  run_once: true
  delegate_to: localhost

- name: Install docker-compose package
  ansible.builtin.package:
    name: docker-compose
    state: present
  when:
    - docker_compose_installation_type == "package"

- name: Install docker-compose as a binary
  when:
    - docker_compose_installation_type == "binary"
  block:
    - name: Install required packages
      ansible.builtin.package:
        name: "{{ docker_compose_binary_required_packages }}"

    - name: Install binary
      ansible.builtin.get_url:
        url: "{{ docker_compose_url }}"
        dest: /usr/local/bin/docker-compose
        mode: "0755"


Total input tokens: 514
___________________________________________LLM Output:___________________________________________ 
Below you will receive task descriptions from which you should generate an Ansible Playbook.
The generated playbook must be valid inside an Ansible Role under the tasks/ directory (e.g., tasks/main.yml).
Do not include hosts:, vars:, or any playbook-level headers. Only output valid task entries or blocks as expected in a role.

Task 1: Import assert.yml
Description Task 1: Import assert.yml

Task 2: Install docker-compose package
Description Task 2: Install docker-compose package

Task 3: Install docker-compose as a binary
Description Task 3: Install docker-compose as a binary

Tue Sep 30 16:08:41 2025: /home/studgoetsi5301/documents/ansible_bench/dataset/prompts/ollama_granite-code:20b_english_exact/benchmark100/ansible-role-docker_compose/tasks/main_prompt.txt Total generation time: 2.4004921019950416


Prompt: You are a professional developer. Below you will find a complete Ansible Playbook. This playbook was generated based on a prompt. Your task is to reconstruct the original prompt that could have been used to generate this playbook.

Important: The only output follows the format below. Do not include any explanations or comments before or after.

The reconstructed prompt must exactly follow the structure below:

"Below you will receive task descriptions from which you should generate an Ansible Playbook.  
The generated playbook must be valid inside an Ansible Role under the tasks/ directory (e.g., tasks/main.yml).  
Do not include hosts:, vars:, or any playbook-level headers. Only output valid task entries or blocks as expected in a role.  

Task 1: ...
Description Task 1: ...

Task 2: ...
Description Task 2: ...

Task 3: ...
Description Task 3: ...
..."

Guidelines:
- Each task should be short and clearly describe one specific action.
- The tasks must match the actual tasks in the playbook **both in content and order**.
- Use the exact terminology and labels as used in the playbook (e.g., “install nginx” instead of “install web server”).
- Provide a more detailed description of the task next to each task
- Include the exact names of variables, handlers, etc. used in the playbook.

Here is the Ansible Playbook:
# tasks file for cadvisor

- name: cadvisor | create directories
  become: true
  ansible.builtin.file:
    path: "{{ item }}"
    state: directory
    mode: 0755
  with_items:
    - /opt/cadvisor

- name: cadvisor | download
  become: true
  get_url:
    url: "{{ cadvisor_download }}"
    checksum: "sha256:{{ cadvisor_checksum }}"
    dest: "/opt/cadvisor/cadvisor-{{ cadvisor_version }}"
    force: false
    mode: u=rwx,g=rx,o=rx
  when: cadvisor_binary_local_dir | length == 0

- name: cadvisor | propagate locally distributed cadvisor binary
  copy:
    src: "{{ cadvisor_binary_local_dir }}/cadvisor-{{ cadvisor_version }}"
    dest: "/opt/cadvisor/cadvisor-{{ cadvisor_version }}"
    mode: 0755
    owner: root
    group: root
  when: cadvisor_binary_local_dir | length > 0
  notify:
    - restart cadvisor

- name: cadvisor | symlink
  become: true
  file:
    src: "/opt/cadvisor/cadvisor-{{ cadvisor_version }}"
    path: /opt/cadvisor/cadvisor
    force: true
    state: link

- name: cadvisor | server systemd service
  become: true
  ansible.builtin.template:
    dest: /etc/systemd/system/cadvisor.service
    src: systemd-system-cadvisor-service.j2
    mode: 0644
  notify:
    - restart cadvisor

- name: test_task
  shell: "if ! systemctl is-active cadvisor.service; then  echo 'inactive' ; fi"
  register: service_active
  failed_when: False
  changed_when: False

- debug: var=service_active

- name: cadvisor | enable server systemd
  become: true
  ansible.builtin.systemd:
    enabled: true
    name: cadvisor.service

- name: cadvisor | start server systemd
  become: true
  ansible.builtin.systemd:
    name: cadvisor.service
    state: started
    daemon_reload: true


Total input tokens: 816
___________________________________________LLM Output:___________________________________________ 
Below you will receive task descriptions from which you should generate an Ansible Playbook.  
The generated playbook must be valid inside an Ansible Role under the tasks/ directory (e.g., tasks/main.yml).  
Do not include hosts:, vars:, or any playbook-level headers. Only output valid task entries or blocks as expected in a role.  

Task 1: create directories
Description Task 1: Create directories /opt/cadvisor

Task 2: download
Description Task 2: Download binary file from URL https://github.com/google/cadvisor/releases/download/v0.37.0/cadvisor-0.37.0.linux-arm64.tar.gz with sha256 checksum 66134d860a6f690760368235395766608d908d7439654425793356e66e302f8a to /opt/cadvisor/cadvisor-0.37.0

Task 3: propagate locally distributed cadvisor binary
Description Task 3: Copy local file /home/dev/bin/cadvisor/cadvisor-0.37.0 to remote file /opt/cadvisor/cadvisor-0.37.0 and change permissions to mode 0755

Task 4: symlink
Description Task 4: Create symbolic link /opt/cadvisor/cadvisor to /opt/cadvisor/cadvisor-0.37.0

Task 5: server systemd service
Description Task 5: Template file /etc/systemd/system/cadvisor.service from jinja2 template systemd-system-cadvisor-service.j2

Task 6: test_task
Description Task 6: Execute shell command if ! systemctl is-active cadvisor.service and register result in variable service_active

Task 7: debug
Description Task 7: Print variable service_active

Task 8: enable server systemd
Description Task 8: Enable service cadvisor.service

Task 9: start server systemd
Description Task 9: Start service cadvisor.service with state started and perform daemon_reload

Tue Sep 30 16:08:49 2025: /home/studgoetsi5301/documents/ansible_bench/dataset/prompts/ollama_granite-code:20b_english_exact/benchmark100/ansible-role-cadvisor/tasks/main_prompt.txt Total generation time: 8.56312206700386


Prompt: You are a professional developer. Below you will find a complete Ansible Playbook. This playbook was generated based on a prompt. Your task is to reconstruct the original prompt that could have been used to generate this playbook.

Important: The only output follows the format below. Do not include any explanations or comments before or after.

The reconstructed prompt must exactly follow the structure below:

"Below you will receive task descriptions from which you should generate an Ansible Playbook.  
The generated playbook must be valid inside an Ansible Role under the tasks/ directory (e.g., tasks/main.yml).  
Do not include hosts:, vars:, or any playbook-level headers. Only output valid task entries or blocks as expected in a role.  

Task 1: ...
Description Task 1: ...

Task 2: ...
Description Task 2: ...

Task 3: ...
Description Task 3: ...
..."

Guidelines:
- Each task should be short and clearly describe one specific action.
- The tasks must match the actual tasks in the playbook **both in content and order**.
- Use the exact terminology and labels as used in the playbook (e.g., “install nginx” instead of “install web server”).
- Provide a more detailed description of the task next to each task
- Include the exact names of variables, handlers, etc. used in the playbook.

Here is the Ansible Playbook:
---
# tasks file for vsftpd

- name: Import assert.yml
  ansible.builtin.import_tasks:
    file: assert.yml
  run_once: true
  delegate_to: localhost

- name: Install vsftpd
  ansible.builtin.package:
    name: vsftpd

- name: Configure vsftpd
  ansible.builtin.template:
    src: vsftpd.conf.j2
    dest: "{{ vsftpd_configuration_file }}"
    owner: root
    group: root
    mode: "{{ vsftpd_configuration_file_mode }}"
  notify:
    - Restart vsftpd

- name: Start and enable vsftpd
  ansible.builtin.service:
    name: vsftpd
    state: started
    enabled: true

  3%|▎         | 3/100 [00:13<06:53,  4.27s/it]  4%|▍         | 4/100 [00:16<06:26,  4.02s/it]  5%|▌         | 5/100 [00:18<05:17,  3.34s/it]
Total input tokens: 499
___________________________________________LLM Output:___________________________________________ 
Below you will receive task descriptions from which you should generate an Ansible Playbook.  
The generated playbook must be valid inside an Ansible Role under the tasks/ directory (e.g., tasks/main.yml).  
Do not include hosts:, vars:, or any playbook-level headers. Only output valid task entries or blocks as expected in a role.  

Task 1: 
Description Task 1: Import assert.yml

Task 2: 
Description Task 2: Install vsftpd

Task 3: 
Description Task 3: Configure vsftpd

Tue Sep 30 16:08:51 2025: /home/studgoetsi5301/documents/ansible_bench/dataset/prompts/ollama_granite-code:20b_english_exact/benchmark100/ansible-role-vsftpd/tasks/main_prompt.txt Total generation time: 2.168436570005724


Prompt: You are a professional developer. Below you will find a complete Ansible Playbook. This playbook was generated based on a prompt. Your task is to reconstruct the original prompt that could have been used to generate this playbook.

Important: The only output follows the format below. Do not include any explanations or comments before or after.

The reconstructed prompt must exactly follow the structure below:

"Below you will receive task descriptions from which you should generate an Ansible Playbook.  
The generated playbook must be valid inside an Ansible Role under the tasks/ directory (e.g., tasks/main.yml).  
Do not include hosts:, vars:, or any playbook-level headers. Only output valid task entries or blocks as expected in a role.  

Task 1: ...
Description Task 1: ...

Task 2: ...
Description Task 2: ...

Task 3: ...
Description Task 3: ...
..."

Guidelines:
- Each task should be short and clearly describe one specific action.
- The tasks must match the actual tasks in the playbook **both in content and order**.
- Use the exact terminology and labels as used in the playbook (e.g., “install nginx” instead of “install web server”).
- Provide a more detailed description of the task next to each task
- Include the exact names of variables, handlers, etc. used in the playbook.

Here is the Ansible Playbook:
---
# tasks file for epel

- name: Install epel
  when:
    - (ansible_distribution == "Amazon" and
      ansible_distribution_major_version == "2") or
      (ansible_os_family == "RedHat" and
      ansible_distribution_major_version in [ "7", "8", "9" ])
  block:
    - name: Install epel gpg key
      ansible.builtin.rpm_key:
        key: "{{ epel_gpg_key }}"
        state: present

    - name: Install epel-release
      ansible.builtin.package:
        name: "{{ epel_url }}"
        state: present
      notify:
        - Update package cache

    - name: Install epel-next-release
      ansible.builtin.package:
        name: "{{ epel_next_url }}"
        state: present
      when:
        - epel_next
      notify:
        - Update package cache


Total input tokens: 519
___________________________________________LLM Output:___________________________________________ 
Below you will receive task descriptions from which you should generate an Ansible Playbook.
The generated playbook must be valid inside an Ansible Role under the tasks/ directory (e.g., tasks/main.yml).
Do not include hosts:, vars:, or any playbook-level headers. Only output valid task entries or blocks as expected in a role.

Task 1: Install epel
Description Task 1: Install epel when the distribution is Amazon and the major version is 2, or when the OS family is RedHat and the distribution major version is 7, 8, or 9.

Task 2: Install epel gpg key
Description Task 2: Install epel gpg key using the rpm_key module.

Task 3: Install epel-release
Description Task 3: Install epel-release using the package module.

Task 4: Install epel-next-release
Description Task 4: Install epel-next-release using the package module when epel_next is true.

Tue Sep 30 16:08:55 2025: /home/studgoetsi5301/documents/ansible_bench/dataset/prompts/ollama_granite-code:20b_english_exact/benchmark100/ansible-role-epel-buluma/tasks/main_prompt.txt Total generation time: 3.6459140599909006


Prompt: You are a professional developer. Below you will find a complete Ansible Playbook. This playbook was generated based on a prompt. Your task is to reconstruct the original prompt that could have been used to generate this playbook.

Important: The only output follows the format below. Do not include any explanations or comments before or after.

The reconstructed prompt must exactly follow the structure below:

"Below you will receive task descriptions from which you should generate an Ansible Playbook.  
The generated playbook must be valid inside an Ansible Role under the tasks/ directory (e.g., tasks/main.yml).  
Do not include hosts:, vars:, or any playbook-level headers. Only output valid task entries or blocks as expected in a role.  

Task 1: ...
Description Task 1: ...

Task 2: ...
Description Task 2: ...

Task 3: ...
Description Task 3: ...
..."

Guidelines:
- Each task should be short and clearly describe one specific action.
- The tasks must match the actual tasks in the playbook **both in content and order**.
- Use the exact terminology and labels as used in the playbook (e.g., “install nginx” instead of “install web server”).
- Provide a more detailed description of the task next to each task
- Include the exact names of variables, handlers, etc. used in the playbook.

Here is the Ansible Playbook:
---

- name: package | Install vault
  ansible.builtin.package:
    name: "{{ vault_package }}"
  notify:
    - Daemon reload
    - Restart vault


Total input tokens: 357
___________________________________________LLM Output:___________________________________________ 
Below you will receive task descriptions from which you should generate an Ansible Playbook.  
The generated playbook must be valid inside an Ansible Role under the tasks/ directory (e.g., tasks/main.yml).  
Do not include hosts:, vars:, or any playbook-level headers. Only output valid task entries or blocks as expected in a role.  

Task 1: package
Description Task 1: Install vault

Task 2: meta
Description Task 2: Set daemon_reload=yes and restart=yes in handlers

Task 3: debug
Description Task 3: Print install result

Tue Sep 30 16:08:57 2025: /home/studgoetsi5301/documents/ansible_bench/dataset/prompts/ollama_granite-code:20b_english_exact/benchmark100/ansible-role-vault/tasks/package_prompt.txt Total generation time: 2.1302394090016605


Prompt: You are a professional developer. Below you will find a complete Ansible Playbook. This playbook was generated based on a prompt. Your task is to reconstruct the original prompt that could have been used to generate this playbook.

Important: The only output follows the format below. Do not include any explanations or comments before or after.

The reconstructed prompt must exactly follow the structure below:

"Below you will receive task descriptions from which you should generate an Ansible Playbook.  
The generated playbook must be valid inside an Ansible Role under the tasks/ directory (e.g., tasks/main.yml).  
Do not include hosts:, vars:, or any playbook-level headers. Only output valid task entries or blocks as expected in a role.  

Task 1: ...
Description Task 1: ...

Task 2: ...
Description Task 2: ...

Task 3: ...
Description Task 3: ...
..."

Guidelines:
- Each task should be short and clearly describe one specific action.
- The tasks must match the actual tasks in the playbook **both in content and order**.
- Use the exact terminology and labels as used in the playbook (e.g., “install nginx” instead of “install web server”).
- Provide a more detailed description of the task next to each task
- Include the exact names of variables, handlers, etc. used in the playbook.

Here is the Ansible Playbook:
---

- name: binary | Create Vault group
  ansible.builtin.group:
    name: "{{ vault_group }}"
    system: true

- name: binary | Create Vault user
  ansible.builtin.user:
    name: "{{ vault_user }}"
    create_home: false
    system: true
    shell: "{{ vault_user_shell }}"
    group: "{{ vault_group }}"

- name: binary | Create Vault download directory
  ansible.builtin.file:
    path: "{{ vault_download_path }}"
    state: directory
    owner: "{{ vault_user }}"
    group: "{{ vault_group }}"
    mode: "0755"

- name: binary | Download Vault binary
  ansible.builtin.unarchive:
    src: "https://releases.hashicorp.com/vault/{{ vault_version }}/vault_{{ vault_version }}_linux_{{ vault_architecture }}.zip"
    dest: "{{ vault_download_path }}"
    creates: "{{ vault_download_path }}/vault"
    owner: root
    group: root
    mode: "0644"
    remote_src: true

- name: binary | Check if vault_path exists
  ansible.builtin.stat:
    path: "{{ vault_path }}"
  register: vault_check_path

- name: binary | Create vault_path if it does not exists
  ansible.builtin.file:
    path: "{{ vault_path }}"
    state: directory
    owner: "{{ vault_user }}"
    group: "{{ vault_group }}"
    mode: "0755"
  when:
    - not vault_check_path.stat.exists
    - vault_path | length > 0

- name: binary | Create directory in vault_path
  ansible.builtin.file:
    path: "{{ item.name }}"
    state: directory
    owner: "{{ item.owner }}"
    group: "{{ item.group }}"
    mode: "{{ item.mode }}"
  loop: "{{ vault_directories }}"
  loop_control:
    label: "{{ item.name }}"

- name: binary | Create data directory
  ansible.builtin.file:
    path: "{{ item.name }}"
    state: directory
    owner: "{{ item.owner }}"
    group: "{{ item.group }}"
    mode: "{{ item.mode }}"
  loop: "{{ vault_data_directories }}"
  loop_control:
    label: "{{ item.name }}"

- name: binary | Generate TLS key and certificate
  ansible.builtin.command:
    cmd: openssl req -out tls.crt -new -keyout tls.key -newkey rsa:4096 -nodes -sha256 -x509 -subj "/O=HashiCorp/CN=Vault" -days 1095
    chdir: "{{ vault_data_directory }}/tls/"
    creates: "{{ vault_data_directory }}/tls/tls.key"
  notify:
    - Restart vault

- name: binary | Set ownership of tls material
  ansible.builtin.file:
    path: "{{ item.name }}"
    owner: "{{ item.owner }}"
    group: "{{ item.group }}"
    mode: "{{ item.mode }}"
  loop: "{{ vault_tls_files }}"
  loop_control:
    label: "{{ item.name }}"

- name: binary | Copy Vault binary
  ansible.builtin.copy:
    src: "{{ vault_download_path }}/vault"
    dest: "{{ vault_path }}/usr/bin/vault"
    owner: root
    group: root
    mode: "0755"
    remote_src: true
  notify:
    - Restart vault

- name: binary | Set cap_ipc_lock=ep on /usr/bin/vault
  community.general.capabilities:
    path: "{{ vault_path }}/usr/bin/vault"
    capability: cap_ipc_lock+ep
  changed_when: false

- name: binary | Touch vault.env
  ansible.builtin.file:
    path: "{{ vault_path }}/etc/vault.d/vault.env"
    owner: "{{ vault_user }}"
    group: "{{ vault_group }}"
    mode: "0644"
    state: touch
    modification_time: preserve
    access_time: preserve
  notify:
    - Restart vault

- name: binary | Create /usr/lib/systemd/system
  ansible.builtin.file:
    path: /usr/lib/systemd/system
    state: directory
    owner: root
    group: root
    mode: "0755"

- name: binary | Copy Vault service file
  ansible.builtin.template:
    src: vault.service.j2
    dest: "/usr/lib/systemd/system/vault.service"
    owner: root
    group: root
    mode: "0644"
  notify:
    - Daemon reload
  when:
    - ansible_service_mgr == "systemd"

- name: binary | Copy vault configuration
  ansible.builtin.copy:
    src: vault.hcl
    dest: "{{ vault_path }}/etc/vault.d/vault.hcl"
    owner: root
    group: root
    mode: "0644"
    force: false
  notify:
    - Restart vault

- name: binary | Flush handlers
  ansible.builtin.meta: flush_handlers

  6%|▌         | 6/100 [00:26<07:41,  4.91s/it]  7%|▋         | 7/100 [00:29<06:25,  4.14s/it]
Total input tokens: 1465
___________________________________________LLM Output:___________________________________________ 
Below you will receive task descriptions from which you should generate an Ansible Playbook.  
The generated playbook must be valid inside an Ansible Role under the tasks/ directory (e.g., tasks/main.yml).  
Do not include hosts:, vars:, or any playbook-level headers. Only output valid task entries or blocks as expected in a role.  

Task 1: Create group vault
Description Task 1: Create the vault system group

Task 2: Create user vault
Description Task 2: Create the vault system user

Task 3: Create directory /opt/vault
Description Task 3: Create the directory where the vault binary will be downloaded and extracted

Task 4: Download Vault binary
Description Task 4: Download and extract the Vault binary

Task 5: Create directory /etc/vault.d
Description Task 5: Create the directory where the Vault configuration file will be stored

Task 6: Copy Vault binary
Description Task 6: Copy the Vault binary to the installation directory

Task 7: Set cap_ipc_lock=ep on /usr/bin/vault
Description Task 7: Set the cap_ipc_lock=ep capability on the Vault binary

Task 8: Create file /etc/vault.d/vault.env
Description Task 8: Create the Vault environment configuration file

Task 9: Create directory /usr/lib/systemd/system
Description Task 9: Create the directory where the Vault service file will be stored

Task 10: Copy Vault service file
Description Task 10: Copy the Vault service file to the installation directory

Task 11: Copy vault configuration
Description Task 11: Copy the Vault configuration file to the installation directory

Task 12: Flush handlers
Description Task 12: Flush the handlers to restart Vault

Tue Sep 30 16:09:05 2025: /home/studgoetsi5301/documents/ansible_bench/dataset/prompts/ollama_granite-code:20b_english_exact/benchmark100/ansible-role-vault/tasks/binary_prompt.txt Total generation time: 7.950442387998919


Prompt: You are a professional developer. Below you will find a complete Ansible Playbook. This playbook was generated based on a prompt. Your task is to reconstruct the original prompt that could have been used to generate this playbook.

Important: The only output follows the format below. Do not include any explanations or comments before or after.

The reconstructed prompt must exactly follow the structure below:

"Below you will receive task descriptions from which you should generate an Ansible Playbook.  
The generated playbook must be valid inside an Ansible Role under the tasks/ directory (e.g., tasks/main.yml).  
Do not include hosts:, vars:, or any playbook-level headers. Only output valid task entries or blocks as expected in a role.  

Task 1: ...
Description Task 1: ...

Task 2: ...
Description Task 2: ...

Task 3: ...
Description Task 3: ...
..."

Guidelines:
- Each task should be short and clearly describe one specific action.
- The tasks must match the actual tasks in the playbook **both in content and order**.
- Use the exact terminology and labels as used in the playbook (e.g., “install nginx” instead of “install web server”).
- Provide a more detailed description of the task next to each task
- Include the exact names of variables, handlers, etc. used in the playbook.

Here is the Ansible Playbook:
---

- name: hardening | Disable swap
  when:
    - vault_hardening_disable_swap
  block:
    - name: hardening | Disable swap now
      ansible.builtin.command:
        cmd: swapoff -a
      changed_when: true
      when:
        - ansible_swaptotal_mb > 0

    - name: hardening | Disable swap permanently
      ansible.posix.mount:
        name: swap
        state: absent

- name: hardening | Disable core dumps
  community.general.pam_limits:
    domain: "{{ item.domain }}"
    limit_type: "{{ item.limit_type }}"
    limit_item: "{{ item.limit_item }}"
    value: "{{ item.value }}"
  loop:
    - domain: '*'
      limit_type: hard
      limit_item: core
      value: 0
    - domain: '*'
      limit_type: soft
      limit_item: core
      value: 0
  loop_control:
    label: "{{ item.limit_item }}"
  when:
    - vault_hardening_disable_core_dumps

- name: hardening | Disable Shell Command History
  ansible.builtin.copy:
    dest: /etc/profile.d/vault.sh
    content: |
      export HISTIGNORE="&:vault*"
    mode: '0644'
    owner: root
    group: root
  when:
    - vault_hardening_disable_shell_command_history

- name: hardening | Configure SELinux / AppArmor
  block:
    - name: hardening | Enable SELinux
      when:
        - vault_hardening_configure_selinux_apparmor
        - ansible_selinux.status == "enabled"
      block:
        - name: hardening | Install selinux-policy
          ansible.builtin.package:
            name: selinux-policy
            state: present

        - name: hardening | Set SELinux policy
          ansible.posix.selinux:
            policy: targeted
            state: enforcing

    - name: hardening | Enable AppArmor (enforcing)
      ansible.builtin.command:
        cmd: aa-enforce /etc/apparmor.d/usr.bin.vault
      changed_when: true
      when:
        - ansible_apparmor.status == "enabled"


Total input tokens: 822
___________________________________________LLM Output:___________________________________________ 
Below you will receive task descriptions from which you should generate an Ansible Playbook.  
The generated playbook must be valid inside an Ansible Role under the tasks/ directory (e.g., tasks/main.yml).  
Do not include hosts:, vars:, or any playbook-level headers. Only output valid task entries or blocks as expected in a role.  

Task 1: Disable swap
Description Task 1: Disable swap

Task 2: Disable core dumps
Description Task 2: Disable core dumps

Task 3: Disable Shell Command History
Description Task 3: Disable Shell Command History

Tue Sep 30 16:09:08 2025: /home/studgoetsi5301/documents/ansible_bench/dataset/prompts/ollama_granite-code:20b_english_exact/benchmark100/ansible-role-vault/tasks/hardening_prompt.txt Total generation time: 2.567966842005262


Prompt: You are a professional developer. Below you will find a complete Ansible Playbook. This playbook was generated based on a prompt. Your task is to reconstruct the original prompt that could have been used to generate this playbook.

Important: The only output follows the format below. Do not include any explanations or comments before or after.

The reconstructed prompt must exactly follow the structure below:

"Below you will receive task descriptions from which you should generate an Ansible Playbook.  
The generated playbook must be valid inside an Ansible Role under the tasks/ directory (e.g., tasks/main.yml).  
Do not include hosts:, vars:, or any playbook-level headers. Only output valid task entries or blocks as expected in a role.  

Task 1: ...
Description Task 1: ...

Task 2: ...
Description Task 2: ...

Task 3: ...
Description Task 3: ...
..."

Guidelines:
- Each task should be short and clearly describe one specific action.
- The tasks must match the actual tasks in the playbook **both in content and order**.
- Use the exact terminology and labels as used in the playbook (e.g., “install nginx” instead of “install web server”).
- Provide a more detailed description of the task next to each task
- Include the exact names of variables, handlers, etc. used in the playbook.

Here is the Ansible Playbook:
---
# tasks file for vault

- name: Import assert.yml
  ansible.builtin.import_tasks:
    file: assert.yml
  run_once: true
  delegate_to: localhost

- name: Install prerequisites
  ansible.builtin.package:
    name: "{{ vault_prerequisites }}"

- name: Include installation method specific tasks
  ansible.builtin.include_tasks:
    file: "{{ vault_installation_method }}.yml"

- name: Add Vault environment variables
  ansible.builtin.lineinfile:
    path: /etc/vault.d/vault.env
    create: true
    regexp: "^{{ item.name }}="
    line: "{{ item.name }}={{ item.value }}"
    mode: "0644"
  loop: "{{ vault_environment_settings }}"
  notify:
    - Restart vault

- name: Include hardening tasks
  ansible.builtin.include_tasks:
    file: hardening.yml

- name: Start and enable vault
  ansible.builtin.service:
    name: vault
    state: started
    enabled: true
  when:
    - vault_type == "oss"

- name: Enable vault
  ansible.builtin.service:
    name: vault
    enabled: true
  when:
    - vault_type != "oss"

  8%|▊         | 8/100 [00:33<06:15,  4.08s/it]  9%|▉         | 9/100 [00:41<07:55,  5.23s/it]
Total input tokens: 600
___________________________________________LLM Output:___________________________________________ 
Below you will receive task descriptions from which you should generate an Ansible Playbook.  
The generated playbook must be valid inside an Ansible Role under the tasks/ directory (e.g., tasks/main.yml).  
Do not include hosts:, vars:, or any playbook-level headers. Only output valid task entries or blocks as expected in a role.  

Task 1: Import assert.yml
Description Task 1: Import assert.yml

Task 2: Install prerequisites
Description Task 2: Install the Vault prerequisites

Task 3: Include installation method specific tasks
Description Task 3: Include installation method specific tasks

Task 4: Add Vault environment variables
Description Task 4: Add Vault environment variables

Task 5: Include hardening tasks
Description Task 5: Include hardening tasks

Task 6: Start and enable vault
Description Task 6: Start and enable vault when vault_type is "oss"

Task 7: Enable vault
Description Task 7: Enable vault when vault_type is not "oss"

Tue Sep 30 16:09:12 2025: /home/studgoetsi5301/documents/ansible_bench/dataset/prompts/ollama_granite-code:20b_english_exact/benchmark100/ansible-role-vault/tasks/main_prompt.txt Total generation time: 3.9496352120040683


Prompt: You are a professional developer. Below you will find a complete Ansible Playbook. This playbook was generated based on a prompt. Your task is to reconstruct the original prompt that could have been used to generate this playbook.

Important: The only output follows the format below. Do not include any explanations or comments before or after.

The reconstructed prompt must exactly follow the structure below:

"Below you will receive task descriptions from which you should generate an Ansible Playbook.  
The generated playbook must be valid inside an Ansible Role under the tasks/ directory (e.g., tasks/main.yml).  
Do not include hosts:, vars:, or any playbook-level headers. Only output valid task entries or blocks as expected in a role.  

Task 1: ...
Description Task 1: ...

Task 2: ...
Description Task 2: ...

Task 3: ...
Description Task 3: ...
..."

Guidelines:
- Each task should be short and clearly describe one specific action.
- The tasks must match the actual tasks in the playbook **both in content and order**.
- Use the exact terminology and labels as used in the playbook (e.g., “install nginx” instead of “install web server”).
- Provide a more detailed description of the task next to each task
- Include the exact names of variables, handlers, etc. used in the playbook.

Here is the Ansible Playbook:
---
# tasks file for dns

- name: Import assert.yml
  ansible.builtin.import_tasks:
    file: assert.yml
  run_once: true
  delegate_to: localhost

- name: Install dns
  ansible.builtin.package:
    name: "{{ dns_packages }}"
    state: present

- name: Create directories
  ansible.builtin.file:
    path: "{{ item.path }}"
    state: directory
    mode: "{{ item.mode }}"
    owner: "{{ item.owner }}"
    group: "{{ item.group }}"
  loop:
    - path: "{{ dns_datadir }}"
      mode: "1770"
      owner: "{{ dns_owner }}"
      group: "{{ dns_group }}"
    - path: "{{ dns_confdir }}"
      mode: "0755"
      owner: root
      group: root
  loop_control:
    label: "{{ item.path }}"

- name: Create group
  ansible.builtin.group:
    name: "{{ dns_group }}"
    state: present

- name: Create user
  ansible.builtin.user:
    name: "{{ dns_owner }}"
    state: present
    system: true

- name: Generate rndc key
  ansible.builtin.command:
    cmd: rndc-confgen -a -c "{{ dns_confdir }}/rndc.key"
    creates: "{{ dns_confdir }}/rndc.key"

- name: Set permissions on rndc key file
  ansible.builtin.file:
    path: "{{ dns_confdir }}/rndc.key"
    owner: "{{ dns_owner }}"
    group: "{{ dns_group }}"
    mode: "0640"

- name: Get the hints/root file
  ansible.builtin.get_url:
    url: "https://www.internic.net/domain/named.root"
    dest: "{{ dns_datadir }}/named.root"
    validate_certs: "{{ dns_validate_certs }}"
    mode: "0640"
    owner: "{{ dns_owner }}"
    group: "{{ dns_group }}"
  when:
    - dns_caching_dns
  notify:
    - Rndc reload

- name: Create zone file
  ansible.builtin.template:
    src: zone.j2
    dest: "{{ dns_datadir }}/{{ item.name }}.db"
    validate: named-checkzone {{ item.name }} %s
    mode: "0640"
    owner: "{{ dns_owner }}"
    group: "{{ dns_group }}"
  loop: "{{ dns_zones }}"
  loop_control:
    label: "{{ item.name }}"
  when:
    - item.type is undefined or
      item.type in [ "primary" ]
  notify:
    - Rndc reload

- name: Add zones to configuration
  ansible.builtin.template:
    src: named.conf.j2
    dest: "{{ dns_confdir }}/named.conf"
    validate: named-checkconf -zj %s
    mode: "0640"
    owner: "{{ dns_owner }}"
    group: "{{ dns_group }}"
    backup: true
  notify:
    - Restart dns

- name: Place systemd override
  when:
    - ansible_service_mgr == "systemd"
  block:
    - name: Create service.d {{ dns_service }}
      ansible.builtin.file:
        path: /etc/systemd/system/{{ dns_service }}.service.d
        state: directory
        mode: "0755"

    - name: Place override.conf
      ansible.builtin.copy:
        src: override.conf
        dest: /etc/systemd/system/{{ dns_service }}.service.d/override.conf
        owner: root
        group: root
        mode: "0644"

    - name: Systemctl daemon-reload
      ansible.builtin.systemd:
        daemon_reload: true
      changed_when: false

- name: Start and enable dns
  ansible.builtin.service:
    name: "{{ dns_service }}"
    state: started
    enabled: true


Total input tokens: 1202
___________________________________________LLM Output:___________________________________________ 
Below you will receive task descriptions from which you should generate an Ansible Playbook.  
The generated playbook must be valid inside an Ansible Role under the tasks/ directory (e.g., tasks/main.yml).  
Do not include hosts:, vars:, or any playbook-level headers. Only output valid task entries or blocks as expected in a role.  

Task 1: Import assert.yml
Description Task 1: Import the assert.yml file.

Task 2: Install dns
Description Task 2: Install the dns package.

Task 3: Create directories
Description Task 3: Create directories with specified permissions and ownership.

Task 4: Create group
Description Task 4: Create a group.

Task 5: Create user
Description Task 5: Create a user.

Task 6: Generate rndc key
Description Task 6: Generate rndc key file.

Task 7: Set permissions on rndc key file
Description Task 7: Set permissions on rndc key file.

Task 8: Get the hints/root file
Description Task 8: Get the hints/root file from a specified URL and place it in the named.root file in the specified directory.

Task 9: Create zone file
Description Task 9: Create zone files based on the provided template for each zone in the dns_zones variable.

Task 10: Add zones to configuration
Description Task 10: Add zones to the named.conf file based on the provided template.

Task 11: Place systemd override
Description Task 11: Place a systemd override file based on the provided template.

Task 12: Start and enable dns
Description Task 12: Start and enable the dns service.

Tue Sep 30 16:09:19 2025: /home/studgoetsi5301/documents/ansible_bench/dataset/prompts/ollama_granite-code:20b_english_exact/benchmark100/ansible-role-dns/tasks/main_prompt.txt Total generation time: 7.750355951007805


Prompt: You are a professional developer. Below you will find a complete Ansible Playbook. This playbook was generated based on a prompt. Your task is to reconstruct the original prompt that could have been used to generate this playbook.

Important: The only output follows the format below. Do not include any explanations or comments before or after.

The reconstructed prompt must exactly follow the structure below:

"Below you will receive task descriptions from which you should generate an Ansible Playbook.  
The generated playbook must be valid inside an Ansible Role under the tasks/ directory (e.g., tasks/main.yml).  
Do not include hosts:, vars:, or any playbook-level headers. Only output valid task entries or blocks as expected in a role.  

Task 1: ...
Description Task 1: ...

Task 2: ...
Description Task 2: ...

Task 3: ...
Description Task 3: ...
..."

Guidelines:
- Each task should be short and clearly describe one specific action.
- The tasks must match the actual tasks in the playbook **both in content and order**.
- Use the exact terminology and labels as used in the playbook (e.g., “install nginx” instead of “install web server”).
- Provide a more detailed description of the task next to each task
- Include the exact names of variables, handlers, etc. used in the playbook.

Here is the Ansible Playbook:
---
- name: password | Get efi path
  ansible.builtin.stat:
    path: /sys/firmware/efi/efivars/
  register: grub_efi

- name: password | Remove unwanted grub.cfg on EFI systems
  ansible.builtin.file:
    state: absent
    path: /boot/grub2/grub.cfg
  when:
    - grub_efi.stat.exists

- name: password | Install user template
  ansible.builtin.template:
    src: 01_users.j2
    dest: /etc/grub.d/01_users
    owner: root
    group: root
    mode: '0700'
  notify:
    - Update grub

- name: password | EFI | add password
  ansible.builtin.lineinfile:
    dest: /etc/grub2-efi.cfg
    regexp: "^password_pbkdf2 {{ grub_user }} "
    state: present
    insertafter: EOF
    line: 'password_pbkdf2 {{ grub_user }} {{ grub_password }}'
  when:
    - grub_efi.stat.exists
  notify:
    - Update grub

- name: password | MBR | add password
  ansible.builtin.lineinfile:
    dest: /etc/grub2.cfg
    regexp: "^password_pbkdf2 {{ grub_user }} "
    state: present
    insertafter: EOF
    line: 'password_pbkdf2 {{ grub_user }} {{ grub_password }}'
  when:
    - grub_efi.stat.exists
  notify:
    - Update grub

- name: password | Add --unrestricted
  ansible.builtin.replace:
    dest: "{{ item }}"
    regexp: '^CLASS="(((?!--unrestricted).)*)"$'
    replace: 'CLASS="\1 --unrestricted"'
  with_items: "{{ grub_password_unrestricted_files }}"
  when:
    - grub_password_unrestricted
  notify:
    - Update grub

 10%|█         | 10/100 [00:46<07:46,  5.19s/it] 11%|█         | 11/100 [00:51<07:51,  5.30s/it]
Total input tokens: 780
___________________________________________LLM Output:___________________________________________ 
Below you will receive task descriptions from which you should generate an Ansible Playbook.  
The generated playbook must be valid inside an Ansible Role under the tasks/ directory (e.g., tasks/main.yml).  
Do not include hosts:, vars:, or any playbook-level headers. Only output valid task entries or blocks as expected in a role.  

Task 1: password | Get efi path
Description Task 1: Use the stat module to get the efi path

Task 2: password | Remove unwanted grub.cfg on EFI systems
Description Task 2: Use the file module to remove unwanted grub.cfg on EFI systems

Task 3: password | Install user template
Description Task 3: Use the template module to install the user template

Task 4: password | EFI | add password
Description Task 4: Use the lineinfile module to add a password to the EFI configuration

Task 5: password | MBR | add password
Description Task 5: Use the lineinfile module to add a password to the MBR configuration

Task 6: password | Add --unrestricted
Description Task 6: Use the replace module to add --unrestricted to the specified files

Tue Sep 30 16:09:25 2025: /home/studgoetsi5301/documents/ansible_bench/dataset/prompts/ollama_granite-code:20b_english_exact/benchmark100/ansible-role-grub/tasks/password_prompt.txt Total generation time: 5.091378790995805


Prompt: You are a professional developer. Below you will find a complete Ansible Playbook. This playbook was generated based on a prompt. Your task is to reconstruct the original prompt that could have been used to generate this playbook.

Important: The only output follows the format below. Do not include any explanations or comments before or after.

The reconstructed prompt must exactly follow the structure below:

"Below you will receive task descriptions from which you should generate an Ansible Playbook.  
The generated playbook must be valid inside an Ansible Role under the tasks/ directory (e.g., tasks/main.yml).  
Do not include hosts:, vars:, or any playbook-level headers. Only output valid task entries or blocks as expected in a role.  

Task 1: ...
Description Task 1: ...

Task 2: ...
Description Task 2: ...

Task 3: ...
Description Task 3: ...
..."

Guidelines:
- Each task should be short and clearly describe one specific action.
- The tasks must match the actual tasks in the playbook **both in content and order**.
- Use the exact terminology and labels as used in the playbook (e.g., “install nginx” instead of “install web server”).
- Provide a more detailed description of the task next to each task
- Include the exact names of variables, handlers, etc. used in the playbook.

Here is the Ansible Playbook:
---
# tasks file for grub

- name: Import assert.yml
  ansible.builtin.import_tasks:
    file: assert.yml
  run_once: true
  delegate_to: localhost

- name: Install required packages
  ansible.builtin.package:
    name: "{{ grub_packages }}"
    state: present

- name: Set GRUB_TIMEOUT
  ansible.builtin.lineinfile:
    path: /etc/default/grub
    line: GRUB_TIMEOUT={{ grub_timeout }}
    create: true
    mode: "0664"
  notify:
    - Update grub

- name: Set GRUB_RECORDFAIL_TIMEOUT
  ansible.builtin.lineinfile:
    path: /etc/default/grub
    line: GRUB_RECORDFAIL_TIMEOUT={{ grub_recordfail_timeout }}
    create: true
    mode: "0664"
  notify:
    - Update grub

- name: Add options to GRUB_CMDLINE_LINUX
  ansible.builtin.replace:
    path: /etc/default/grub
    regexp: '^GRUB_CMDLINE_LINUX="((:?(?!{{ item.option }}={{ item.value }}).)*?)"$'
    replace: 'GRUB_CMDLINE_LINUX="\1 {{ item.option }}={{ item.value }}"'
    validate: /bin/sh %s
    mode: "0664"
  loop: "{{ grub_options }}"
  loop_control:
    label: "{{ item.option }}"
  notify:
    - Update grub
  when:
    - grub_options is defined
    - grub_options | length > 0

- name: Import password.yml
  ansible.builtin.import_tasks: password.yml
  when:
    - grub_set_password

- name: Flush handlers
  ansible.builtin.meta: flush_handlers


Total input tokens: 735
___________________________________________LLM Output:___________________________________________ 
Below you will receive task descriptions from which you should generate an Ansible Playbook.  
The generated playbook must be valid inside an Ansible Role under the tasks/ directory (e.g., tasks/main.yml).  
Do not include hosts:, vars:, or any playbook-level headers. Only output valid task entries or blocks as expected in a role.  

Task 1: Import assert.yml
Description Task 1: Import the assert.yml file

Task 2: Install required packages
Description Task 2: Install the required packages using the package module

Task 3: Set GRUB_TIMEOUT
Description Task 3: Set the GRUB_TIMEOUT variable using the lineinfile module

Task 4: Set GRUB_RECORDFAIL_TIMEOUT
Description Task 4: Set the GRUB_RECORDFAIL_TIMEOUT variable using the lineinfile module

Task 5: Add options to GRUB_CMDLINE_LINUX
Description Task 5: Add options to the GRUB_CMDLINE_LINUX variable using the replace module

Task 6: Import password.yml
Description Task 6: Import the password.yml file conditionally based on the grub_set_password variable

Task 7: Flush handlers
Description Task 7: Flush the handlers to ensure the changes are applied

Tue Sep 30 16:09:30 2025: /home/studgoetsi5301/documents/ansible_bench/dataset/prompts/ollama_granite-code:20b_english_exact/benchmark100/ansible-role-grub/tasks/main_prompt.txt Total generation time: 5.549344801009283


Prompt: You are a professional developer. Below you will find a complete Ansible Playbook. This playbook was generated based on a prompt. Your task is to reconstruct the original prompt that could have been used to generate this playbook.

Important: The only output follows the format below. Do not include any explanations or comments before or after.

The reconstructed prompt must exactly follow the structure below:

"Below you will receive task descriptions from which you should generate an Ansible Playbook.  
The generated playbook must be valid inside an Ansible Role under the tasks/ directory (e.g., tasks/main.yml).  
Do not include hosts:, vars:, or any playbook-level headers. Only output valid task entries or blocks as expected in a role.  

Task 1: ...
Description Task 1: ...

Task 2: ...
Description Task 2: ...

Task 3: ...
Description Task 3: ...
..."

Guidelines:
- Each task should be short and clearly describe one specific action.
- The tasks must match the actual tasks in the playbook **both in content and order**.
- Use the exact terminology and labels as used in the playbook (e.g., “install nginx” instead of “install web server”).
- Provide a more detailed description of the task next to each task
- Include the exact names of variables, handlers, etc. used in the playbook.

Here is the Ansible Playbook:
---
# tasks file for service

- name: Import assert.yml
  ansible.builtin.import_tasks: assert.yml
  run_once: true
  delegate_to: localhost

- name: Install required packages
  ansible.builtin.package:
    name: "{{ service_required_packages }}"
    state: present
  notify:
    - Gather facts

- name: Configure systemd service
  ansible.builtin.template:
    src: "systemd.j2"
    dest: "/etc/systemd/system/{{ item.name }}.service"
    mode: "0644"
  when:
    - ansible_service_mgr == "systemd"
  notify:
    - Systemctl daemon-reload
  loop: "{{ service_list }}"
  loop_control:
    label: "{{ item.name }}"

- name: Configure sysvinit service
  ansible.builtin.template:
    src: "sysvinit.j2"
    dest: "/etc/init.d/{{ item.name }}"
    mode: "0755"
  when:
    - ansible_service_mgr in [ "sysvinit", "upstart", "openrc" ]
  loop: "{{ service_list }}"
  loop_control:
    label: "{{ item.name }}"

- name: Manage service
  ansible.builtin.service:
    name: "{{ item.name }}"
    state: "{{ item.state | default(omit) }}"
    enabled: "{{ item.enabled | default(omit) }}"
  loop: "{{ service_list }}"
  loop_control:
    label: "{{ item.name }}"
  when:
    - item.state is defined or
      item.enabled is defined

- name: Flush handlers
  ansible.builtin.meta: flush_handlers


Total input tokens: 12%|█▏        | 12/100 [00:57<07:46,  5.30s/it] 13%|█▎        | 13/100 [01:01<07:22,  5.09s/it] 693
___________________________________________LLM Output:___________________________________________ 
Below you will receive task descriptions from which you should generate an Ansible Playbook.  
The generated playbook must be valid inside an Ansible Role under the tasks/ directory (e.g., tasks/main.yml).  
Do not include hosts:, vars:, or any playbook-level headers. Only output valid task entries or blocks as expected in a role.  

Task 1: Import assert.yml
Description Task 1: Import the assert.yml file

Task 2: Install required packages
Description Task 2: Install the required packages using the package module

Task 3: Configure systemd service
Description Task 3: Configure the systemd service using the template module, only when ansible_service_mgr is "systemd".

Task 4: Configure sysvinit service
Description Task 4: Configure the sysvinit service using the template module, only when ansible_service_mgr is "sysvinit", "upstart", or "openrc".

Task 5: Manage service
Description Task 5: Manage the service using the service module, with the name, state, and enabled parameters based on the item's definition in the service_list.

Task 6: Flush handlers
Description Task 6: Flush the handlers using the meta module.

Tue Sep 30 16:09:35 2025: /home/studgoetsi5301/documents/ansible_bench/dataset/prompts/ollama_granite-code:20b_english_exact/benchmark100/ansible-role-service/tasks/main_prompt.txt Total generation time: 5.299566308996873


Prompt: You are a professional developer. Below you will find a complete Ansible Playbook. This playbook was generated based on a prompt. Your task is to reconstruct the original prompt that could have been used to generate this playbook.

Important: The only output follows the format below. Do not include any explanations or comments before or after.

The reconstructed prompt must exactly follow the structure below:

"Below you will receive task descriptions from which you should generate an Ansible Playbook.  
The generated playbook must be valid inside an Ansible Role under the tasks/ directory (e.g., tasks/main.yml).  
Do not include hosts:, vars:, or any playbook-level headers. Only output valid task entries or blocks as expected in a role.  

Task 1: ...
Description Task 1: ...

Task 2: ...
Description Task 2: ...

Task 3: ...
Description Task 3: ...
..."

Guidelines:
- Each task should be short and clearly describe one specific action.
- The tasks must match the actual tasks in the playbook **both in content and order**.
- Use the exact terminology and labels as used in the playbook (e.g., “install nginx” instead of “install web server”).
- Provide a more detailed description of the task next to each task
- Include the exact names of variables, handlers, etc. used in the playbook.

Here is the Ansible Playbook:
---

- name: gather_facts | Lookup bootstrap facts
  ansible.builtin.raw: "cat /etc/os-release"
  become: false
  check_mode: false
  register: bootstrap_facts
  changed_when: false

- name: gather_facts | Set bootstrap facts (I)
  ansible.builtin.set_fact:
    bootstrap_distribution: "{{ item }}"
    bootstrap_distribution_major_version: "{{ bootstrap_facts.stdout_lines | join(',') | regex_replace('^.*VERSION_ID=\"(\\d{1,2})(\\.\\d{1,4})*?\".*$', '\\1') | default('NA') }}"
  loop: "{{ bootstrap_os_family_map | dict2items | map(attribute='value') | flatten }}"
  when:
    - bootstrap_facts.rc == 0
    - bootstrap_distribution is not defined
    - bootstrap_facts.stdout is regex('PRETTY_NAME=.'~ bootstrap_search[item] | default(item) ~'.*')
  become: false

- name: gather_facts | Set bootstrap facts (II)
  ansible.builtin.set_fact:
    bootstrap_os_family: "{{ item.key }}"
  loop: "{{ bootstrap_os_family_map | dict2items }}"
  loop_control:
    label: "{{ item.key }}"
  when:
    - bootstrap_distribution in item.value
  become: false


Total input tokens: 626
___________________________________________LLM Output:___________________________________________ 
Below you will receive task descriptions from which you should generate an Ansible Playbook.
The generated playbook must be valid inside an Ansible Role under the tasks/ directory (e.g., tasks/main.yml).
Do not include hosts:, vars:, or any playbook-level headers. Only output valid task entries or blocks as expected in a role.

Task 1: lookup bootstrap facts
Description Task 1: Gather information about the operating system using the command "cat /etc/os-release". This information will be used to set variables related to the operating system.

Task 2: set bootstrap facts (I)
Description Task 2: Set the variables "bootstrap_distribution" and "bootstrap_distribution_major_version" based on the operating system information gathered in Task 1. Use a loop to iterate over a dictionary and set the variables accordingly.

Task 3: set bootstrap facts (II)
Description Task 3: Set the variable "bootstrap_os_family" based on the operating system information gathered in Task 1. Use a loop to iterate over a dictionary and set the variable accordingly.

Tue Sep 30 16:09:40 2025: /home/studgoetsi5301/documents/ansible_bench/dataset/prompts/ollama_granite-code:20b_english_exact/benchmark100/ansible-role-bootstrap-buluma/tasks/gather_facts_prompt.txt Total generation time: 4.604900543999975


Prompt: You are a professional developer. Below you will find a complete Ansible Playbook. This playbook was generated based on a prompt. Your task is to reconstruct the original prompt that could have been used to generate this playbook.

Important: The only output follows the format below. Do not include any explanations or comments before or after.

The reconstructed prompt must exactly follow the structure below:

"Below you will receive task descriptions from which you should generate an Ansible Playbook.  
The generated playbook must be valid inside an Ansible Role under the tasks/ directory (e.g., tasks/main.yml).  
Do not include hosts:, vars:, or any playbook-level headers. Only output valid task entries or blocks as expected in a role.  

Task 1: ...
Description Task 1: ...

Task 2: ...
Description Task 2: ...

Task 3: ...
Description Task 3: ...
..."

Guidelines:
- Each task should be short and clearly describe one specific action.
- The tasks must match the actual tasks in the playbook **both in content and order**.
- Use the exact terminology and labels as used in the playbook (e.g., “install nginx” instead of “install web server”).
- Provide a more detailed description of the task next to each task
- Include the exact names of variables, handlers, etc. used in the playbook.

Here is the Ansible Playbook:
---
# tasks file for bootstrap

- name: Import assert.yml
  ansible.builtin.import_tasks:
    file: assert.yml
  run_once: true
  delegate_to: localhost

- name: Wait for port to be available
  ansible.builtin.wait_for:
    port: "{{ ansible_port | default('22') }}"
    timeout: "{{ bootstrap_timeout }}"
  become: false
  when:
    - ansible_connection is defined
    - ansible_connection not in [ "container", "docker", "community.docker.docker" ]
    - ansible_connection is not none
    - bootstrap_wait_for_host

- name: Prepare system
  # At this stage, python and/or sudo are not installed, `become` can't be used.
  # This means this role has to run as root, can't switch user.
  become: false
  block:
    - name: Test connection
      ansible.builtin.wait_for_connection:
        timeout: "{{ bootstrap_timeout }}"
      register: bootstrap_connect
      changed_when: false
    - name: Test sudo
      ansible.builtin.command:
        cmd: sudo --version
      changed_when: false
  rescue:
    - name: Gather bootstrap facts
      ansible.builtin.include_tasks:
        file: gather_facts.yml

    - name: Install bootstrap packages (raw)
      ansible.builtin.raw: "{{ bootstrap_install.raw }}"
      args:
        executable: /bin/sh
      register: bootstrap_install_packages
      changed_when:
        - (bootstrap_install.stdout_regex in bootstrap_install_packages.stdout and
           bootstrap_os_family in [ "Alpine", "Archlinux", "Gentoo" ]) or
          (bootstrap_install.stdout_regex not in bootstrap_install_packages.stdout and
           bootstrap_os_family in [ "Debian", "RedHat", "Rocky", "Suse" ])

    - name: Ensure libdnf5 is present on Fedora/RedHat
      ansible.builtin.raw: dnf install -y python3-libdnf5
      args:
        executable: /bin/sh
      when: bootstrap_os_family == "RedHat"

- name: Gather ansible facts
  ansible.builtin.setup:
  become: false

- name: Install bootstrap packages (package)
  ansible.builtin.package:
    name: "{{ item }}"
    state: present
    update_cache: true
  loop: "{{ bootstrap_facts_packages.split() }}"
  become: "{{ bootstrap_become }}"

 14%|█▍        | 14/100 [01:04<06:24,  4.47s/it] 15%|█▌        | 15/100 [01:11<07:29,  5.29s/it]
Total input tokens: 871
___________________________________________LLM Output:___________________________________________ 
Below you will receive task descriptions from which you should generate an Ansible Playbook.  
The generated playbook must be valid inside an Ansible Role under the tasks/ directory (e.g., tasks/main.yml).  
Do not include hosts:, vars:, or any playbook-level headers. Only output valid task entries or blocks as expected in a role.  

Task 1: Install assert.yml
Description Task 1: Import assert.yml

Task 2: Wait for port to be available
Description Task 2: Wait for port to be available

Task 3: Prepare system
Description Task 3: Prepare system

Tue Sep 30 16:09:43 2025: /home/studgoetsi5301/documents/ansible_bench/dataset/prompts/ollama_granite-code:20b_english_exact/benchmark100/ansible-role-bootstrap-buluma/tasks/main_prompt.txt Total generation time: 3.0490802860003896


Prompt: You are a professional developer. Below you will find a complete Ansible Playbook. This playbook was generated based on a prompt. Your task is to reconstruct the original prompt that could have been used to generate this playbook.

Important: The only output follows the format below. Do not include any explanations or comments before or after.

The reconstructed prompt must exactly follow the structure below:

"Below you will receive task descriptions from which you should generate an Ansible Playbook.  
The generated playbook must be valid inside an Ansible Role under the tasks/ directory (e.g., tasks/main.yml).  
Do not include hosts:, vars:, or any playbook-level headers. Only output valid task entries or blocks as expected in a role.  

Task 1: ...
Description Task 1: ...

Task 2: ...
Description Task 2: ...

Task 3: ...
Description Task 3: ...
..."

Guidelines:
- Each task should be short and clearly describe one specific action.
- The tasks must match the actual tasks in the playbook **both in content and order**.
- Use the exact terminology and labels as used in the playbook (e.g., “install nginx” instead of “install web server”).
- Provide a more detailed description of the task next to each task
- Include the exact names of variables, handlers, etc. used in the playbook.

Here is the Ansible Playbook:
---
- name: Load OS-specific vars.
  include_vars: "{{ lookup('first_found', params) }}"
  vars:
    params:
      files:
        - '{{ansible_facts.distribution}}.yml'
        - '{{ansible_facts.os_family}}.yml'
        - main.yml
      paths:
        - 'vars'

- include_tasks: setup-RedHat.yml
  when: ansible_facts.os_family == 'RedHat'

- include_tasks: setup-Debian.yml
  when: ansible_facts.os_family == 'Debian'

- name: Install Docker packages.
  package:
    name: "{{ docker_packages }}"
    state: "{{ docker_packages_state }}"
  notify: restart docker
  ignore_errors: "{{ ansible_check_mode }}"
  when: "ansible_version.full is version_compare('2.12', '<') or ansible_facts.os_family not in ['RedHat', 'Debian']"

- name: Install Docker packages (with downgrade option).
  package:
    name: "{{ docker_packages }}"
    state: "{{ docker_packages_state }}"
    allow_downgrade: true
  notify: restart docker
  ignore_errors: "{{ ansible_check_mode }}"
  when: "ansible_version.full is version_compare('2.12', '>=') and ansible_facts.os_family in ['RedHat', 'Debian']"

- name: Install docker-compose plugin.
  package:
    name: "{{ docker_compose_package }}"
    state: "{{ docker_compose_package_state }}"
  notify: restart docker
  ignore_errors: "{{ ansible_check_mode }}"
  when: "docker_install_compose_plugin | bool == true and (ansible_version.full is version_compare('2.12', '<') or ansible_facts.os_family not in ['RedHat', 'Debian'])"

- name: Install docker-compose-plugin (with downgrade option).
  package:
    name: "{{ docker_compose_package }}"
    state: "{{ docker_compose_package_state }}"
    allow_downgrade: true
  notify: restart docker
  ignore_errors: "{{ ansible_check_mode }}"
  when: "docker_install_compose_plugin | bool == true and ansible_version.full is version_compare('2.12', '>=') and ansible_facts.os_family in ['RedHat', 'Debian']"

- name: Ensure /etc/docker/ directory exists.
  file:
    path: /etc/docker
    state: directory
    mode: 0755
  when: docker_daemon_options.keys() | length > 0

- name: Configure Docker daemon options.
  copy:
    content: "{{ docker_daemon_options | to_nice_json }}"
    dest: /etc/docker/daemon.json
    mode: 0644
  when: docker_daemon_options.keys() | length > 0
  notify: restart docker

- name: Ensure Docker is started and enabled at boot.
  service:
    name: docker
    state: "{{ docker_service_state }}"
    enabled: "{{ docker_service_enabled }}"
  ignore_errors: "{{ ansible_check_mode }}"
  when: docker_service_manage | bool

- name: Ensure handlers are notified now to avoid firewall conflicts.
  meta: flush_handlers

- include_tasks: docker-compose.yml
  when: docker_install_compose | bool

- name: Get docker group info using getent.
  getent:
    database: group
    key: docker
    split: ':'
  when: docker_users | length > 0

- name: Check if there are any users to add to the docker group.
  set_fact:
    at_least_one_user_to_modify: true
  when:
    - docker_users | length > 0
    - item not in ansible_facts.getent_group["docker"][2]
  with_items: "{{ docker_users }}"

- include_tasks: docker-users.yml
  when: at_least_one_user_to_modify is defined


Total input tokens: 1229
___________________________________________LLM Output:___________________________________________ 
Below you will receive task descriptions from which you should generate an Ansible Playbook.  
The generated playbook must be valid inside an Ansible Role under the tasks/ directory (e.g., tasks/main.yml).  
Do not include hosts:, vars:, or any playbook-level headers. Only output valid task entries or blocks as expected in a role.  

Task 1: Load OS-specific vars.
Description Task 1: Load OS-specific vars.

Task 2: Install Docker packages.
Description Task 2: Install Docker packages.

Task 3: Install docker-compose plugin.
Description Task 3: Install docker-compose plugin.

Task 4: Ensure /etc/docker/ directory exists.
Description Task 4: Ensure /etc/docker/ directory exists.

Task 5: Configure Docker daemon options.
Description Task 5: Configure Docker daemon options.

Task 6: Ensure Docker is started and enabled at boot.
Description Task 6: Ensure Docker is started and enabled at boot.

Task 7: Ensure handlers are notified now to avoid firewall conflicts.
Description Task 7: Ensure handlers are notified now to avoid firewall conflicts.

Task 8: Ensure docker-compose is installed.
Description Task 8: Ensure docker-compose is installed.

Task 9: Ensure docker group users are in the docker group.
Description Task 9: Ensure docker group users are in the docker group.

Tue Sep 30 16:09:50 2025: /home/studgoetsi5301/documents/ansible_bench/dataset/prompts/ollama_granite-code:20b_english_exact/benchmark100/ansible-role-docker/tasks/main_prompt.txt Total generation time: 7.1776758290070575


Prompt: You are a professional developer. Below you will find a complete Ansible Playbook. This playbook was generated based on a prompt. Your task is to reconstruct the original prompt that could have been used to generate this playbook.

Important: The only output follows the format below. Do not include any explanations or comments before or after.

The reconstructed prompt must exactly follow the structure below:

"Below you will receive task descriptions from which you should generate an Ansible Playbook.  
The generated playbook must be valid inside an Ansible Role under the tasks/ directory (e.g., tasks/main.yml).  
Do not include hosts:, vars:, or any playbook-level headers. Only output valid task entries or blocks as expected in a role.  

Task 1: ...
Description Task 1: ...

Task 2: ...
Description Task 2: ...

Task 3: ...
Description Task 3: ...
..."

Guidelines:
- Each task should be short and clearly describe one specific action.
- The tasks must match the actual tasks in the playbook **both in content and order**.
- Use the exact terminology and labels as used in the playbook (e.g., “install nginx” instead of “install web server”).
- Provide a more detailed description of the task next to each task
- Include the exact names of variables, handlers, etc. used in the playbook.

Here is the Ansible Playbook:
---
- name: Ensure apt key is not present in trusted.gpg.d
  ansible.builtin.file:
    path: /etc/apt/trusted.gpg.d/docker.asc
    state: absent

- name: Ensure old apt source list is not present in /etc/apt/sources.list.d
  ansible.builtin.file:
    path: "/etc/apt/sources.list.d/download_docker_com_linux_{{ docker_apt_ansible_distribution | lower }}.list"
    state: absent

# See https://docs.docker.com/engine/install/debian/#uninstall-old-versions
- name: Ensure old versions of Docker are not installed.
  ansible.builtin.package:
    name: "{{ docker_obsolete_packages }}"
    state: absent

- name: Ensure legacy repo file is not present.
  ansible.builtin.file:
    path: "/etc/apt/sources.list.d/docker.list"
    state: absent

- name: Ensure dependencies are installed.
  ansible.builtin.apt:
    name:
      - apt-transport-https
      - ca-certificates
      - python3-debian
    state: present

- name: Add or remove Docker repository.
  ansible.builtin.deb822_repository:
    name: "{{ docker_apt_filename }}"
    types: deb
    uris: "{{ docker_repo_url }}/{{ ansible_facts.distribution | lower }}"
    suites: "{{ ansible_facts.distribution_release }}"
    components: "{{ docker_apt_release_channel }}"
    signed_by: "{{ docker_apt_gpg_key }}"
    state: "{{ 'present' if docker_add_repo | bool else 'absent' }}"
  notify: apt update

- name: Ensure handlers are notified immediately to update the apt cache.
  ansible.builtin.meta: flush_handlers

 16%|█▌        | 16/100 [01:17<07:43,  5.52s/it] 17%|█▋        | 17/100 [01:22<07:17,  5.27s/it]
Total input tokens: 726
___________________________________________LLM Output:___________________________________________ 
Below you will receive task descriptions from which you should generate an Ansible Playbook.  
The generated playbook must be valid inside an Ansible Role under the tasks/ directory (e.g., tasks/main.yml).  
Do not include hosts:, vars:, or any playbook-level headers. Only output valid task entries or blocks as expected in a role.  

Task 1: Ensure apt key is not present in trusted.gpg.d
Description Task 1: Ensure apt key is not present in trusted.gpg.d

Task 2: Ensure old apt source list is not present in /etc/apt/sources.list.d
Description Task 2: Ensure old apt source list is not present in /etc/apt/sources.list.d

Task 3: Ensure old versions of Docker are not installed.
Description Task 3: Ensure old versions of Docker are not installed.

Task 4: Ensure legacy repo file is not present.
Description Task 4: Ensure legacy repo file is not present.

Task 5: Ensure dependencies are installed.
Description Task 5: Ensure dependencies are installed.

Task 6: Add or remove Docker repository.
Description Task 6: Add or remove Docker repository.

Task 7: Ensure handlers are notified immediately to update the apt cache.
Description Task 7: Ensure handlers are notified immediately to update the apt cache.

Tue Sep 30 16:09:56 2025: /home/studgoetsi5301/documents/ansible_bench/dataset/prompts/ollama_granite-code:20b_english_exact/benchmark100/ansible-role-docker/tasks/setup-Debian_prompt.txt Total generation time: 6.053462149007828


Prompt: You are a professional developer. Below you will find a complete Ansible Playbook. This playbook was generated based on a prompt. Your task is to reconstruct the original prompt that could have been used to generate this playbook.

Important: The only output follows the format below. Do not include any explanations or comments before or after.

The reconstructed prompt must exactly follow the structure below:

"Below you will receive task descriptions from which you should generate an Ansible Playbook.  
The generated playbook must be valid inside an Ansible Role under the tasks/ directory (e.g., tasks/main.yml).  
Do not include hosts:, vars:, or any playbook-level headers. Only output valid task entries or blocks as expected in a role.  

Task 1: ...
Description Task 1: ...

Task 2: ...
Description Task 2: ...

Task 3: ...
Description Task 3: ...
..."

Guidelines:
- Each task should be short and clearly describe one specific action.
- The tasks must match the actual tasks in the playbook **both in content and order**.
- Use the exact terminology and labels as used in the playbook (e.g., “install nginx” instead of “install web server”).
- Provide a more detailed description of the task next to each task
- Include the exact names of variables, handlers, etc. used in the playbook.

Here is the Ansible Playbook:
---
- name: Ensure old versions of Docker are not installed.
  package:
    name: "{{ docker_obsolete_packages }}"
    state: absent

- name: Add Docker GPG key.
  rpm_key:
    key: "{{ docker_yum_gpg_key }}"
    state: present
  when: docker_add_repo | bool

- name: Add Docker repository.
  get_url:
    url: "{{ docker_yum_repo_url }}"
    dest: '/etc/yum.repos.d/docker-{{ docker_edition }}.repo'
    owner: root
    group: root
    mode: 0644
  when: docker_add_repo | bool

- name: Configure Docker Nightly repo.
  ini_file:
    dest: '/etc/yum.repos.d/docker-{{ docker_edition }}.repo'
    section: 'docker-{{ docker_edition }}-nightly'
    option: enabled
    value: '{{ docker_yum_repo_enable_nightly }}'
    mode: 0644
    no_extra_spaces: true
  when: docker_add_repo | bool

- name: Configure Docker Test repo.
  ini_file:
    dest: '/etc/yum.repos.d/docker-{{ docker_edition }}.repo'
    section: 'docker-{{ docker_edition }}-test'
    option: enabled
    value: '{{ docker_yum_repo_enable_test }}'
    mode: 0644
    no_extra_spaces: true
  when: docker_add_repo | bool

- name: Configure containerd on RHEL 8.
  block:
    - name: Ensure runc is not installed.
      package:
        name: runc
        state: absent

    - name: Ensure container-selinux is installed.
      package:
        name: container-selinux
        state: present

    - name: Ensure containerd.io is installed.
      package:
        name: containerd.io
        state: present
  when: ansible_facts.distribution_major_version | int == 8


Total input tokens: 765
___________________________________________LLM Output:___________________________________________ 
"Below you will receive task descriptions from which you should generate an Ansible Playbook.  
The generated playbook must be valid inside an Ansible Role under the tasks/ directory (e.g., tasks/main.yml).  
Do not include hosts:, vars:, or any playbook-level headers. Only output valid task entries or blocks as expected in a role.  

Task 1: Ensure old versions of Docker are not installed.
Description Task 1: Ensure old versions of Docker are not installed.

Task 2: Add Docker GPG key.
Description Task 2: Add Docker GPG key.

Task 3: Add Docker repository.
Description Task 3: Add Docker repository.

Task 4: Configure Docker Nightly repo.
Description Task 4: Configure Docker Nightly repo.

Task 5: Configure Docker Test repo.
Description Task 5: Configure Docker Test repo.

Task 6: Configure containerd on RHEL 8.
Description Task 6: Configure containerd on RHEL 8.
"

Tue Sep 30 16:10:01 2025: /home/studgoetsi5301/documents/ansible_bench/dataset/prompts/ollama_granite-code:20b_english_exact/benchmark100/ansible-role-docker/tasks/setup-RedHat_prompt.txt Total generation time: 4.681397153995931


Prompt: You are a professional developer. Below you will find a complete Ansible Playbook. This playbook was generated based on a prompt. Your task is to reconstruct the original prompt that could have been used to generate this playbook.

Important: The only output follows the format below. Do not include any explanations or comments before or after.

The reconstructed prompt must exactly follow the structure below:

"Below you will receive task descriptions from which you should generate an Ansible Playbook.  
The generated playbook must be valid inside an Ansible Role under the tasks/ directory (e.g., tasks/main.yml).  
Do not include hosts:, vars:, or any playbook-level headers. Only output valid task entries or blocks as expected in a role.  

Task 1: ...
Description Task 1: ...

Task 2: ...
Description Task 2: ...

Task 3: ...
Description Task 3: ...
..."

Guidelines:
- Each task should be short and clearly describe one specific action.
- The tasks must match the actual tasks in the playbook **both in content and order**.
- Use the exact terminology and labels as used in the playbook (e.g., “install nginx” instead of “install web server”).
- Provide a more detailed description of the task next to each task
- Include the exact names of variables, handlers, etc. used in the playbook.

Here is the Ansible Playbook:
---
- name: Check current docker-compose version.
  command: "{{ docker_compose_path }} --version"
  register: docker_compose_vsn
  check_mode: false
  changed_when: false
  failed_when: false

- set_fact:
    docker_compose_current_version: "{{ docker_compose_vsn.stdout | regex_search('(\\d+(\\.\\d+)+)') }}"
  when: >
    docker_compose_vsn.stdout is defined
    and (docker_compose_vsn.stdout | length > 0)

- name: Delete existing docker-compose version if it's different.
  file:
    path: "{{ docker_compose_path }}"
    state: absent
  when: >
    docker_compose_current_version is defined
    and (docker_compose_version | regex_replace('v', '')) not in docker_compose_current_version

- name: Install Docker Compose (if configured).
  get_url:
    url: "{{ docker_compose_url }}"
    dest: "{{ docker_compose_path }}"
    mode: 0755
  when: >
    (docker_compose_current_version is not defined)
    or (docker_compose_current_version | length == 0)
    or (docker_compose_current_version is version((docker_compose_version | regex_replace('v', '')), '<'))


Total input tokens: 624
___________________________________________LLM Output:___________________________________________ 
Below you will receive task descriptions from which you should generate an Ansible Playbook.  
The generated playbook must be valid inside an Ansible Role under the tasks/ directory (e.g., tasks/main.yml).  
Do not include hosts:, vars:, or any playbook-level headers. Only output valid task entries or blocks as expected in a role.  

Task 1: Check current docker-compose version.
Description Task 1: Registers the current version of docker-compose and stores it in the variable docker_compose_current_version.

Task 2: Delete existing docker-compose version if it's different.
Description Task 2: Removes the existing docker-compose version if it's different from the desired version.

Task 3: Install Docker Compose (if configured).
Description Task 3: Downloads and installs Docker Compose if it's not already present or if the installed version is older than the desired version. 18%|█▊        | 18/100 [01:26<06:39,  4.87s/it] 19%|█▉        | 19/100 [01:29<05:35,  4.14s/it] 20%|██        | 20/100 [01:32<05:04,  3.80s/it]

Tue Sep 30 16:10:05 2025: /home/studgoetsi5301/documents/ansible_bench/dataset/prompts/ollama_granite-code:20b_english_exact/benchmark100/ansible-role-docker/tasks/docker-compose_prompt.txt Total generation time: 3.937039519994869


Prompt: You are a professional developer. Below you will find a complete Ansible Playbook. This playbook was generated based on a prompt. Your task is to reconstruct the original prompt that could have been used to generate this playbook.

Important: The only output follows the format below. Do not include any explanations or comments before or after.

The reconstructed prompt must exactly follow the structure below:

"Below you will receive task descriptions from which you should generate an Ansible Playbook.  
The generated playbook must be valid inside an Ansible Role under the tasks/ directory (e.g., tasks/main.yml).  
Do not include hosts:, vars:, or any playbook-level headers. Only output valid task entries or blocks as expected in a role.  

Task 1: ...
Description Task 1: ...

Task 2: ...
Description Task 2: ...

Task 3: ...
Description Task 3: ...
..."

Guidelines:
- Each task should be short and clearly describe one specific action.
- The tasks must match the actual tasks in the playbook **both in content and order**.
- Use the exact terminology and labels as used in the playbook (e.g., “install nginx” instead of “install web server”).
- Provide a more detailed description of the task next to each task
- Include the exact names of variables, handlers, etc. used in the playbook.

Here is the Ansible Playbook:
---
- name: Ensure docker users are added to the docker group.
  user:
    name: "{{ item }}"
    groups: docker
    append: true
  with_items: "{{ docker_users }}"

- name: Reset ssh connection to apply user changes.
  meta: reset_connection


Total input tokens: 381
___________________________________________LLM Output:___________________________________________ 
Below you will receive task descriptions from which you should generate an Ansible Playbook.
The generated playbook must be valid inside an Ansible Role under the tasks/ directory (e.g., tasks/main.yml).
Do not include hosts:, vars:, or any playbook-level headers. Only output valid task entries or blocks as expected in a role.

Task 1: Ensure docker users are added to the docker group.
Description Task 1: Ensure docker users are added to the docker group.

Task 2: Reset ssh connection to apply user changes.
Description Task 2: Reset ssh connection to apply user changes.

Tue Sep 30 16:10:07 2025: /home/studgoetsi5301/documents/ansible_bench/dataset/prompts/ollama_granite-code:20b_english_exact/benchmark100/ansible-role-docker/tasks/docker-users_prompt.txt Total generation time: 2.453968714005896


Prompt: You are a professional developer. Below you will find a complete Ansible Playbook. This playbook was generated based on a prompt. Your task is to reconstruct the original prompt that could have been used to generate this playbook.

Important: The only output follows the format below. Do not include any explanations or comments before or after.

The reconstructed prompt must exactly follow the structure below:

"Below you will receive task descriptions from which you should generate an Ansible Playbook.  
The generated playbook must be valid inside an Ansible Role under the tasks/ directory (e.g., tasks/main.yml).  
Do not include hosts:, vars:, or any playbook-level headers. Only output valid task entries or blocks as expected in a role.  

Task 1: ...
Description Task 1: ...

Task 2: ...
Description Task 2: ...

Task 3: ...
Description Task 3: ...
..."

Guidelines:
- Each task should be short and clearly describe one specific action.
- The tasks must match the actual tasks in the playbook **both in content and order**.
- Use the exact terminology and labels as used in the playbook (e.g., “install nginx” instead of “install web server”).
- Provide a more detailed description of the task next to each task
- Include the exact names of variables, handlers, etc. used in the playbook.

Here is the Ansible Playbook:
---
# tasks file for selinux

- name: Import assert.yml
  ansible.builtin.import_tasks:
    file: assert.yml
  run_once: true
  delegate_to: localhost

- name: Install required packages
  ansible.builtin.package:
    name: "{{ selinux_requirements }}"
    state: present
  notify:
    - Gather facts

- name: Flush handlers
  ansible.builtin.meta: flush_handlers

- name: Configure selinux
  when:
    - ansible_selinux.status is defined
    - ansible_connection not in [ "container", "docker", "community.docker.docker" ]
  block:
    - name: Manage selinux
      ansible.posix.selinux:
        state: "{{ selinux_state }}"
        policy: "{{ selinux_policy }}"
      notify:
        - Reboot

    - name: Manage selinux booleans
      ansible.posix.seboolean:
        name: "{{ item.name }}"
        state: "{{ item.state | default('yes') }}"
        persistent: "{{ item.persistent }}"
      loop: "{{ selinux_booleans }}"
      loop_control:
        label: "{{ item.name }}"
      when:
        - selinux_booleans is defined


Total input tokens: 584
___________________________________________LLM Output:___________________________________________ 
Below you will receive task descriptions from which you should generate an Ansible Playbook.  
The generated playbook must be valid inside an Ansible Role under the tasks/ directory (e.g., tasks/main.yml).  
Do not include hosts:, vars:, or any playbook-level headers. Only output valid task entries or blocks as expected in a role.  

Task 1: Install required packages
Description Task 1: Install the required packages

Task 2: Flush handlers
Description Task 2: Flush the handlers

Task 3: Configure selinux
Description Task 3: Configure selinux

Task 4: Manage selinux booleans
Description Task 4: Manage selinux booleans

Tue Sep 30 16:10:10 2025: /home/studgoetsi5301/documents/ansible_bench/dataset/prompts/ollama_granite-code:20b_english_exact/benchmark100/ansible-role-selinux/tasks/main_prompt.txt Total generation time: 3.005620636002277


Prompt: You are a professional developer. Below you will find a complete Ansible Playbook. This playbook was generated based on a prompt. Your task is to reconstruct the original prompt that could have been used to generate this playbook.

Important: The only output follows the format below. Do not include any explanations or comments before or after.

The reconstructed prompt must exactly follow the structure below:

"Below you will receive task descriptions from which you should generate an Ansible Playbook.  
The generated playbook must be valid inside an Ansible Role under the tasks/ directory (e.g., tasks/main.yml).  
Do not include hosts:, vars:, or any playbook-level headers. Only output valid task entries or blocks as expected in a role.  

Task 1: ...
Description Task 1: ...

Task 2: ...
Description Task 2: ...

Task 3: ...
Description Task 3: ...
..."

Guidelines:
- Each task should be short and clearly describe one specific action.
- The tasks must match the actual tasks in the playbook **both in content and order**.
- Use the exact terminology and labels as used in the playbook (e.g., “install nginx” instead of “install web server”).
- Provide a more detailed description of the task next to each task
- Include the exact names of variables, handlers, etc. used in the playbook.

Here is the Ansible Playbook:
---
# tasks file for mysql

- name: Import assert.yml
  ansible.builtin.import_tasks:
    file: assert.yml
  run_once: true
  delegate_to: localhost

- name: Install mysql
  ansible.builtin.package:
    name: "{{ mysql_packages }}"
    state: present
  notify:
    - Set root password
    - Systemctl daemon-reexec

- name: Configure mysql server
  community.general.ini_file:
    dest: "{{ mysql_configuration_destination }}/{{ mysql_name }}-server.cnf"
    section: "{{ item.section }}"
    option: "{{ item.option }}"
    value: "{{ item.value }}"
    mode: "0644"
  loop: "{{ mysql_configuration_options }}"
  loop_control:
    label: "{{ item.option }}"
  notify:
    - Restart mysql server

- name: Configure mysql client
  community.general.ini_file:
    dest: "{{ mysql_configuration_destination }}/{{ mysql_name }}-client.cnf"
    section: client
    option: socket
    value: "{{ mysql_socket }}"
    mode: "0644"

- name: Initialize mysql
  ansible.builtin.command:
    cmd: "{{ mysql_initialize_command }}"
    creates: /var/lib/mysql/mysql
  when:
    - ansible_distribution in [ "Alpine", "Archlinux" ]

- name: Start and enable mysql
  ansible.builtin.service:
    name: "{{ mysql_service }}"
    state: started
    enabled: true

- name: Flush handlers
  ansible.builtin.meta: flush_handlers

- name: Place my.cnf
  ansible.builtin.template:
    src: my.cnf.j2
    dest: /root/.my.cnf
    mode: "0640"

- name: Create databases
  community.mysql.mysql_db:
    name: "{{ item.name }}"
    state: "{{ item.state | default('present') }}"
    target: "{{ item.target | default(omit) }}"
    encoding: "{{ item.encoding | default(omit) }}"
    collation: "{{ item.collation | default(omit) }}"
    login_unix_socket: "{{ mysql_socket }}"
    login_user: root
    login_password: "{{ mysql_root_password }}"
  loop: "{{ mysql_databases }}"
  loop_control:
    label: "{{ item.name }}"
  when:
    - mysql_databases is defined
    - item.initial_import is not defined
  no_log: true

- name: List databases
  community.mysql.mysql_info:
    login_unix_socket: "{{ mysql_socket }}"
    login_user: root
    login_password: "{{ mysql_root_password }}"
    filter: databases
  register: mysql_info
  no_log: true

- name: Import database
  community.mysql.mysql_db:
    name: "{{ item.name }}"
    state: "import"
    target: "{{ item.initial_import }}"
    login_unix_socket: "{{ mysql_socket }}"
    login_user: root
    login_password: "{{ mysql_root_password }}"
  loop: "{{ mysql_databases }}"
  loop_control:
    label: "{{ item.name }}"
  when:
    - item.initial_import is defined
    - item.name not in mysql_info.databases

- name: Create users
  community.mysql.mysql_user:
    name: "{{ item.name }}"
    state: present
    password: "{{ item.password | default(omit) }}"
    priv: "{{ item.priv | default(omit) }}"
    host: "{{ item.host | default(omit) }}"
    host_all: "{{ item.host_all | default(omit) }}"
    update_password: "{{ item.update_password | default(omit) }}"
    login_unix_socket: "{{ mysql_socket }}"
    login_user: root
    login_password: "{{ mysql_root_password }}"
  loop: "{{ mysql_users }}"
  loop_control:
    label: "{{ item.name }}"
  when:
    - mysql_users is defined
  no_log: true

- name: Flush handlers again
  ansible.builtin.meta: flush_handlers

 21%|██        | 21/100 [01:38<06:05,  4.63s/it] 22%|██▏       | 22/100 [01:41<05:11,  4.00s/it]
Total input tokens: 1231
___________________________________________LLM Output:___________________________________________ 
Below you will receive task descriptions from which you should generate an Ansible Playbook.  
The generated playbook must be valid inside an Ansible Role under the tasks/ directory (e.g., tasks/main.yml).  
Do not include hosts:, vars:, or any playbook-level headers. Only output valid task entries or blocks as expected in a role.  

Task 1: Install mysql
Description Task 1: Install mysql

Task 2: Configure mysql server
Description Task 2: Configure mysql server

Task 3: Configure mysql client
Description Task 3: Configure mysql client

Task 4: Initialize mysql
Description Task 4: Initialize mysql

Task 5: Start and enable mysql
Description Task 5: Start and enable mysql

Task 6: Flush handlers
Description Task 6: Flush handlers

Task 7: Place my.cnf
Description Task 7: Place my.cnf

Task 8: Create databases
Description Task 8: Create databases

Task 9: List databases
Description Task 9: List databases

Task 10: Import database
Description Task 10: Import database

Task 11: Create users
Description Task 11: Create users

Task 12: Flush handlers again
Description Task 12: Flush handlers again

Tue Sep 30 16:10:17 2025: /home/studgoetsi5301/documents/ansible_bench/dataset/prompts/ollama_granite-code:20b_english_exact/benchmark100/ansible-role-mysql-robertdebock/tasks/main_prompt.txt Total generation time: 6.544988062989432


Prompt: You are a professional developer. Below you will find a complete Ansible Playbook. This playbook was generated based on a prompt. Your task is to reconstruct the original prompt that could have been used to generate this playbook.

Important: The only output follows the format below. Do not include any explanations or comments before or after.

The reconstructed prompt must exactly follow the structure below:

"Below you will receive task descriptions from which you should generate an Ansible Playbook.  
The generated playbook must be valid inside an Ansible Role under the tasks/ directory (e.g., tasks/main.yml).  
Do not include hosts:, vars:, or any playbook-level headers. Only output valid task entries or blocks as expected in a role.  

Task 1: ...
Description Task 1: ...

Task 2: ...
Description Task 2: ...

Task 3: ...
Description Task 3: ...
..."

Guidelines:
- Each task should be short and clearly describe one specific action.
- The tasks must match the actual tasks in the playbook **both in content and order**.
- Use the exact terminology and labels as used in the playbook (e.g., “install nginx” instead of “install web server”).
- Provide a more detailed description of the task next to each task
- Include the exact names of variables, handlers, etc. used in the playbook.

Here is the Ansible Playbook:
---
# tasks file for sysctl

- name: Import assert.yml
  ansible.builtin.import_tasks:
    file: assert.yml
  run_once: true
  delegate_to: localhost

- name: Install requirements
  ansible.builtin.package:
    name: "{{ sysctl_requirements }}"
    state: present

- name: Set sysctl setting
  ansible.posix.sysctl:
    name: "{{ item.name }}"
    value: "{{ item.value }}"
    sysctl_set: "{{ sysctl_set }}"
    state: present
    reload: "{{ sysctl_reload }}"
  loop: "{{ sysctl_items }}"
  when:
    - sysctl_items is defined
    - item.name is defined
    - item.value is defined
    - ansible_connection not in [ "container", "docker", "community.docker.docker" ]
  loop_control:
    label: "{{ item.name }}"


Total input tokens: 518
___________________________________________LLM Output:___________________________________________ 
Below you will receive task descriptions from which you should generate an Ansible Playbook.  
The generated playbook must be valid inside an Ansible Role under the tasks/ directory (e.g., tasks/main.yml).  
Do not include hosts:, vars:, or any playbook-level headers. Only output valid task entries or blocks as expected in a role.  

Task 1: Import assert.yml
Description Task 1: Import assert.yml

Task 2: Install requirements
Description Task 2: Install requirements

Task 3: Set sysctl setting
Description Task 3: Set sysctl setting

Tue Sep 30 16:10:19 2025: /home/studgoetsi5301/documents/ansible_bench/dataset/prompts/ollama_granite-code:20b_english_exact/benchmark100/ansible-role-sysctl/tasks/main_prompt.txt Total generation time: 2.524963176998426


Prompt: You are a professional developer. Below you will find a complete Ansible Playbook. This playbook was generated based on a prompt. Your task is to reconstruct the original prompt that could have been used to generate this playbook.

Important: The only output follows the format below. Do not include any explanations or comments before or after.

The reconstructed prompt must exactly follow the structure below:

"Below you will receive task descriptions from which you should generate an Ansible Playbook.  
The generated playbook must be valid inside an Ansible Role under the tasks/ directory (e.g., tasks/main.yml).  
Do not include hosts:, vars:, or any playbook-level headers. Only output valid task entries or blocks as expected in a role.  

Task 1: ...
Description Task 1: ...

Task 2: ...
Description Task 2: ...

Task 3: ...
Description Task 3: ...
..."

Guidelines:
- Each task should be short and clearly describe one specific action.
- The tasks must match the actual tasks in the playbook **both in content and order**.
- Use the exact terminology and labels as used in the playbook (e.g., “install nginx” instead of “install web server”).
- Provide a more detailed description of the task next to each task
- Include the exact names of variables, handlers, etc. used in the playbook.

Here is the Ansible Playbook:
---
- name: lookup bootstrap facts (raw).
  ansible.builtin.raw: "cat /etc/os-release"
  check_mode: false
  become: false
  register: bootstrap_facts
  changed_when: false
  vars:
    ansible_user: "{{ bootstrap_user }}"

- name: set bootstrap facts (I) # noqa jinja
  ansible.builtin.set_fact:
    bootstrap_distribution: "{{ item }}"
    bootstrap_distribution_major_version:
      "{{ bootstrap_facts.stdout_lines | join(',') | regex_replace(\
      '^.*VERSION_ID=\"(\\d{1,2})(\\.\\d{1,4})*?\".*$','\\1') | default('NA') }}"
  loop: "{{ bootstrap__os_family_map | dict2items | map(attribute='value') | flatten }}"
  when:
    - bootstrap_facts.rc == 0
    - bootstrap_distribution is not defined
    - bootstrap_facts.stdout is regex('PRETTY_NAME=.'~ bootstrap__search[item] | default(item) ~'.*')
  become: "{{ bootstrap_become | default(omit) }}"
  become_user: "{{ bootstrap_become_user }}"

- name: set bootstrap facts (II)
  ansible.builtin.set_fact:
    bootstrap_os_family: "{{ item.key }}"
  loop: "{{ bootstrap__os_family_map | dict2items }}"
  loop_control:
    label: "{{ item.key }}"
  when:
    - bootstrap_distribution in item.value
  become: "{{ bootstrap_become | default(omit) }}"
  become_user: "{{ bootstrap_become_user }}"


Total input tokens: 682
___________________________________________LLM Output:___________________________________________ 
Below you will receive task descriptions from which you should generate an Ansible Playbook.  
The generated playbook must be valid inside an Ansible Role under the tasks/ directory (e.g., tasks/main.yml).  
Do not include hosts:, vars:, or any playbook-level headers. Only output valid task entries or blocks as expected in a role.  

Task 1: lookup bootstrap facts (raw).
Description Task 1: lookup bootstrap facts (raw). Use the command module to lookup bootstrap facts. Store the output in a variable called bootstrap_facts.

Task 2: set bootstrap facts (I) # noqa jinja
Description Task 2: set bootstrap facts (I) # noqa jinja. Use the set_fact module to set bootstrap facts based on the output of the previous task. Loop through the bootstrap__os_family_map variable and set the bootstrap_distribution and bootstrap_distribution_major_version variables based on specific conditions.

Task 3: set bootstrap facts (II)
Description Task 3: set bootstrap facts (II). Use the set_fact module to set the bootstrap_os_family variable based on the loop through the bootstrap__os_family_map variable and specific conditions. 23%|██▎       | 23/100 [01:46<05:34,  4.35s/it] 24%|██▍       | 24/100 [01:50<05:22,  4.25s/it]

Tue Sep 30 16:10:25 2025: /home/studgoetsi5301/documents/ansible_bench/dataset/prompts/ollama_granite-code:20b_english_exact/benchmark100/ansible-role-bootstrap-JonasPammer/tasks/gather_facts_prompt.txt Total generation time: 5.169539070993778


Prompt: You are a professional developer. Below you will find a complete Ansible Playbook. This playbook was generated based on a prompt. Your task is to reconstruct the original prompt that could have been used to generate this playbook.

Important: The only output follows the format below. Do not include any explanations or comments before or after.

The reconstructed prompt must exactly follow the structure below:

"Below you will receive task descriptions from which you should generate an Ansible Playbook.  
The generated playbook must be valid inside an Ansible Role under the tasks/ directory (e.g., tasks/main.yml).  
Do not include hosts:, vars:, or any playbook-level headers. Only output valid task entries or blocks as expected in a role.  

Task 1: ...
Description Task 1: ...

Task 2: ...
Description Task 2: ...

Task 3: ...
Description Task 3: ...
..."

Guidelines:
- Each task should be short and clearly describe one specific action.
- The tasks must match the actual tasks in the playbook **both in content and order**.
- Use the exact terminology and labels as used in the playbook (e.g., “install nginx” instead of “install web server”).
- Provide a more detailed description of the task next to each task
- Include the exact names of variables, handlers, etc. used in the playbook.

Here is the Ansible Playbook:
---
# tasks file of ansible-role jonaspammer.bootstrap

- name: check if all variables have been set correctly
  ansible.builtin.import_tasks: assert.yml
  run_once: true
  delegate_to: localhost

- name: wait for host (when configured)
  ansible.builtin.wait_for:
    port: "{{ ansible_port | default('22') }}"
    host: "{{ (ansible_ssh_host | default(ansible_host) | default(inventory_hostname)) }}"
    timeout: "{{ bootstrap_timeout }}"
  connection: local
  become: "{{ bootstrap_become | default(omit) }}"
  become_user: "{{ bootstrap_become_user }}"
  when:
    - ansible_connection is defined
    - ansible_connection not in [ "container", "docker", "community.docker.docker" ]
    - bootstrap_wait_for_host | bool

- name: prepare system
  block:
    - name: test connection
      ansible.builtin.wait_for_connection:
        timeout: "{{ bootstrap_timeout }}"
      register: bootstrap_connect
      changed_when: false
  rescue:
    - name: "NOTE - wait_for_connection failed for hosts listed in this Task"
      ansible.builtin.debug:
        var: bootstrap_timeout
      changed_when: true
  always:
    - name: include tasks to gather bootstrap facts (raw)
      ansible.builtin.include_tasks:
        file: gather_facts.yml

    - name: Install bootstrap packages (raw).
      ansible.builtin.raw: "{{ bootstrap_install.raw }}"
      args:
        executable: /bin/sh
      register: bootstrap_install_packages
      changed_when:
        - (bootstrap_install.stdout_regex in bootstrap_install_packages.stdout and
          bootstrap_os_family in [ "Alpine", "Archlinux", "Gentoo" ]) or
          (bootstrap_install.stdout_regex not in bootstrap_install_packages.stdout and
          bootstrap_os_family in [ "Debian", "RedHat", "Rocky", "Suse" ])
      vars:
        ansible_user: "{{ bootstrap_user }}"
      become: "{{ bootstrap_become | default(omit) }}"
      become_user: "{{ bootstrap_become_user }}"

- name: ensure system is prepared by issuing ansible modules.
  become: "{{ bootstrap_become | default(omit) }}"
  become_user: "{{ bootstrap_become_user }}"
  block:
    - name: Gather ansible facts.
      ansible.builtin.setup:

    - name: Install bootstrap packages (package).
      ansible.builtin.package:
        name: "{{ item }}"
        state: present
        update_cache: true
      loop: "{{ bootstrap__facts_packages.split() }}"


Total input tokens: 916
___________________________________________LLM Output:___________________________________________ 
Below you will receive task descriptions from which you should generate an Ansible Playbook.  
The generated playbook must be valid inside an Ansible Role under the tasks/ directory (e.g., tasks/main.yml).  
Do not include hosts:, vars:, or any playbook-level headers. Only output valid task entries or blocks as expected in a role.  

Task 1: check if all variables have been set correctly
Description Task 1: This task will check if all variables have been set correctly

Task 2: wait for host (when configured)
Description Task 2: This task will wait for the host to be available if it is configured.

Task 3: prepare system
Description Task 3: This task will prepare the system by testing the connection and installing bootstrap packages based on the OS family.

Tue Sep 30 16:10:29 2025: /home/studgoetsi5301/documents/ansible_bench/dataset/prompts/ollama_granite-code:20b_english_exact/benchmark100/ansible-role-bootstrap-JonasPammer/tasks/main_prompt.txt Total generation time: 4.017748195998138


Prompt: You are a professional developer. Below you will find a complete Ansible Playbook. This playbook was generated based on a prompt. Your task is to reconstruct the original prompt that could have been used to generate this playbook.

Important: The only output follows the format below. Do not include any explanations or comments before or after.

The reconstructed prompt must exactly follow the structure below:

"Below you will receive task descriptions from which you should generate an Ansible Playbook.  
The generated playbook must be valid inside an Ansible Role under the tasks/ directory (e.g., tasks/main.yml).  
Do not include hosts:, vars:, or any playbook-level headers. Only output valid task entries or blocks as expected in a role.  

Task 1: ...
Description Task 1: ...

Task 2: ...
Description Task 2: ...

Task 3: ...
Description Task 3: ...
..."

Guidelines:
- Each task should be short and clearly describe one specific action.
- The tasks must match the actual tasks in the playbook **both in content and order**.
- Use the exact terminology and labels as used in the playbook (e.g., “install nginx” instead of “install web server”).
- Provide a more detailed description of the task next to each task
- Include the exact names of variables, handlers, etc. used in the playbook.

Here is the Ansible Playbook:
---
# tasks file for update

- name: Import assert.yml
  ansible.builtin.import_tasks:
    file: assert.yml
  run_once: true
  delegate_to: localhost

- name: Configure apk
  when:
    - ansible_pkg_mgr == "apk"
  block:
    - name: Update cache (apk)
      community.general.apk:
        update_cache: true
      changed_when: false

    - name: Update all software (apk)
      community.general.apk:
        upgrade: true
      notify:
        - Reboot

- name: Configure apt
  when:
    - ansible_pkg_mgr == "apt"
  block:
    - name: Prevent upgrade for selected packages
      ansible.builtin.dpkg_selections:
        name: "{{ item }}"
        selection: hold
      loop: "{{ update_excluded_packages }}"

    - name: Update all software (apt)
      ansible.builtin.apt:
        update_cache: true
        upgrade: "{{ update_upgrade_command }}"
        cache_valid_time: "{{ update_cache_valid_time }}"
      notify:
        - Reboot
      environment:
        DEBIAN_FRONTEND: nointeractive

    - name: Apt autoremove (apt)
      ansible.builtin.apt:
        autoremove: "{{ update_autoremove }}"
      when:
        - ansible_pkg_mgr == "apt"
        - update_autoremove
      environment:
        DEBIAN_FRONTEND: nointeractive

- name: Update all software (dnf)
  ansible.builtin.dnf:
    name: "*"
    state: latest  # noqa package-latest This role is to update packages.
    exclude: "{{ update_excluded_packages }}"
  notify:
    - Reboot
  when:
    - ansible_pkg_mgr in [ "dnf", "dnf5" ]

- name: Update all software (pacman)
  community.general.pacman:
    update_cache: true
    upgrade: true
  notify:
    - Reboot
  when:
    - ansible_pkg_mgr == "pacman"

- name: Configure yum
  when:
    - ansible_pkg_mgr == "yum"
  block:
    - name: Update all software (yum/6)
      ansible.builtin.dnf:
        name: "*"
        state: latest  # noqa package-latest This role is to update packages.
        exclude: "{{ update_excluded_packages }}"
      notify:
        - Reboot
      when:
        - ansible_distribution_major_version == "6"

    - name: Update yum non-6
      when:
        - ansible_distribution_major_version != "6"
      block:
        - name: Update all software (yum)
          ansible.builtin.dnf:
            name: "*"
            state: latest  # noqa package-latest This role is to update packages.
            exclude: "{{ update_excluded_packages }}"
          notify:
            - Reboot

        - name: Install yum-utils
          ansible.builtin.package:
            name: yum-utils

- name: Update all software (zypper)
  community.general.zypper:
    name: "*"
    state: latest  # noqa package-latest This role is to update packages.
  notify:
    - Reboot
  when:
    - ansible_pkg_mgr == "zypper"

 25%|██▌       | 25/100 [01:57<06:27,  5.16s/it] 26%|██▌       | 26/100 [02:05<07:29,  6.07s/it]
Total input tokens: 1036
___________________________________________LLM Output:___________________________________________ 
Below you will receive task descriptions from which you should generate an Ansible Playbook.
The generated playbook must be valid inside an Ansible Role under the tasks/ directory (e.g., tasks/main.yml).
Do not include hosts:, vars:, or any playbook-level headers. Only output valid task entries or blocks as expected in a role.

Task 1: Configure apk
Description Task 1: Import assert.yml

Task 2: Configure apk
Description Task 2: Update cache (apk)

Task 3: Configure apk
Description Task 3: Update all software (apk)

Task 4: Configure apt
Description Task 4: Prevent upgrade for selected packages

Task 5: Configure apt
Description Task 5: Update all software (apt)

Task 6: Configure apt
Description Task 6: Apt autoremove (apt)

Task 7: Update all software (dnf)
Description Task 7: Update all software (dnf)

Task 8: Update all software (pacman)
Description Task 8: Update all software (pacman)

Task 9: Configure yum
Description Task 9: Update all software (yum/6)

Task 10: Configure yum
Description Task 10: Update yum non-6

Task 11: Configure yum
Description Task 11: Install yum-utils

Task 12: Update all software (zypper)
Description Task 12: Update all software (zypper)

Tue Sep 30 16:10:36 2025: /home/studgoetsi5301/documents/ansible_bench/dataset/prompts/ollama_granite-code:20b_english_exact/benchmark100/ansible-role-update/tasks/main_prompt.txt Total generation time: 7.290824213006999


Prompt: You are a professional developer. Below you will find a complete Ansible Playbook. This playbook was generated based on a prompt. Your task is to reconstruct the original prompt that could have been used to generate this playbook.

Important: The only output follows the format below. Do not include any explanations or comments before or after.

The reconstructed prompt must exactly follow the structure below:

"Below you will receive task descriptions from which you should generate an Ansible Playbook.  
The generated playbook must be valid inside an Ansible Role under the tasks/ directory (e.g., tasks/main.yml).  
Do not include hosts:, vars:, or any playbook-level headers. Only output valid task entries or blocks as expected in a role.  

Task 1: ...
Description Task 1: ...

Task 2: ...
Description Task 2: ...

Task 3: ...
Description Task 3: ...
..."

Guidelines:
- Each task should be short and clearly describe one specific action.
- The tasks must match the actual tasks in the playbook **both in content and order**.
- Use the exact terminology and labels as used in the playbook (e.g., “install nginx” instead of “install web server”).
- Provide a more detailed description of the task next to each task
- Include the exact names of variables, handlers, etc. used in the playbook.

Here is the Ansible Playbook:
---
# tasks file for python_pip
- name: Check if python3.11 EXTERNALLY-MANAGED file exists
  ansible.builtin.stat:
    path: /usr/lib/python3.11/EXTERNALLY-MANAGED
  register: externally_managed_file_py311

- name: Rename python3.11 EXTERNALLY-MANAGED file if it exists
  ansible.builtin.command:
    cmd: mv /usr/lib/python3.11/EXTERNALLY-MANAGED /usr/lib/python3.11/EXTERNALLY-MANAGED.old
  when: externally_managed_file_py311.stat.exists
  args:
    creates: /usr/lib/python3.11/EXTERNALLY-MANAGED.old

- name: Check if python3.12 EXTERNALLY-MANAGED file exists
  ansible.builtin.stat:
    path: /usr/lib/python3.12/EXTERNALLY-MANAGED
  register: externally_managed_file_py312

- name: Rename python3.12 EXTERNALLY-MANAGED file if it exists
  ansible.builtin.command:
    cmd: mv /usr/lib/python3.12/EXTERNALLY-MANAGED /usr/lib/python3.12/EXTERNALLY-MANAGED.old
  when: externally_managed_file_py312.stat.exists
  args:
    creates: /usr/lib/python3.12/EXTERNALLY-MANAGED.old

- name: Import assert.yml
  ansible.builtin.import_tasks:
    file: assert.yml
  run_once: true
  delegate_to: localhost

- name: Install python pip
  ansible.builtin.package:
    name: "{{ python_pip_packages }}"
    state: present

- name: Configure pip proxy
  community.general.ini_file:
    path: /etc/pip.conf
    section: global
    option: index-url
    value: "{{ python_pip_proxy }}"
    mode: "0644"
  when:
    - python_pip_proxy is defined

- name: Trust hosts
  community.general.ini_file:
    path: /etc/pip.conf
    section: global
    option: trusted-host
    value: "{{ python_pip_trusted_host }}"
    mode: "0644"
  when:
    - python_pip_trusted_host is defined

- name: Update pip.
  ansible.builtin.pip:
    name: "{{ python_pip_pip_package }}"
    state: "{{ python_pip_pip_state }}"  # noqa package-latest
    executable: "{{ python_pip_executable | default(omit) }}"
  when:
    - python_pip_update
    - ansible_distribution_release not in [ "bookworm", "noble" ]
    - ansible_os_family != "Alpine"

- name: Install requested modules
  ansible.builtin.pip:
    name: "{{ item.name }}"
    state: "{{ item.state | default('present') }}"
    version: "{{ item.version | default(omit) }}"
    executable: "{{ python_pip_executable | default(omit) }}"
  loop: "{{ python_pip_modules }}"
  loop_control:
    label: "{{ item.name }}"
  when:
    - ansible_distribution_release not in [ "bookworm", "noble" ]
    - ansible_os_family != "Alpine"


Total input tokens: 1102
___________________________________________LLM Output:___________________________________________ 
Below you will receive task descriptions from which you should generate an Ansible Playbook.  
The generated playbook must be valid inside an Ansible Role under the tasks/ directory (e.g., tasks/main.yml).  
Do not include hosts:, vars:, or any playbook-level headers. Only output valid task entries or blocks as expected in a role.  

Task 1: Check if python3.11 EXTERNALLY-MANAGED file exists
Description Task 1: Check if the python3.11 EXTERNALLY-MANAGED file exists

Task 2: Rename python3.11 EXTERNALLY-MANAGED file if it exists
Description Task 2: Rename the python3.11 EXTERNALLY-MANAGED file if it exists

Task 3: Check if python3.12 EXTERNALLY-MANAGED file exists
Description Task 3: Check if the python3.12 EXTERNALLY-MANAGED file exists

Task 4: Rename python3.12 EXTERNALLY-MANAGED file if it exists
Description Task 4: Rename the python3.12 EXTERNALLY-MANAGED file if it exists

Task 5: Import assert.yml
Description Task 5: Import the assert.yml file

Task 6: Install python pip
Description Task 6: Install the python pip package

Task 7: Configure pip proxy
Description Task 7: Configure the pip proxy

Task 8: Trust hosts
Description Task 8: Trust the hosts

Task 9: Update pip.
Description Task 9: Update the pip package

Task 10: Install requested modules
Description Task 10: Install the requested modules

Tue Sep 30 16:10:44 2025: /home/studgoetsi5301/documents/ansible_bench/dataset/prompts/ollama_granite-code:20b_english_exact/benchmark100/ansible-role-python_pip-buluma/tasks/main_prompt.txt Total generation time: 8.200193769007456


Prompt: You are a professional developer. Below you will find a complete Ansible Playbook. This playbook was generated based on a prompt. Your task is to reconstruct the original prompt that could have been used to generate this playbook.

Important: The only output follows the format below. Do not include any explanations or comments before or after.

The reconstructed prompt must exactly follow the structure below:

"Below you will receive task descriptions from which you should generate an Ansible Playbook.  
The generated playbook must be valid inside an Ansible Role under the tasks/ directory (e.g., tasks/main.yml).  
Do not include hosts:, vars:, or any playbook-level headers. Only output valid task entries or blocks as expected in a role.  

Task 1: ...
Description Task 1: ...

Task 2: ...
Description Task 2: ...

Task 3: ...
Description Task 3: ...
..."

Guidelines:
- Each task should be short and clearly describe one specific action.
- The tasks must match the actual tasks in the playbook **both in content and order**.
- Use the exact terminology and labels as used in the playbook (e.g., “install nginx” instead of “install web server”).
- Provide a more detailed description of the task next to each task
- Include the exact names of variables, handlers, etc. used in the playbook.

Here is the Ansible Playbook:
---
# tasks file for buildtools

- name: Install buildtools
  ansible.builtin.package:
    name: "{{ buildtools_packages }}"
    state: present

 27%|██▋       | 27/100 [02:08<06:00,  4.94s/it] 28%|██▊       | 28/100 [02:12<05:52,  4.90s/it] 29%|██▉       | 29/100 [02:16<05:10,  4.37s/it]
Total input tokens: 356
___________________________________________LLM Output:___________________________________________ 
Below you will receive task descriptions from which you should generate an Ansible Playbook.  
The generated playbook must be valid inside an Ansible Role under the tasks/ directory (e.g., tasks/main.yml).  
Do not include hosts:, vars:, or any playbook-level headers. Only output valid task entries or blocks as expected in a role.  

Task 1: Install buildtools
Description Task 1: Install buildtools using the package module and the specified buildtools_packages variable.

Task 2: 
Description Task 2: 

Tue Sep 30 16:10:46 2025: /home/studgoetsi5301/documents/ansible_bench/dataset/prompts/ollama_granite-code:20b_english_exact/benchmark100/ansible-role-buildtools-buluma/tasks/main_prompt.txt Total generation time: 2.297471037993091


Prompt: You are a professional developer. Below you will find a complete Ansible Playbook. This playbook was generated based on a prompt. Your task is to reconstruct the original prompt that could have been used to generate this playbook.

Important: The only output follows the format below. Do not include any explanations or comments before or after.

The reconstructed prompt must exactly follow the structure below:

"Below you will receive task descriptions from which you should generate an Ansible Playbook.  
The generated playbook must be valid inside an Ansible Role under the tasks/ directory (e.g., tasks/main.yml).  
Do not include hosts:, vars:, or any playbook-level headers. Only output valid task entries or blocks as expected in a role.  

Task 1: ...
Description Task 1: ...

Task 2: ...
Description Task 2: ...

Task 3: ...
Description Task 3: ...
..."

Guidelines:
- Each task should be short and clearly describe one specific action.
- The tasks must match the actual tasks in the playbook **both in content and order**.
- Use the exact terminology and labels as used in the playbook (e.g., “install nginx” instead of “install web server”).
- Provide a more detailed description of the task next to each task
- Include the exact names of variables, handlers, etc. used in the playbook.

Here is the Ansible Playbook:
---
# Remove EXTERNALLY-MANAGED file if we're on Debian12
# Related issue: https://github.com/geerlingguy/ansible-role-pip/issues/57
- name: debian12 | Get python3 version installed
  ansible.builtin.command: python3 --version
  register: py3ver
  changed_when: false
  tags:
    - molecule-notest

- name: debian12 | Remove EXTERNALLY-MANAGED
  ansible.builtin.file:
    path: /usr/lib/python3.11/EXTERNALLY-MANAGED
    state: absent
  when: py3ver is defined and py3ver.stdout.find("3.11") != -1
  tags:
    - molecule-notest


Total input tokens: 493
___________________________________________LLM Output:___________________________________________ 
"Below you will receive task descriptions from which you should generate an Ansible Playbook.  
The generated playbook must be valid inside an Ansible Role under the tasks/ directory (e.g., tasks/main.yml).  
Do not include hosts:, vars:, or any playbook-level headers. Only output valid task entries or blocks as expected in a role.  

Task 1: Remove EXTERNALLY-MANAGED file if we're on Debian12
Description Task 1: This task removes the EXTERNALLY-MANAGED file if the python3 version installed is 3.11 on Debian12. This is related to a specific issue that can be found at https://github.com/geerlingguy/ansible-role-pip/issues/57

Task 2: debian12 | Get python3 version installed
Description Task 2: This task gets the python3 version installed on the system.

Task 3: debian12 | Remove EXTERNALLY-MANAGED
Description Task 3: This task removes the EXTERNALLY-MANAGED file from the system if the python3 version installed is 3.11 on Debian12.
..."

Tue Sep 30 16:10:51 2025: /home/studgoetsi5301/documents/ansible_bench/dataset/prompts/ollama_granite-code:20b_english_exact/benchmark100/ansible-role-pip/tasks/debian12_prompt.txt Total generation time: 4.806314164001378


Prompt: You are a professional developer. Below you will find a complete Ansible Playbook. This playbook was generated based on a prompt. Your task is to reconstruct the original prompt that could have been used to generate this playbook.

Important: The only output follows the format below. Do not include any explanations or comments before or after.

The reconstructed prompt must exactly follow the structure below:

"Below you will receive task descriptions from which you should generate an Ansible Playbook.  
The generated playbook must be valid inside an Ansible Role under the tasks/ directory (e.g., tasks/main.yml).  
Do not include hosts:, vars:, or any playbook-level headers. Only output valid task entries or blocks as expected in a role.  

Task 1: ...
Description Task 1: ...

Task 2: ...
Description Task 2: ...

Task 3: ...
Description Task 3: ...
..."

Guidelines:
- Each task should be short and clearly describe one specific action.
- The tasks must match the actual tasks in the playbook **both in content and order**.
- Use the exact terminology and labels as used in the playbook (e.g., “install nginx” instead of “install web server”).
- Provide a more detailed description of the task next to each task
- Include the exact names of variables, handlers, etc. used in the playbook.

Here is the Ansible Playbook:
---
- name: Remove externally managed from Debian 12
  ansible.builtin.import_tasks: debian12.yml
  when:
    - ansible_distribution == "Debian"
    - ansible_distribution_major_version|int >= 12

- name: Ensure Pip is installed.
  ansible.builtin.package:
    name: "{{ pip_package }}"
    state: present

- name: Ensure packaging is available via dnf
  ansible.builtin.package:
    name: python3-packaging
    state: present

- name: Ensure pip_install_packages are installed.
  ansible.builtin.pip:
    name: "{{ item.name | default(item) }}"
    version: "{{ item.version | default(omit) }}"
    virtualenv: "{{ item.virtualenv | default(omit) }}"
    state: "{{ item.state | default(omit) }}"
    extra_args: "{{ item.extra_args | default(omit) }}"
    executable: "{{ item.virtualenv | default(false) | ternary(omit, pip_executable) }}"
  loop: "{{ pip_install_packages }}"


Total input tokens: 559
___________________________________________LLM Output:___________________________________________ 
Below you will receive task descriptions from which you should generate an Ansible Playbook.  
The generated playbook must be valid inside an Ansible Role under the tasks/ directory (e.g., tasks/main.yml).  
Do not include hosts:, vars:, or any playbook-level headers. Only output valid task entries or blocks as expected in a role.  

Task 1: Ensure Pip is installed.
Description Task 1: Ensure Pip is installed.

Task 2: Ensure packaging is available via dnf
Description Task 2: Ensure packaging is available via dnf

Task 3: Ensure pip_install_packages are installed.
Description Task 3: Ensure pip_install_packages are installed.

Tue Sep 30 16:10:54 2025: /home/studgoetsi5301/documents/ansible_bench/dataset/prompts/ollama_granite-code:20b_english_exact/benchmark100/ansible-role-pip/tasks/main_prompt.txt Total generation time: 3.142656112991972


Prompt: You are a professional developer. Below you will find a complete Ansible Playbook. This playbook was generated based on a prompt. Your task is to reconstruct the original prompt that could have been used to generate this playbook.

Important: The only output follows the format below. Do not include any explanations or comments before or after.

The reconstructed prompt must exactly follow the structure below:

"Below you will receive task descriptions from which you should generate an Ansible Playbook.  
The generated playbook must be valid inside an Ansible Role under the tasks/ directory (e.g., tasks/main.yml).  
Do not include hosts:, vars:, or any playbook-level headers. Only output valid task entries or blocks as expected in a role.  

Task 1: ...
Description Task 1: ...

Task 2: ...
Description Task 2: ...

Task 3: ...
Description Task 3: ...
..."

Guidelines:
- Each task should be short and clearly describe one specific action.
- The tasks must match the actual tasks in the playbook **both in content and order**.
- Use the exact terminology and labels as used in the playbook (e.g., “install nginx” instead of “install web server”).
- Provide a more detailed description of the task next to each task
- Include the exact names of variables, handlers, etc. used in the playbook.

Here is the Ansible Playbook:
---
- name: Check if Helm binary exists.
  stat:
    path: "{{ helm_bin_path }}"
  register: helm_check

- name: Check Helm version.
  command: "{{ helm_bin_path }} version"
  failed_when: false
  changed_when: false
  register: helm_existing_version

- name: Download helm.
  unarchive:
    src: "{{ helm_repo_path }}/helm-{{ helm_version }}-{{ helm_platform }}-{{ helm_arch }}.tar.gz"
    dest: /tmp
    remote_src: true
    mode: 0755
  register: helm_download
  when: >
    not helm_check.stat.exists
    or helm_version not in helm_existing_version.stdout

- name: Copy helm binary into place.
  copy:
    src: "/tmp/{{ helm_platform }}-{{ helm_arch }}/helm"
    dest: "{{ helm_bin_path }}"
    mode: 0755
    remote_src: true
  become: true
  when: helm_download is changed

 30%|███       | 30/100 [02:19<04:48,  4.12s/it] 31%|███       | 31/100 [02:22<04:20,  3.78s/it]
Total input tokens: 553
___________________________________________LLM Output:___________________________________________ 
Below you will receive task descriptions from which you should generate an Ansible Playbook.  
The generated playbook must be valid inside an Ansible Role under the tasks/ directory (e.g., tasks/main.yml).  
Do not include hosts:, vars:, or any playbook-level headers. Only output valid task entries or blocks as expected in a role.  

Task 1: Check if Helm binary exists.
Description Task 1: Use the stat module to check if the Helm binary exists at the specified path.

Task 2: Check Helm version.
Description Task 2: Use the command module to run the Helm version command and capture the output.

Task 3: Download Helm.
Description Task 3: Use the unarchive module to download the Helm binary from the specified URL and extract it to /tmp.

Tue Sep 30 16:10:58 2025: /home/studgoetsi5301/documents/ansible_bench/dataset/prompts/ollama_granite-code:20b_english_exact/benchmark100/ansible-role-helm/tasks/main_prompt.txt Total generation time: 3.5279503939964343


Prompt: You are a professional developer. Below you will find a complete Ansible Playbook. This playbook was generated based on a prompt. Your task is to reconstruct the original prompt that could have been used to generate this playbook.

Important: The only output follows the format below. Do not include any explanations or comments before or after.

The reconstructed prompt must exactly follow the structure below:

"Below you will receive task descriptions from which you should generate an Ansible Playbook.  
The generated playbook must be valid inside an Ansible Role under the tasks/ directory (e.g., tasks/main.yml).  
Do not include hosts:, vars:, or any playbook-level headers. Only output valid task entries or blocks as expected in a role.  

Task 1: ...
Description Task 1: ...

Task 2: ...
Description Task 2: ...

Task 3: ...
Description Task 3: ...
..."

Guidelines:
- Each task should be short and clearly describe one specific action.
- The tasks must match the actual tasks in the playbook **both in content and order**.
- Use the exact terminology and labels as used in the playbook (e.g., “install nginx” instead of “install web server”).
- Provide a more detailed description of the task next to each task
- Include the exact names of variables, handlers, etc. used in the playbook.

Here is the Ansible Playbook:
---

- name: gather_facts | Lookup bootstrap facts
  ansible.builtin.raw: "cat /etc/os-release"
  become: false
  check_mode: false
  register: bootstrap_facts
  changed_when: false

- name: gather_facts | Set bootstrap facts (I)
  ansible.builtin.set_fact:
    bootstrap_distribution: "{{ item }}"
    bootstrap_distribution_major_version: "{{ bootstrap_facts.stdout_lines | join(',') | regex_replace('^.*VERSION_ID=\"(\\d{1,2})(\\.\\d{1,4})*?\".*$', '\\1') | default('NA') }}"
  loop: "{{ bootstrap_os_family_map | dict2items | map(attribute='value') | flatten }}"
  when:
    - bootstrap_facts.rc == 0
    - bootstrap_distribution is not defined
    - bootstrap_facts.stdout is regex('PRETTY_NAME=.'~ bootstrap_search[item] | default(item) ~'.*')
  become: false

- name: gather_facts | Set bootstrap facts (II)
  ansible.builtin.set_fact:
    bootstrap_os_family: "{{ item.key }}"
  loop: "{{ bootstrap_os_family_map | dict2items }}"
  loop_control:
    label: "{{ item.key }}"
  when:
    - bootstrap_distribution in item.value
  become: false


Total input tokens: 626
___________________________________________LLM Output:___________________________________________ 
Below you will receive task descriptions from which you should generate an Ansible Playbook.  
The generated playbook must be valid inside an Ansible Role under the tasks/ directory (e.g., tasks/main.yml).  
Do not include hosts:, vars:, or any playbook-level headers. Only output valid task entries or blocks as expected in a role.  

Task 1: lookup bootstrap facts
Description Task 1: Lookup bootstrap facts

Task 2: Set bootstrap facts (I)
Description Task 2: Set bootstrap facts (I)

Task 3: Set bootstrap facts (II)
Description Task 3: Set bootstrap facts (II)

Tue Sep 30 16:11:01 2025: /home/studgoetsi5301/documents/ansible_bench/dataset/prompts/ollama_granite-code:20b_english_exact/benchmark100/ansible-role-bootstrap/tasks/gather_facts_prompt.txt Total generation time: 2.9686433309980202


Prompt: You are a professional developer. Below you will find a complete Ansible Playbook. This playbook was generated based on a prompt. Your task is to reconstruct the original prompt that could have been used to generate this playbook.

Important: The only output follows the format below. Do not include any explanations or comments before or after.

The reconstructed prompt must exactly follow the structure below:

"Below you will receive task descriptions from which you should generate an Ansible Playbook.  
The generated playbook must be valid inside an Ansible Role under the tasks/ directory (e.g., tasks/main.yml).  
Do not include hosts:, vars:, or any playbook-level headers. Only output valid task entries or blocks as expected in a role.  

Task 1: ...
Description Task 1: ...

Task 2: ...
Description Task 2: ...

Task 3: ...
Description Task 3: ...
..."

Guidelines:
- Each task should be short and clearly describe one specific action.
- The tasks must match the actual tasks in the playbook **both in content and order**.
- Use the exact terminology and labels as used in the playbook (e.g., “install nginx” instead of “install web server”).
- Provide a more detailed description of the task next to each task
- Include the exact names of variables, handlers, etc. used in the playbook.

Here is the Ansible Playbook:
---
# tasks file for bootstrap

- name: Import assert.yml
  ansible.builtin.import_tasks:
    file: assert.yml
  run_once: true
  delegate_to: localhost

- name: Wait for port to be available
  ansible.builtin.wait_for:
    port: "{{ ansible_port | default('22') }}"
    timeout: "{{ bootstrap_timeout }}"
  become: false
  when:
    - ansible_connection is defined
    - ansible_connection not in [ "container", "docker", "community.docker.docker" ]
    - ansible_connection is not none
    - bootstrap_wait_for_host

- name: Prepare system
  # At this stage, python and/or sudo are not installed, `become` can't be used.
  # This means this role has to run as root, can't switch user.
  become: false
  block:
    - name: Test connection
      ansible.builtin.wait_for_connection:
        timeout: "{{ bootstrap_timeout }}"
      register: bootstrap_connect
      changed_when: false
    - name: Test sudo
      ansible.builtin.command:
        cmd: sudo --version
      changed_when: false
  rescue:
    - name: Gather bootstrap facts
      ansible.builtin.include_tasks:
        file: gather_facts.yml

    - name: Install bootstrap packages (raw)
      ansible.builtin.raw: "{{ bootstrap_install.raw }}"
      args:
        executable: /bin/sh
      register: bootstrap_install_packages
      changed_when:
        - (bootstrap_install.stdout_regex in bootstrap_install_packages.stdout and
           bootstrap_os_family in [ "Alpine", "Archlinux", "Gentoo" ]) or
          (bootstrap_install.stdout_regex not in bootstrap_install_packages.stdout and
           bootstrap_os_family in [ "Debian", "RedHat", "Rocky", "Suse" ])

- name: Gather ansible facts
  ansible.builtin.setup:
  become: false

- name: Install bootstrap packages (package)
  ansible.builtin.package:
    name: "{{ item }}"
    state: present
    update_cache: true
  loop: "{{ bootstrap_facts_packages.split() }}"
  become: "{{ bootstrap_become }}"


Total input tokens: 812
___________________________________________LLM Output:___________________________________________ 
Below you will receive task descriptions from which you should generate an Ansible Playbook.
The generated playbook must be valid inside an Ansible Role under the tasks/ directory (e.g., tasks/main.yml).
Do not include hosts:, vars:, or any playbook-level headers. Only output valid task entries or blocks as expected in a role.

Task 1: Import assert.yml
Description Task 1: Import the assert.yml file

Task 2: Wait for port to be available
Description Task 2: Wait for a port to be available

Task 3: Prepare system
Description Task 3: Prepare the system by testing the connection and installing bootstrap packages using raw if necessary. 32%|███▏      | 32/100 [02:25<04:08,  3.65s/it] 33%|███▎      | 33/100 [02:35<06:03,  5.43s/it]

Tue Sep 30 16:11:04 2025: /home/studgoetsi5301/documents/ansible_bench/dataset/prompts/ollama_granite-code:20b_english_exact/benchmark100/ansible-role-bootstrap/tasks/main_prompt.txt Total generation time: 3.3652477220020955


Prompt: You are a professional developer. Below you will find a complete Ansible Playbook. This playbook was generated based on a prompt. Your task is to reconstruct the original prompt that could have been used to generate this playbook.

Important: The only output follows the format below. Do not include any explanations or comments before or after.

The reconstructed prompt must exactly follow the structure below:

"Below you will receive task descriptions from which you should generate an Ansible Playbook.  
The generated playbook must be valid inside an Ansible Role under the tasks/ directory (e.g., tasks/main.yml).  
Do not include hosts:, vars:, or any playbook-level headers. Only output valid task entries or blocks as expected in a role.  

Task 1: ...
Description Task 1: ...

Task 2: ...
Description Task 2: ...

Task 3: ...
Description Task 3: ...
..."

Guidelines:
- Each task should be short and clearly describe one specific action.
- The tasks must match the actual tasks in the playbook **both in content and order**.
- Use the exact terminology and labels as used in the playbook (e.g., “install nginx” instead of “install web server”).
- Provide a more detailed description of the task next to each task
- Include the exact names of variables, handlers, etc. used in the playbook.

Here is the Ansible Playbook:
---

- name: server | Ensure /etc/openvpn/easy-rsa exists
  ansible.builtin.file:
    path: /etc/openvpn/easy-rsa
    state: directory
    mode: "0755"

- name: server | Easyrsa init-pki
  ansible.builtin.command:
    cmd: "{{ openvpn_easyrsa_path }}/easyrsa init-pki"
    chdir: /etc/openvpn/easy-rsa
    creates: /etc/openvpn/easy-rsa/pki

- name: server | Easyrsa build-ca
  ansible.builtin.command:
    cmd: "{{ openvpn_easyrsa_path }}/easyrsa build-ca nopass"
    chdir: /etc/openvpn/easy-rsa
    creates: /etc/openvpn/easy-rsa/pki/ca.crt
  environment:
    EASYRSA_BATCH: "yes"

- name: server | Easyrsa gen-dh
  ansible.builtin.command:
    cmd: "{{ openvpn_easyrsa_path }}/easyrsa gen-dh"
    chdir: /etc/openvpn/easy-rsa
    creates: /etc/openvpn/easy-rsa/pki/dh.pem

- name: server | Easyrsa build-server-full server nopass
  ansible.builtin.command:
    cmd: "{{ openvpn_easyrsa_path }}/easyrsa build-server-full server nopass"
    chdir: /etc/openvpn/easy-rsa
    creates: /etc/openvpn/easy-rsa/pki/issued/server.crt
  environment:
    EASYRSA_BATCH: "yes"

- name: server | Easyrsa build-client-full client nopass
  ansible.builtin.command:
    cmd: "{{ openvpn_easyrsa_path }}/easyrsa build-client-full client nopass"
    chdir: /etc/openvpn/easy-rsa
    creates: /etc/openvpn/easy-rsa/pki/issued/client.crt
  environment:
    EASYRSA_BATCH: "yes"

- name: server | Easyrsa gen-crl
  ansible.builtin.command:
    cmd: "{{ openvpn_easyrsa_path }}/easyrsa gen-crl"
    chdir: /etc/openvpn/easy-rsa
    creates: /etc/openvpn/easy-rsa/pki/crl.pem

- name: server | Openvpn --genkey --secret /etc/openvpn/easy-rsa/pki/ta.key
  ansible.builtin.command:
    cmd: openvpn --genkey --secret /etc/openvpn/easy-rsa/pki/ta.key
    creates: /etc/openvpn/easy-rsa/pki/ta.key

- name: server | Copy files to /etc/openvpn/server
  ansible.builtin.copy:
    src: /etc/openvpn/easy-rsa/pki/{{ item }}
    dest: /etc/openvpn/server/{{ item | basename }}
    mode: "0640"
    remote_src: true
  loop:
    - ca.crt
    - dh.pem
    - ta.key
    - issued/client.crt
    - issued/server.crt
    - private/ca.key
    - private/client.key
    - private/server.key

- name: server | Copy files to /etc/openvpn
  ansible.builtin.copy:
    src: /etc/openvpn/easy-rsa/pki/{{ item }}
    dest: /etc/openvpn/{{ item | basename }}
    mode: "0640"
    remote_src: true
  loop:
    - ca.crt
    - ta.key

- name: server | Place server.conf
  ansible.builtin.template:
    src: server.conf.j2
    dest: "{{ openvpn_configuration_directory }}/server.conf"
    owner: root
    group: "{{ openvpn_group }}"
    mode: "0640"
  notify:
    - Restart openvpn


Total input tokens: 1200
___________________________________________LLM Output:___________________________________________ 
Below you will receive task descriptions from which you should generate an Ansible Playbook.  
The generated playbook must be valid inside an Ansible Role under the tasks/ directory (e.g., tasks/main.yml).  
Do not include hosts:, vars:, or any playbook-level headers. Only output valid task entries or blocks as expected in a role.  

Task 1: Ensure /etc/openvpn/easy-rsa exists
Description Task 1: Ensure directory /etc/openvpn/easy-rsa exists

Task 2: Easyrsa init-pki
Description Task 2: Initialize PKI of easyrsa

Task 3: Easyrsa build-ca
Description Task 3: Build CA for easyrsa

Task 4: Easyrsa gen-dh
Description Task 4: Generate DH parameters

Task 5: Easyrsa build-server-full server nopass
Description Task 5: Build server key and certificate

Task 6: Easyrsa build-client-full client nopass
Description Task 6: Build client key and certificate

Task 7: Easyrsa gen-crl
Description Task 7: Generate certificate revocation list

Task 8: Openvpn --genkey --secret /etc/openvpn/easy-rsa/pki/ta.key
Description Task 8: Generate openvpn key

Task 9: Copy files to /etc/openvpn/server
Description Task 9: Copy ca.crt, dh.pem, ta.key, issued/client.crt, issued/server.crt, private/ca.key, private/client.key, private/server.key to /etc/openvpn/server

Task 10: Copy files to /etc/openvpn
Description Task 10: Copy ca.crt, ta.key to /etc/openvpn

Task 11: Place server.conf
Description Task 11: Place server.conf from server.conf.j2 to /etc/openvpn/server.conf

Tue Sep 30 16:11:14 2025: /home/studgoetsi5301/documents/ansible_bench/dataset/prompts/ollama_granite-code:20b_english_exact/benchmark100/ansible-role-openvpn/tasks/server_prompt.txt Total generation time: 9.581768015006674


Prompt: You are a professional developer. Below you will find a complete Ansible Playbook. This playbook was generated based on a prompt. Your task is to reconstruct the original prompt that could have been used to generate this playbook.

Important: The only output follows the format below. Do not include any explanations or comments before or after.

The reconstructed prompt must exactly follow the structure below:

"Below you will receive task descriptions from which you should generate an Ansible Playbook.  
The generated playbook must be valid inside an Ansible Role under the tasks/ directory (e.g., tasks/main.yml).  
Do not include hosts:, vars:, or any playbook-level headers. Only output valid task entries or blocks as expected in a role.  

Task 1: ...
Description Task 1: ...

Task 2: ...
Description Task 2: ...

Task 3: ...
Description Task 3: ...
..."

Guidelines:
- Each task should be short and clearly describe one specific action.
- The tasks must match the actual tasks in the playbook **both in content and order**.
- Use the exact terminology and labels as used in the playbook (e.g., “install nginx” instead of “install web server”).
- Provide a more detailed description of the task next to each task
- Include the exact names of variables, handlers, etc. used in the playbook.

Here is the Ansible Playbook:
---

- name: client | Ensure /etc/openvpn/client exists
  ansible.builtin.file:
    path: /etc/openvpn/client
    state: directory
    owner: root
    group: "{{ openvpn_group }}"
    mode: "0750"

- name: client | Place client.conf
  ansible.builtin.template:
    src: client.conf.j2
    dest: "{{ openvpn_configuration_directory }}/client.conf"
    owner: root
    group: "{{ openvpn_group }}"
    mode: "0640"
  notify:
    - Restart openvpn


Total input tokens: 452
___________________________________________LLM Output:___________________________________________ 
Below you will receive task descriptions from which you should generate an Ansible Playbook.  
The generated playbook must be valid inside an Ansible Role under the tasks/ directory (e.g., tasks/main.yml).  
Do not include hosts:, vars:, or any playbook-level headers. Only output valid task entries or blocks as expected in a role.  

Task 1: Ensure /etc/openvpn/client exists
Description Task 1: Ensure that the directory /etc/openvpn/client exists with the correct permissions and ownership.

Task 2: Place client.conf
Description Task 2: Use the template module to place the client.conf file in the specified directory with the correct permissions and ownership.

Task 3: Restart openvpn
Description Task 3: Use the notify module to restart the openvpn service when the client.conf file is changed. 34%|███▍      | 34/100 [02:39<05:21,  4.87s/it] 35%|███▌      | 35/100 [02:41<04:38,  4.29s/it] 36%|███▌      | 36/100 [02:45<04:11,  3.92s/it]

Tue Sep 30 16:11:17 2025: /home/studgoetsi5301/documents/ansible_bench/dataset/prompts/ollama_granite-code:20b_english_exact/benchmark100/ansible-role-openvpn/tasks/client_prompt.txt Total generation time: 3.569876341993222


Prompt: You are a professional developer. Below you will find a complete Ansible Playbook. This playbook was generated based on a prompt. Your task is to reconstruct the original prompt that could have been used to generate this playbook.

Important: The only output follows the format below. Do not include any explanations or comments before or after.

The reconstructed prompt must exactly follow the structure below:

"Below you will receive task descriptions from which you should generate an Ansible Playbook.  
The generated playbook must be valid inside an Ansible Role under the tasks/ directory (e.g., tasks/main.yml).  
Do not include hosts:, vars:, or any playbook-level headers. Only output valid task entries or blocks as expected in a role.  

Task 1: ...
Description Task 1: ...

Task 2: ...
Description Task 2: ...

Task 3: ...
Description Task 3: ...
..."

Guidelines:
- Each task should be short and clearly describe one specific action.
- The tasks must match the actual tasks in the playbook **both in content and order**.
- Use the exact terminology and labels as used in the playbook (e.g., “install nginx” instead of “install web server”).
- Provide a more detailed description of the task next to each task
- Include the exact names of variables, handlers, etc. used in the playbook.

Here is the Ansible Playbook:
---
# tasks file for openvpn

- name: Import assert.yml
  ansible.builtin.import_tasks:
    file: assert.yml
  run_once: true
  delegate_to: localhost

- name: Install openvpn packages
  ansible.builtin.package:
    name: "{{ openvpn_packages }}"
    state: present

- name: Setup openvpn server or client
  ansible.builtin.include_tasks:
    file: "{{ openvpn_role }}.yml"

- name: Start and enable openvpn
  ansible.builtin.service:
    name: "{{ openvpn_service }}"
    state: started
    enabled: true


Total input tokens: 459
___________________________________________LLM Output:___________________________________________ 
Below you will receive task descriptions from which you should generate an Ansible Playbook.
The generated playbook must be valid inside an Ansible Role under the tasks/ directory (e.g., tasks/main.yml).
Do not include hosts:, vars:, or any playbook-level headers. Only output valid task entries or blocks as expected in a role.

Task 1: Import assert.yml
Description Task 1: Import the assert.yml file

Task 2: Install openvpn packages
Description Task 2: Install the openvpn packages using the package module

Task 3: Setup openvpn server or client
Description Task 3: Include the openvpn server or client configuration using the include_tasks module

Tue Sep 30 16:11:20 2025: /home/studgoetsi5301/documents/ansible_bench/dataset/prompts/ollama_granite-code:20b_english_exact/benchmark100/ansible-role-openvpn/tasks/main_prompt.txt Total generation time: 2.9140933619928546


Prompt: You are a professional developer. Below you will find a complete Ansible Playbook. This playbook was generated based on a prompt. Your task is to reconstruct the original prompt that could have been used to generate this playbook.

Important: The only output follows the format below. Do not include any explanations or comments before or after.

The reconstructed prompt must exactly follow the structure below:

"Below you will receive task descriptions from which you should generate an Ansible Playbook.  
The generated playbook must be valid inside an Ansible Role under the tasks/ directory (e.g., tasks/main.yml).  
Do not include hosts:, vars:, or any playbook-level headers. Only output valid task entries or blocks as expected in a role.  

Task 1: ...
Description Task 1: ...

Task 2: ...
Description Task 2: ...

Task 3: ...
Description Task 3: ...
..."

Guidelines:
- Each task should be short and clearly describe one specific action.
- The tasks must match the actual tasks in the playbook **both in content and order**.
- Use the exact terminology and labels as used in the playbook (e.g., “install nginx” instead of “install web server”).
- Provide a more detailed description of the task next to each task
- Include the exact names of variables, handlers, etc. used in the playbook.

Here is the Ansible Playbook:
---
# tasks file for core_dependencies

- name: Remove conflicting packages
  ansible.builtin.package:
    name: "{{ core_dependencies_conflicting_packages }}"
    state: absent

- name: Install packages
  ansible.builtin.package:
    name: "{{ core_dependencies_packages }}"
    update_cache: true
  notify:
    - Gather facts

- name: Flush handlers
  ansible.builtin.meta: flush_handlers


Total input tokens: 416
___________________________________________LLM Output:___________________________________________ 
Below you will receive task descriptions from which you should generate an Ansible Playbook.  
The generated playbook must be valid inside an Ansible Role under the tasks/ directory (e.g., tasks/main.yml).  
Do not include hosts:, vars:, or any playbook-level headers. Only output valid task entries or blocks as expected in a role.  

Task 1: Install packages
Description Task 1: Install the packages listed in the variable core_dependencies_packages. Update the cache before installing the packages.

Task 2: Remove conflicting packages
Description Task 2: Remove the conflicting packages listed in the variable core_dependencies_conflicting_packages.

Task 3: Flush handlers
Description Task 3: Flush the handlers to ensure all notified handlers are executed.

Tue Sep 30 16:11:23 2025: /home/studgoetsi5301/documents/ansible_bench/dataset/prompts/ollama_granite-code:20b_english_exact/benchmark100/ansible-role-core_dependencies-buluma/tasks/main_prompt.txt Total generation time: 3.074941677012248


Prompt: You are a professional developer. Below you will find a complete Ansible Playbook. This playbook was generated based on a prompt. Your task is to reconstruct the original prompt that could have been used to generate this playbook.

Important: The only output follows the format below. Do not include any explanations or comments before or after.

The reconstructed prompt must exactly follow the structure below:

"Below you will receive task descriptions from which you should generate an Ansible Playbook.  
The generated playbook must be valid inside an Ansible Role under the tasks/ directory (e.g., tasks/main.yml).  
Do not include hosts:, vars:, or any playbook-level headers. Only output valid task entries or blocks as expected in a role.  

Task 1: ...
Description Task 1: ...

Task 2: ...
Description Task 2: ...

Task 3: ...
Description Task 3: ...
..."

Guidelines:
- Each task should be short and clearly describe one specific action.
- The tasks must match the actual tasks in the playbook **both in content and order**.
- Use the exact terminology and labels as used in the playbook (e.g., “install nginx” instead of “install web server”).
- Provide a more detailed description of the task next to each task
- Include the exact names of variables, handlers, etc. used in the playbook.

Here is the Ansible Playbook:
---

- name: create | Create ssl key
  community.crypto.openssl_privatekey:
    path: "{{ openssl_key_directory }}/{{ item.name }}.key"
    mode: "600"
    owner: "{{ openssl_file_owner }}"
    group: "{{ openssl_file_group }}"

- name: create | Create ssl csr
  community.crypto.openssl_csr:
    path: "{{ openssl_csr_directory }}/{{ item.name }}.csr"
    privatekey_path: "{{ openssl_key_directory }}/{{ item.name }}.key"
    common_name: "{{ item.common_name }}"
    mode: "640"
    owner: "{{ openssl_file_owner }}"
    group: "{{ openssl_file_group }}"

- name: create | Create ssl certificates
  community.crypto.x509_certificate:
    path: "{{ openssl_crt_directory }}/{{ item.name }}.crt"
    privatekey_path: "{{ openssl_key_directory }}/{{ item.name }}.key"
    csr_path: "{{ openssl_csr_directory }}/{{ item.name }}.csr"
    provider: selfsigned
    mode: "640"
    owner: "{{ openssl_file_owner }}"
    group: "{{ openssl_file_group }}"

- name: create | Create PKCS#12 file
  community.crypto.openssl_pkcs12:
    action: export
    path: "{{ openssl_key_directory }}/{{ item.name }}.p12"
    friendly_name: "{{ item.name }}"
    privatekey_path: "{{ openssl_key_directory }}/{{ item.name }}.key"
    certificate_path: "{{ openssl_crt_directory }}/{{ item.name }}.crt"
    state: present
    mode: "600"
    owner: "{{ openssl_file_owner }}"
    group: "{{ openssl_file_group }}"

- name: create | Read private key
  ansible.builtin.slurp:
    src: "{{ openssl_key_directory }}/{{ item.name }}.key"
  register: openssl_private_key

- name: create | Read certificate
  ansible.builtin.slurp:
    src: "{{ openssl_crt_directory }}/{{ item.name }}.crt"
  register: openssl_certifcate

- name: create | Create combined private_key and certificate file
  ansible.builtin.copy:
    dest: "{{ openssl_key_directory }}/{{ item.name }}.keycrt"
    content: |-
      {{ openssl_private_key.content | b64decode | trim }}
      {{ openssl_certifcate.content | b64decode | trim }}
    mode: "600"
    owner: "{{ openssl_file_owner }}"
    group: "{{ openssl_file_group }}"

 37%|███▋      | 37/100 [02:59<07:21,  7.01s/it] 38%|███▊      | 38/100 [03:07<07:29,  7.26s/it]
Total input tokens: 926
___________________________________________LLM Output:___________________________________________ 
Below you will receive task descriptions from which you should generate an Ansible Playbook.  
The generated playbook must be valid inside an Ansible Role under the tasks/ directory (e.g., tasks/main.yml).  
Do not include hosts:, vars:, or any playbook-level headers. Only output valid task entries or blocks as expected in a role.  

Task 1: create | Create ssl key
Description Task 1: This task will create an SSL key using the community.crypto.openssl_privatekey module. The path, mode, owner, and group will be set based on the variables openssl_key_directory, openssl_file_owner, and openssl_file_group.

Task 2: create | Create ssl csr
Description Task 2: This task will create an SSL CSR (Certificate Signing Request) using the community.crypto.openssl_csr module. The path, privatekey_path, common_name, mode, owner, and group will be set based on the variables openssl_csr_directory, openssl_key_directory, item.common_name, openssl_file_owner, and openssl_file_group.

Task 3: create | Create ssl certificates
Description Task 3: This task will create SSL certificates using the community.crypto.x509_certificate module. The path, privatekey_path, csr_path, provider, mode, owner, and group will be set based on the variables openssl_crt_directory, openssl_key_directory, openssl_csr_directory, item.name, openssl_file_owner, and openssl_file_group.

Task 4: create | Create PKCS#12 file
Description Task 4: This task will create a PKCS#12 file using the community.crypto.openssl_pkcs12 module. The action, path, friendly_name, privatekey_path, certificate_path, state, mode, owner, and group will be set based on the variables openssl_key_directory, item.name, item.name, openssl_key_directory, openssl_crt_directory, item.name, openssl_file_owner, and openssl_file_group.

Task 5: create | Read private key
Description Task 5: This task will read the private key using the ansible.builtin.slurp module. The src will be set based on the variable openssl_key_directory and item.name. The registered variable openssl_private_key will contain the content of the private key.

Task 6: create | Read certificate
Description Task 6: This task will read the certificate using the ansible.builtin.slurp module. The src will be set based on the variable openssl_crt_directory and item.name. The registered variable openssl_certifcate will contain the content of the certificate.

Task 7: create | Create combined private_key and certificate file
Description Task 7: This task will create a combined private key and certificate file using the ansible.builtin.copy module. The dest, content, mode, owner, and group will be set based on the variables openssl_key_directory, item.name, openssl_private_key, openssl_certifcate, openssl_file_owner, and openssl_file_group.

Tue Sep 30 16:11:38 2025: /home/studgoetsi5301/documents/ansible_bench/dataset/prompts/ollama_granite-code:20b_english_exact/benchmark100/ansible-role-openssl-robertdebock/tasks/create_prompt.txt Total generation time: 14.2203043680056


Prompt: You are a professional developer. Below you will find a complete Ansible Playbook. This playbook was generated based on a prompt. Your task is to reconstruct the original prompt that could have been used to generate this playbook.

Important: The only output follows the format below. Do not include any explanations or comments before or after.

The reconstructed prompt must exactly follow the structure below:

"Below you will receive task descriptions from which you should generate an Ansible Playbook.  
The generated playbook must be valid inside an Ansible Role under the tasks/ directory (e.g., tasks/main.yml).  
Do not include hosts:, vars:, or any playbook-level headers. Only output valid task entries or blocks as expected in a role.  

Task 1: ...
Description Task 1: ...

Task 2: ...
Description Task 2: ...

Task 3: ...
Description Task 3: ...
..."

Guidelines:
- Each task should be short and clearly describe one specific action.
- The tasks must match the actual tasks in the playbook **both in content and order**.
- Use the exact terminology and labels as used in the playbook (e.g., “install nginx” instead of “install web server”).
- Provide a more detailed description of the task next to each task
- Include the exact names of variables, handlers, etc. used in the playbook.

Here is the Ansible Playbook:
---
# tasks file for openssl

- name: Import assert.yml
  ansible.builtin.import_tasks:
    file: assert.yml
  run_once: true
  delegate_to: localhost

- name: Install requirements
  ansible.builtin.package:
    name: "{{ openssl_requirements }}"
    state: present

- name: Install pip packages
  ansible.builtin.pip:
    name: "{{ openssl_pip_packages }}"
  when:
    - openssl_pip_packages | length > 0

- name: Create key directory
  ansible.builtin.file:
    path: "{{ openssl_key_directory }}"
    state: directory
    mode: "700"
    owner: "{{ openssl_file_owner }}"
    group: "{{ openssl_file_group }}"

- name: Create csr directory
  ansible.builtin.file:
    path: "{{ openssl_csr_directory }}"
    state: directory
    mode: "755"
    owner: "{{ openssl_file_owner }}"
    group: "{{ openssl_file_group }}"

- name: Create crt directory
  ansible.builtin.file:
    path: "{{ openssl_crt_directory }}"
    state: directory
    mode: "755"
    owner: "{{ openssl_file_owner }}"
    group: "{{ openssl_file_group }}"

- name: Include create.yml
  ansible.builtin.include_tasks:
    file: create.yml
  loop: "{{ openssl_items }}"
  loop_control:
    label: "{{ item.name }}"
  when:
    - openssl_items is defined
    - openssl_items | length > 0


Total input tokens: 666
___________________________________________LLM Output:___________________________________________ 
Below you will receive task descriptions from which you should generate an Ansible Playbook.  
The generated playbook must be valid inside an Ansible Role under the tasks/ directory (e.g., tasks/main.yml).  
Do not include hosts:, vars:, or any playbook-level headers. Only output valid task entries or blocks as expected in a role.  

Task 1: Import assert.yml
Description Task 1: Import assert.yml from the assert.yml file.

Task 2: Install requirements
Description Task 2: Install the required packages specified in openssl_requirements using the package module.

Task 3: Install pip packages
Description Task 3: Install the required pip packages specified in openssl_pip_packages using the pip module.

Task 4: Create key directory
Description Task 4: Create a directory at the path specified in openssl_key_directory with the mode 700, owned by openssl_file_owner and group openssl_file_group using the file module.

Task 5: Create csr directory
Description Task 5: Create a directory at the path specified in openssl_csr_directory with the mode 755, owned by openssl_file_owner and group openssl_file_group using the file module.

Task 6: Create crt directory
Description Task 6: Create a directory at the path specified in openssl_crt_directory with the mode 755, owned by openssl_file_owner and group openssl_file_group using the file module.

Task 7: Include create.yml
Description Task 7: Include the tasks from the create.yml file, iterating over openssl_items and setting the label to item.name.

Note: The reconstructed prompt exactly follows the structure provided, with each task and its description clearly presented.

Tue Sep 30 16:11:45 2025: /home/studgoetsi5301/documents/ansible_bench/dataset/prompts/ollama_granite-code:20b_english_exact/benchmark100/ansible-role-openssl-robertdebock/tasks/main_prompt.txt Total generation time: 7.825725640999735


Prompt: You are a professional developer. Below you will find a complete Ansible Playbook. This playbook was generated based on a prompt. Your task is to reconstruct the original prompt that could have been used to generate this playbook.

Important: The only output follows the format below. Do not include any explanations or comments before or after.

The reconstructed prompt must exactly follow the structure below:

"Below you will receive task descriptions from which you should generate an Ansible Playbook.  
The generated playbook must be valid inside an Ansible Role under the tasks/ directory (e.g., tasks/main.yml).  
Do not include hosts:, vars:, or any playbook-level headers. Only output valid task entries or blocks as expected in a role.  

Task 1: ...
Description Task 1: ...

Task 2: ...
Description Task 2: ...

Task 3: ...
Description Task 3: ...
..."

Guidelines:
- Each task should be short and clearly describe one specific action.
- The tasks must match the actual tasks in the playbook **both in content and order**.
- Use the exact terminology and labels as used in the playbook (e.g., “install nginx” instead of “install web server”).
- Provide a more detailed description of the task next to each task
- Include the exact names of variables, handlers, etc. used in the playbook.

Here is the Ansible Playbook:
---
# tasks file for logrotate

- name: Import assert.yml
  ansible.builtin.import_tasks:
    file: assert.yml
  run_once: true
  delegate_to: localhost

- name: Install logrotate
  ansible.builtin.package:
    name: "{{ logrotate_packages }}"
    state: present

- name: Configure logrotate
  ansible.builtin.template:
    src: "{{ logrotate_config_file }}.j2"
    dest: "{{ logrotate_config_directory }}/{{ logrotate_config_file }}"
    mode: "0644"

- name: Generate logrotate.d files
  ansible.builtin.template:
    src: entry.j2
    dest: "{{ logrotate_confd_directory }}/{{ item.name }}"
    mode: "0644"
  loop: "{{ logrotate_entries }}"
  when:
    - logrotate_entries is defined
    - item.state is not defined or item.state != "absent"
  loop_control:
    label: "{{ item.name }}"

- name: Remove logrotate.d files
  ansible.builtin.file:
    path: "{{ logrotate_confd_directory }}/{{ item.name }}"
    state: absent
  loop: "{{ logrotate_entries }}"
  when:
    - logrotate_entries is defined
    - item.state is defined
    - item.state == "absent"
  loop_control:
    label: "{{ item.name }}"

- name: Start logrotate
  ansible.builtin.service:
    name: "{{ logrotate_service }}"
    state: "{{ logrotate_service_state }}"
    enabled: "{{ logrotate_service_enabled }}"
  when:
    - logrotate_service != ""

 39%|███▉      | 39/100 [03:11<06:36,  6.50s/it]
Total input tokens: 697
___________________________________________LLM Output:___________________________________________ 
Below you will receive task descriptions from which you should generate an Ansible Playbook.  
The generated playbook must be valid inside an Ansible Role under the tasks/ directory (e.g., tasks/main.yml).  
Do not include hosts:, vars:, or any playbook-level headers. Only output valid task entries or blocks as expected in a role.  

Task 1: import assert.yml
Description Task 1: Import assert.yml

Task 2: install logrotate
Description Task 2: Ensure that logrotate is installed.

Task 3: configure logrotate
Description Task 3: Template /etc/logrotate.conf using the template.

Task 4: generate logrotate.d files
Description Task 4: Template /etc/logrotate.d/{{ item.name }} using the template.

Task 5: remove logrotate.d files
Description Task 5: Remove /etc/logrotate.d/{{ item.name }}.

Task 6: start logrotate
Description Task 6: Start the logrotate service.

Tue Sep 30 16:11:50 2025: /home/studgoetsi5301/documents/ansible_bench/dataset/prompts/ollama_granite-code:20b_english_exact/benchmark100/ansible-role-logrotate/tasks/main_prompt.txt Total generation time: 4.746183963987278


Prompt: You are a professional developer. Below you will find a complete Ansible Playbook. This playbook was generated based on a prompt. Your task is to reconstruct the original prompt that could have been used to generate this playbook.

Important: The only output follows the format below. Do not include any explanations or comments before or after.

The reconstructed prompt must exactly follow the structure below:

"Below you will receive task descriptions from which you should generate an Ansible Playbook.  
The generated playbook must be valid inside an Ansible Role under the tasks/ directory (e.g., tasks/main.yml).  
Do not include hosts:, vars:, or any playbook-level headers. Only output valid task entries or blocks as expected in a role.  

Task 1: ...
Description Task 1: ...

Task 2: ...
Description Task 2: ...

Task 3: ...
Description Task 3: ...
..."

Guidelines:
- Each task should be short and clearly describe one specific action.
- The tasks must match the actual tasks in the playbook **both in content and order**.
- Use the exact terminology and labels as used in the playbook (e.g., “install nginx” instead of “install web server”).
- Provide a more detailed description of the task next to each task
- Include the exact names of variables, handlers, etc. used in the playbook.

Here is the Ansible Playbook:
---
- name: Ensure unzip package is available
  package:
    name: unzip
    state: present
    update_cache: "{{ promtail_apt_update_cache }}"

- name: Create promtail group
  group:
    name: "{{ promtail_system_group }}"
    state: present
    system: True
  when: promtail_system_group != "root"

- name: Create the promtail user
  user:
    name: "{{ promtail_system_user }}"
    group: "{{ promtail_system_group }}"
    groups: "{{ promtail_user_additional_groups }}"
    append: True
    shell: /usr/sbin/nologin
    system: True
    createhome: False
  when: promtail_system_user != "root"

- name: Ensure /usr/local/bin exists
  file:
    path: /usr/local/bin
    state: directory
    mode: 0755

- name: Create config directories
  file:
    path: "{{ item }}"
    state: directory
    owner: root
    group: "{{ promtail_system_group }}"
    mode: 0770
  loop:
    - "{{ promtail_config_dir }}"
    - "{{ promtail_config_file_sd_dir }}"
    - "{{ promtail_positions_directory }}"

- name: Create application dirs
  file:
    path: "{{ item }}"
    state: directory
    owner: "{{ promtail_system_user }}"
    group: "{{ promtail_system_group }}"
    mode: 0755
  with_items:
    - "{{ promtail_install_dir }}"
    - "{{ promtail_install_dir }}/{{ promtail_version }}"

- name: Check promtail binary
  stat:
    path: "{{ promtail_install_dir }}/{{ promtail_version }}/promtail-linux-{{ go_arch }}"
  register: promtail_binary

- name: Download promtail binaries
  get_url:
    url: "{{ promtail_dist_url }}"
    dest: "{{ promtail_tmp_dir }}/{{ promtail_version }}_promtail-linux-{{ go_arch }}.zip"
    force: True
    checksum: "{{ promtail_custom_checksum if promtail_custom_checksum else 'sha256:' + __promtail_checksum }}"
  when:
    - not promtail_binary.stat.exists
    - promtail_binary_local_dir | length == 0
    - not promtail_binary_propagate

- name: Propagate locally distributed promtail archive
  copy:
    src: "{{ promtail_binary_local_dir }}/{{ promtail_version }}_promtail-linux-{{ go_arch }}.zip"
    dest: "{{ promtail_tmp_dir }}/{{ promtail_version }}_promtail-linux-{{ go_arch }}.zip"
    mode: 0755
    owner: root
    group: root
  when:
    - not promtail_binary.stat.exists
    - promtail_binary_local_dir | length > 0
    - not promtail_binary_propagate

- name: Download promtail binaries to controller node
  get_url:
    url: "{{ promtail_dist_url }}"
    dest: "{{ promtail_tmp_dir }}/{{ promtail_version }}_promtail-linux-{{ go_arch }}.zip"
    force: True
    checksum: "{{ promtail_custom_checksum if promtail_custom_checksum else 'sha256:' + __promtail_checksum }}"
  delegate_to: localhost
  run_once: True
  when: promtail_binary_propagate

- name: Propagate promtail binaries
  copy:
    src: "{{ promtail_tmp_dir }}/{{ promtail_version }}_promtail-linux-{{ go_arch }}.zip"
    dest: "{{ promtail_tmp_dir }}/{{ promtail_version }}_promtail-linux-{{ go_arch }}.zip"
    mode: 0755
  when: promtail_binary_propagate

- name: Unpack promtail binaries
  ignore_errors: "{{ ansible_check_mode }}"
  unarchive:
    src: "{{ promtail_tmp_dir }}/{{ promtail_version }}_promtail-linux-{{ go_arch }}.zip"
    dest: "{{ promtail_install_dir }}/{{ promtail_version }}"
    creates: "{{ promtail_install_dir }}/{{ promtail_version }}/promtail-linux-{{ go_arch }}"
    mode: 0755
    remote_src: True

- name: Create symlink to latest version
  notify:
    - Restart promtail
  ignore_errors: "{{ ansible_check_mode }}"
  file:
    state: link
    src: "{{ promtail_install_dir }}/{{ promtail_version }}/promtail-linux-{{ go_arch }}"
    dest: /usr/local/bin/promtail
    mode: 0755

- name: Write config
  notify:
    - Restart promtail
  template:
    src: config.j2
    dest: "{{ promtail_config_file }}"
    owner: root
    group: "{{ promtail_system_group }}"
    mode: 0644
    validate: /usr/local/bin/promtail -config.file %s -check-syntax

- name: Create systemd service unit
  notify:
    - Restart promtail
  template:
    src: "{{ promtail_systemd_service_template_file }}"
    dest: "/etc/systemd/system/{{ promtail_systemd_service }}.service"
    mode: 0644


Total input tokens: 1534
___________________________________________LLM Output:___________________________________________ 
Below you will receive task descriptions from which you should generate an Ansible Playbook.  
The generated playbook must be valid inside an Ansible Role under the tasks/ directory (e.g., tasks/main.yml).  
Do not include hosts:, vars:, or any playbook-level headers. Only output valid task entries or blocks as expected in a role.  

Task 1: Ensure unzip package is available
Description Task 1: Ensure unzip is installed

Task 2: Create promtail group
Description Task 2: Create group promtail

Task 3: Create the promtail user
Description Task 3: Create user promtail

Task 4: Ensure /usr/local/bin exists
Description Task 4: Ensure directory /usr/local/bin exists

Task 5: Create config directories
Description Task 5: Ensure directories exist

Task 6: Create application dirs
Description Task 6: Ensure directories exist

Task 7: Check promtail binary
Description Task 7: Stat path

Task 8: Download promtail binaries
Description Task 8: Download url

Task 9: Propagate locally distributed promtail archive
Description Task 9: Copy src

Task 10: Download promtail binaries to controller node
Description Task 10: Download url to localhost

Task 11: Propagate promtail binaries
Description Task 11: Copy src

Task 12: Unpack promtail binaries
Description Task 12: Unarchive src

Task 13: Create symlink to latest version
Description Task 13: Create symlink /usr/local/bin/promtail

Task 14: Write config
Description Task 14: Template src

Task 15: Create systemd service unit
Description Task 15: Template src 40%|████      | 40/100 [03:21<07:21,  7.35s/it] 41%|████      | 41/100 [03:26<06:33,  6.66s/it] 42%|████▏     | 42/100 [03:28<05:18,  5.49s/it]

Tue Sep 30 16:12:00 2025: /home/studgoetsi5301/documents/ansible_bench/dataset/prompts/ollama_granite-code:20b_english_exact/benchmark100/ansible-role-promtail/tasks/install_prompt.txt Total generation time: 9.333902326005045


Prompt: You are a professional developer. Below you will find a complete Ansible Playbook. This playbook was generated based on a prompt. Your task is to reconstruct the original prompt that could have been used to generate this playbook.

Important: The only output follows the format below. Do not include any explanations or comments before or after.

The reconstructed prompt must exactly follow the structure below:

"Below you will receive task descriptions from which you should generate an Ansible Playbook.  
The generated playbook must be valid inside an Ansible Role under the tasks/ directory (e.g., tasks/main.yml).  
Do not include hosts:, vars:, or any playbook-level headers. Only output valid task entries or blocks as expected in a role.  

Task 1: ...
Description Task 1: ...

Task 2: ...
Description Task 2: ...

Task 3: ...
Description Task 3: ...
..."

Guidelines:
- Each task should be short and clearly describe one specific action.
- The tasks must match the actual tasks in the playbook **both in content and order**.
- Use the exact terminology and labels as used in the playbook (e.g., “install nginx” instead of “install web server”).
- Provide a more detailed description of the task next to each task
- Include the exact names of variables, handlers, etc. used in the playbook.

Here is the Ansible Playbook:
---
- name: Assert usage of systemd as an init system
  assert:
    that: ansible_service_mgr == 'systemd'
    msg: "This module only works with systemd"

- block:
    - name: Get latest release
      uri:
        url: "https://api.github.com/repos/grafana/loki/releases/latest"
        method: GET
        return_content: True
        status_code: 200
        body_format: json
        validate_certs: False
        user: "{{ lookup('env', 'GH_USER') | default(omit) }}"
        password: "{{ lookup('env', 'GH_TOKEN') | default(omit) }}"
      no_log: "{{ not lookup('env', 'ANSIBLE_DEBUG') | bool }}"
      register: _latest_release
      until: _latest_release.status == 200
      retries: 5

    - name: "Set promtail version to {{ _latest_release.json.tag_name[1:] }}"
      set_fact:
        promtail_version: "{{ _latest_release.json.tag_name[1:] }}"
  when:
    - promtail_version == "latest"
  delegate_to: localhost
  run_once: True

- block:
  - name: Test if zip local archive exists
    stat:
      path: "{{ promtail_binary_local_dir }}/{{ promtail_version }}_promtail-linux-{{ go_arch }}.zip"
    register: promtail_binary_local_archive
    delegate_to: localhost
    run_once: True

  - name: Assert local binary exists
    assert:
      that: promtail_binary_local_archive.stat.exists
      msg: "When using 'promtail_binary_local_dir' please ensure that the binary exists"

  when:
    - promtail_binary_local_dir | length > 0

- block:
    - name: "Get checksum list"
      set_fact:
        __promtail_checksums: "{{ lookup('url', 'https://github.com/grafana/loki/releases/download/v' + promtail_version + '/SHA256SUMS', wantlist=True) | list }}"
      run_once: True

    - name: "Get checksum for {{ go_arch }} architecture"
      set_fact:
        __promtail_checksum: "{{ item.split(' ')[0] }}"
      with_items: "{{ __promtail_checksums }}"
      when:
        - "('promtail-linux-' + go_arch + '.zip') in item"
  when:
    - promtail_binary_local_dir | length == 0


Total input tokens: 897
___________________________________________LLM Output:___________________________________________ 
Below you will receive task descriptions from which you should generate an Ansible Playbook.  
The generated playbook must be valid inside an Ansible Role under the tasks/ directory (e.g., tasks/main.yml).  
Do not include hosts:, vars:, or any playbook-level headers. Only output valid task entries or blocks as expected in a role.  

Task 1: Install and configure Promtail
Description Task 1: Use the assert module to check if the target system uses systemd as an init system. If not, display a message indicating that the module only works with systemd.

Task 2: Retrieve the latest release of Promtail
Description Task 2: Use the uri module to make a GET request to the GitHub API to retrieve the latest release of Promtail. If the status code of the response is 200, set the promtail_version variable to the tag name of the latest release.

Task 3: Set the Promtail version to the latest release
Description Task 3: Use the set_fact module to set the promtail_version variable to the tag name of the latest release.

Tue Sep 30 16:12:05 2025: /home/studgoetsi5301/documents/ansible_bench/dataset/prompts/ollama_granite-code:20b_english_exact/benchmark100/ansible-role-promtail/tasks/preflight_prompt.txt Total generation time: 5.059283057998982


Prompt: You are a professional developer. Below you will find a complete Ansible Playbook. This playbook was generated based on a prompt. Your task is to reconstruct the original prompt that could have been used to generate this playbook.

Important: The only output follows the format below. Do not include any explanations or comments before or after.

The reconstructed prompt must exactly follow the structure below:

"Below you will receive task descriptions from which you should generate an Ansible Playbook.  
The generated playbook must be valid inside an Ansible Role under the tasks/ directory (e.g., tasks/main.yml).  
Do not include hosts:, vars:, or any playbook-level headers. Only output valid task entries or blocks as expected in a role.  

Task 1: ...
Description Task 1: ...

Task 2: ...
Description Task 2: ...

Task 3: ...
Description Task 3: ...
..."

Guidelines:
- Each task should be short and clearly describe one specific action.
- The tasks must match the actual tasks in the playbook **both in content and order**.
- Use the exact terminology and labels as used in the playbook (e.g., “install nginx” instead of “install web server”).
- Provide a more detailed description of the task next to each task
- Include the exact names of variables, handlers, etc. used in the playbook.

Here is the Ansible Playbook:
---
- import_tasks: preflight.yml
  tags:
    - promtail_install
    - promtail

- import_tasks: install.yml
  become: True
  tags:
    - promtail_install
    - promtail

- name: Ensure promtail service is started and enabled
  become: True
  systemd:
    daemon_reload: True
    name: "{{ promtail_systemd_service }}"
    state: started
    enabled: True
  tags:
    - promtail_run
    - promtail


Total input tokens: 429
___________________________________________LLM Output:___________________________________________ 
Below you will receive task descriptions from which you should generate an Ansible Playbook.  
The generated playbook must be valid inside an Ansible Role under the tasks/ directory (e.g., tasks/main.yml).  
Do not include hosts:, vars:, or any playbook-level headers. Only output valid task entries or blocks as expected in a role.  

Task 1: Ensure promtail service is stopped and disabled
  Description Task 1: Ensure promtail service is stopped and disabled

Task 2: Import preflight tasks
  Description Task 2: Import preflight tasks

Task 3: Import install tasks
  Description Task 3: Import install tasks

Tue Sep 30 16:12:07 2025: /home/studgoetsi5301/documents/ansible_bench/dataset/prompts/ollama_granite-code:20b_english_exact/benchmark100/ansible-role-promtail/tasks/main_prompt.txt Total generation time: 2.7524286980042234


Prompt: You are a professional developer. Below you will find a complete Ansible Playbook. This playbook was generated based on a prompt. Your task is to reconstruct the original prompt that could have been used to generate this playbook.

Important: The only output follows the format below. Do not include any explanations or comments before or after.

The reconstructed prompt must exactly follow the structure below:

"Below you will receive task descriptions from which you should generate an Ansible Playbook.  
The generated playbook must be valid inside an Ansible Role under the tasks/ directory (e.g., tasks/main.yml).  
Do not include hosts:, vars:, or any playbook-level headers. Only output valid task entries or blocks as expected in a role.  

Task 1: ...
Description Task 1: ...

Task 2: ...
Description Task 2: ...

Task 3: ...
Description Task 3: ...
..."

Guidelines:
- Each task should be short and clearly describe one specific action.
- The tasks must match the actual tasks in the playbook **both in content and order**.
- Use the exact terminology and labels as used in the playbook (e.g., “install nginx” instead of “install web server”).
- Provide a more detailed description of the task next to each task
- Include the exact names of variables, handlers, etc. used in the playbook.

Here is the Ansible Playbook:
---
# tasks file for python_pip

- name: Import assert.yml
  ansible.builtin.import_tasks:
    file: assert.yml
  run_once: true
  delegate_to: localhost

- name: Install python pip
  ansible.builtin.package:
    name: "{{ python_pip_packages }}"
    state: present

- name: Configure pip proxy
  community.general.ini_file:
    path: /etc/pip.conf
    section: global
    option: index-url
    value: "{{ python_pip_proxy }}"
    mode: "0644"
  when:
    - python_pip_proxy is defined

- name: Trust hosts
  community.general.ini_file:
    path: /etc/pip.conf
    section: global
    option: trusted-host
    value: "{{ python_pip_trusted_host }}"
    mode: "0644"
  when:
    - python_pip_trusted_host is defined

- name: Update pip.
  ansible.builtin.pip:
    name: "{{ python_pip_pip_package }}"
    state: "{{ python_pip_pip_state }}"  # noqa package-latest
    executable: "{{ python_pip_executable | default(omit) }}"
  when:
    - python_pip_update
    - ansible_distribution_release not in [ "bookworm", "noble" ]
    - ansible_os_family != "Alpine"

- name: Install requested modules
  ansible.builtin.pip:
    name: "{{ item.name }}"
    state: "{{ item.state | default('present') }}"
    version: "{{ item.version | default(omit) }}"
    executable: "{{ python_pip_executable | default(omit) }}"
  loop: "{{ python_pip_modules }}"
  loop_control:
    label: "{{ item.name }}"
  when:
    - ansible_distribution_release not in [ "bookworm", "noble" ]
    - ansible_os_family != "Alpine"

 43%|████▎     | 43/100 [03:33<04:54,  5.17s/it] 44%|████▍     | 44/100 [03:35<04:02,  4.32s/it] 45%|████▌     | 45/100 [03:38<03:28,  3.79s/it]
Total input tokens: 755
___________________________________________LLM Output:___________________________________________ 
Below you will receive task descriptions from which you should generate an Ansible Playbook.
The generated playbook must be valid inside an Ansible Role under the tasks/ directory (e.g., tasks/main.yml).
Do not include hosts:, vars:, or any playbook-level headers. Only output valid task entries or blocks as expected in a role.

Task 1: Import assert.yml
Description Task 1: Import the assert.yml file

Task 2: Install python pip
Description Task 2: Install python pip using the package module

Task 3: Configure pip proxy
Description Task 3: Configure the pip proxy using the ini_file module

Task 4: Trust hosts
Description Task 4: Trust hosts using the ini_file module

Task 5: Update pip.
Description Task 5: Update pip using the pip module

Task 6: Install requested modules
Description Task 6: Install requested modules using the pip module

Tue Sep 30 16:12:12 2025: /home/studgoetsi5301/documents/ansible_bench/dataset/prompts/ollama_granite-code:20b_english_exact/benchmark100/ansible-role-python_pip/tasks/main_prompt.txt Total generation time: 4.424490777004394


Prompt: You are a professional developer. Below you will find a complete Ansible Playbook. This playbook was generated based on a prompt. Your task is to reconstruct the original prompt that could have been used to generate this playbook.

Important: The only output follows the format below. Do not include any explanations or comments before or after.

The reconstructed prompt must exactly follow the structure below:

"Below you will receive task descriptions from which you should generate an Ansible Playbook.  
The generated playbook must be valid inside an Ansible Role under the tasks/ directory (e.g., tasks/main.yml).  
Do not include hosts:, vars:, or any playbook-level headers. Only output valid task entries or blocks as expected in a role.  

Task 1: ...
Description Task 1: ...

Task 2: ...
Description Task 2: ...

Task 3: ...
Description Task 3: ...
..."

Guidelines:
- Each task should be short and clearly describe one specific action.
- The tasks must match the actual tasks in the playbook **both in content and order**.
- Use the exact terminology and labels as used in the playbook (e.g., “install nginx” instead of “install web server”).
- Provide a more detailed description of the task next to each task
- Include the exact names of variables, handlers, etc. used in the playbook.

Here is the Ansible Playbook:
---

- name: locations | Enable modules
  community.general.apache2_module:
    name: "{{ item }}"
    state: present
  loop:
    - proxy
    - proxy_http
  when:
    - ansible_os_family in [ "Debian", "Suse" ]

- name: locations | Configure locations
  ansible.builtin.template:
    src: location.conf.j2
    dest: "{{ httpd_config_directory }}/{{ item.name }}.conf"
    mode: "0644"
  loop: "{{ httpd_locations }}"
  loop_control:
    label: "{{ item.name }}"
  notify:
    - Test httpd configuration validity
    - Restart httpd


Total input tokens: 472
___________________________________________LLM Output:___________________________________________ 
Below you will receive task descriptions from which you should generate an Ansible Playbook.  
The generated playbook must be valid inside an Ansible Role under the tasks/ directory (e.g., tasks/main.yml).  
Do not include hosts:, vars:, or any playbook-level headers. Only output valid task entries or blocks as expected in a role.  

Task 1: community.general.apache2_module
Description Task 1: Enable modules

Task 2: ansible.builtin.template
Description Task 2: Configure locations

Tue Sep 30 16:12:14 2025: /home/studgoetsi5301/documents/ansible_bench/dataset/prompts/ollama_granite-code:20b_english_exact/benchmark100/ansible-role-httpd/tasks/locations_prompt.txt Total generation time: 2.34110459999647


Prompt: You are a professional developer. Below you will find a complete Ansible Playbook. This playbook was generated based on a prompt. Your task is to reconstruct the original prompt that could have been used to generate this playbook.

Important: The only output follows the format below. Do not include any explanations or comments before or after.

The reconstructed prompt must exactly follow the structure below:

"Below you will receive task descriptions from which you should generate an Ansible Playbook.  
The generated playbook must be valid inside an Ansible Role under the tasks/ directory (e.g., tasks/main.yml).  
Do not include hosts:, vars:, or any playbook-level headers. Only output valid task entries or blocks as expected in a role.  

Task 1: ...
Description Task 1: ...

Task 2: ...
Description Task 2: ...

Task 3: ...
Description Task 3: ...
..."

Guidelines:
- Each task should be short and clearly describe one specific action.
- The tasks must match the actual tasks in the playbook **both in content and order**.
- Use the exact terminology and labels as used in the playbook (e.g., “install nginx” instead of “install web server”).
- Provide a more detailed description of the task next to each task
- Include the exact names of variables, handlers, etc. used in the playbook.

Here is the Ansible Playbook:
---

- name: directories | Create directories
  ansible.builtin.file:
    path: "{{ item.path }}"
    state: directory
    mode: "0755"
  loop: "{{ httpd_directories }}"
  loop_control:
    label: "{{ item.path }}"

- name: directories | Configure directories
  ansible.builtin.template:
    src: directory.conf.j2
    dest: "{{ httpd_config_directory }}/{{ item.name }}.conf"
    mode: "0644"
  loop: "{{ httpd_directories }}"
  loop_control:
    label: "{{ item.name }}"
  notify:
    - Test httpd configuration validity
    - Restart httpd


Total input tokens: 470
___________________________________________LLM Output:___________________________________________ 
Below you will receive task descriptions from which you should generate an Ansible Playbook.  
The generated playbook must be valid inside an Ansible Role under the tasks/ directory (e.g., tasks/main.yml).  
Do not include hosts:, vars:, or any playbook-level headers. Only output valid task entries or blocks as expected in a role.  

Task 1: directories | Create directories
Description Task 1: This task creates directories using the file module.

Task 2: directories | Configure directories
Description Task 2: This task configures directories using the template module.

Tue Sep 30 16:12:17 2025: /home/studgoetsi5301/documents/ansible_bench/dataset/prompts/ollama_granite-code:20b_english_exact/benchmark100/ansible-role-httpd/tasks/directories_prompt.txt Total generation time: 2.529183770006057


Prompt: You are a professional developer. Below you will find a complete Ansible Playbook. This playbook was generated based on a prompt. Your task is to reconstruct the original prompt that could have been used to generate this playbook.

Important: The only output follows the format below. Do not include any explanations or comments before or after.

The reconstructed prompt must exactly follow the structure below:

"Below you will receive task descriptions from which you should generate an Ansible Playbook.  
The generated playbook must be valid inside an Ansible Role under the tasks/ directory (e.g., tasks/main.yml).  
Do not include hosts:, vars:, or any playbook-level headers. Only output valid task entries or blocks as expected in a role.  

Task 1: ...
Description Task 1: ...

Task 2: ...
Description Task 2: ...

Task 3: ...
Description Task 3: ...
..."

Guidelines:
- Each task should be short and clearly describe one specific action.
- The tasks must match the actual tasks in the playbook **both in content and order**.
- Use the exact terminology and labels as used in the playbook (e.g., “install nginx” instead of “install web server”).
- Provide a more detailed description of the task next to each task
- Include the exact names of variables, handlers, etc. used in the playbook.

Here is the Ansible Playbook:
---
# tasks file for httpd

- name: Import assert.yml
  ansible.builtin.import_tasks:
    file: assert.yml
  run_once: true
  delegate_to: localhost

- name: Install apache httpd
  ansible.builtin.package:
    name: "{{ httpd_packages }}"
    state: present

- name: Configure selinux
  when:
    - ansible_selinux.status is defined
    - ansible_selinux.status == "enabled"
  block:
    - name: Modify selinux settings
      ansible.posix.seboolean:
        name: "{{ item }}"
        state: true
        persistent: true
      when:
        - ansible_selinux.status is defined
        - ansible_selinux.status == "enabled"
      loop: "{{ httpd_sebooleans }}"

    - name: Allow connections to custom port
      community.general.seport:
        ports: "{{ item }}"
        proto: tcp
        setype: http_port_t
        state: present
      loop:
        - "{{ httpd_port }}"
        - "{{ httpd_ssl_port | default(omit) }}"

- name: Configure httpd
  ansible.builtin.template:
    src: "{{ httpd_config_src }}"
    dest: "{{ httpd_config_dest }}"
    mode: "0644"
  notify:
    - Test httpd configuration validity
    - Restart httpd

- name: Activate httpd module | Debian
  ansible.builtin.command:
    cmd: "a2enmod {{ item }}"
  changed_when: false
  loop: "{{ httpd_modules_to_activate_with_command }}"
  when:
    - ansible_os_family == 'Debian'
  notify:
    - Test httpd configuration validity

- name: Import ssl.yml
  ansible.builtin.import_tasks:
    file: ssl.yml
  when:
    - https_ssl_enable

- name: Import locations.yml
  ansible.builtin.import_tasks:
    file: locations.yml
  when:
    - httpd_locations is defined

- name: Import vhosts.yml
  ansible.builtin.import_tasks:
    file: vhosts.yml
  when:
    - httpd_vhosts is defined

- name: Configure ports
  ansible.builtin.template:
    src: "{{ httpd_ports_conf }}.j2"
    dest: "{{ httpd_server_root }}/{{ httpd_ports_conf }}"
    mode: "0644"
  notify:
    - Test httpd configuration validity
    - Restart httpd
  when:
    - ansible_os_family in [ "Debian", "Suse" ]

- name: Import directories.yml
  ansible.builtin.import_tasks:
    file: directories.yml
  when:
    - httpd_directories is defined

- name: Flush handlers
  ansible.builtin.meta: flush_handlers

- name: Removing default html
  ansible.builtin.file:
    path: "{{ httpd_data_directory }}/index.html"
    state: absent
  when:
    - httpd_remove_example

- name: Start and enable httpd
  ansible.builtin.service:
    name: "{{ httpd_service }}"
    state: started
    enabled: true

 46%|████▌     | 46/100 [03:49<05:20,  5.94s/it] 47%|████▋     | 47/100 [03:52<04:25,  5.01s/it]
Total input tokens: 1030
___________________________________________LLM Output:___________________________________________ 
Below you will receive task descriptions from which you should generate an Ansible Playbook.
The generated playbook must be valid inside an Ansible Role under the tasks/ directory (e.g., tasks/main.yml).
Do not include hosts:, vars:, or any playbook-level headers. Only output valid task entries or blocks as expected in a role.

Task 1: Install apache httpd
Description Task 1: The playbook should install the apache httpd package.

Task 2: Configure selinux
Description Task 2: The playbook should configure selinux, if it is enabled. It should modify the specified seboolean settings and allow connections to the custom port.

Task 3: Configure httpd
Description Task 3: The playbook should configure httpd using a template. It should notify the test httpd configuration validity and restart httpd.

Task 4: Activate httpd module | Debian
Description Task 4: The playbook should activate the httpd module using the command, if the OS family is Debian. It should notify the test httpd configuration validity.

Task 5: Import ssl.yml
Description Task 5: The playbook should import the ssl.yml file, if https_ssl_enable is true.

Task 6: Import locations.yml
Description Task 6: The playbook should import the locations.yml file, if httpd_locations is defined.

Task 7: Import vhosts.yml
Description Task 7: The playbook should import the vhosts.yml file, if httpd_vhosts is defined.

Task 8: Configure ports
Description Task 8: The playbook should configure the ports using a template, if the OS family is Debian or Suse. It should notify the test httpd configuration validity and restart httpd.

Task 9: Import directories.yml
Description Task 9: The playbook should import the directories.yml file, if httpd_directories is defined.

Task 10: Flush handlers
Description Task 10: The playbook should flush the handlers.

Task 11: Removing default html
Description Task 11: The playbook should remove the default html file, if httpd_remove_example is true.

Task 12: Start and enable httpd
Description Task 12: The playbook should start and enable the httpd service.

Tue Sep 30 16:12:28 2025: /home/studgoetsi5301/documents/ansible_bench/dataset/prompts/ollama_granite-code:20b_english_exact/benchmark100/ansible-role-httpd/tasks/main_prompt.txt Total generation time: 10.979029396999977


Prompt: You are a professional developer. Below you will find a complete Ansible Playbook. This playbook was generated based on a prompt. Your task is to reconstruct the original prompt that could have been used to generate this playbook.

Important: The only output follows the format below. Do not include any explanations or comments before or after.

The reconstructed prompt must exactly follow the structure below:

"Below you will receive task descriptions from which you should generate an Ansible Playbook.  
The generated playbook must be valid inside an Ansible Role under the tasks/ directory (e.g., tasks/main.yml).  
Do not include hosts:, vars:, or any playbook-level headers. Only output valid task entries or blocks as expected in a role.  

Task 1: ...
Description Task 1: ...

Task 2: ...
Description Task 2: ...

Task 3: ...
Description Task 3: ...
..."

Guidelines:
- Each task should be short and clearly describe one specific action.
- The tasks must match the actual tasks in the playbook **both in content and order**.
- Use the exact terminology and labels as used in the playbook (e.g., “install nginx” instead of “install web server”).
- Provide a more detailed description of the task next to each task
- Include the exact names of variables, handlers, etc. used in the playbook.

Here is the Ansible Playbook:
---
- name: vhosts | Create docroot
  ansible.builtin.file:
    path: "{{ item.documentroot }}"
    state: directory
    mode: "0755"
  loop: "{{ httpd_vhosts }}"
  loop_control:
    label: "{{ item.name }}"
  when:
    - httpd_vhosts is defined
    - item.documentroot is defined
    - item.create_docroot is not defined or item.create_docroot

- name: vhosts | Configure vhosts
  ansible.builtin.template:
    src: "{{ vhost_conf_template }}"
    dest: "{{ httpd_vhosts_directory }}/{{ item.name }}.conf"
    mode: "0644"
  loop: "{{ httpd_vhosts }}"
  loop_control:
    label: "{{ item.name }}"
  notify:
    - Test httpd configuration validity
    - Restart httpd

- name: vhosts | Enable vhosts
  ansible.builtin.command:
    cmd: "a2ensite {{ item.name }}"
    creates: "{{ httpd_vhosts_enabled_directory }}/{{ item.name }}.conf"
  loop: "{{ httpd_vhosts }}"
  loop_control:
    label: "{{ item.name }}"
  when:
    - ansible_os_family == 'Debian'
  notify:
    - Test httpd configuration validity
    - Restart httpd


Total input tokens: 623
___________________________________________LLM Output:___________________________________________ 
Below you will receive task descriptions from which you should generate an Ansible Playbook.  
The generated playbook must be valid inside an Ansible Role under the tasks/ directory (e.g., tasks/main.yml).  
Do not include hosts:, vars:, or any playbook-level headers. Only output valid task entries or blocks as expected in a role.  

Task 1: Create docroot
Description Task 1: Ensure the docroot directories are in place

Task 2: Configure vhosts
Description Task 2: Configure virtual host configuration files

Task 3: Enable vhosts
Description Task 3: Enable virtual hosts


Tue Sep 30 16:12:30 2025: /home/studgoetsi5301/documents/ansible_bench/dataset/prompts/ollama_granite-code:20b_english_exact/benchmark100/ansible-role-httpd/tasks/vhosts_prompt.txt Total generation time: 2.830263269992429


Prompt: You are a professional developer. Below you will find a complete Ansible Playbook. This playbook was generated based on a prompt. Your task is to reconstruct the original prompt that could have been used to generate this playbook.

Important: The only output follows the format below. Do not include any explanations or comments before or after.

The reconstructed prompt must exactly follow the structure below:

"Below you will receive task descriptions from which you should generate an Ansible Playbook.  
The generated playbook must be valid inside an Ansible Role under the tasks/ directory (e.g., tasks/main.yml).  
Do not include hosts:, vars:, or any playbook-level headers. Only output valid task entries or blocks as expected in a role.  

Task 1: ...
Description Task 1: ...

Task 2: ...
Description Task 2: ...

Task 3: ...
Description Task 3: ...
..."

Guidelines:
- Each task should be short and clearly describe one specific action.
- The tasks must match the actual tasks in the playbook **both in content and order**.
- Use the exact terminology and labels as used in the playbook (e.g., “install nginx” instead of “install web server”).
- Provide a more detailed description of the task next to each task
- Include the exact names of variables, handlers, etc. used in the playbook.

Here is the Ansible Playbook:
---
- name: ssl | Install ssl packages
  ansible.builtin.package:
    name: "{{ httpd_ssl_packages }}"
    state: present

- name: ssl | Place configuration
  ansible.builtin.template:
    src: ssl.conf.j2
    dest: "{{ httpd_config_directory }}/ssl.conf"
    mode: "0644"
  notify:
    - Test httpd configuration validity
    - Restart httpd

- name: ssl | Configure redirect from http to https
  ansible.builtin.template:
    src: default_vhost.conf.j2
    dest: "{{ httpd_config_directory }}/{{ default_vhost_conf }}"
    mode: "0644"
  notify:
    - Test httpd configuration validity
    - Restart httpd


Total input tokens: 491
___________________________________________LLM Output:___________________________________________ 
Below you will receive task descriptions from which you should generate an Ansible Playbook.  
The generated playbook must be valid inside an Ansible Role under the tasks/ directory (e.g., tasks/main.yml).  
Do not include hosts:, vars:, or any playbook-level headers. Only output valid task entries or blocks as expected in a role.  

Task 1: Install ssl packages
Description Task 1: Installs the packages needed for ssl.

Task 2: Place configuration
Description Task 2: Places the ssl configuration file in the appropriate directory.

Task 3: Configure redirect from http to https
Description Task 3: Configures the redirect from http to https using the default vhost configuration file. 48%|████▊     | 48/100 [03:55<03:49,  4.41s/it] 49%|████▉     | 49/100 [03:57<03:19,  3.92s/it]

Tue Sep 30 16:12:33 2025: /home/studgoetsi5301/documents/ansible_bench/dataset/prompts/ollama_granite-code:20b_english_exact/benchmark100/ansible-role-httpd/tasks/ssl_prompt.txt Total generation time: 3.003701348003233


Prompt: You are a professional developer. Below you will find a complete Ansible Playbook. This playbook was generated based on a prompt. Your task is to reconstruct the original prompt that could have been used to generate this playbook.

Important: The only output follows the format below. Do not include any explanations or comments before or after.

The reconstructed prompt must exactly follow the structure below:

"Below you will receive task descriptions from which you should generate an Ansible Playbook.  
The generated playbook must be valid inside an Ansible Role under the tasks/ directory (e.g., tasks/main.yml).  
Do not include hosts:, vars:, or any playbook-level headers. Only output valid task entries or blocks as expected in a role.  

Task 1: ...
Description Task 1: ...

Task 2: ...
Description Task 2: ...

Task 3: ...
Description Task 3: ...
..."

Guidelines:
- Each task should be short and clearly describe one specific action.
- The tasks must match the actual tasks in the playbook **both in content and order**.
- Use the exact terminology and labels as used in the playbook (e.g., “install nginx” instead of “install web server”).
- Provide a more detailed description of the task next to each task
- Include the exact names of variables, handlers, etc. used in the playbook.

Here is the Ansible Playbook:
---
# tasks file for redis

- name: Import assert.yml
  ansible.builtin.import_tasks:
    file: assert.yml
  run_once: true
  delegate_to: localhost

- name: Enable redis module stream (RHEL 8)
  ansible.builtin.dnf:
    name: redis
    state: enabled
  when:
    - ansible_os_family == "RedHat"
    - ansible_distribution_major_version == "8"

- name: Install redis
  ansible.builtin.package:
    name: "{{ redis_packages }}"
    state: present

- name: Configure redis
  ansible.builtin.template:
    src: "redis.conf-{{ ansible_distribution }}.j2"
    dest: "{{ redis_configuration_directory }}/{{ redis_configuration_file }}"
    owner: "{{ redis_owner }}"
    group: "{{ redis_group }}"
    mode: "{{ redis_mode }}"
  notify:
    - Restart redis

- name: Start and enable redis
  ansible.builtin.service:
    name: "{{ redis_service }}"
    state: started
    enabled: true


Total input tokens: 558
___________________________________________LLM Output:___________________________________________ 
Below you will receive task descriptions from which you should generate an Ansible Playbook.
The generated playbook must be valid inside an Ansible Role under the tasks/ directory (e.g., tasks/main.yml).
Do not include hosts:, vars:, or any playbook-level headers. Only output valid task entries or blocks as expected in a role.

Task 1: Enable redis module stream (RHEL 8)
Description Task 1: Install redis

Task 2: Install redis
Description Task 2: Configure redis

Task 3: Configure redis
Description Task 3: Start and enable redis

Tue Sep 30 16:12:36 2025: /home/studgoetsi5301/documents/ansible_bench/dataset/prompts/ollama_granite-code:20b_english_exact/benchmark100/ansible-role-redis/tasks/main_prompt.txt Total generation time: 2.780459076995612


Prompt: You are a professional developer. Below you will find a complete Ansible Playbook. This playbook was generated based on a prompt. Your task is to reconstruct the original prompt that could have been used to generate this playbook.

Important: The only output follows the format below. Do not include any explanations or comments before or after.

The reconstructed prompt must exactly follow the structure below:

"Below you will receive task descriptions from which you should generate an Ansible Playbook.  
The generated playbook must be valid inside an Ansible Role under the tasks/ directory (e.g., tasks/main.yml).  
Do not include hosts:, vars:, or any playbook-level headers. Only output valid task entries or blocks as expected in a role.  

Task 1: ...
Description Task 1: ...

Task 2: ...
Description Task 2: ...

Task 3: ...
Description Task 3: ...
..."

Guidelines:
- Each task should be short and clearly describe one specific action.
- The tasks must match the actual tasks in the playbook **both in content and order**.
- Use the exact terminology and labels as used in the playbook (e.g., “install nginx” instead of “install web server”).
- Provide a more detailed description of the task next to each task
- Include the exact names of variables, handlers, etc. used in the playbook.

Here is the Ansible Playbook:
---

- name: create | Create ssl key
  community.crypto.openssl_privatekey:
    path: "{{ openssl_key_directory }}/{{ item.name }}.key"
    mode: "640"
    owner: "{{ openssl_file_owner }}"
    group: "{{ openssl_file_group }}"

- name: create | Create ssl csr
  community.crypto.openssl_csr:
    path: "{{ openssl_csr_directory }}/{{ item.name }}.csr"
    privatekey_path: "{{ openssl_key_directory }}/{{ item.name }}.key"
    common_name: "{{ item.common_name }}"
    mode: "644"
    owner: "{{ openssl_file_owner }}"
    group: "{{ openssl_file_group }}"

- name: create | Create ssl certificates
  community.crypto.x509_certificate:
    path: "{{ openssl_crt_directory }}/{{ item.name }}.crt"
    privatekey_path: "{{ openssl_key_directory }}/{{ item.name }}.key"
    csr_path: "{{ openssl_csr_directory }}/{{ item.name }}.csr"
    provider: selfsigned
    mode: "644"
    owner: "{{ openssl_file_owner }}"
    group: "{{ openssl_file_group }}"

- name: create | Create PKCS#12 file
  community.crypto.openssl_pkcs12:
    action: export
    path: "{{ openssl_key_directory }}/{{ item.name }}.p12"
    friendly_name: "{{ item.name }}"
    privatekey_path: "{{ openssl_key_directory }}/{{ item.name }}.key"
    certificate_path: "{{ openssl_crt_directory }}/{{ item.name }}.crt"
    state: present
    mode: "640"
    owner: "{{ openssl_file_owner }}"
    group: "{{ openssl_file_group }}"

- name: create | Read private key
  ansible.builtin.slurp:
    src: "{{ openssl_key_directory }}/{{ item.name }}.key"
  register: openssl_private_key

- name: create | Read certificate
  ansible.builtin.slurp:
    src: "{{ openssl_crt_directory }}/{{ item.name }}.crt"
  register: openssl_certifcate

- name: create | Create combined private_key and certificate file
  ansible.builtin.copy:
    dest: "{{ openssl_key_directory }}/{{ item.name }}.keycrt"
    content: |-
      {{ openssl_private_key.content | b64decode | trim }}
      {{ openssl_certifcate.content | b64decode | trim }}
    mode: "640"
    owner: "{{ openssl_file_owner }}"
    group: "{{ openssl_file_group }}"


Total input tokens: 926
___________________________________________LLM Output:___________________________________________ 
Below you will receive task descriptions from which you should generate an Ansible Playbook.  
The generated playbook must be valid inside an Ansible Role under the tasks/ directory (e.g., tasks/main.yml).  
Do not include hosts:, vars:, or any playbook-level headers. Only output valid task entries or blocks as expected in a role.  

Task 1: create | Create ssl key
Description Task 1: Create an OpenSSL private key.

Task 2: create | Create ssl csr
Description Task 2: Create an OpenSSL CSR (Certificate Signing Request) from a private key.

Task 3: create | Create ssl certificates
Description Task 3: Create a self-signed OpenSSL certificate from a CSR.

Task 4: create | Create PKCS#12 file
Description Task 4: Export a private key and certificate to a PKCS#12 file format.

Task 5: create | Read private key
Description Task 5: Read the private key file.

Task 6: create | Read certificate
Description Task 6: Read the certificate file.

Task 7: create | Create combined private_key and certificate file
Description Task 7: Create a combined file containing the private key and certificate.

Tue Sep 30 16:12:42 2025: /home/studgoetsi5301/documents/ansible_bench/dataset/prompts/ollama_granite-code:20b_english_exact/benchmark100/ansible-role-openssl/tasks/create_prompt.txt Total generation time: 6.017089200991904 50%|█████     | 50/100 [04:03<03:47,  4.55s/it] 51%|█████     | 51/100 [04:16<05:34,  6.83s/it]


Prompt: You are a professional developer. Below you will find a complete Ansible Playbook. This playbook was generated based on a prompt. Your task is to reconstruct the original prompt that could have been used to generate this playbook.

Important: The only output follows the format below. Do not include any explanations or comments before or after.

The reconstructed prompt must exactly follow the structure below:

"Below you will receive task descriptions from which you should generate an Ansible Playbook.  
The generated playbook must be valid inside an Ansible Role under the tasks/ directory (e.g., tasks/main.yml).  
Do not include hosts:, vars:, or any playbook-level headers. Only output valid task entries or blocks as expected in a role.  

Task 1: ...
Description Task 1: ...

Task 2: ...
Description Task 2: ...

Task 3: ...
Description Task 3: ...
..."

Guidelines:
- Each task should be short and clearly describe one specific action.
- The tasks must match the actual tasks in the playbook **both in content and order**.
- Use the exact terminology and labels as used in the playbook (e.g., “install nginx” instead of “install web server”).
- Provide a more detailed description of the task next to each task
- Include the exact names of variables, handlers, etc. used in the playbook.

Here is the Ansible Playbook:
---
# tasks file for openssl

- name: Check if python is installed
  ansible.builtin.command: which python
  register: python_executable
  ignore_errors: true
  changed_when: false

- name: Check if python3 is installed
  ansible.builtin.command: which python3
  register: python3_executable
  ignore_errors: true
  changed_when: false

- name: Debug Python executable path
  ansible.builtin.debug:
    var: python_executable.stdout

- name: Debug Python3 executable path
  ansible.builtin.debug:
    var: python3_executable.stdout

- name: Import assert.yml
  ansible.builtin.import_tasks: assert.yml
  run_once: true
  delegate_to: localhost

- name: Install requirements
  ansible.builtin.package:
    name: "{{ openssl_requirements }}"
    state: present

- name: Ensure packaging is available via dnf
  ansible.builtin.package:
    name: python3-packaging
    state: present

- name: Install pip packages
  ansible.builtin.pip:
    name: "{{ openssl_pip_packages }}"
    # break_system_packages: true

- name: Create key directory
  ansible.builtin.file:
    path: "{{ openssl_key_directory }}"
    state: directory
    mode: "750"
    owner: "{{ openssl_file_owner }}"
    group: "{{ openssl_file_group }}"

- name: Create csr directory
  ansible.builtin.file:
    path: "{{ openssl_csr_directory }}"
    state: directory
    mode: "755"
    owner: "{{ openssl_file_owner }}"
    group: "{{ openssl_file_group }}"

- name: Create crt directory
  ansible.builtin.file:
    path: "{{ openssl_crt_directory }}"
    state: directory
    mode: "755"
    owner: "{{ openssl_file_owner }}"
    group: "{{ openssl_file_group }}"

- name: Include create.yml
  ansible.builtin.include_tasks:
    file: create.yml
  loop: "{{ openssl_items }}"
  loop_control:
    label: "{{ item.name }}"
  when:
    - openssl_items is defined
    - openssl_items | length > 0


Total input tokens: 814
___________________________________________LLM Output:___________________________________________ 
Below you will receive task descriptions from which you should generate an Ansible Playbook.  
The generated playbook must be valid inside an Ansible Role under the tasks/ directory (e.g., tasks/main.yml).  
Do not include hosts:, vars:, or any playbook-level headers. Only output valid task entries or blocks as expected in a role.  

Task 1: Check if python is installed
Description Task 1: Use the command module to check if python is installed on the system. Store the result in the variable python_executable.

Task 2: Check if python3 is installed
Description Task 2: Use the command module to check if python3 is installed on the system. Store the result in the variable python3_executable.

Task 3: Debug Python executable path
Description Task 3: Use the debug module to print the path to the python executable. Use the variable python_executable.stdout.

Task 4: Debug Python3 executable path
Description Task 4: Use the debug module to print the path to the python3 executable. Use the variable python3_executable.stdout.

Task 5: Import assert.yml
Description Task 5: Import the tasks from the assert.yml file. This file is expected to contain assert tasks.

Task 6: Install requirements
Description Task 6: Use the package module to install the required packages. Use the variable openssl_requirements.

Task 7: Ensure packaging is available via dnf
Description Task 7: Use the package module to ensure that packaging is available via dnf.

Task 8: Install pip packages
Description Task 8: Use the pip module to install the required pip packages. Use the variable openssl_pip_packages.

Task 9: Create key directory
Description Task 9: Use the file module to create a directory for storing keys. Use the variables openssl_key_directory, openssl_file_owner, and openssl_file_group.

Task 10: Create csr directory
Description Task 10: Use the file module to create a directory for storing csr. Use the variables openssl_csr_directory, openssl_file_owner, and openssl_file_group.

Task 11: Create crt directory
Description Task 11: Use the file module to create a directory for storing crt. Use the variables openssl_crt_directory, openssl_file_owner, and openssl_file_group.

Task 12: Include create.yml
Description Task 12: Use the include_tasks module to include the tasks from the create.yml file. Use a loop to iterate over the items in the openssl_items variable. Use the variable item.name as the label for each iteration.

Tue Sep 30 16:12:54 2025: /home/studgoetsi5301/documents/ansible_bench/dataset/prompts/ollama_granite-code:20b_english_exact/benchmark100/ansible-role-openssl/tasks/main_prompt.txt Total generation time: 12.161988480991567


Prompt: You are a professional developer. Below you will find a complete Ansible Playbook. This playbook was generated based on a prompt. Your task is to reconstruct the original prompt that could have been used to generate this playbook.

Important: The only output follows the format below. Do not include any explanations or comments before or after.

The reconstructed prompt must exactly follow the structure below:

"Below you will receive task descriptions from which you should generate an Ansible Playbook.  
The generated playbook must be valid inside an Ansible Role under the tasks/ directory (e.g., tasks/main.yml).  
Do not include hosts:, vars:, or any playbook-level headers. Only output valid task entries or blocks as expected in a role.  

Task 1: ...
Description Task 1: ...

Task 2: ...
Description Task 2: ...

Task 3: ...
Description Task 3: ...
..."

Guidelines:
- Each task should be short and clearly describe one specific action.
- The tasks must match the actual tasks in the playbook **both in content and order**.
- Use the exact terminology and labels as used in the playbook (e.g., “install nginx” instead of “install web server”).
- Provide a more detailed description of the task next to each task
- Include the exact names of variables, handlers, etc. used in the playbook.

Here is the Ansible Playbook:
---

- name: group | Manage group {{ group.name }}
  ansible.builtin.group:
    name: "{{ group.name }}"
    state: "{{ group.state | default('present') }}"
    gid: "{{ group.gid | default(omit) }}"
    system: "{{ group.system | default(omit) }}"

- name: group | Set sudo options for group {{ group.name }}
  ansible.builtin.template:
    src: sudo_group.j2
    dest: '/etc/sudoers.d/{{ group.name | replace(".", "dot") }}'
    mode: "0640"
    validate: /usr/sbin/visudo -cf %s
  when:
    - group.sudo_options is defined
  loop_control:
    label: "{{ group.name }}"


Total input tokens: 492
___________________________________________LLM Output:___________________________________________ 
Below you will receive task descriptions from which you should generate an Ansible Playbook.  
The generated playbook must be valid inside an Ansible Role under the tasks/ directory (e.g., tasks/main.yml).  
Do not include hosts:, vars:, or any playbook-level headers. Only output valid task entries or blocks as expected in a role.  

Task 1: Ensure group {{ group.name }} exists
Description Task 1: Ensure group {{ group.name }} exists using the module ansible.builtin.group.

Task 2: Ensure sudo options for group {{ group.name }} are configured
Description Task 2: Ensure sudo options for group {{ group.name }} are configured using the module ansible.builtin.template. 52%|█████▏    | 52/100 [04:19<04:32,  5.67s/it]

Tue Sep 30 16:12:57 2025: /home/studgoetsi5301/documents/ansible_bench/dataset/prompts/ollama_granite-code:20b_english_exact/benchmark100/ansible-role-users/tasks/group_prompt.txt Total generation time: 2.9452124739909777


Prompt: You are a professional developer. Below you will find a complete Ansible Playbook. This playbook was generated based on a prompt. Your task is to reconstruct the original prompt that could have been used to generate this playbook.

Important: The only output follows the format below. Do not include any explanations or comments before or after.

The reconstructed prompt must exactly follow the structure below:

"Below you will receive task descriptions from which you should generate an Ansible Playbook.  
The generated playbook must be valid inside an Ansible Role under the tasks/ directory (e.g., tasks/main.yml).  
Do not include hosts:, vars:, or any playbook-level headers. Only output valid task entries or blocks as expected in a role.  

Task 1: ...
Description Task 1: ...

Task 2: ...
Description Task 2: ...

Task 3: ...
Description Task 3: ...
..."

Guidelines:
- Each task should be short and clearly describe one specific action.
- The tasks must match the actual tasks in the playbook **both in content and order**.
- Use the exact terminology and labels as used in the playbook (e.g., “install nginx” instead of “install web server”).
- Provide a more detailed description of the task next to each task
- Include the exact names of variables, handlers, etc. used in the playbook.

Here is the Ansible Playbook:
---

- name: user | Create local ssh_key_directory for {{ user.name }}
  ansible.builtin.file:
    path: "{{ users_ssh_key_directory }}"
    state: directory
    mode: "0750"
  when:
    - user.manage_ssh_key is defined
    - user.manage_ssh_key
  delegate_to: localhost
  become: false

- name: user | Manage user {{ user.name }}
  ansible.builtin.user:
    name: "{{ user.name }}"
    state: "{{ user.state | default('present') }}"
    comment: "{{ user.comment | default(omit) }}"
    create_home: "{{ users_create_home }}"
    password: "{{ user.password | default(omit) }}"
    password_lock: "{{ user.password_lock | default(omit) }}"
    uid: "{{ user.uid | default(omit) }}"
    group: "{{ user.group | default(omit) }}"
    groups: "{{ user.groups | default([]) | join(',') or omit }}"
    home: "{{ user.home | default(omit) }}"
    shell: "{{ user.shell | default(users_shell) }}"
    update_password: "{{ user.update_password | default(omit) }}"
    expires: "{{ user.expires | default(omit) }}"
    system: "{{ user.system | default(omit) }}"
  register: users_manage_user

- name: user | Set sudo options for {{ user.name }}
  ansible.builtin.template:
    src: sudo.j2
    dest: '/etc/sudoers.d/{{ user.name | replace(".", "dot") }}'
    mode: "0640"
    validate: /usr/sbin/visudo --check --file %s
  when:
    - user.sudo_options is defined
  loop_control:
    label: "{{ user.name }}"

- name: user | Remove sudo options for {{ user.name }}
  ansible.builtin.file:
    path: '/etc/sudoers.d/{{ user.name | replace(".", "dot") }}'
    state: absent
  when:
    - user.sudo_options is not defined
  loop_control:
    label: "{{ user.name }}"

- name: user | Generate private ssh key for {{ user.name }}
  ansible.builtin.command:
    cmd: "{{ users_ssh_keygen_command }}"
    creates: "{{ users_ssh_key_directory }}/{{ user.name }}"
  when:
    - user.manage_ssh_key is defined
    - user.manage_ssh_key
  loop_control:
    label: "{{ user.name }}"
  delegate_to: localhost
  become: false

- name: user | Generate public ssh key for {{ user.name }}
  ansible.builtin.shell:
    cmd: "{{ users_ssh_keygen_pubkey_command }} > {{ users_ssh_key_directory }}/{{ user.name }}.pub"
    creates: "{{ users_ssh_key_directory }}/{{ user.name }}.pub"
  when:
    - user.manage_ssh_key is defined
    - user.manage_ssh_key
  loop_control:
    label: "{{ user.name }}"
  delegate_to: localhost
  become: false

- name: user | Convert ssh key to ppk for {{ user.name }}
  ansible.builtin.shell:
    cmd: >
      ssh-keygen -e -f "{{ users_ssh_key_directory }}/{{ user.name }}"
      -C "Generated by Ansible role robertdebock.users"
      > "{{ users_ssh_key_directory }}/{{ user.name }}.ppk"
    creates: "{{ users_ssh_key_directory }}/{{ user.name }}.ppk"
  when:
    - user.manage_ssh_key is defined
    - user.manage_ssh_key
  delegate_to: localhost
  become: false

- name: user | Get or set the home directory for {{ user.name }}
  block:
    - name: user | Get system users data for {{ user.name }}
      ansible.builtin.getent:
        database: passwd
        key: "{{ user.name }}"
        split: ":"

    - name: user | Set base home directory to {{ getent_passwd[user.name][4] | dirname }}
      ansible.builtin.set_fact:
        users_home_base_dir: "{{ getent_passwd[user.name][4] | dirname }}"

  rescue:
    - name: user | User not found, using /home
      ansible.builtin.set_fact:
        users_home_base_dir: "/home"

- name: user | Create .ssh directory for {{ user.name }}
  ansible.builtin.file:
    path: "{{ users_home_base_dir }}/{{ user.name }}/.ssh"
    state: directory
    mode: "0700"
  become: true
  become_user: "{{ user.name }}"
  when:
    - (user.manage_ssh_key is defined and user.manage_ssh_key)
      or user.private_keys is defined

- name: user | Deploy authorized keys for {{ user.name }}
  ansible.posix.authorized_key:
    user: "{{ user.name }}"
    state: present
    key: "{{ item }}"
  loop: "{{ user.authorized_keys }}"
  loop_control:
    label: "{{ user.name }}"
  when:
    - user.authorized_keys is defined

- name: user | Remove unauthorized keys for {{ user.name }}
  ansible.posix.authorized_key:
    user: "{{ user.name }}"
    state: absent
    key: "{{ item }}"
  loop: "{{ user.unauthorized_keys }}"
  loop_control:
    label: "{{ user.name }}"
  when:
    - user.unauthorized_keys is defined

- name: user | Copy generated private ssh key for {{ user.name }}
  ansible.builtin.copy:
    src: "{{ users_ssh_key_directory }}/{{ user.name }}"
    dest: "{{ users_home_base_dir }}/{{ user.name }}/.ssh/id_rsa"
    mode: "400"
    owner: "{{ user.name }}"
    group: "{{ user.group | default(omit) }}"
  when:
    - users_manage_user is defined
    - user.copy_private_key is defined
    - user.copy_private_key
  loop_control:
    label: "{{ user.name }}"

- name: user | Check users password valid time for {{ user.name }}
  ansible.builtin.command:
    cmd: 'awk ''BEGIN { FS = ":" } $1 == "{{ user.name }}" { print $5 }'' /etc/shadow'
  register: users_pw_valid
  changed_when: false
  check_mode: false
  when:
    - user.state is defined and user.state != "absent" or
      user.state is not defined

- name: user | Set users password valid time for {{ user.name }}
  ansible.builtin.command:
    cmd: chage -M "{{ user.password_validity_days }}" "{{ user.name }}"
  when:
    - user.password_validity_days is defined
    - users_pw_valid.stdout is defined
    - users_pw_valid.stdout | int !=  user.password_validity_days | int
  changed_when: true

- name: user | Place private key file for {{ user.name }}
  ansible.builtin.copy:
    content: "{{ item.content }}"
    dest: "{{ users_home_base_dir }}/{{ user.name }}/.ssh/{{ item.name }}"
    mode: "400"
    owner: "{{ user.name }}"
    group: "{{ user.group | default(omit) }}"
  when:
    - user.private_keys is defined
  loop: "{{ user.private_keys }}"
  loop_control:
    label: "{{ item.name }}"


Total input tokens: 2050
___________________________________________LLM Output:___________________________________________ 
Below you will receive task descriptions from which you should generate an Ansible Playbook.
The generated playbook must be valid inside an Ansible Role under the tasks/ directory (e.g., tasks/main.yml).
Do not include hosts:, vars:, or any playbook-level headers. Only output valid task entries or blocks as expected in a role.

Task 1: Create local ssh_key_directory for {{ user.name }}
Description Task 1: Create the directory {{ users_ssh_key_directory }} with mode 0750.

Task 2: Manage user {{ user.name }}
Description Task 2: Ensure user {{ user.name }} is present with the specified attributes.

Task 3: Set sudo options for {{ user.name }}
Description Task 3: Template a sudoers.d file for the user {{ user.name }} with the specified sudo_options.

Task 4: Remove sudo options for {{ user.name }}
Description Task 4: Remove the sudoers.d file for the user {{ user.name }} if sudo_options is not defined.

Task 5: Generate private ssh key for {{ user.name }}
Description Task 5: Generate a private ssh key for the user {{ user.name }} using the specified ssh_keygen_command.

Task 6: Generate public ssh key for {{ user.name }}
Description Task 6: Generate a public ssh key for the user {{ user.name }} using the specified ssh_keygen_pubkey_command.

Task 7: Convert ssh key to ppk for {{ user.name }}
Description Task 7: Convert the ssh key for the user {{ user.name }} to ppk format using the specified ssh_keygen_pubkey_command.

Task 8: Get or set the home directory for {{ user.name }}
Description Task 8: Use getent to retrieve system users data for the user {{ user.name }} and set the base home directory accordingly.

Task 9: Create .ssh directory for {{ user.name }}
Description Task 9: Ensure the .ssh directory for the user {{ user.name }} exists with the specified mode.

Task 10: Deploy authorized keys for {{ user.name }}
Description Task 10: Ensure the specified authorized keys are deployed for the user {{ user.name }}.

Task 11: Remove unauthorized keys for {{ user.name }}
Description Task 11: Ensure the specified unauthorized keys are removed for the user {{ user.name }}.

Task 12: Copy generated private ssh key for {{ user.name }}
Description Task 12: Copy the generated private ssh key for the user {{ user.name }} to the specified destination.

Task 13: Check users password valid time for {{ user.name }}
Description Task 13: Check the password validity time for the user {{ user.name }} using the awk command.

Task 14: Set users password valid time for {{ user.name }}
Description Task 14: Set the password validity time for the user {{ user.name }} using the chage command.

Task 15: Place private key file for {{ user.name }}
Description Task 15: Place the specified private key file for the user {{ user.name }} in the .ssh directory. 53%|█████▎    | 53/100 [04:37<07:20,  9.37s/it] 54%|█████▍    | 54/100 [04:44<06:51,  8.94s/it] 55%|█████▌    | 55/100 [04:46<05:06,  6.81s/it]

Tue Sep 30 16:13:15 2025: /home/studgoetsi5301/documents/ansible_bench/dataset/prompts/ollama_granite-code:20b_english_exact/benchmark100/ansible-role-users/tasks/user_prompt.txt Total generation time: 18.001896364003187


Prompt: You are a professional developer. Below you will find a complete Ansible Playbook. This playbook was generated based on a prompt. Your task is to reconstruct the original prompt that could have been used to generate this playbook.

Important: The only output follows the format below. Do not include any explanations or comments before or after.

The reconstructed prompt must exactly follow the structure below:

"Below you will receive task descriptions from which you should generate an Ansible Playbook.  
The generated playbook must be valid inside an Ansible Role under the tasks/ directory (e.g., tasks/main.yml).  
Do not include hosts:, vars:, or any playbook-level headers. Only output valid task entries or blocks as expected in a role.  

Task 1: ...
Description Task 1: ...

Task 2: ...
Description Task 2: ...

Task 3: ...
Description Task 3: ...
..."

Guidelines:
- Each task should be short and clearly describe one specific action.
- The tasks must match the actual tasks in the playbook **both in content and order**.
- Use the exact terminology and labels as used in the playbook (e.g., “install nginx” instead of “install web server”).
- Provide a more detailed description of the task next to each task
- Include the exact names of variables, handlers, etc. used in the playbook.

Here is the Ansible Playbook:
---
# tasks file for users

- name: Import assert.yml
  ansible.builtin.import_tasks:
    file: assert.yml
  run_once: true
  delegate_to: localhost

- name: Install required software
  ansible.builtin.package:
    name: "{{ users_requirements }}"
    state: present
  when: (users_requirements | length) > 0

- name: Loop over users_groups
  ansible.builtin.include_tasks:
    file: group.yml
  loop: "{{ users_groups }}"
  loop_control:
    label: "{{ group.name }}"
    loop_var: group
  when:
    - users_groups is defined

- name: Ensure the /etc/sudoers.d directory is included
  ansible.builtin.lineinfile:
    path: /etc/sudoers
    line: "{{ users_sudo_includedir }}"
    regexp: "^(@|#)includedir"
    validate: "visudo --check --file %s"

- name: Loop over users
  ansible.builtin.include_tasks:
    file: user.yml
  loop: "{{ users }}"
  loop_control:
    label: "{{ user.name }}"
    loop_var: user
  when:
    - users is defined

- name: Manage cron permission
  ansible.builtin.template:
    src: cron.allow.j2
    dest: /etc/cron.allow
    mode: "0644"
  when:
    - users_cron_allow

- name: Check existence of /etc/cron.allow
  ansible.builtin.file:
    path: /etc/cron.allow
    state: absent
  when:
    - not users_cron_allow


Total input tokens: 686
___________________________________________LLM Output:___________________________________________ 
Below you will receive task descriptions from which you should generate an Ansible Playbook.
The generated playbook must be valid inside an Ansible Role under the tasks/ directory (e.g., tasks/main.yml).
Do not include hosts:, vars:, or any playbook-level headers. Only output valid task entries or blocks as expected in a role.

Task 1: Install required software
Description Task 1: This task installs the required software based on the users_requirements variable.

Task 2: Loop over users_groups
Description Task 2: This task loops over the users_groups variable and includes the group.yml file for each group. It uses the group.name as the label for the loop.

Task 3: Ensure the /etc/sudoers.d directory is included
Description Task 3: This task ensures that the /etc/sudoers.d directory is included in the /etc/sudoers file based on the users_sudo_includedir variable. It uses the regexp "^(@|#)includedir" to check if the line is already present and the validate parameter to validate the file with visudo.

Task 4: Loop over users
Description Task 4: This task loops over the users variable and includes the user.yml file for each user. It uses the user.name as the label for the loop.

Task 5: Manage cron permission
Description Task 5: This task manages the cron permission by templating the cron.allow.j2 file to /etc/cron.allow and setting the mode to "0644" based on the users_cron_allow variable.

Task 6: Check existence of /etc/cron.allow
Description Task 6: This task checks the existence of /etc/cron.allow and removes it if the users_cron_allow variable is false.

Tue Sep 30 16:13:23 2025: /home/studgoetsi5301/documents/ansible_bench/dataset/prompts/ollama_granite-code:20b_english_exact/benchmark100/ansible-role-users/tasks/main_prompt.txt Total generation time: 7.924679468997056


Prompt: You are a professional developer. Below you will find a complete Ansible Playbook. This playbook was generated based on a prompt. Your task is to reconstruct the original prompt that could have been used to generate this playbook.

Important: The only output follows the format below. Do not include any explanations or comments before or after.

The reconstructed prompt must exactly follow the structure below:

"Below you will receive task descriptions from which you should generate an Ansible Playbook.  
The generated playbook must be valid inside an Ansible Role under the tasks/ directory (e.g., tasks/main.yml).  
Do not include hosts:, vars:, or any playbook-level headers. Only output valid task entries or blocks as expected in a role.  

Task 1: ...
Description Task 1: ...

Task 2: ...
Description Task 2: ...

Task 3: ...
Description Task 3: ...
..."

Guidelines:
- Each task should be short and clearly describe one specific action.
- The tasks must match the actual tasks in the playbook **both in content and order**.
- Use the exact terminology and labels as used in the playbook (e.g., “install nginx” instead of “install web server”).
- Provide a more detailed description of the task next to each task
- Include the exact names of variables, handlers, etc. used in the playbook.

Here is the Ansible Playbook:
---
# tasks file for ca_certificates

- name: Install ca_certificates
  ansible.builtin.package:
    name: "{{ ca_certificates_packages }}"
    state: present


Total input tokens: 359
___________________________________________LLM Output:___________________________________________ 
Below you will receive task descriptions from which you should generate an Ansible Playbook.  
The generated playbook must be valid inside an Ansible Role under the tasks/ directory (e.g., tasks/main.yml).  
Do not include hosts:, vars:, or any playbook-level headers. Only output valid task entries or blocks as expected in a role.  

Task 1: Install ca_certificates
Description Task 1: Install ca_certificates

Tue Sep 30 16:13:25 2025: /home/studgoetsi5301/documents/ansible_bench/dataset/prompts/ollama_granite-code:20b_english_exact/benchmark100/ansible-role-ca_certificates/tasks/main_prompt.txt Total generation time: 1.857139327999903


Prompt: You are a professional developer. Below you will find a complete Ansible Playbook. This playbook was generated based on a prompt. Your task is to reconstruct the original prompt that could have been used to generate this playbook.

Important: The only output follows the format below. Do not include any explanations or comments before or after.

The reconstructed prompt must exactly follow the structure below:

"Below you will receive task descriptions from which you should generate an Ansible Playbook.  
The generated playbook must be valid inside an Ansible Role under the tasks/ directory (e.g., tasks/main.yml).  
Do not include hosts:, vars:, or any playbook-level headers. Only output valid task entries or blocks as expected in a role.  

Task 1: ...
Description Task 1: ...

Task 2: ...
Description Task 2: ...

Task 3: ...
Description Task 3: ...
..."

Guidelines:
- Each task should be short and clearly describe one specific action.
- The tasks must match the actual tasks in the playbook **both in content and order**.
- Use the exact terminology and labels as used in the playbook (e.g., “install nginx” instead of “install web server”).
- Provide a more detailed description of the task next to each task
- Include the exact names of variables, handlers, etc. used in the playbook.

Here is the Ansible Playbook:
---

- name: locations | Enable modules
  community.general.apache2_module:
    name: "{{ item }}"
    state: present
  loop:
    - proxy
    - proxy_http
  when:
    - ansible_os_family in [ "Debian", "Suse" ]

- name: locations | Configure locations
  ansible.builtin.template:
    src: location.conf.j2
    dest: "{{ httpd_config_directory }}/{{ item.name }}.conf"
    mode: "0644"
  loop: "{{ httpd_locations }}"
  loop_control:
    label: "{{ item.name }}"
  notify:
    - Test httpd configuration validity
    - Restart httpd

 56%|█████▌    | 56/100 [04:49<04:00,  5.47s/it] 57%|█████▋    | 57/100 [04:51<03:15,  4.54s/it]
Total input tokens: 472
___________________________________________LLM Output:___________________________________________ 
Below you will receive task descriptions from which you should generate an Ansible Playbook.
The generated playbook must be valid inside an Ansible Role under the tasks/ directory (e.g., tasks/main.yml).
Do not include hosts:, vars:, or any playbook-level headers. Only output valid task entries or blocks as expected in a role.

Task 1: community.general.apache2_module
Description Task 1: Enable modules

Task 2: ansible.builtin.template
Description Task 2: Configure locations

Tue Sep 30 16:13:27 2025: /home/studgoetsi5301/documents/ansible_bench/dataset/prompts/ollama_granite-code:20b_english_exact/benchmark100/ansible-role-httpd-buluma/tasks/locations_prompt.txt Total generation time: 2.3260819769930094


Prompt: You are a professional developer. Below you will find a complete Ansible Playbook. This playbook was generated based on a prompt. Your task is to reconstruct the original prompt that could have been used to generate this playbook.

Important: The only output follows the format below. Do not include any explanations or comments before or after.

The reconstructed prompt must exactly follow the structure below:

"Below you will receive task descriptions from which you should generate an Ansible Playbook.  
The generated playbook must be valid inside an Ansible Role under the tasks/ directory (e.g., tasks/main.yml).  
Do not include hosts:, vars:, or any playbook-level headers. Only output valid task entries or blocks as expected in a role.  

Task 1: ...
Description Task 1: ...

Task 2: ...
Description Task 2: ...

Task 3: ...
Description Task 3: ...
..."

Guidelines:
- Each task should be short and clearly describe one specific action.
- The tasks must match the actual tasks in the playbook **both in content and order**.
- Use the exact terminology and labels as used in the playbook (e.g., “install nginx” instead of “install web server”).
- Provide a more detailed description of the task next to each task
- Include the exact names of variables, handlers, etc. used in the playbook.

Here is the Ansible Playbook:
---

- name: directories | Create directories
  ansible.builtin.file:
    path: "{{ item.path }}"
    state: directory
    mode: "0755"
  loop: "{{ httpd_directories }}"
  loop_control:
    label: "{{ item.path }}"

- name: directories | Configure directories
  ansible.builtin.template:
    src: directory.conf.j2
    dest: "{{ httpd_config_directory }}/{{ item.name }}.conf"
    mode: "0644"
  loop: "{{ httpd_directories }}"
  loop_control:
    label: "{{ item.name }}"
  notify:
    - Test httpd configuration validity
    - Restart httpd


Total input tokens: 470
___________________________________________LLM Output:___________________________________________ 
Below you will receive task descriptions from which you should generate an Ansible Playbook.
The generated playbook must be valid inside an Ansible Role under the tasks/ directory (e.g., tasks/main.yml).
Do not include hosts:, vars:, or any playbook-level headers. Only output valid task entries or blocks as expected in a role.

Task 1: Create directories
Description Task 1: This task creates directories using the file module.

Task 2: Configure directories
Description Task 2: This task configures directories using the template module.

Tue Sep 30 16:13:30 2025: /home/studgoetsi5301/documents/ansible_bench/dataset/prompts/ollama_granite-code:20b_english_exact/benchmark100/ansible-role-httpd-buluma/tasks/directories_prompt.txt Total generation time: 2.388648716994794


Prompt: You are a professional developer. Below you will find a complete Ansible Playbook. This playbook was generated based on a prompt. Your task is to reconstruct the original prompt that could have been used to generate this playbook.

Important: The only output follows the format below. Do not include any explanations or comments before or after.

The reconstructed prompt must exactly follow the structure below:

"Below you will receive task descriptions from which you should generate an Ansible Playbook.  
The generated playbook must be valid inside an Ansible Role under the tasks/ directory (e.g., tasks/main.yml).  
Do not include hosts:, vars:, or any playbook-level headers. Only output valid task entries or blocks as expected in a role.  

Task 1: ...
Description Task 1: ...

Task 2: ...
Description Task 2: ...

Task 3: ...
Description Task 3: ...
..."

Guidelines:
- Each task should be short and clearly describe one specific action.
- The tasks must match the actual tasks in the playbook **both in content and order**.
- Use the exact terminology and labels as used in the playbook (e.g., “install nginx” instead of “install web server”).
- Provide a more detailed description of the task next to each task
- Include the exact names of variables, handlers, etc. used in the playbook.

Here is the Ansible Playbook:
---
# tasks file for httpd

- name: Import assert.yml
  ansible.builtin.import_tasks:
    file: assert.yml
  run_once: true
  delegate_to: localhost

- name: Install apache httpd
  ansible.builtin.package:
    name: "{{ httpd_packages }}"
    state: present

- name: Configure selinux
  when:
    - ansible_selinux.status is defined
    - ansible_selinux.status == "enabled"
  block:
    - name: Modify selinux settings
      ansible.posix.seboolean:
        name: "{{ item }}"
        state: true
        persistent: true
      when:
        - ansible_selinux.status is defined
        - ansible_selinux.status == "enabled"
      loop: "{{ httpd_sebooleans }}"

    - name: Allow connections to custom port
      community.general.seport:
        ports: "{{ item }}"
        proto: tcp
        setype: http_port_t
        state: present
      loop:
        - "{{ httpd_port }}"
        - "{{ httpd_ssl_port | default(omit) }}"

- name: Configure httpd
  ansible.builtin.template:
    src: "{{ httpd_config_src }}"
    dest: "{{ httpd_config_dest }}"
    mode: "0644"
  notify:
    - Test httpd configuration validity
    - Restart httpd

- name: Activate httpd module | Debian
  ansible.builtin.command:
    cmd: "a2enmod {{ item }}"
  changed_when: false
  loop: "{{ httpd_modules_to_activate_with_command }}"
  when:
    - ansible_os_family == 'Debian'
  notify:
    - Test httpd configuration validity

- name: Import ssl.yml
  ansible.builtin.import_tasks:
    file: ssl.yml
  when:
    - https_ssl_enable

- name: Import locations.yml
  ansible.builtin.import_tasks:
    file: locations.yml
  when:
    - httpd_locations is defined

- name: Import vhosts.yml
  ansible.builtin.import_tasks:
    file: vhosts.yml
  when:
    - httpd_vhosts is defined

- name: Configure ports
  ansible.builtin.template:
    src: "{{ httpd_ports_conf }}.j2"
    dest: "{{ httpd_server_root }}/{{ httpd_ports_conf }}"
    mode: "0644"
  notify:
    - Test httpd configuration validity
    - Restart httpd
  when:
    - ansible_os_family in [ "Debian", "Suse" ]

- name: Import directories.yml
  ansible.builtin.import_tasks:
    file: directories.yml
  when:
    - httpd_directories is defined

- name: Flush handlers
  ansible.builtin.meta: flush_handlers

- name: Removing default html
  ansible.builtin.file:
    path: "{{ httpd_data_directory }}/index.html"
    state: absent
  when:
    - httpd_remove_example

- name: Start and enable httpd
  ansible.builtin.service:
    name: "{{ httpd_service }}"
    state: started
    enabled: true


Total input tokens: 1030
___________________________________________LLM Output:___________________________________________ 
Below you will receive task descriptions from which you should generate an Ansible Playbook.  
The generated playbook must be valid inside an Ansible Role under the tasks/ directory (e.g., tasks/main.yml).  
Do not include hosts:, vars:, or any playbook-level headers. Only output valid task entries or blocks as expected in a role.  

Task 1: Import assert.yml
Description Task 1: Import the assert.yml file

Task 2: Install apache httpd
Description Task 2: Install the Apache HTTPD server

Task 3: Configure selinux
Description Task 3: Configure SELinux settings

Task 4: Configure httpd
Description Task 4: Configure the Apache HTTPD server using a template

Task 5: Activate httpd module | Debian
Description Task 5: Activate the HTTPD module on Debian systems

Task 6: Import ssl.yml
Description Task 6: Import the SSL configuration tasks

Task 7: Import locations.yml
Description Task 7: Import the location configuration tasks

Task 8: Import vhosts.yml
Description Task 8: Import the virtual host configuration tasks

Task 9: Configure ports
Description Task 9: Configure the ports for the HTTPD server

Task 10: Import directories.yml
Description Task 10: Import the directory configuration tasks

Task 11: Flush handlers
Description Task 11: Flush the handlers to apply any pending changes

Task 12: Removing default html
Description Task 12: Remove the default HTML file from the HTTPD server

Task 13: Start and enable httpd
Description Task 13: Start and enable the HTTPD server 58%|█████▊    | 58/100 [04:59<03:55,  5.61s/it] 59%|█████▉    | 59/100 [05:05<03:56,  5.78s/it] 60%|██████    | 60/100 [05:08<03:18,  4.95s/it]

Tue Sep 30 16:13:38 2025: /home/studgoetsi5301/documents/ansible_bench/dataset/prompts/ollama_granite-code:20b_english_exact/benchmark100/ansible-role-httpd-buluma/tasks/main_prompt.txt Total generation time: 8.11358334599936


Prompt: You are a professional developer. Below you will find a complete Ansible Playbook. This playbook was generated based on a prompt. Your task is to reconstruct the original prompt that could have been used to generate this playbook.

Important: The only output follows the format below. Do not include any explanations or comments before or after.

The reconstructed prompt must exactly follow the structure below:

"Below you will receive task descriptions from which you should generate an Ansible Playbook.  
The generated playbook must be valid inside an Ansible Role under the tasks/ directory (e.g., tasks/main.yml).  
Do not include hosts:, vars:, or any playbook-level headers. Only output valid task entries or blocks as expected in a role.  

Task 1: ...
Description Task 1: ...

Task 2: ...
Description Task 2: ...

Task 3: ...
Description Task 3: ...
..."

Guidelines:
- Each task should be short and clearly describe one specific action.
- The tasks must match the actual tasks in the playbook **both in content and order**.
- Use the exact terminology and labels as used in the playbook (e.g., “install nginx” instead of “install web server”).
- Provide a more detailed description of the task next to each task
- Include the exact names of variables, handlers, etc. used in the playbook.

Here is the Ansible Playbook:
---
- name: vhosts | Create docroot
  ansible.builtin.file:
    path: "{{ item.documentroot }}"
    state: directory
    mode: "0755"
  loop: "{{ httpd_vhosts }}"
  loop_control:
    label: "{{ item.name }}"
  when:
    - httpd_vhosts is defined
    - item.documentroot is defined
    - item.create_docroot is not defined or item.create_docroot

- name: vhosts | Configure vhosts
  ansible.builtin.template:
    src: "{{ vhost_conf_template }}"
    dest: "{{ httpd_vhosts_directory }}/{{ item.name }}.conf"
    mode: "0644"
  loop: "{{ httpd_vhosts }}"
  loop_control:
    label: "{{ item.name }}"
  notify:
    - Test httpd configuration validity
    - Restart httpd


Total input tokens: 517
___________________________________________LLM Output:___________________________________________ 
Below you will receive task descriptions from which you should generate an Ansible Playbook.  
The generated playbook must be valid inside an Ansible Role under the tasks/ directory (e.g., tasks/main.yml).  
Do not include hosts:, vars:, or any playbook-level headers. Only output valid task entries or blocks as expected in a role.  

Task 1: Create docroot directory for each virtual host
Description Task 1: Use the 'file' module to create the directory specified by the 'documentroot' variable for each virtual host defined in the 'httpd_vhosts' variable. Set the mode to '0755'. Only create the directory if the 'create_docroot' variable is not defined or if it is set to true for each virtual host. Use a loop and loop_control to iterate over the 'httpd_vhosts' variable and set a label for each task.

Task 2: Configure virtual host settings
Description Task 2: Use the 'template' module to generate the configuration file for each virtual host based on the template specified by the 'vhost_conf_template' variable. Set the destination to the 'httpd_vhosts_directory' with the virtual host name appended to the filename. Set the mode to '0644'. Use a loop and loop_control to iterate over the 'httpd_vhosts' variable and set a label for each task. Trigger the 'Test httpd configuration validity' handler and the 'Restart httpd' handler when the task is changed.

Tue Sep 30 16:13:44 2025: /home/studgoetsi5301/documents/ansible_bench/dataset/prompts/ollama_granite-code:20b_english_exact/benchmark100/ansible-role-httpd-buluma/tasks/vhosts_prompt.txt Total generation time: 6.15634969099483


Prompt: You are a professional developer. Below you will find a complete Ansible Playbook. This playbook was generated based on a prompt. Your task is to reconstruct the original prompt that could have been used to generate this playbook.

Important: The only output follows the format below. Do not include any explanations or comments before or after.

The reconstructed prompt must exactly follow the structure below:

"Below you will receive task descriptions from which you should generate an Ansible Playbook.  
The generated playbook must be valid inside an Ansible Role under the tasks/ directory (e.g., tasks/main.yml).  
Do not include hosts:, vars:, or any playbook-level headers. Only output valid task entries or blocks as expected in a role.  

Task 1: ...
Description Task 1: ...

Task 2: ...
Description Task 2: ...

Task 3: ...
Description Task 3: ...
..."

Guidelines:
- Each task should be short and clearly describe one specific action.
- The tasks must match the actual tasks in the playbook **both in content and order**.
- Use the exact terminology and labels as used in the playbook (e.g., “install nginx” instead of “install web server”).
- Provide a more detailed description of the task next to each task
- Include the exact names of variables, handlers, etc. used in the playbook.

Here is the Ansible Playbook:
---
- name: ssl | Install ssl packages
  ansible.builtin.package:
    name: "{{ httpd_ssl_packages }}"
    state: present

- name: ssl | Place configuration
  ansible.builtin.template:
    src: ssl.conf.j2
    dest: "{{ httpd_config_directory }}/ssl.conf"
    mode: "0644"
  notify:
    - Test httpd configuration validity
    - Restart httpd

- name: ssl | Configure redirect from http to https
  ansible.builtin.template:
    src: default_vhost.conf.j2
    dest: "{{ httpd_config_directory }}/{{ default_vhost_conf }}"
    mode: "0644"
  notify:
    - Test httpd configuration validity
    - Restart httpd


Total input tokens: 491
___________________________________________LLM Output:___________________________________________ 
Below you will receive task descriptions from which you should generate an Ansible Playbook.  
The generated playbook must be valid inside an Ansible Role under the tasks/ directory (e.g., tasks/main.yml).  
Do not include hosts:, vars:, or any playbook-level headers. Only output valid task entries or blocks as expected in a role.  

Task 1: Install ssl packages
Description Task 1: Ensure the required SSL packages are installed

Task 2: Place configuration
Description Task 2: Place the SSL configuration file in the appropriate directory

Task 3: Configure redirect from http to https
Description Task 3: Configure the default virtual host to redirect HTTP requests to HTTPS

Tue Sep 30 16:13:47 2025: /home/studgoetsi5301/documents/ansible_bench/dataset/prompts/ollama_granite-code:20b_english_exact/benchmark100/ansible-role-httpd-buluma/tasks/ssl_prompt.txt Total generation time: 3.0197469359991373


Prompt: You are a professional developer. Below you will find a complete Ansible Playbook. This playbook was generated based on a prompt. Your task is to reconstruct the original prompt that could have been used to generate this playbook.

Important: The only output follows the format below. Do not include any explanations or comments before or after.

The reconstructed prompt must exactly follow the structure below:

"Below you will receive task descriptions from which you should generate an Ansible Playbook.  
The generated playbook must be valid inside an Ansible Role under the tasks/ directory (e.g., tasks/main.yml).  
Do not include hosts:, vars:, or any playbook-level headers. Only output valid task entries or blocks as expected in a role.  

Task 1: ...
Description Task 1: ...

Task 2: ...
Description Task 2: ...

Task 3: ...
Description Task 3: ...
..."

Guidelines:
- Each task should be short and clearly describe one specific action.
- The tasks must match the actual tasks in the playbook **both in content and order**.
- Use the exact terminology and labels as used in the playbook (e.g., “install nginx” instead of “install web server”).
- Provide a more detailed description of the task next to each task
- Include the exact names of variables, handlers, etc. used in the playbook.

Here is the Ansible Playbook:
---
# tasks file for apt_autostart

- name: Import assert.yml
  ansible.builtin.import_tasks:
    file: assert.yml
  run_once: true
  delegate_to: localhost

- name: Manage automatic service management
  when:
    - ansible_pkg_mgr == "apt"
  block:
    - name: Disable automatic service management on installation
      ansible.builtin.copy:
        dest: /usr/sbin/policy-rc.d
        content: "exit 101"
        mode: "755"
      when:
        - apt_autostart_state == "disabled"

    - name: Enable automatic service management on installation
      ansible.builtin.file:
        path: /usr/sbin/policy-rc.d
        state: absent
      when:
        - apt_autostart_state == "enabled"

 61%|██████    | 61/100 [05:13<03:10,  4.89s/it] 62%|██████▏   | 62/100 [05:17<02:52,  4.55s/it] 63%|██████▎   | 63/100 [05:19<02:22,  3.86s/it]
Total input tokens: 507
___________________________________________LLM Output:___________________________________________ 
Below you will receive task descriptions from which you should generate an Ansible Playbook.  
The generated playbook must be valid inside an Ansible Role under the tasks/ directory (e.g., tasks/main.yml).  
Do not include hosts:, vars:, or any playbook-level headers. Only output valid task entries or blocks as expected in a role.  

Task 1: Import assert.yml
Description Task 1: Import assert.yml

Task 2: Manage automatic service management
Description Task 2: Check if the ansible_pkg_mgr is set to apt and then manage automatic service management based on the apt_autostart_state variable

Task 3: Disable automatic service management on installation
Description Task 3: Use the copy module to create the policy-rc.d file with the content "exit 101" and mode "755" if the apt_autostart_state is set to disabled

Task 4: Enable automatic service management on installation
Description Task 4: Use the file module to remove the policy-rc.d file if the apt_autostart_state is set to enabled

Tue Sep 30 16:13:52 2025: /home/studgoetsi5301/documents/ansible_bench/dataset/prompts/ollama_granite-code:20b_english_exact/benchmark100/ansible-role-apt_autostart/tasks/main_prompt.txt Total generation time: 4.731961758006946


Prompt: You are a professional developer. Below you will find a complete Ansible Playbook. This playbook was generated based on a prompt. Your task is to reconstruct the original prompt that could have been used to generate this playbook.

Important: The only output follows the format below. Do not include any explanations or comments before or after.

The reconstructed prompt must exactly follow the structure below:

"Below you will receive task descriptions from which you should generate an Ansible Playbook.  
The generated playbook must be valid inside an Ansible Role under the tasks/ directory (e.g., tasks/main.yml).  
Do not include hosts:, vars:, or any playbook-level headers. Only output valid task entries or blocks as expected in a role.  

Task 1: ...
Description Task 1: ...

Task 2: ...
Description Task 2: ...

Task 3: ...
Description Task 3: ...
..."

Guidelines:
- Each task should be short and clearly describe one specific action.
- The tasks must match the actual tasks in the playbook **both in content and order**.
- Use the exact terminology and labels as used in the playbook (e.g., “install nginx” instead of “install web server”).
- Provide a more detailed description of the task next to each task
- Include the exact names of variables, handlers, etc. used in the playbook.

Here is the Ansible Playbook:
---

- name: Java | Check if certificates exists
  stat:
    path: "{{ item.java_cert_path }}"
  with_items: "{{ java_certs }}"
  register: check_java_certs

- name: Java | Fail if some cert doesn't exist
  fail:
    msg: "Certificate {{ item.item.java_cert_path }} doesn't exist"
  with_items: "{{ check_java_certs.results }}"
  when: not item.stat.exists

- name: Java | Setting keystore variables in java < 11
  set_fact:
    java_keystore_dir: "{{ java_keystore_dir if java_keystore_dir is defined and java_keystore_dir is not sameas None and java_keystore_dir else java_keystore_dir_old }}"
  when:
    - java_open_jdk_version_major | int < 11

- name: Java | Setting keystore variables in java >= 11
  set_fact:
    java_keystore_dir: "{{ java_keystore_dir if java_keystore_dir is defined and java_keystore_dir is not sameas None and java_keystore_dir else java_keystore_dir_new }}"
  when:
    - java_open_jdk_version_major | int >= 11

- name: Java | Import SSL certificates
  java_cert:
    cert_path: "{{ item.java_cert_path }}"
    keystore_path: "{{ java_open_jdk_home }}/{{ java_keystore_dir }}/cacerts"
    keystore_pass: "{{ java_cert_keystore_pass }}"
    state: present
    cert_alias: "{{ item.java_cert_alias }}"
    keystore_create: true
  with_items: "{{ java_certs }}"


Total input tokens: 702
___________________________________________LLM Output:___________________________________________ 
Below you will receive task descriptions from which you should generate an Ansible Playbook.  
The generated playbook must be valid inside an Ansible Role under the tasks/ directory (e.g., tasks/main.yml).  
Do not include hosts:, vars:, or any playbook-level headers. Only output valid task entries or blocks as expected in a role.  

Task 1: stat
Description Task 1: Check if certificates exists

Task 2: fail
Description Task 2: Fail if some cert doesn't exist

Task 3: set_fact
Description Task 3: Setting keystore variables in java < 11

Task 4: set_fact
Description Task 4: Setting keystore variables in java >= 11

Task 5: java_cert
Description Task 5: Import SSL certificates

Tue Sep 30 16:13:56 2025: /home/studgoetsi5301/documents/ansible_bench/dataset/prompts/ollama_granite-code:20b_english_exact/benchmark100/java_role/tasks/import_certs_prompt.txt Total generation time: 3.7607557570008794


Prompt: You are a professional developer. Below you will find a complete Ansible Playbook. This playbook was generated based on a prompt. Your task is to reconstruct the original prompt that could have been used to generate this playbook.

Important: The only output follows the format below. Do not include any explanations or comments before or after.

The reconstructed prompt must exactly follow the structure below:

"Below you will receive task descriptions from which you should generate an Ansible Playbook.  
The generated playbook must be valid inside an Ansible Role under the tasks/ directory (e.g., tasks/main.yml).  
Do not include hosts:, vars:, or any playbook-level headers. Only output valid task entries or blocks as expected in a role.  

Task 1: ...
Description Task 1: ...

Task 2: ...
Description Task 2: ...

Task 3: ...
Description Task 3: ...
..."

Guidelines:
- Each task should be short and clearly describe one specific action.
- The tasks must match the actual tasks in the playbook **both in content and order**.
- Use the exact terminology and labels as used in the playbook (e.g., “install nginx” instead of “install web server”).
- Provide a more detailed description of the task next to each task
- Include the exact names of variables, handlers, etc. used in the playbook.

Here is the Ansible Playbook:
---

- name: Java | Install OpenJDK implementation
  include_tasks: install_openjdk.yml
  tags:
    - install

- name: Java | Import certificates into Java Keystore
  include_tasks: import_certs.yml
  when: java_certs is defined
  tags:
    - certs


Total input tokens: 386
___________________________________________LLM Output:___________________________________________ 
Below you will receive task descriptions from which you should generate an Ansible Playbook.  
The generated playbook must be valid inside an Ansible Role under the tasks/ directory (e.g., tasks/main.yml).  
Do not include hosts:, vars:, or any playbook-level headers. Only output valid task entries or blocks as expected in a role.  

Task 1: Install OpenJDK implementation
Description Task 1: Install OpenJDK implementation

Task 2: Import certificates into Java Keystore
Description Task 2: Import certificates into Java Keystore

Tue Sep 30 16:13:58 2025: /home/studgoetsi5301/documents/ansible_bench/dataset/prompts/ollama_granite-code:20b_english_exact/benchmark100/java_role/tasks/main_prompt.txt Total generation time: 2.2588976650004042


Prompt: You are a professional developer. Below you will find a complete Ansible Playbook. This playbook was generated based on a prompt. Your task is to reconstruct the original prompt that could have been used to generate this playbook.

Important: The only output follows the format below. Do not include any explanations or comments before or after.

The reconstructed prompt must exactly follow the structure below:

"Below you will receive task descriptions from which you should generate an Ansible Playbook.  
The generated playbook must be valid inside an Ansible Role under the tasks/ directory (e.g., tasks/main.yml).  
Do not include hosts:, vars:, or any playbook-level headers. Only output valid task entries or blocks as expected in a role.  

Task 1: ...
Description Task 1: ...

Task 2: ...
Description Task 2: ...

Task 3: ...
Description Task 3: ...
..."

Guidelines:
- Each task should be short and clearly describe one specific action.
- The tasks must match the actual tasks in the playbook **both in content and order**.
- Use the exact terminology and labels as used in the playbook (e.g., “install nginx” instead of “install web server”).
- Provide a more detailed description of the task next to each task
- Include the exact names of variables, handlers, etc. used in the playbook.

Here is the Ansible Playbook:
---

- name: Java | Migrate adoptopenjdk to temurin (if selected)
  set_fact:
    java_jdk_vendor: "temurin"
  when: "java_jdk_vendor == 'adoptopenjdk'"

- name: Java | Gather OS specific variables
  include_vars: "{{ item }}"
  with_first_found:
    - "{{ java_jdk_vendor }}/{{ ansible_distribution }}-{{ ansible_distribution_major_version }}.yml"

- name: Java | Gather architecture specific variables
  include_vars: "{{ item }}"
  with_first_found:
    - "architecture.yml"

# Using pattern described in Ansible Best Practices and Conventions (Appendix B), Ansible for Devops (p. 406)
# Allowing to 'override' variables that are defined using include_vars
- name: Java | Setting OS specific variables (I)
  set_fact:
    java_open_jdk_version_major: "{{ java_open_jdk_version_major if java_open_jdk_version_major is defined and java_open_jdk_version_major is not sameas None and java_open_jdk_version_major else __java_open_jdk_version_major }}"
    java_required_repositories_openjdk: "{{ java_required_repositories_openjdk if java_required_repositories_openjdk is defined and java_required_repositories_openjdk is not sameas None and java_required_repositories_openjdk | length else __java_required_repositories_openjdk }}"
    java_required_key_repositories_openjdk: "{{ java_required_key_repositories_openjdk if java_required_key_repositories_openjdk is defined and java_required_key_repositories_openjdk is not sameas None and java_required_key_repositories_openjdk | length  else __java_required_key_repositories_openjdk }}"
    java_required_libs_openjdk: "{{ java_required_libs_openjdk if java_required_libs_openjdk is defined and java_required_libs_openjdk is not sameas None and java_required_libs_openjdk | length else __java_required_libs_openjdk }}"
    java_deprecated_repositories_adoptopenjdk: "{{ java_deprecated_repositories_adoptopenjdk if java_deprecated_repositories_adoptopenjdk is defined and java_deprecated_repositories_adoptopenjdk is not sameas None and java_deprecated_repositories_adoptopenjdk | length else __java_deprecated_repositories_adoptopenjdk }}"

- name: Java | Setting OS and architecture specific variables (II)
  set_fact:
    java_open_jdk_home_dir: "{{ java_open_jdk_home_dir if java_open_jdk_home_dir is defined and java_open_jdk_home_dir is not sameas None and java_open_jdk_home_dir else __java_open_jdk_home_dir }}"
    java_open_jdk_package: "{{ java_open_jdk_package if java_open_jdk_package is defined and java_open_jdk_package is not sameas None and java_open_jdk_package else __java_open_jdk_package }}"

- name: Java | Setting specific variables
  set_fact:
    java_home: "{{ java_open_jdk_home }}"

- name: Java | Debian pre-requisites
  block:
    - name: Java | Remove deprecated repositories
      apt_repository:
        repo: "{{ item }}"
        state: absent
      with_items: "{{ java_deprecated_repositories_adoptopenjdk }}"
      when: java_deprecated_repositories_adoptopenjdk | length > 0
    - name: Java | Install extra apt tools
      package:
        name: "{{ java_open_jdk_apt_extra_packages }}"
        state: present
      until: apt_tools_installed is succeeded
      register: apt_tools_installed
      when: java_open_jdk_apt_extra_packages |length > 0
    - name: Java | add required key repositories, Debian
      apt_key:
        url: "{{ item }}"
        state: present
      with_items: "{{ java_required_key_repositories_openjdk }}"
    - name: Java | Add required repositories, Debian
      apt_repository:
        repo: "{{ item }}"
        state: present
        update_cache: true
      with_items: "{{ java_required_repositories_openjdk }}"
  when: ansible_os_family == 'Debian'

- name: Java | RedHat pre-requisites
  block:
    - name: Java | Add required key repositories, RedHat
      rpm_key:
        key: "{{ item }}"
        state: present
      with_items: "{{ java_required_key_repositories_openjdk }}"
    - name: Java | Add required repositories, RedHat
      yum_repository:
        name: "{{ item.name }}"
        description: OpenJDK YUM alt repo
        file: "{{ item.name }}.repo"
        baseurl: "{{ item.baseurl }}"
        gpgcheck: true
      with_items: "{{ java_required_repositories_openjdk }}"
  when: ansible_os_family == 'RedHat'

- name: Java | Install required libs
  package:
    name: "{{ java_required_libs_openjdk }}"
    state: present
  until: java_required_libs_installed is succeeded
  register: java_required_libs_installed

- name: Java | Install Java, Debian
  apt:
    name: "{{ ( java_open_jdk_package + '=' + java_open_jdk_version ) if java_open_jdk_version is defined  and java_open_jdk_version is not sameas None else java_open_jdk_package }}"
    state: present
    update_cache: true
    cache_valid_time: 3600
  until: java_package_installed is succeeded
  register: java_package_installed
  when: ansible_os_family == 'Debian'

- name: Java | Install Java, RedHat
  yum:
    name: "{{ ( java_open_jdk_package + '-' + java_open_jdk_version ) if java_open_jdk_version is defined and java_open_jdk_version is not sameas None else java_open_jdk_package }}"
    state: present
    update_cache: true
  until: java_package_installed is succeeded
  register: java_package_installed
  when: ansible_os_family == 'RedHat'

- name: Java | Export environment variables
  template:
    src: jdk.sh.j2
    dest: /etc/profile.d/jdk.sh
    mode: 0755
    owner: root
    group: root

- name: Java | Source environment variables
  shell: source /etc/profile
  args:
    executable: /bin/bash
  changed_when: false
  tags:
    - skip_ansible_lint

- name: "Correct java version selected /usr/lib/jvm/{{ java_open_jdk_home_dir }}/jre/bin/java in java < 11"
  alternatives:
    name: java
    path: "/usr/lib/jvm/{{ java_open_jdk_home_dir }}/jre/bin/java"
  when:
    - ansible_os_family == 'Debian'
    - java_open_jdk_version_major | int < 11


- name: "Correct java version selected /usr/lib/jvm/{{ java_open_jdk_home_dir }}/bin/java in java >= 11"
  alternatives:
    name: java
    path: "/usr/lib/jvm/{{ java_open_jdk_home_dir }}/bin/java"
  when:
    - ansible_os_family == 'Debian'
    - java_open_jdk_version_major | int >= 11

 64%|██████▍   | 64/100 [05:38<05:00,  8.36s/it] 65%|██████▌   | 65/100 [05:42<04:09,  7.14s/it]
Total input tokens: 2011
___________________________________________LLM Output:___________________________________________ 
Below you will receive task descriptions from which you should generate an Ansible Playbook.  
The generated playbook must be valid inside an Ansible Role under the tasks/ directory (e.g., tasks/main.yml).  
Do not include hosts:, vars:, or any playbook-level headers. Only output valid task entries or blocks as expected in a role.  

Task 1: Set fact java_jdk_vendor to temurin if java_jdk_vendor equals adoptopenjdk
Description Task 1: Set fact java_jdk_vendor to temurin if java_jdk_vendor equals adoptopenjdk

Task 2: Include OS specific variables based on java_jdk_vendor, ansible_distribution, and ansible_distribution_major_version
Description Task 2: Include OS specific variables based on java_jdk_vendor, ansible_distribution, and ansible_distribution_major_version

Task 3: Include architecture specific variables
Description Task 3: Include architecture specific variables

Task 4: Set OS specific variables (I)
Description Task 4: Set OS specific variables (I)

Task 5: Set OS and architecture specific variables (II)
Description Task 5: Set OS and architecture specific variables (II)

Task 6: Set specific variables
Description Task 6: Set specific variables

Task 7: Add pre-requisites for Debian if ansible_os_family equals Debian
Description Task 7: Add pre-requisites for Debian if ansible_os_family equals Debian

Task 8: Add pre-requisites for RedHat if ansible_os_family equals RedHat
Description Task 8: Add pre-requisites for RedHat if ansible_os_family equals RedHat

Task 9: Install required libs
Description Task 9: Install required libs

Task 10: Install Java, Debian if ansible_os_family equals Debian
Description Task 10: Install Java, Debian if ansible_os_family equals Debian

Task 11: Install Java, RedHat if ansible_os_family equals RedHat
Description Task 11: Install Java, RedHat if ansible_os_family equals RedHat

Task 12: Export environment variables
Description Task 12: Export environment variables

Task 13: Source environment variables
Description Task 13: Source environment variables

Task 14: Correct java version selected /usr/lib/jvm/{{ java_open_jdk_home_dir }}/jre/bin/java in java < 11 if ansible_os_family equals Debian and java_open_jdk_version_major is less than 11
Description Task 14: Correct java version selected /usr/lib/jvm/{{ java_open_jdk_home_dir }}/jre/bin/java in java < 11 if ansible_os_family equals Debian and java_open_jdk_version_major is less than 11

Task 15: Correct java version selected /usr/lib/jvm/{{ java_open_jdk_home_dir }}/bin/java in java >= 11 if ansible_os_family equals Debian and java_open_jdk_version_major is greater than or equal to 11
Description Task 15: Correct java version selected /usr/lib/jvm/{{ java_open_jdk_home_dir }}/bin/java in java >= 11 if ansible_os_family equals Debian and java_open_jdk_version_major is greater than or equal to 11

Tue Sep 30 16:14:17 2025: /home/studgoetsi5301/documents/ansible_bench/dataset/prompts/ollama_granite-code:20b_english_exact/benchmark100/java_role/tasks/install_openjdk_prompt.txt Total generation time: 18.841544109993265


Prompt: You are a professional developer. Below you will find a complete Ansible Playbook. This playbook was generated based on a prompt. Your task is to reconstruct the original prompt that could have been used to generate this playbook.

Important: The only output follows the format below. Do not include any explanations or comments before or after.

The reconstructed prompt must exactly follow the structure below:

"Below you will receive task descriptions from which you should generate an Ansible Playbook.  
The generated playbook must be valid inside an Ansible Role under the tasks/ directory (e.g., tasks/main.yml).  
Do not include hosts:, vars:, or any playbook-level headers. Only output valid task entries or blocks as expected in a role.  

Task 1: ...
Description Task 1: ...

Task 2: ...
Description Task 2: ...

Task 3: ...
Description Task 3: ...
..."

Guidelines:
- Each task should be short and clearly describe one specific action.
- The tasks must match the actual tasks in the playbook **both in content and order**.
- Use the exact terminology and labels as used in the playbook (e.g., “install nginx” instead of “install web server”).
- Provide a more detailed description of the task next to each task
- Include the exact names of variables, handlers, etc. used in the playbook.

Here is the Ansible Playbook:
---
# tasks file for core_dependencies

- name: Remove conflicting packages
  ansible.builtin.package:
    name: "{{ core_dependencies_conflicting_packages }}"
    state: absent

- name: Install packages
  ansible.builtin.package:
    name: "{{ core_dependencies_packages }}"
    update_cache: true
  notify:
    - Gather facts

- name: Flush handlers
  ansible.builtin.meta: flush_handlers


Total input tokens: 416
___________________________________________LLM Output:___________________________________________ 
Below you will receive task descriptions from which you should generate an Ansible Playbook.  
The generated playbook must be valid inside an Ansible Role under the tasks/ directory (e.g., tasks/main.yml).  
Do not include hosts:, vars:, or any playbook-level headers. Only output valid task entries or blocks as expected in a role.  

Task 1: Ensure conflicting packages are removed
Description Task 1: Use the package module to remove any conflicting packages listed in the core_dependencies_conflicting_packages variable.

Task 2: Ensure required packages are installed
Description Task 2: Use the package module to install the packages listed in the core_dependencies_packages variable. Also, set the update_cache parameter to true to ensure the cache is updated before installing the packages. Additionally, register the task to run the meta flush_handlers task when it finishes execution.

Task 3: Flush handlers
Description Task 3: Use the meta module with the flush_handlers parameter to notify handlers immediately. This task ensures that any other tasks dependent on the installed packages are executed promptly.

Tue Sep 30 16:14:21 2025: /home/studgoetsi5301/documents/ansible_bench/dataset/prompts/ollama_granite-code:20b_english_exact/benchmark100/ansible-role-core_dependencies/tasks/main_prompt.txt Total generation time: 4.2902027210075175


Prompt: You are a professional developer. Below you will find a complete Ansible Playbook. This playbook was generated based on a prompt. Your task is to reconstruct the original prompt that could have been used to generate this playbook.

Important: The only output follows the format below. Do not include any explanations or comments before or after.

The reconstructed prompt must exactly follow the structure below:

"Below you will receive task descriptions from which you should generate an Ansible Playbook.  
The generated playbook must be valid inside an Ansible Role under the tasks/ directory (e.g., tasks/main.yml).  
Do not include hosts:, vars:, or any playbook-level headers. Only output valid task entries or blocks as expected in a role.  

Task 1: ...
Description Task 1: ...

Task 2: ...
Description Task 2: ...

Task 3: ...
Description Task 3: ...
..."

Guidelines:
- Each task should be short and clearly describe one specific action.
- The tasks must match the actual tasks in the playbook **both in content and order**.
- Use the exact terminology and labels as used in the playbook (e.g., “install nginx” instead of “install web server”).
- Provide a more detailed description of the task next to each task
- Include the exact names of variables, handlers, etc. used in the playbook.

Here is the Ansible Playbook:
---
# tasks file for postfix

- name: Import assert.yml
  ansible.builtin.import_tasks:
    file: assert.yml
  run_once: true
  delegate_to: localhost

- name: Pre-configure debian systems
  ansible.builtin.debconf:
    name: postfix
    question: postfix/main_mailer_type
    vtype: string
    value: "No configuration"
  when:
    - ansible_os_family == "Debian"

- name: Install postfix
  ansible.builtin.package:
    name: postfix
    state: present

- name: Install postfix-mysql
  ansible.builtin.package:
    name: postfix-mysql
    state: present
  when:
    - (postfix_virtual_mailbox_maps is defined and "'mysql' in postfix_virtual_mailbox_maps) or
      (postfix_virtual_mailbox_domains is defined and 'mysql' in postfix_virtual_mailbox_domains) or
      (postix_virtual_alias_maps is defined and 'mysql' in postix_virtual_alias_maps")

- name: Configure postfix (transport_maps)
  ansible.builtin.template:
    src: "{{ postfix_transport_maps_template }}"
    dest: /etc/postfix/transport
    mode: "0644"
  notify:
    - Validate configuration
    - Rebuild transport_maps database
  when:
    - postfix_transport_maps_template is defined

- name: Configure postfix (header_checks)
  ansible.builtin.template:
    src: "{{ postfix_header_checks_template }}"
    dest: /etc/postfix/header_checks
    mode: "0644"
  notify:
    - Validate configuration
    - Reload postfix
  when:
    - postfix_header_checks_template is defined

- name: "Setting values for main.cf (1/2)"
  ansible.builtin.set_fact:
    _postfix_smtpd_recipient_restrictions_check_recipient_access: |
      {% if postfix_recipient_access is defined %}
      check_recipient_access hash:{{ postfix_recipient_access_path }},
      {% endif %}
    _postfix_smtpd_sender_restrictions_check_sender_access: |
      {% if postfix_sender_access is defined %}
      check_sender_access hash:{{ postfix_sender_access_path }},
      {% endif %}

- name: "Setting values for main.cf (2/2)"
  ansible.builtin.set_fact:
    _postfix_mynetworks: >-
      {% if postfix_mynetworks is string %}{{ postfix_mynetworks }}
      {% elif postfix_mynetworks is iterable and (postfix_mynetworks is not string and postfix_mynetworks is not mapping) %}
      {% for network in postfix_mynetworks %}{{ network }}{% if not loop.last %}, {% endif %}{% endfor %}
      {% endif %}
    _postfix_mydestination: >-
      {% if postfix_mydestination is defined %}
      {% if postfix_mydestination is string %}
      {{ postfix_mydestination }}
      {% elif postfix_mydestination is iterable and (postfix_mydestination is not string and postfix_mydestination is not mapping) %}
      {% for domain in postfix_mydestination %}{{ domain }}{% if not loop.last %}, {% endif %}{% endfor %}
      {% endif %}
      {% else %}
      <None>
      {% endif %}
    _postfix_relay_domains: >-
      {% if postfix_relay_domains is defined %}
      {% if postfix_relay_domains is string %}
      {{ postfix_relay_domains }}
      {% elif postfix_relay_domains is iterable and (postfix_relay_domains is not string and postfix_relay_domains is not mapping) %}
      {% for domain in postfix_relay_domains %}{{ domain }}{% if not loop.last %}, {% endif %}{% endfor %}
      {% endif %}
      {% else %}
      <None>
      {% endif %}
    _postfix_smtpd_recipient_restrictions: >-
      {% if postfix_smtpd_recipient_restrictions is defined %}
      {% if postfix_smtpd_recipient_restrictions is string %}
      {{ _postfix_smtpd_recipient_restrictions_check_recipient_access | trim }} {{ postfix_smtpd_recipient_restrictions }}
      {% elif postfix_smtpd_recipient_restrictions is iterable and (postfix_smtpd_recipient_restrictions is not string and postfix_smtpd_recipient_restrictions is not mapping) %}
      {{ _postfix_smtpd_recipient_restrictions_check_recipient_access | trim }} {% for domain in postfix_smtpd_recipient_restrictions %}{{ domain }}{% if not loop.last %}, {% endif %}{% endfor %}
      {% endif %}
      {% endif %}
    _postfix_smtpd_sender_restrictions: >-
      {% if postfix_smtpd_sender_restrictions is defined %}
      {% if postfix_smtpd_sender_restrictions is string %}
      {{ _postfix_smtpd_sender_restrictions_check_sender_access | trim }} {{ postfix_smtpd_sender_restrictions }}
      {% elif postfix_smtpd_sender_restrictions is iterable and (postfix_smtpd_sender_restrictions is not string and postfix_smtpd_sender_restrictions is not mapping) %}
      {{ _postfix_smtpd_sender_restrictions_check_sender_access | trim }} {% for domain in postfix_smtpd_sender_restrictions %}{{ domain }}{% if not loop.last %}, {% endif %}{% endfor %}
      {% endif %}
      {% endif %}
    _postfix_virtual_mailbox_domains: >-
      {% if postfix_virtual_mailbox_domains is defined %}
      {% if postfix_virtual_mailbox_domains is string %}
      {{ postfix_virtual_mailbox_domains }}
      {% elif postfix_virtual_mailbox_domains is iterable and (postfix_virtual_mailbox_domains is not string and postfix_virtual_mailbox_domains is not mapping) %}
      {% for domain in postfix_virtual_mailbox_domains %}{{ domain }}{% if not loop.last %}, {% endif %}{% endfor %}
      {% endif %}
      {% else %}
      <None>
      {% endif %}
    _postfix_virtual_alias_domains: >-
      {% if postfix_virtual_alias_domains is defined %}
      {% if postfix_virtual_alias_domains is string %}
      {{ postfix_virtual_alias_domains }}
      {% elif postfix_virtual_alias_domains is iterable and (postfix_virtual_alias_domains is not string and postfix_virtual_alias_domains is not mapping) %}
      {% for domain in postfix_virtual_alias_domains %}{{ domain }}{% if not loop.last %}, {% endif %}{% endfor %}
      {% endif %}
      {% else %}
      <None>
      {% endif %}

- name: Configure postfix (main.cf)
  ansible.builtin.template:
    src: main.cf.j2
    dest: /etc/postfix/main.cf
    validate: postconf -d -c %s
    mode: "0644"
  notify:
    - Validate configuration
    - Restart postfix

- name: Configure postfix (master.cf)
  ansible.builtin.template:
    src: master.cf.j2
    dest: /etc/postfix/master.cf
    validate: postconf -d -c %s
    mode: "0644"
  notify:
    - Validate configuration
    - Restart postfix

- name: Creates cert/key directory
  ansible.builtin.file:
    path: "{{ item }}"
    state: directory
    mode: 0700
  loop:
    - "{{ postfix_smtpd_tls_cert_file | dirname }}"
    - "{{ postfix_smtpd_tls_key_file | dirname }}"
  when:
    - postfix_smtpd_tls_cert_file is defined
    - postfix_smtpd_tls_key_file is defined
    - postfix_smtpd_tls_cert_file_source is defined
    - postfix_smtpd_tls_key_file_source is defined

- name: Deploy Postfix TLS server certificate
  ansible.builtin.copy:
    src: "{{ postfix_smtpd_tls_cert_file_source }}"
    dest: "{{ postfix_smtpd_tls_cert_file }}"
    mode: "0600"
  notify:
    - Reload postfix
  when:
    - postfix_smtpd_tls_cert_file_source is defined

- name: Deploy Postfix TLS server key
  ansible.builtin.copy:
    src: "{{ postfix_smtpd_tls_key_file_source }}"
    dest: "{{ postfix_smtpd_tls_key_file }}"
    mode: "0600"
  notify:
    - Reload postfix
  when:
    - postfix_smtpd_tls_key_file_source is defined

- name: Flush handlers
  ansible.builtin.meta: flush_handlers

- name: Configure aliases
  ansible.builtin.lineinfile:
    path: "{{ postfix_alias_path }}"
    regexp: "^{{ item.name }}:"
    line: "{{ item.name }}: {{ item.destination }}"
    mode: "0644"
  when:
    - postfix_aliases is defined
  loop: "{{ postfix_aliases }}"
  notify:
    - Rebuild alias database
    - Reload postfix
  loop_control:
    label: "{{ item.name }}"

- name: Configure sender_access
  ansible.builtin.lineinfile:
    path: "{{ postfix_sender_access_path }}"
    regexp: "^{{ item.domain }}"
    line: "{{ item.domain }} {{ item.action }}"
    create: true
    mode: "0644"
  when:
    - postfix_sender_access is defined
  loop: "{{ postfix_sender_access }}"
  notify:
    - Rebuild sender_access database
    - Reload postfix
  loop_control:
    label: "{{ item.domain }}"

- name: Configure recipient_access
  ansible.builtin.lineinfile:
    path: "{{ postfix_recipient_access_path }}"
    regexp: "^{{ item.domain }}"
    line: "{{ item.domain }} {{ item.action }}"
    create: true
    mode: "0644"
  when:
    - postfix_recipient_access is defined
  loop: "{{ postfix_recipient_access }}"
  notify:
    - Validate configuration
    - Rebuild recipient_access database
    - Reload postfix
  loop_control:
    label: "{{ item.domain }}"

- name: Place sasl_password_map
  ansible.builtin.copy:
    content: "{{ postfix_smtp_sasl_password_map_content }}"
    dest: "{{ postfix_smtp_sasl_password_map }}"
    mode: "0600"
  when:
    - postfix_smtp_sasl_password_map is defined and postfix_smtp_sasl_password_map != ""
  notify:
    - Rebuild sasl_password_map database

- name: Flush handlers again
  ansible.builtin.meta: flush_handlers

- name: Start and enable postfix
  ansible.builtin.service:
    name: "{{ postfix_service }}"
    state: started
    enabled: true

 66%|██████▌   | 66/100 [05:52<04:28,  7.90s/it] 67%|██████▋   | 67/100 [06:00<04:27,  8.11s/it]
Total input tokens: 2738
___________________________________________LLM Output:___________________________________________ 
Below you will receive task descriptions from which you should generate an Ansible Playbook.  
The generated playbook must be valid inside an Ansible Role under the tasks/ directory (e.g., tasks/main.yml).  
Do not include hosts:, vars:, or any playbook-level headers. Only output valid task entries or blocks as expected in a role.  

Task 1: Import assert.yml
Description Task 1: Pre-configure debian systems

Task 2: Install postfix
Description Task 2: Install postfix-mysql

Task 3: Configure postfix (transport_maps)
Description Task 3: Configure postfix (header_checks)

Task 4: "Setting values for main.cf (1/2)"
Description Task 4: "Setting values for main.cf (2/2)"

Task 5: Configure postfix (main.cf)
Description Task 5: Configure postfix (master.cf)

Task 6: Creates cert/key directory
Description Task 6: Deploy Postfix TLS server certificate

Task 7: Deploy Postfix TLS server key
Description Task 7: Flush handlers

Task 8: Configure aliases
Description Task 8: Configure sender_access

Task 9: Configure recipient_access
Description Task 9: Place sasl_password_map

Task 10: Flush handlers again
Description Task 10: Start and enable postfix

Tue Sep 30 16:14:31 2025: /home/studgoetsi5301/documents/ansible_bench/dataset/prompts/ollama_granite-code:20b_english_exact/benchmark100/ansible-role-postfix/tasks/main_prompt.txt Total generation time: 9.67972328599717


Prompt: You are a professional developer. Below you will find a complete Ansible Playbook. This playbook was generated based on a prompt. Your task is to reconstruct the original prompt that could have been used to generate this playbook.

Important: The only output follows the format below. Do not include any explanations or comments before or after.

The reconstructed prompt must exactly follow the structure below:

"Below you will receive task descriptions from which you should generate an Ansible Playbook.  
The generated playbook must be valid inside an Ansible Role under the tasks/ directory (e.g., tasks/main.yml).  
Do not include hosts:, vars:, or any playbook-level headers. Only output valid task entries or blocks as expected in a role.  

Task 1: ...
Description Task 1: ...

Task 2: ...
Description Task 2: ...

Task 3: ...
Description Task 3: ...
..."

Guidelines:
- Each task should be short and clearly describe one specific action.
- The tasks must match the actual tasks in the playbook **both in content and order**.
- Use the exact terminology and labels as used in the playbook (e.g., “install nginx” instead of “install web server”).
- Provide a more detailed description of the task next to each task
- Include the exact names of variables, handlers, etc. used in the playbook.

Here is the Ansible Playbook:
---
# tasks file for git

- name: Import assert.yml
  ansible.builtin.import_tasks: assert.yml
  run_once: true
  delegate_to: localhost

- name: Install git
  ansible.builtin.package:
    name: "{{ git_packages }}"
    state: present

- name: See if the specified user exists
  ansible.builtin.getent:
    database: passwd
    key: "{{ git_username }}"
    fail_key: false
  when:
    - git_username is defined

- name: Create directory for git configuration
  ansible.builtin.file:
    path: /home/{{ git_username }}
    state: directory
    owner: "{{ git_username | default(omit) }}"
    group: "{{ git_groupname | default(omit) }}"
    mode: "0755"
  when:
    - getent_passwd is defined
    - getent_passwd[git_username] != none

- name: Place git configuration
  ansible.builtin.template:
    src: gitconfig.j2
    dest: /home/{{ git_username }}/.gitconfig
    mode: "0644"
  when:
    - git_user_email is defined
    - git_user_name is defined
    - git_username is defined
    - getent_passwd[git_username] != none

- name: Create repository_destination
  ansible.builtin.file:
    path: "{{ git_repository_destination }}"
    state: directory
    owner: "{{ git_username | default(omit) }}"
    group: "{{ git_groupname | default(omit) }}"
    mode: "0750"
  when:
    - git_username is defined
    - git_repository_destination is defined
    - getent_passwd[git_username] != none

- name: Clone all roles
  ansible.builtin.git:
    repo: "{{ item.repo }}"
    dest: "{{ git_repository_destination }}/{{ item.dest }}"
    accept_hostkey: true
    version: "{{ item.version | default('HEAD') }}"
    force: "{{ item.force | default(git_force) }}"
  loop: "{{ git_repositories }}"
  loop_control:
    label: "{{ item.dest }}"
  become: true
  become_user: "{{ git_username }}"
  when:
    - git_repositories is defined
    - git_repository_destination is defined
    - git_username is defined
    - getent_passwd[git_username] != none


Total input tokens: 855
___________________________________________LLM Output:___________________________________________ 
Below you will receive task descriptions from which you should generate an Ansible Playbook.  
The generated playbook must be valid inside an Ansible Role under the tasks/ directory (e.g., tasks/main.yml).  
Do not include hosts:, vars:, or any playbook-level headers. Only output valid task entries or blocks as expected in a role.  

Task 1: Install git
Description Task 1: Install git using the package module. The git_packages variable should contain the list of packages to install.

Task 2: See if the specified user exists
Description Task 2: Use the getent module to check if the specified user exists in the passwd database. The git_username variable should contain the username to check.

Task 3: Create directory for git configuration
Description Task 3: Use the file module to create a directory for git configuration. The directory should be owned by the git_username and have the appropriate permissions. The git_username and git_groupname variables should be used for this task.

Task 4: Place git configuration
Description Task 4: Use the template module to place git configuration in the home directory of the git_username. The git_user_email, git_user_name, and git_username variables should be used for this task.

Task 5: Create repository_destination
Description Task 5: Use the file module to create the repository_destination directory. The directory should be owned by the git_username and have the appropriate permissions. The git_username and git_groupname variables should be used for this task.

Task 6: Clone all roles
Description Task 6: Use the git module to clone all roles specified in the git_repositories variable. The git_repository_destination variable should be used as the destination directory for the cloning. The git_username variable should be used to run the git commands as the specified user.

Tue Sep 30 16:14:39 2025: /home/studgoetsi5301/documents/ansible_bench/dataset/prompts/ollama_granite-code:20b_english_exact/benchmark100/ansible-role-git/tasks/main_prompt.txt Total generation time: 8.598491131007904


Prompt: You are a professional developer. Below you will find a complete Ansible Playbook. This playbook was generated based on a prompt. Your task is to reconstruct the original prompt that could have been used to generate this playbook.

Important: The only output follows the format below. Do not include any explanations or comments before or after.

The reconstructed prompt must exactly follow the structure below:

"Below you will receive task descriptions from which you should generate an Ansible Playbook.  
The generated playbook must be valid inside an Ansible Role under the tasks/ directory (e.g., tasks/main.yml).  
Do not include hosts:, vars:, or any playbook-level headers. Only output valid task entries or blocks as expected in a role.  

Task 1: ...
Description Task 1: ...

Task 2: ...
Description Task 2: ...

Task 3: ...
Description Task 3: ...
..."

Guidelines:
- Each task should be short and clearly describe one specific action.
- The tasks must match the actual tasks in the playbook **both in content and order**.
- Use the exact terminology and labels as used in the playbook (e.g., “install nginx” instead of “install web server”).
- Provide a more detailed description of the task next to each task
- Include the exact names of variables, handlers, etc. used in the playbook.

Here is the Ansible Playbook:
---
# tasks file for php

- name: Import assert.yml
  ansible.builtin.import_tasks:
    file: assert.yml
  run_once: true
  delegate_to: localhost

- name: Install php
  ansible.builtin.package:
    name: "{{ php_packages }}"

- name: Find used php.ini
  ansible.builtin.shell:
    cmd: "set -o pipefail && {{ php_ini_command }}"
    executable: /bin/bash
  register: php_found_ini_location
  changed_when: false
  when:
    - php_ini_location is not defined

- name: Configure php
  ansible.builtin.template:
    src: php.ini.j2
    dest: "{{ php_ini_location | default(php_found_ini_location.stdout) }}"
    mode: "0644"
  notify:
    - Restart httpd

 68%|██████▊   | 68/100 [06:06<03:51,  7.23s/it] 69%|██████▉   | 69/100 [06:10<03:17,  6.38s/it]
Total input tokens: 518
___________________________________________LLM Output:___________________________________________ 
Below you will receive task descriptions from which you should generate an Ansible Playbook.  
The generated playbook must be valid inside an Ansible Role under the tasks/ directory (e.g., tasks/main.yml).  
Do not include hosts:, vars:, or any playbook-level headers. Only output valid task entries or blocks as expected in a role.  

Task 1: Import assert.yml
Description Task 1: Import the assert.yml file to set up the playbook

Task 2: Install php
Description Task 2: Install the php package using the specified php_packages variable

Task 3: Find used php.ini
Description Task 3: Use the shell module to find the location of the php.ini file by running the php_ini_command and store it in the php_found_ini_location variable

Task 4: Configure php
Description Task 4: Configure the php.ini file using the template module, template src is php.ini.j2, destination is the php_ini_location variable (defaulting to the value of php_found_ini_location.stdout), and set the mode to 0644. Also, notify the Restart httpd handler when the task is changed.

Tue Sep 30 16:14:45 2025: /home/studgoetsi5301/documents/ansible_bench/dataset/prompts/ollama_granite-code:20b_english_exact/benchmark100/ansible-role-php-robertdebock/tasks/main_prompt.txt Total generation time: 5.171677562990226


Prompt: You are a professional developer. Below you will find a complete Ansible Playbook. This playbook was generated based on a prompt. Your task is to reconstruct the original prompt that could have been used to generate this playbook.

Important: The only output follows the format below. Do not include any explanations or comments before or after.

The reconstructed prompt must exactly follow the structure below:

"Below you will receive task descriptions from which you should generate an Ansible Playbook.  
The generated playbook must be valid inside an Ansible Role under the tasks/ directory (e.g., tasks/main.yml).  
Do not include hosts:, vars:, or any playbook-level headers. Only output valid task entries or blocks as expected in a role.  

Task 1: ...
Description Task 1: ...

Task 2: ...
Description Task 2: ...

Task 3: ...
Description Task 3: ...
..."

Guidelines:
- Each task should be short and clearly describe one specific action.
- The tasks must match the actual tasks in the playbook **both in content and order**.
- Use the exact terminology and labels as used in the playbook (e.g., “install nginx” instead of “install web server”).
- Provide a more detailed description of the task next to each task
- Include the exact names of variables, handlers, etc. used in the playbook.

Here is the Ansible Playbook:
---
- name: Create etcd group
  ansible.builtin.group:
    name: etcd
    state: present

- name: Create etcd user
  ansible.builtin.user:
    name: etcd
    shell: /bin/nologin
    group: etcd
    comment: etcd user
    state: present

- name: Copy systemctl config file for kernel hardening
  ansible.builtin.copy:
    src: "{{ '/usr/local/share/rke2/rke2-cis-sysctl.conf' if (not usr_local.stat.writeable) or (partition_result.rc == 1) else '/opt/rke2/share/rke2/rke2-cis-sysctl.conf' }}"
    dest: /etc/sysctl.d/60-rke2-cis.conf
    mode: 0600
    remote_src: true
  notify: Restart systemd-sysctl

- name: Flush handlers
  ansible.builtin.meta: flush_handlers


Total input tokens: 538
___________________________________________LLM Output:___________________________________________ 
"Below you will receive task descriptions from which you should generate an Ansible Playbook.  
The generated playbook must be valid inside an Ansible Role under the tasks/ directory (e.g., tasks/main.yml).  
Do not include hosts:, vars:, or any playbook-level headers. Only output valid task entries or blocks as expected in a role.  

Task 1: Create etcd group
Description Task 1: Creates a group named etcd

Task 2: Create etcd user
Description Task 2: Creates a user named etcd with a shell of /bin/nologin and assigns the user to the etcd group

Task 3: Copy systemctl config file for kernel hardening
Description Task 3: copies the specified sysctl config file to /etc/sysctl.d/60-rke2-cis.conf and sets the mode to 0600. It then notifies the service to restart systemd-sysctl

Task 4: Flush handlers
Description Task 4: Flushes the handlers to restart the systemd-sysctl service"

Tue Sep 30 16:14:49 2025: /home/studgoetsi5301/documents/ansible_bench/dataset/prompts/ollama_granite-code:20b_english_exact/benchmark100/ansible-role-rke2/tasks/cis_prompt.txt Total generation time: 4.4120319560024654


Prompt: You are a professional developer. Below you will find a complete Ansible Playbook. This playbook was generated based on a prompt. Your task is to reconstruct the original prompt that could have been used to generate this playbook.

Important: The only output follows the format below. Do not include any explanations or comments before or after.

The reconstructed prompt must exactly follow the structure below:

"Below you will receive task descriptions from which you should generate an Ansible Playbook.  
The generated playbook must be valid inside an Ansible Role under the tasks/ directory (e.g., tasks/main.yml).  
Do not include hosts:, vars:, or any playbook-level headers. Only output valid task entries or blocks as expected in a role.  

Task 1: ...
Description Task 1: ...

Task 2: ...
Description Task 2: ...

Task 3: ...
Description Task 3: ...
..."

Guidelines:
- Each task should be short and clearly describe one specific action.
- The tasks must match the actual tasks in the playbook **both in content and order**.
- Use the exact terminology and labels as used in the playbook (e.g., “install nginx” instead of “install web server”).
- Provide a more detailed description of the task next to each task
- Include the exact names of variables, handlers, etc. used in the playbook.

Here is the Ansible Playbook:
---
- name: Download RKE2 installation script
  ansible.builtin.get_url:
    url: "{{ rke2_install_bash_url }}"
    dest: "{{ rke2_install_script_dir }}/rke2.sh"
    mode: 0700
    timeout: "{{ rke2_artifact_fetch_timeout }}"
  when: not rke2_airgap_mode

- name: Copy local RKE2 installation script
  ansible.builtin.copy:
    src: "{{ rke2_airgap_copy_sourcepath }}/rke2.sh"
    dest: "{{ rke2_install_script_dir }}/rke2.sh"
    mode: 0700
    force: yes
  when:
    - rke2_airgap_mode
    - rke2_airgap_implementation == 'copy'

- name: Create RKE2 artifacts folder
  ansible.builtin.file:
    path: "{{ rke2_artifact_path }}"
    state: directory
    mode: 0700
  when:
    - rke2_airgap_mode
    - rke2_airgap_implementation != 'exists'

- name: Download RKE2 checksum and artifacts (try to download remotely first - fallback to local download and push)
  when:
    - rke2_airgap_mode
    - rke2_airgap_implementation == 'download'
  block:
    - name: Download sha256 checksum file ( airgap mode )
      ansible.builtin.get_url:
        url: "{{ rke2_artifact_url }}/{{ rke2_version }}/sha256sum-{{ rke2_architecture }}.txt"
        dest: "{{ rke2_artifact_path }}/sha256sum-{{ rke2_architecture }}.txt"
        force: yes
        mode: 0640
        timeout: "{{ rke2_artifact_fetch_timeout }}"
    - name: Download RKE2 artifacts and compare with checksums ( airgap mode )
      ansible.builtin.get_url:
        url: "{{ rke2_artifact_url }}/{{ rke2_version }}/{{ item }}"
        dest: "{{ rke2_artifact_path }}/{{ item }}"
        mode: 0640
        checksum: "sha256:{{ rke2_artifact_url }}/{{ rke2_version }}/sha256sum-{{ rke2_architecture }}.txt"
        timeout: "{{ rke2_artifact_fetch_timeout }}"
      with_items: "{{ rke2_artifact | reject('search', 'sha256sum') | list }}"
    - name: Download RKE2 install script ( airgap mode )
      ansible.builtin.get_url:
        url: "{{ rke2_install_bash_url }}"
        dest: "{{ rke2_install_script_dir }}/rke2.sh"
        mode: 0700
        timeout: "{{ rke2_artifact_fetch_timeout }}"
  rescue:
    - name: "Remote downloading failed: Downloading locally and pushing to remote hosts ( airgap mode - download locally and push to remote )"
      ansible.builtin.pause: # Slight delay to make sure you know it's gonna happen and have time to cancel
        seconds: 7
    - name: "Create directory {{ rke2_airgap_copy_sourcepath }}"
      delegate_to: localhost
      run_once: true
      ansible.builtin.file:
        path: "{{ rke2_airgap_copy_sourcepath }}"
        state: directory
        mode: 0750
        owner: "{{ lookup('env', 'USER') }}"
    - name: Download RKE2 checksum locally
      delegate_to: localhost
      run_once: true
      register: checksum_file
      ansible.builtin.get_url:
        url: "{{ rke2_artifact_url }}/{{ rke2_version }}/sha256sum-{{ rke2_architecture }}.txt"
        dest: "{{ rke2_airgap_copy_sourcepath }}/"
        force: yes
        mode: 0640
        owner: "{{ lookup('env', 'USER') }}"
        timeout: "{{ rke2_artifact_fetch_timeout }}"
    - name: Downloading RKE2 artifacts locally
      delegate_to: localhost
      run_once: true
      ansible.builtin.get_url:
        force: yes
        url: "{{ item }}"
        dest: "{{ rke2_airgap_copy_sourcepath }}/"
        mode: 0640
        owner: "{{ lookup('env', 'USER') }}"
        timeout: "{{ rke2_artifact_fetch_timeout }}"
      with_items: "{{ [rke2_artifact_url + '/' + rke2_version + '/'] | product(rke2_artifact) | map('join') | list + [rke2_install_bash_url] }}"
    - name: Download RKE2 install script locally
      delegate_to: localhost
      run_once: true
      ansible.builtin.get_url:
        url: "{{ rke2_install_bash_url }}"
        dest: "{{ rke2_airgap_copy_sourcepath }}/rke2.sh"
        mode: 0700
        owner: "{{ lookup('env', 'USER') }}"
        timeout: "{{ rke2_artifact_fetch_timeout }}"
    - name: Copy local RKE2 files to remote hosts
      ansible.builtin.copy:
        src: "{{ rke2_airgap_copy_sourcepath }}/"
        dest: "{{ rke2_artifact_path }}/"
        mode: 0640
    - name: Copy local RKE2 install script to remote hosts
      ansible.builtin.copy:
        src: "{{ rke2_airgap_copy_sourcepath }}/rke2.sh"
        dest: "{{ rke2_install_script_dir }}/rke2.sh"
        mode: 0700

- name: Copy local RKE2 artifacts
  ansible.builtin.copy:
    src: "{{ rke2_airgap_copy_sourcepath }}/{{ item }}"
    dest: "{{ rke2_artifact_path }}/{{ item }}"
    mode: 0640
    force: yes
  with_items: "{{ rke2_artifact }}"
  when:
    - rke2_airgap_mode
    - rke2_airgap_implementation == 'copy'

- name: Airgap mode - additional images tarballs
  when:
    - rke2_airgap_mode
    - ( rke2_airgap_copy_additional_tarballs | length > 0 )
    - rke2_airgap_implementation != 'exists'
  block:
    - name: Create additional images tarballs folder
      ansible.builtin.file:
        path: "{{ rke2_tarball_images_path }}"
        state: directory
        mode: 0700
    - name: Copy additional tarball images RKE2 components
      ansible.builtin.copy:
        src: "{{ rke2_airgap_copy_sourcepath }}/{{ item }}"
        dest: "{{ rke2_tarball_images_path }}/{{ item }}"
        mode: 0644
        force: yes
      with_items: "{{ rke2_airgap_copy_additional_tarballs }}"

- name: Airgap mode - ensure artifacts exist and have acceptable permissions # only modifies permissions if they are overprivileged
  when:
    - rke2_airgap_mode
    - rke2_airgap_implementation == 'exists'
  block:
    - name: Register artifacts
      ansible.builtin.stat:
        path: "{{ rke2_artifact_path }}/{{ item }}"
      with_items: "{{ rke2_artifact }}"
      register: artifacts
    - name: Register install script
      ansible.builtin.stat:
        path: "{{ rke2_install_script_dir }}/rke2.sh"
      register: install_script
    - name: Register artifact facts
      ansible.builtin.set_fact:
        artifacts_writeable: "{{ artifacts.values() | map(attribute='writeable') | list | bool }}"
    - name: Make the artifacts read-only
      ansible.builtin.file:
        path: "{{ rke2_artifact_path }}/{{ item }}"
        mode: 0640
      with_items: "{{ rke2_artifact }}"
      when: artifacts_writeable
    - name: Make the install script executable.
      ansible.builtin.file:
        path: "{{ rke2_install_script_dir }}/rke2.sh"
        mode: 0700
      when:
        - install_script.stat.writeable
        - not install_script.stat.executable
    - name: Install script must be executable
      ansible.builtin.fail:
        msg: "The install script at {{ rke2_install_script_dir }}/rke2.sh must be executable."
      when: not install_script.stat.executable

- name: Populate service facts
  ansible.builtin.service_facts:

- name: Get stats of the FS object
  ansible.builtin.stat:
    path: /usr/local
  register: usr_local

- name: Check if separate partition
  ansible.builtin.command: grep '/usr/local ' /proc/mounts
  changed_when: false
  register: partition_result
  failed_when: partition_result.rc >= 2
  check_mode: false

- name: Set RKE2 bin path
  ansible.builtin.set_fact:
    rke2_bin_path: "{{ '/usr/local/bin/rke2' if (not usr_local.stat.writeable) or (partition_result.rc == 1) else '/opt/rke2/bin/rke2' }}"

- name: Check RKE2 version
  ansible.builtin.shell: |
    set -euo pipefail

    rke2_bin_path="{{ rke2_bin_path }}"
    rke2_service_name="{{ rke2_service_name }}"
    rke2_version="{{ rke2_version }}"

    if [ -f "$rke2_bin_path" ]; then
      installed_version="$($rke2_bin_path --version | awk '/rke2 version/ {print $3}')"
    else
      installed_version="not installed"
    fi

    if systemctl is-active --quiet $rke2_service_name && rke2_service_pid=$(systemctl show $rke2_service_name --property MainPID --value); then
      rke2_bin_path="$(realpath "/proc/$rke2_service_pid/exe")"
    fi

    # Linux appends the target of removed proc exe with ' (deleted)', making the path unavailable.
    if [ -f "$rke2_bin_path" ]; then
      running_version="$($rke2_bin_path --version | awk '/rke2 version/ {print $3}')"
    elif [ "$installed_version" = "not installed" ]; then
      running_version="$rke2_version"
    else
      running_version="outdated"
    fi

    echo "{\"installed_version\":\"$installed_version\",\"running_version\":\"$running_version\"}"
  args:
    executable: /bin/bash
  changed_when: false
  register: versions_check

- name: Set RKE2 versions
  when: not ansible_check_mode
  ansible.builtin.set_fact:
    installed_version: "{{ versions.installed_version }}"
    running_version: "{{ versions.running_version }}"
  vars:
    versions: "{{ versions_check.stdout | from_json }}"

- name: Prevent accidental RKE2 downgrade
  when: not ansible_check_mode and installed_version != "not installed" and not rke2_allow_downgrade
  ansible.builtin.assert:
    that:
      - >
        (rke2_version_clean is version(running_version_clean, '>=')) or
        (rke2_version_clean is version(running_version_clean, '<') and rke2_allow_downgrade)
    fail_msg: >
      Version downgrade is not allowed unless explicitly permitted.
      Current running version: {{ running_version_clean }},
      desired version: {{ rke2_version_clean }}.
      Set 'rke2_allow_downgrade: true' to allow downgrades.
    success_msg: >
      Version check passed. Current running version: {{ running_version_clean }},
      desired version: {{ rke2_version_clean }}."
  vars:
    rke2_version_clean: "{{ rke2_version | regex_search('v([0-9]+\\.[0-9]+\\.[0-9]+)', '\\1') }}"
    running_version_clean: "{{ running_version | regex_search('v([0-9]+\\.[0-9]+\\.[0-9]+)', '\\1') }}"

- name: Run RKE2 install script
  when: not ansible_check_mode and rke2_version != installed_version
  block:
    - name: Run RKE2 install script with airgap variables
      ansible.builtin.command:
        cmd: "{{ rke2_install_script_dir }}/rke2.sh"
      environment:
        INSTALL_RKE2_ARTIFACT_PATH: "{{ rke2_artifact_path }}"
        INSTALL_RKE2_AGENT_IMAGES_DIR: "{{ rke2_data_path }}/agent/images"
        INSTALL_RKE2_METHOD: "{{ rke2_method }}"
      changed_when: false
      when: rke2_airgap_mode
    - name: Run RKE2 install script without airgap variables
      ansible.builtin.command:
        cmd: "{{ rke2_install_script_dir }}/rke2.sh"
      environment:
        INSTALL_RKE2_VERSION: "{{ rke2_version }}"
        INSTALL_RKE2_CHANNEL_URL: "{{ rke2_channel_url }}"
        INSTALL_RKE2_CHANNEL: "{{ rke2_channel }}"
        INSTALL_RKE2_METHOD: "{{ rke2_method }}"
      changed_when: false
      when: not rke2_airgap_mode

- name: Copy Custom Manifests
  ansible.builtin.template:
    src: "{{ item }}"
    dest: "{{ rke2_data_path }}/server/manifests/"
    owner: root
    group: root
    mode: 0644
  with_items: "{{ rke2_custom_manifests }}"
  when: rke2_custom_manifests | length > 0

- name: Copy Static Pods
  ansible.builtin.copy:
    src: "{{ item }}"
    dest: "{{ rke2_data_path }}/agent/pod-manifests/"
    owner: root
    group: root
    mode: 0644
  with_items: "{{ rke2_static_pods }}"
  when: rke2_static_pods

- name: Copy RKE2 environment file
  ansible.builtin.template:
    src: rke2_environment.j2
    dest: "/etc/default/rke2-{{ rke2_type }}"
    owner: root
    group: root
    mode: 0644
  when:
    - rke2_environment_options is defined
    - rke2_environment_options|length > 0

 70%|███████   | 70/100 [06:49<08:01, 16.04s/it] 71%|███████   | 71/100 [06:52<05:51, 12.11s/it]
Total input tokens: 3725
___________________________________________LLM Output:___________________________________________ 
Below you will receive task descriptions from which you should generate an Ansible Playbook.  
The generated playbook must be valid inside an Ansible Role under the tasks/ directory (e.g., tasks/main.yml).  
Do not include hosts:, vars:, or any playbook-level headers. Only output valid task entries or blocks as expected in a role.  

Task 1: Download RKE2 installation script
Description Task 1: Download RKE2 installation script from {{ rke2_install_bash_url }} and save it at {{ rke2_install_script_dir }}/rke2.sh with mode 0700. Set timeout to {{ rke2_artifact_fetch_timeout }}.

Task 2: Copy local RKE2 installation script
Description Task 2: Copy local RKE2 installation script from {{ rke2_airgap_copy_sourcepath }}/rke2.sh to {{ rke2_install_script_dir }}/rke2.sh with mode 0700. Set force to yes.

Task 3: Create RKE2 artifacts folder
Description Task 3: Create RKE2 artifacts folder at {{ rke2_artifact_path }} with state directory and mode 0700.

Task 4: Download RKE2 checksum and artifacts (try to download remotely first - fallback to local download and push)
Description Task 4: If airgap mode is enabled and airgap implementation is download, download the sha256 checksum file from {{ rke2_artifact_url }}/{{ rke2_version }}/sha256sum-{{ rke2_architecture }}.txt and save it at {{ rke2_artifact_path }}/sha256sum-{{ rke2_architecture }}.txt with mode 0640. Set timeout to {{ rke2_artifact_fetch_timeout }}. Then, download RKE2 artifacts and compare with checksums from {{ rke2_artifact_url }}/{{ rke2_version }}. Set timeout to {{ rke2_artifact_fetch_timeout }}. Finally, download RKE2 install script from {{ rke2_install_bash_url }} and save it at {{ rke2_install_script_dir }}/rke2.sh with mode 0700. Set timeout to {{ rke2_artifact_fetch_timeout }}.

Task 5: Copy local RKE2 artifacts
Description Task 5: If airgap mode is enabled and airgap implementation is copy, copy local RKE2 artifacts from {{ rke2_airgap_copy_sourcepath }}/{{ item }} to {{ rke2_artifact_path }}/{{ item }} with mode 0640. Set force to yes.

Task 6: Airgap mode - additional images tarballs
Description Task 6: If airgap mode is enabled and there are additional tarball images to copy, create the additional images tarballs folder at {{ rke2_tarball_images_path }} with state directory and mode 0700. Then, copy the additional tarball images RKE2 components from {{ rke2_airgap_copy_sourcepath }}/{{ item }} to {{ rke2_tarball_images_path }}/{{ item }} with mode 0644. Set force to yes.

Task 7: Airgap mode - ensure artifacts exist and have acceptable permissions # only modifies permissions if they are overprivileged
Description Task 7: If airgap mode is enabled and airgap implementation is exists, register artifacts at {{ rke2_artifact_path }}/{{ item }} and check the writeable property. If the artifacts are writeable, make them read-only with mode 0640. If install script is writeable and not executable, make it executable with mode 0700. Finally, check if install script is executable. If not, fail with a message.

Task 8: Populate service facts
Description Task 8: Populate service facts.

Task 9: Get stats of the FS object
Description Task 9: Get stats of the FS object at /usr/local.

Task 10: Check if separate partition
Description Task 10: Check if /usr/local is a separate partition.

Task 11: Set RKE2 bin path
Description Task 11: Set RKE2 bin path based on the conditions.

Task 12: Check RKE2 version
Description Task 12: Check RKE2 version and installed and running versions.

Task 13: Prevent accidental RKE2 downgrade
Description Task 13: Prevent accidental RKE2 downgrade by asserting the version.

Task 14: Run RKE2 install script
Description Task 14: Run RKE2 install script with or without airgap variables.

Task 15: Copy Custom Manifests
Description Task 15: Copy custom manifests from {{ item }} to {{ rke2_data_path }}/server/manifests/ with owner root, group root, and mode 0644.

Task 16: Copy Static Pods
Description Task 16: Copy static pods from {{ item }} to {{ rke2_data_path }}/agent/pod-manifests/ with owner root, group root, and mode 0644.

Task 17: Copy RKE2 environment file
Description Task 17: Copy RKE2 environment file from rke2_environment.j2 to /etc/default/rke2-{{ rke2_type }} with owner root, group root, and mode 0644.

Tue Sep 30 16:15:28 2025: /home/studgoetsi5301/documents/ansible_bench/dataset/prompts/ollama_granite-code:20b_english_exact/benchmark100/ansible-role-rke2/tasks/rke2_prompt.txt Total generation time: 38.57547721998708


Prompt: You are a professional developer. Below you will find a complete Ansible Playbook. This playbook was generated based on a prompt. Your task is to reconstruct the original prompt that could have been used to generate this playbook.

Important: The only output follows the format below. Do not include any explanations or comments before or after.

The reconstructed prompt must exactly follow the structure below:

"Below you will receive task descriptions from which you should generate an Ansible Playbook.  
The generated playbook must be valid inside an Ansible Role under the tasks/ directory (e.g., tasks/main.yml).  
Do not include hosts:, vars:, or any playbook-level headers. Only output valid task entries or blocks as expected in a role.  

Task 1: ...
Description Task 1: ...

Task 2: ...
Description Task 2: ...

Task 3: ...
Description Task 3: ...
..."

Guidelines:
- Each task should be short and clearly describe one specific action.
- The tasks must match the actual tasks in the playbook **both in content and order**.
- Use the exact terminology and labels as used in the playbook (e.g., “install nginx” instead of “install web server”).
- Provide a more detailed description of the task next to each task
- Include the exact names of variables, handlers, etc. used in the playbook.

Here is the Ansible Playbook:
- name: Restore etcd - get all nodes
  ansible.builtin.shell: |
    {{ rke2_data_path }}/bin/kubectl --kubeconfig /etc/rancher/rke2/rke2.yaml \
    get nodes --no-headers -o custom-columns=":metadata.name"
  args:
    executable: /bin/bash
  changed_when: false
  register: node_names

- name: Restore etcd - remove old nodes
  ansible.builtin.shell: |
    {{ rke2_data_path }}/bin/kubectl --kubeconfig /etc/rancher/rke2/rke2.yaml \
    delete node {{ item }} 2>&1 || true
  args:
    executable: /bin/bash
  with_items: "{{ node_names.stdout_lines | difference(groups[rke2_cluster_group_name]) }}"
  changed_when: false


Total input tokens: 515
___________________________________________LLM Output:___________________________________________ 
Below you will receive task descriptions from which you should generate an Ansible Playbook.  
The generated playbook must be valid inside an Ansible Role under the tasks/ directory (e.g., tasks/main.yml).  
Do not include hosts:, vars:, or any playbook-level headers. Only output valid task entries or blocks as expected in a role.  

Task 1: Restore etcd - get all nodes
Description Task 1: Use the kubectl command to retrieve the names of all nodes in the cluster, excluding headers.

Task 2: Restore etcd - remove old nodes
Description Task 2: Use the kubectl command to delete any nodes that are no longer part of the cluster, based on the names obtained in Task 1.

Tue Sep 30 16:15:30 2025: /home/studgoetsi5301/documents/ansible_bench/dataset/prompts/ollama_granite-code:20b_english_exact/benchmark100/ansible-role-rke2/tasks/first_server_restore_prompt.txt Total generation time: 2.9425694159872364


Prompt: You are a professional developer. Below you will find a complete Ansible Playbook. This playbook was generated based on a prompt. Your task is to reconstruct the original prompt that could have been used to generate this playbook.

Important: The only output follows the format below. Do not include any explanations or comments before or after.

The reconstructed prompt must exactly follow the structure below:

"Below you will receive task descriptions from which you should generate an Ansible Playbook.  
The generated playbook must be valid inside an Ansible Role under the tasks/ directory (e.g., tasks/main.yml).  
Do not include hosts:, vars:, or any playbook-level headers. Only output valid task entries or blocks as expected in a role.  

Task 1: ...
Description Task 1: ...

Task 2: ...
Description Task 2: ...

Task 3: ...
Description Task 3: ...
..."

Guidelines:
- Each task should be short and clearly describe one specific action.
- The tasks must match the actual tasks in the playbook **both in content and order**.
- Use the exact terminology and labels as used in the playbook (e.g., “install nginx” instead of “install web server”).
- Provide a more detailed description of the task next to each task
- Include the exact names of variables, handlers, etc. used in the playbook.

Here is the Ansible Playbook:
---
- name: Create the RKE2 manifests directory
  ansible.builtin.file:
    state: directory
    path: "{{ rke2_data_path }}/server/manifests"
    owner: root
    group: root
    mode: 0700

- name: Copy ingress-nginx files to first server
  ansible.builtin.template:
    src: "templates/ingress-nginx-config.yml.j2"
    dest: "{{ rke2_data_path }}/server/manifests/rke2-ingress-nginx-config.yaml"
    owner: root
    group: root
    mode: 0664

 72%|███████▏  | 72/100 [06:54<04:19,  9.26s/it]
Total input tokens: 459
___________________________________________LLM Output:___________________________________________ 
Below you will receive task descriptions from which you should generate an Ansible Playbook.  
The generated playbook must be valid inside an Ansible Role under the tasks/ directory (e.g., tasks/main.yml).  
Do not include hosts:, vars:, or any playbook-level headers. Only output valid task entries or blocks as expected in a role.  

Task 1: Create the RKE2 manifests directory
Description Task 1: Create a directory for RKE2 manifests

Task 2: Copy ingress-nginx files to first server
Description Task 2: Copy ingress-nginx configuration files to the first server in the RKE2 cluster

Tue Sep 30 16:15:33 2025: /home/studgoetsi5301/documents/ansible_bench/dataset/prompts/ollama_granite-code:20b_english_exact/benchmark100/ansible-role-rke2/tasks/ingress-nginx_prompt.txt Total generation time: 2.603013258005376


Prompt: You are a professional developer. Below you will find a complete Ansible Playbook. This playbook was generated based on a prompt. Your task is to reconstruct the original prompt that could have been used to generate this playbook.

Important: The only output follows the format below. Do not include any explanations or comments before or after.

The reconstructed prompt must exactly follow the structure below:

"Below you will receive task descriptions from which you should generate an Ansible Playbook.  
The generated playbook must be valid inside an Ansible Role under the tasks/ directory (e.g., tasks/main.yml).  
Do not include hosts:, vars:, or any playbook-level headers. Only output valid task entries or blocks as expected in a role.  

Task 1: ...
Description Task 1: ...

Task 2: ...
Description Task 2: ...

Task 3: ...
Description Task 3: ...
..."

Guidelines:
- Each task should be short and clearly describe one specific action.
- The tasks must match the actual tasks in the playbook **both in content and order**.
- Use the exact terminology and labels as used in the playbook (e.g., “install nginx” instead of “install web server”).
- Provide a more detailed description of the task next to each task
- Include the exact names of variables, handlers, etc. used in the playbook.

Here is the Ansible Playbook:
---
- name: Create the RKE2 config dir
  ansible.builtin.file:
    state: directory
    path: /etc/rancher/rke2
    owner: root
    group: root
    mode: 0755

- name: Set server taints
  ansible.builtin.set_fact:
    combined_node_taints: "{{ rke2_server_node_taints }}"
  when: rke2_type == 'server'

- name: Copy rke2 config
  ansible.builtin.template:
    src: "{{ rke2_config }}"
    dest: /etc/rancher/rke2/config.yaml
    owner: root
    group: root
    mode: 0600
  notify: "Config file changed"

- name: Copy kubelet config
  ansible.builtin.template:
    src: templates/kubelet-config.yaml.j2
    dest: /etc/rancher/rke2/kubelet-config.yaml
    owner: root
    group: root
    mode: 0600
  when: rke2_kubelet_config | length > 0
  notify: "Config file changed"

- name: Copy Containerd Registry Configuration file
  ansible.builtin.template:
    src: "{{ rke2_custom_registry_path }}"
    dest: /etc/rancher/rke2/registries.yaml
    owner: root
    group: root
    mode: 0600
  when: (rke2_custom_registry_mirrors | length > 0 or rke2_custom_registry_configs | length > 0)
  notify: "Config file changed"

- name: Register if we need to do a etcd restore from file
  ansible.builtin.set_fact:
    do_etcd_restore: true
  when: (rke2_etcd_snapshot_file | length > 0) and ((ansible_facts.services['rke2-server.service'] is not defined) or (ansible_facts.services['rke2-server.service']['status'] == 'disabled'))

- name: Register if we need to do a etcd restore from s3
  ansible.builtin.set_fact:
    do_etcd_restore_from_s3: true
  when:
    - rke2_etcd_snapshot_file | length > 0
    - rke2_etcd_snapshot_s3_options is defined
    - rke2_etcd_snapshot_s3_options.access_key
    - rke2_etcd_snapshot_s3_options.secret_key
    - rke2_etcd_snapshot_s3_options.bucket
    - rke2_etcd_snapshot_s3_options.snapshot_name

- name: Restore etcd from file
  when: do_etcd_restore is defined
  block:
    - name: Create the RKE2 etcd snapshot dir
      ansible.builtin.file:
        state: directory
        path: "{{ rke2_etcd_snapshot_destination_dir }}"
        recurse: true
        mode: 0755
    - name: Copy etcd snapshot file
      ansible.builtin.copy:
        src: "{{ rke2_etcd_snapshot_source_dir }}/{{ rke2_etcd_snapshot_file }}"
        dest: "{{ rke2_etcd_snapshot_destination_dir }}/{{ rke2_etcd_snapshot_file }}"
        mode: 0644
        force: true
    - name: Restore etcd from a snapshot
      ansible.builtin.shell: |
        rke2 server \
        --cluster-reset \
        --cluster-reset-restore-path="{{ rke2_etcd_snapshot_destination_dir }}/{{ rke2_etcd_snapshot_file }}" \
        --token {{ rke2_token }}
      register: task_output # <- Registers the command output.
      changed_when: task_output.rc != 0 # <- Uses the return code to define when the task has changed.
      when: not ansible_check_mode

- name: Restore etcd from s3
  when: do_etcd_restore_from_s3 is defined
  block:
    - name: Restore etcd from a s3 snapshot
      ansible.builtin.shell: |
        rke2 server \
        --cluster-reset \
        --etcd-s3 \
        --cluster-reset-restore-path="{{ rke2_etcd_snapshot_s3_options.snapshot_name }}" \
        --etcd-s3-bucket="{{ rke2_etcd_snapshot_s3_options.bucket }}" \
        --etcd-s3-access-key="{{ rke2_etcd_snapshot_s3_options.access_key }}" \
        --etcd-s3-secret-key="{{ rke2_etcd_snapshot_s3_options.secret_key }}" \
        --etcd-s3-endpoint="{{ rke2_etcd_snapshot_s3_options.s3_endpoint }}" \
        {{ ('--etcd-s3-region=' + rke2_etcd_snapshot_s3_options.region) if rke2_etcd_snapshot_s3_options.region is defined else '' }} \
        {{ ('--etcd-s3-endpoint-ca=' + rke2_etcd_snapshot_s3_options.endpoint_ca) if rke2_etcd_snapshot_s3_options.endpoint_ca is defined else '' }} \
        {{ ('--etcd-s3-folder=' + rke2_etcd_snapshot_s3_options.folder) if rke2_etcd_snapshot_s3_options.folder is defined else '' }} \
        {{ ('--etcd-s3-skip-ssl-verify=' + rke2_etcd_snapshot_s3_options.skip_ssl_verify) if rke2_etcd_snapshot_s3_options.skip_ssl_verify is defined else '' }} \
        --token {{ rke2_token }}
      register: task_output # <- Registers the command output.
      changed_when: task_output.rc != 0 # <- Uses the return code to define when the task has changed.
      when: not ansible_check_mode

- name: Start RKE2 service on the first server
  ansible.builtin.systemd:
    name: "rke2-server.service"
    state: started
    enabled: true
  environment:
    RKE2_TOKEN: "{{ rke2_token }}"
  notify: "Service (re)started"

- name: Mask RKE2 agent service on the first server
  ansible.builtin.systemd:
    name: "rke2-agent.service"
    enabled: false
    masked: true

- name: Wait for the first server be ready - no CNI
  ansible.builtin.shell: |
    {{ rke2_data_path }}/bin/kubectl --kubeconfig /etc/rancher/rke2/rke2.yaml get node "{{ rke2_node_name }}" -o jsonpath='{range .status.conditions[*]}{.message}{"\n"}{end}'
  args:
    executable: /bin/bash
  changed_when: false
  register: node_status
  until:
    - '"kubelet has sufficient memory available"  in node_status.stdout_lines'
    - '"kubelet has no disk pressure"  in node_status.stdout_lines'
    - '"kubelet has sufficient PID available"  in node_status.stdout_lines'
    - ('"cni plugin not initialized" in node_status.stdout' or '"kubelet is posting ready status." in node_status.stdout')
  retries: 100
  delay: 15
  when:
    - not ansible_check_mode
    - rke2_cni == 'none'

- name: Wait for the first server be ready - with CNI
  ansible.builtin.shell: |
    set -o pipefail
    {{ rke2_data_path }}/bin/kubectl --kubeconfig /etc/rancher/rke2/rke2.yaml get nodes | grep "{{ rke2_node_name }}"
  args:
    executable: /bin/bash
  changed_when: false
  register: first_server
  until: '" Ready "  in first_server.stdout'
  retries: 40
  delay: 15
  when:
    - not ansible_check_mode
    - rke2_cni != 'none'

- name: Restore etcd
  when: do_etcd_restore is defined or do_etcd_restore_from_s3 is defined
  block:
    - name: Get registered nodes
      ansible.builtin.shell:
        cmd: |
          set -o pipefail
          {{ rke2_data_path }}/bin/kubectl --kubeconfig /etc/rancher/rke2/rke2.yaml \
          get nodes --no-headers | awk '{print $1}'
      args:
        executable: /bin/bash
      changed_when: false
      register: registered_node_names

    - name: Get all node names
      ansible.builtin.set_fact:
        node_names: "{{ hostvars | dict2items | map(attribute='value.rke2_node_name') }}"
      run_once: true
      register: node_names

    - name: Remove old <node>.node-password.rke2 secrets
      ansible.builtin.shell: |
        {{ rke2_data_path }}/bin/kubectl --kubeconfig /etc/rancher/rke2/rke2.yaml \
        delete secret {{ item }}.node-password.rke2 -n kube-system 2>&1 || true
      args:
        executable: /bin/bash
      with_items: "{{ registered_node_names.stdout_lines | difference(node_names) }}"
      changed_when: false

    - name: Remove old nodes
      ansible.builtin.shell: |
        {{ rke2_data_path }}/bin/kubectl --kubeconfig /etc/rancher/rke2/rke2.yaml \
        delete node {{ item }} 2>&1 || true
      args:
        executable: /bin/bash
      with_items: "{{ registered_node_names.stdout_lines | difference(node_names) }}"
      changed_when: false

- name: Set an Active Server variable
  ansible.builtin.set_fact:
    active_server: "{{ inventory_hostname }}"
  delegate_to: "{{ item }}"
  delegate_facts: true
  loop: "{{ groups[rke2_cluster_group_name] }}"

 73%|███████▎  | 73/100 [07:19<06:12, 13.80s/it]
Total input tokens: 2618
___________________________________________LLM Output:___________________________________________ 
Below you will receive task descriptions from which you should generate an Ansible Playbook.  
The generated playbook must be valid inside an Ansible Role under the tasks/ directory (e.g., tasks/main.yml).  
Do not include hosts:, vars:, or any playbook-level headers. Only output valid task entries or blocks as expected in a role.  

Task 1: Create the RKE2 config dir
Description Task 1: Create the RKE2 config directory /etc/rancher/rke2

Task 2: Set server taints
Description Task 2: Set server taints based on the value of rke2_server_node_taints

Task 3: Copy rke2 config
Description Task 3: Copy the rke2 config file from the specified source to /etc/rancher/rke2/config.yaml and set file permissions to 0600

Task 4: Copy kubelet config
Description Task 4: Copy the kubelet config file from the specified source to /etc/rancher/rke2/kubelet-config.yaml and set file permissions to 0600, if the rke2_kubelet_config variable is not empty

Task 5: Copy Containerd Registry Configuration file
Description Task 5: Copy the Containerd Registry Configuration file from the specified source to /etc/rancher/rke2/registries.yaml and set file permissions to 0600, if the rke2_custom_registry_mirrors or rke2_custom_registry_configs variables are not empty

Task 6: Register if we need to do a etcd restore from file
Description Task 6: Register whether etcd needs to be restored from a file based on the value of rke2_etcd_snapshot_file and the status of the rke2-server.service

Task 7: Register if we need to do a etcd restore from s3
Description Task 7: Register whether etcd needs to be restored from s3 based on the presence of rke2_etcd_snapshot_s3_options.access_key, rke2_etcd_snapshot_s3_options.secret_key, rke2_etcd_snapshot_s3_options.bucket, and rke2_etcd_snapshot_s3_options.snapshot_name

Task 8: Restore etcd from file
Description Task 8: Restore etcd from a file if do_etcd_restore is defined, by creating the RKE2 etcd snapshot directory, copying the etcd snapshot file, and restoring etcd from the snapshot

Task 9: Restore etcd from s3
Description Task 9: Restore etcd from s3 if do_etcd_restore_from_s3 is defined, by executing the rke2 server command with appropriate options for s3 restore

Task 10: Start RKE2 service on the first server
Description Task 10: Start the RKE2 service on the first server and enable it to start at boot time

Task 11: Mask RKE2 agent service on the first server
Description Task 11: Mask the RKE2 agent service on the first server to prevent it from starting

Task 12: Wait for the first server be ready - no CNI
Description Task 12: Wait for the first server to be ready based on specific conditions related to memory, disk, and PID availability, with or without CNI

Task 13: Wait for the first server be ready - with CNI
Description Task 13: Wait for the first server to be ready based on the presence of the "Ready" status, with or without CNI

Task 14: Restore etcd
Description Task 14: Restore etcd if do_etcd_restore or do_etcd_restore_from_s3 is defined, by removing old <node>.node-password.rke2 secrets and old nodes and then executing the rke2 server command to remove old nodes and secrets

Task 15: Set an Active Server variable
Description Task 15: Set the active_server variable to the current inventory_hostname and delegate the task to other hosts in the rke2_cluster_group_name group, ensuring that the delegate_facts option is set to true.

Tue Sep 30 16:15:57 2025: /home/studgoetsi5301/documents/ansible_bench/dataset/prompts/ollama_granite-code:20b_english_exact/benchmark100/ansible-role-rke2/tasks/first_server_prompt.txt Total generation time: 24.387042895992636


Prompt: You are a professional developer. Below you will find a complete Ansible Playbook. This playbook was generated based on a prompt. Your task is to reconstruct the original prompt that could have been used to generate this playbook.

Important: The only output follows the format below. Do not include any explanations or comments before or after.

The reconstructed prompt must exactly follow the structure below:

"Below you will receive task descriptions from which you should generate an Ansible Playbook.  
The generated playbook must be valid inside an Ansible Role under the tasks/ directory (e.g., tasks/main.yml).  
Do not include hosts:, vars:, or any playbook-level headers. Only output valid task entries or blocks as expected in a role.  

Task 1: ...
Description Task 1: ...

Task 2: ...
Description Task 2: ...

Task 3: ...
Description Task 3: ...
..."

Guidelines:
- Each task should be short and clearly describe one specific action.
- The tasks must match the actual tasks in the playbook **both in content and order**.
- Use the exact terminology and labels as used in the playbook (e.g., “install nginx” instead of “install web server”).
- Provide a more detailed description of the task next to each task
- Include the exact names of variables, handlers, etc. used in the playbook.

Here is the Ansible Playbook:
---
- name: Download RKE2 kubeconfig to localhost
  ansible.builtin.fetch:
    src: /etc/rancher/rke2/rke2.yaml
    dest: "{{ rke2_download_kubeconf_path }}/{{ rke2_download_kubeconf_file_name }}"
    flat: yes
  when:
  - rke2_download_kubeconf | bool
  - inventory_hostname == groups[rke2_servers_group_name].0

- name: Replace loopback IP by master server IP
  ansible.builtin.replace:
    path: "{{ rke2_download_kubeconf_path }}/{{ rke2_download_kubeconf_file_name }}"
    mode: '0600'
    regexp: '127\.0\.0\.1|\[::1\]'
    replace: "{{ rke2_api_ip | default(hostvars[groups[rke2_servers_group_name].0].ansible_host) | ansible.utils.ipwrap }}"
  delegate_to: localhost
  become: false
  when:
  - not ansible_check_mode
  - rke2_download_kubeconf | bool
  - inventory_hostname == groups[rke2_servers_group_name].0


Total input tokens: 596
___________________________________________LLM Output:___________________________________________ 
Below you will receive task descriptions from which you should generate an Ansible Playbook.  
The generated playbook must be valid inside an Ansible Role under the tasks/ directory (e.g., tasks/main.yml).  
Do not include hosts:, vars:, or any playbook-level headers. Only output valid task entries or blocks as expected in a role.  

Task 1: Download RKE2 kubeconfig to localhost
Description Task 1: Download the RKE2 kubeconfig file to the localhost. The file will be saved in the path specified by the variable `rke2_download_kubeconf_path` with the filename specified by the variable `rke2_download_kubeconf_file_name`. The `flat` parameter is set to `yes` to ensure that the file is downloaded as a single file. The task will only run if the variable `rke2_download_kubeconf` is set to `true` and the current inventory hostname is the first server in the group specified by `rke2_servers_group_name`.

Task 2: Replace loopback IP by master server IP
Description Task 2: Replace the loopback IP (127.0.0.1 or [::1]) in the RKE2 kubeconfig file with the master server IP. The path to the kubeconfig file is specified by the variable `rke2_download_kubeconf_path` with the filename specified by the variable `rke2_download_kubeconf_file_name`. The task will only run if the variable `ansible_check_mode` is not set, the variable `rke2_download_kubeconf` is set to `true`, and the current inventory hostname is the first server in the group specified by `rke2_servers_group_name`. The task uses the `replace` module to perform the replacement, with the regular expression `127\.0\.0\.1|\[::1\]` to match the loopback IPs, and the replacement value being the IP address of the master server obtained from the `rke2_api_ip` variable or the `ansible_host` variable of the first server in the `rke2_servers_group_name` group. The task is delegated to the localhost to perform the file operations, with the `become` parameter set to `false` to avoid privilege escalation.

Tue Sep 30 16:16:07 2025: /home/studgoetsi5301/documents/ansible_bench/dataset/prompts/ollama_granite-code:20b_english_exact/benchmark100/ansible-role-rke2/tasks/download_kubeconfig_prompt.txt Total generation time: 74%|███████▍  | 74/100 [07:29<05:28, 12.65s/it] 75%|███████▌  | 75/100 [07:31<04:00,  9.61s/it] 9.968248738994589


Prompt: You are a professional developer. Below you will find a complete Ansible Playbook. This playbook was generated based on a prompt. Your task is to reconstruct the original prompt that could have been used to generate this playbook.

Important: The only output follows the format below. Do not include any explanations or comments before or after.

The reconstructed prompt must exactly follow the structure below:

"Below you will receive task descriptions from which you should generate an Ansible Playbook.  
The generated playbook must be valid inside an Ansible Role under the tasks/ directory (e.g., tasks/main.yml).  
Do not include hosts:, vars:, or any playbook-level headers. Only output valid task entries or blocks as expected in a role.  

Task 1: ...
Description Task 1: ...

Task 2: ...
Description Task 2: ...

Task 3: ...
Description Task 3: ...
..."

Guidelines:
- Each task should be short and clearly describe one specific action.
- The tasks must match the actual tasks in the playbook **both in content and order**.
- Use the exact terminology and labels as used in the playbook (e.g., “install nginx” instead of “install web server”).
- Provide a more detailed description of the task next to each task
- Include the exact names of variables, handlers, etc. used in the playbook.

Here is the Ansible Playbook:
---
- name: Summary
  when: inventory_hostname == groups[rke2_servers_group_name].0
  block:
    - name: Prepare summary
      ansible.builtin.shell: |
        set -e
        {{ rke2_data_path }}/bin/kubectl --kubeconfig /etc/rancher/rke2/rke2.yaml get nodes -o wide --show-labels
      args:
        executable: /bin/bash
      changed_when: false
      retries: 5
      register: nodes_summary

    - name: K8s nodes state
      ansible.builtin.debug:
        var: nodes_summary.stdout_lines


Total input tokens: 459
___________________________________________LLM Output:___________________________________________ 
Below you will receive task descriptions from which you should generate an Ansible Playbook.  
The generated playbook must be valid inside an Ansible Role under the tasks/ directory (e.g., tasks/main.yml).  
Do not include hosts:, vars:, or any playbook-level headers. Only output valid task entries or blocks as expected in a role.  

Task 1: Prepare summary
Description Task 1: Run kubectl to display a summary of the Kubernetes cluster.

Task 2: K8s nodes state
Description Task 2: Display the current state of the Kubernetes nodes.

Tue Sep 30 16:16:10 2025: /home/studgoetsi5301/documents/ansible_bench/dataset/prompts/ollama_granite-code:20b_english_exact/benchmark100/ansible-role-rke2/tasks/summary_prompt.txt Total generation time: 2.523314271995332


Prompt: You are a professional developer. Below you will find a complete Ansible Playbook. This playbook was generated based on a prompt. Your task is to reconstruct the original prompt that could have been used to generate this playbook.

Important: The only output follows the format below. Do not include any explanations or comments before or after.

The reconstructed prompt must exactly follow the structure below:

"Below you will receive task descriptions from which you should generate an Ansible Playbook.  
The generated playbook must be valid inside an Ansible Role under the tasks/ directory (e.g., tasks/main.yml).  
Do not include hosts:, vars:, or any playbook-level headers. Only output valid task entries or blocks as expected in a role.  

Task 1: ...
Description Task 1: ...

Task 2: ...
Description Task 2: ...

Task 3: ...
Description Task 3: ...
..."

Guidelines:
- Each task should be short and clearly describe one specific action.
- The tasks must match the actual tasks in the playbook **both in content and order**.
- Use the exact terminology and labels as used in the playbook (e.g., “install nginx” instead of “install web server”).
- Provide a more detailed description of the task next to each task
- Include the exact names of variables, handlers, etc. used in the playbook.

Here is the Ansible Playbook:
---
- name: Cordon and Drain the node {{ rke2_node_name }}
  ansible.builtin.shell: |
    set -o pipefail
    {{ rke2_data_path }}/bin/kubectl --kubeconfig /etc/rancher/rke2/rke2.yaml \
    cordon "{{ rke2_node_name }}" && \
    {{ rke2_data_path }}/bin/kubectl --kubeconfig /etc/rancher/rke2/rke2.yaml \
    drain "{{ rke2_node_name }}" --ignore-daemonsets --delete-emptydir-data {{ rke2_drain_additional_args }}
  args:
    executable: /bin/bash
  register: drain
  until:
    - drain.stdout is search('drained')
  retries: 100
  delay: 15
  changed_when: false
  delegate_to: "{{ active_server | default(groups[rke2_servers_group_name].0) }}"
  run_once: true
  when: rke2_drain_node_during_upgrade

- name: Restart RKE2 service on {{ rke2_node_name }}
  ansible.builtin.service:
    name: "{{ rke2_service_name }}"
    state: restarted
  notify: "Service (re)started"

- name: Wait for all nodes to be ready again
  ansible.builtin.shell: |
    set -o pipefail
    {{ rke2_data_path }}/bin/kubectl --kubeconfig /etc/rancher/rke2/rke2.yaml get nodes | grep " Ready" | wc -l
  args:
    executable: /bin/bash
  changed_when: false
  register: all_ready_nodes
  until:
    - groups[rke2_cluster_group_name] | length == all_ready_nodes.stdout | int
  retries: 100
  delay: 15
  delegate_to: "{{ active_server | default(groups[rke2_servers_group_name].0) }}"
  run_once: true

- name: Uncordon the node {{ rke2_node_name }}
  ansible.builtin.shell: |
    set -o pipefail
    {{ rke2_data_path }}/bin/kubectl --kubeconfig /etc/rancher/rke2/rke2.yaml \
    uncordon "{{ rke2_node_name }}"
  args:
    executable: /bin/bash
  changed_when: false
  delegate_to: "{{ active_server | default(groups[rke2_servers_group_name].0) }}"
  run_once: true
  when: rke2_drain_node_during_upgrade

- name: Wait for all pods to be ready again
  ansible.builtin.shell: |
    set -o pipefail
    {{ rke2_data_path }}/bin/kubectl --kubeconfig /etc/rancher/rke2/rke2.yaml get pods -A --field-selector=status.phase!=Running,status.phase!=Succeeded --ignore-not-found | wc -l
  args:
    executable: /bin/bash
  changed_when: false
  register: all_pods_ready
  until:
    '"0" in all_pods_ready.stdout'
  retries: 100
  delay: 15
  delegate_to: "{{ active_server | default(groups[rke2_servers_group_name].0) }}"
  run_once: true
  when: rke2_wait_for_all_pods_to_be_ready

- name: Wait for all pods to pass readiness checks
  ansible.builtin.shell: |
    {{ rke2_data_path }}/bin/kubectl --kubeconfig /etc/rancher/rke2/rke2.yaml wait {{ rke2_wait_for_all_pods_to_be_healthy_args }}
  args:
    executable: /bin/bash
  changed_when: false
  retries: 100
  delay: 15
  delegate_to: "{{ active_server | default(groups[rke2_servers_group_name].0) }}"
  run_once: true
  when: rke2_wait_for_all_pods_to_be_healthy


Total input tokens: 1270
___________________________________________LLM Output:___________________________________________ 
Below you will receive task descriptions from which you should generate an Ansible Playbook.  
The generated playbook must be valid inside an Ansible Role under the tasks/ directory (e.g., tasks/main.yml).  
Do not include hosts:, vars:, or any playbook-level headers. Only output valid task entries or blocks as expected in a role.  

Task 1: Cordon and Drain the node {{ rke2_node_name }}
Description Task 1: Cordons and drains the target node to prepare for upgrade. This task is skipped if the variable rke2_drain_node_during_upgrade is set to false.

Task 2: Restart RKE2 service on {{ rke2_node_name }}
Description Task 2: Restarts the RKE2 service on the target node to apply any configuration changes.

Task 3: Wait for all nodes to be ready again
Description Task 3: Waits for all nodes in the cluster to be in a ready state.

Task 4: Uncordon the node {{ rke2_node_name }}
Description Task 4: Uncordons the target node after the upgrade is complete. This task is skipped if the variable rke2_drain_node_during_upgrade is set to false.

Task 5: Wait for all pods to be ready again
Description Task 5: Waits for all pods in the cluster to be in a ready state. This task is skipped if the variable rke2_wait_for_all_pods_to_be_ready is set to false.

Task 6: Wait for all pods to pass readiness checks
Description Task 6: Waits for all pods in the cluster to pass their readiness checks. This task is skipped if the variable rke2_wait_for_all_pods_to_be_healthy is set to false. 76%|███████▌  | 76/100 [07:40<03:47,  9.49s/it] 77%|███████▋  | 77/100 [07:49<03:31,  9.22s/it]

Tue Sep 30 16:16:19 2025: /home/studgoetsi5301/documents/ansible_bench/dataset/prompts/ollama_granite-code:20b_english_exact/benchmark100/ansible-role-rke2/tasks/rolling_restart_prompt.txt Total generation time: 9.20061492199602


Prompt: You are a professional developer. Below you will find a complete Ansible Playbook. This playbook was generated based on a prompt. Your task is to reconstruct the original prompt that could have been used to generate this playbook.

Important: The only output follows the format below. Do not include any explanations or comments before or after.

The reconstructed prompt must exactly follow the structure below:

"Below you will receive task descriptions from which you should generate an Ansible Playbook.  
The generated playbook must be valid inside an Ansible Role under the tasks/ directory (e.g., tasks/main.yml).  
Do not include hosts:, vars:, or any playbook-level headers. Only output valid task entries or blocks as expected in a role.  

Task 1: ...
Description Task 1: ...

Task 2: ...
Description Task 2: ...

Task 3: ...
Description Task 3: ...
..."

Guidelines:
- Each task should be short and clearly describe one specific action.
- The tasks must match the actual tasks in the playbook **both in content and order**.
- Use the exact terminology and labels as used in the playbook (e.g., “install nginx” instead of “install web server”).
- Provide a more detailed description of the task next to each task
- Include the exact names of variables, handlers, etc. used in the playbook.

Here is the Ansible Playbook:
---

- name: Update apt cache
  ansible.builtin.apt:
    update_cache: true
  when: ansible_pkg_mgr == 'apt'

- name: Update dnf cache
  ansible.builtin.dnf:
    update_cache: true
  when: ansible_pkg_mgr == 'dnf'

- name: Install packages
  ansible.builtin.package:
    name: keepalived

- name: Create directory for keepalived
  ansible.builtin.file:
    path: /etc/keepalived
    state: directory
    owner: root
    group: root
    mode: 0755

- name: Create Kubernetes API health check script for Debian OS family
  ansible.builtin.template:
    src: templates/check_apiserver.sh.j2
    dest: /etc/keepalived/check_apiserver.sh
    owner: root
    group: root
    mode: 0755
  when:  ansible_facts['os_family'] == "Debian"
  notify: Restart keepalived

- name: Create Kubernetes API health check script for RedHat OS famliy
  ansible.builtin.template:
    src: templates/check_apiserver.sh.j2
    dest: /usr/libexec/keepalived/check_apiserver.sh
    owner: root
    group: root
    mode: 0755
  when:  ansible_facts['os_family'] == "RedHat"
  notify: Restart keepalived

- name: Create RKE2 Server health check script for Debian OS family
  ansible.builtin.template:
    src: templates/check_rke2server.sh.j2
    dest: /etc/keepalived/check_rke2server.sh
    owner: root
    group: root
    mode: 0755
  when:  ansible_facts['os_family'] == "Debian"
  notify: Restart keepalived

- name: Create RKE2 Server health check script for RedHat OS family
  ansible.builtin.template:
    src: templates/check_rke2server.sh.j2
    dest: /usr/libexec/keepalived/check_rke2server.sh
    owner: root
    group: root
    mode: 0755
  when:  ansible_facts['os_family'] == "RedHat"
  notify: Restart keepalived

- name: Create keepalived config file
  ansible.builtin.template:
    src: templates/keepalived.conf.j2
    dest: /etc/keepalived/keepalived.conf
    owner: root
    group: root
    mode: 0644
  notify: Restart keepalived

- name: Enable keepalived and make sure it is not masked
  ansible.builtin.systemd:
    name: keepalived
    enabled: yes
    masked: no
  notify: Restart keepalived

- name: Flush handlers
  ansible.builtin.meta: flush_handlers


Total input tokens: 977
___________________________________________LLM Output:___________________________________________ 
Below you will receive task descriptions from which you should generate an Ansible Playbook.  
The generated playbook must be valid inside an Ansible Role under the tasks/ directory (e.g., tasks/main.yml).  
Do not include hosts:, vars:, or any playbook-level headers. Only output valid task entries or blocks as expected in a role.  

Task 1: Update apt cache
Description Task 1: Update the apt cache on the system

Task 2: Update dnf cache
Description Task 2: Update the dnf cache on the system

Task 3: Install packages
Description Task 3: Install the keepalived package on the system

Task 4: Create directory for keepalived
Description Task 4: Create a directory for keepalived configuration files

Task 5: Create Kubernetes API health check script for Debian OS family
Description Task 5: Create a Kubernetes API health check script for Debian-based systems

Task 6: Create Kubernetes API health check script for RedHat OS famliy
Description Task 6: Create a Kubernetes API health check script for RedHat-based systems

Task 7: Create RKE2 Server health check script for Debian OS family
Description Task 7: Create an RKE2 Server health check script for Debian-based systems

Task 8: Create RKE2 Server health check script for RedHat OS family
Description Task 8: Create an RKE2 Server health check script for RedHat-based systems

Task 9: Create keepalived config file
Description Task 9: Create a configuration file for keepalived

Task 10: Enable keepalived and make sure it is not masked
Description Task 10: Enable keepalived as a service and ensure it is not masked

Task 11: Flush handlers
Description Task 11: Flush handlers to apply changes

Tue Sep 30 16:16:28 2025: /home/studgoetsi5301/documents/ansible_bench/dataset/prompts/ollama_granite-code:20b_english_exact/benchmark100/ansible-role-rke2/tasks/keepalived_prompt.txt Total generation time: 8.579390452010557


Prompt: You are a professional developer. Below you will find a complete Ansible Playbook. This playbook was generated based on a prompt. Your task is to reconstruct the original prompt that could have been used to generate this playbook.

Important: The only output follows the format below. Do not include any explanations or comments before or after.

The reconstructed prompt must exactly follow the structure below:

"Below you will receive task descriptions from which you should generate an Ansible Playbook.  
The generated playbook must be valid inside an Ansible Role under the tasks/ directory (e.g., tasks/main.yml).  
Do not include hosts:, vars:, or any playbook-level headers. Only output valid task entries or blocks as expected in a role.  

Task 1: ...
Description Task 1: ...

Task 2: ...
Description Task 2: ...

Task 3: ...
Description Task 3: ...
..."

Guidelines:
- Each task should be short and clearly describe one specific action.
- The tasks must match the actual tasks in the playbook **both in content and order**.
- Use the exact terminology and labels as used in the playbook (e.g., “install nginx” instead of “install web server”).
- Provide a more detailed description of the task next to each task
- Include the exact names of variables, handlers, etc. used in the playbook.

Here is the Ansible Playbook:
---
- name: Install Keepalived when HA mode is enabled
  ansible.builtin.include_tasks: keepalived.yml
  when:
    - rke2_api_ip is defined
    - inventory_hostname in groups[rke2_servers_group_name]
    - rke2_ha_mode | bool
    - rke2_ha_mode_keepalived | bool

- name: Download and install RKE2 {{ rke2_version }}
  ansible.builtin.include_tasks: rke2.yml

- name: CIS Hardening
  ansible.builtin.include_tasks: cis.yml
  when:
    - rke2_cis_profile | length > 0

- name: Find Active Server
  ansible.builtin.include_tasks: find_active_server.yml

- name: Enable IPVS kernel module
  community.general.modprobe:
    name: ip_vs
    state: present
    persistent: present
  when:
    - rke2_kubevip_ipvs_lb_enable | bool
    - inventory_hostname in groups[rke2_servers_group_name]
    - rke2_ha_mode | bool
    - rke2_ha_mode_kubevip | bool
    - not rke2_ha_mode_keepalived | bool

- name: Copy kube-vip manifests to the masternode
  ansible.builtin.include_tasks: kubevip.yml
  when:
    - inventory_hostname == groups[rke2_servers_group_name].0
    - rke2_ha_mode | bool
    - rke2_ha_mode_kubevip | bool
    - not rke2_ha_mode_keepalived | bool

- name: Copy ingress-nginx manifests to the masternode
  ansible.builtin.include_tasks: ingress-nginx.yml
  when:
    - inventory_hostname == groups[rke2_servers_group_name].0
    - rke2_ingress_nginx_values is defined
    - rke2_ingress_nginx_values | length > 0

- name: Prepare very first server node in the cluster
  ansible.builtin.include_tasks: first_server.yml
  when:
    - inventory_hostname == groups[rke2_servers_group_name].0
    - active_server is not defined or groups[rke2_cluster_group_name] | length | int == 1

- name: Restore etcd specific tasks
  ansible.builtin.include_tasks: first_server_restore.yml
  when:
    - active_server is defined
    - inventory_hostname == active_server or inventory_hostname == groups[rke2_servers_group_name].0
    - do_etcd_restore is defined or do_etcd_restore_from_s3 is defined

- name: Download kubeconfig to ansible localhost
  ansible.builtin.include_tasks: download_kubeconfig.yaml
  when:
    - rke2_download_kubeconf | bool
    - inventory_hostname == groups[rke2_servers_group_name].0

- name: Prepare and join remaining nodes of the cluster
  ansible.builtin.include_tasks: remaining_nodes.yml
  when:
    - active_server is defined
    - groups[rke2_cluster_group_name] | length | int >= 2

- name: Rolling cordon and drain restart when version changes - servers
  ansible.builtin.include_tasks: rolling_restart.yml
  with_items: "{{ groups[rke2_servers_group_name] }}"
  loop_control:
    loop_var: _host_item
  when:
    - hostvars[_host_item].inventory_hostname == inventory_hostname
    - installed_version is defined
    - installed_version != "not installed"
    - rke2_version is defined
    - rke2_version != running_version

- name: Rolling cordon and drain restart when version changes - agents
  ansible.builtin.include_tasks: rolling_restart.yml
  with_items: "{{ groups[rke2_agents_group_name] | default([]) }}"
  loop_control:
    loop_var: _host_item
  when:
    - hostvars[_host_item].inventory_hostname == inventory_hostname
    - inventory_hostname not in groups[rke2_servers_group_name]
    - installed_version is defined
    - installed_version != "not installed"
    - rke2_version is defined
    - rke2_version != running_version

- name: Flush handlers
  ansible.builtin.meta: flush_handlers

- name: Rolling restart when config files change
  ansible.builtin.include_tasks: change_config.yml
  with_items: "{{ groups[rke2_cluster_group_name] }}"
  loop_control:
    loop_var: _host_item
  when:
    - hostvars[_host_item].inventory_hostname == inventory_hostname
    - rke2_restart_needed

- name: Final steps
  ansible.builtin.include_tasks: summary.yml

 78%|███████▊  | 78/100 [08:02<03:48, 10.40s/it]
Total input tokens: 1449
___________________________________________LLM Output:___________________________________________ 
Below you will receive task descriptions from which you should generate an Ansible Playbook.  
The generated playbook must be valid inside an Ansible Role under the tasks/ directory (e.g., tasks/main.yml).  
Do not include hosts:, vars:, or any playbook-level headers. Only output valid task entries or blocks as expected in a role.  

Task 1: Install Keepalived when HA mode is enabled
Description Task 1: Install Keepalived package when High Availability (HA) mode is enabled.

Task 2: Download and install RKE2 {{ rke2_version }}
Description Task 2: Download and install RKE2 version {{ rke2_version }}.

Task 3: CIS Hardening
Description Task 3: Apply CIS Benchmark hardening for RKE2.

Task 4: Find Active Server
Description Task 4: Find the active server in the cluster.

Task 5: Enable IPVS kernel module
Description Task 5: Enable the IPVS kernel module for kube-vip load balancer.

Task 6: Copy kube-vip manifests to the masternode
Description Task 6: Copy kube-vip manifests to the master node in the cluster.

Task 7: Copy ingress-nginx manifests to the masternode
Description Task 7: Copy ingress-nginx manifests to the master node in the cluster.

Task 8: Prepare very first server node in the cluster
Description Task 8: Prepare the very first server node in the cluster.

Task 9: Restore etcd specific tasks
Description Task 9: Restore etcd specific tasks based on restore options.

Task 10: Download kubeconfig to ansible localhost
Description Task 10: Download kubeconfig file to the Ansible localhost.

Task 11: Prepare and join remaining nodes of the cluster
Description Task 11: Prepare and join the remaining nodes in the cluster.

Task 12: Rolling cordon and drain restart when version changes - servers
Description Task 12: Perform rolling restart of servers when the version changes.

Task 13: Rolling cordon and drain restart when version changes - agents
Description Task 13: Perform rolling restart of agents when the version changes.

Task 14: Flush handlers
Description Task 14: Flush handlers to ensure all handlers are executed.

Task 15: Rolling restart when config files change
Description Task 15: Perform rolling restart of cluster nodes when configuration files change.

Task 16: Final steps
Description Task 16: Perform final steps and summary of the playbook.

Tue Sep 30 16:16:41 2025: /home/studgoetsi5301/documents/ansible_bench/dataset/prompts/ollama_granite-code:20b_english_exact/benchmark100/ansible-role-rke2/tasks/main_prompt.txt Total generation time: 13.171878310997272


Prompt: You are a professional developer. Below you will find a complete Ansible Playbook. This playbook was generated based on a prompt. Your task is to reconstruct the original prompt that could have been used to generate this playbook.

Important: The only output follows the format below. Do not include any explanations or comments before or after.

The reconstructed prompt must exactly follow the structure below:

"Below you will receive task descriptions from which you should generate an Ansible Playbook.  
The generated playbook must be valid inside an Ansible Role under the tasks/ directory (e.g., tasks/main.yml).  
Do not include hosts:, vars:, or any playbook-level headers. Only output valid task entries or blocks as expected in a role.  

Task 1: ...
Description Task 1: ...

Task 2: ...
Description Task 2: ...

Task 3: ...
Description Task 3: ...
..."

Guidelines:
- Each task should be short and clearly describe one specific action.
- The tasks must match the actual tasks in the playbook **both in content and order**.
- Use the exact terminology and labels as used in the playbook (e.g., “install nginx” instead of “install web server”).
- Provide a more detailed description of the task next to each task
- Include the exact names of variables, handlers, etc. used in the playbook.

Here is the Ansible Playbook:
---
- name: Create the RKE2 config dir
  ansible.builtin.file:
    state: directory
    path: /etc/rancher/rke2
    owner: root
    group: root
    mode: 0755

- name: Set server taints
  ansible.builtin.set_fact:
    combined_node_taints: "{{ rke2_server_node_taints }}"
  when: rke2_type == 'server'

- name: Set agent taints
  ansible.builtin.set_fact:
    combined_node_taints: "{{ rke2_agent_node_taints }}"
  when: rke2_type == 'agent'

- name: Copy RKE2 config
  ansible.builtin.template:
    src: "{{ rke2_config }}"
    dest: /etc/rancher/rke2/config.yaml
    owner: root
    group: root
    mode: 0600
  notify: "Config file changed"

- name: Copy kubelet config
  ansible.builtin.template:
    src: templates/kubelet-config.yaml.j2
    dest: /etc/rancher/rke2/kubelet-config.yaml
    owner: root
    group: root
    mode: 0600
  when: rke2_kubelet_config | length > 0
  notify: "Config file changed"

- name: Copy Containerd Registry Configuration file
  ansible.builtin.template:
    src: "{{ rke2_custom_registry_path }}"
    dest: /etc/rancher/rke2/registries.yaml
    owner: root
    group: root
    mode: 0600
  when: (rke2_custom_registry_mirrors | length > 0 or rke2_custom_registry_configs | length > 0)
  notify: "Config file changed"

- name: Start RKE2 service on the rest of the nodes
  ansible.builtin.systemd:
    name: "{{ rke2_service_name }}"
    state: started
    enabled: true
  retries: 10
  delay: 3
  register: result
  until: result is not failed
  environment:
    RKE2_TOKEN: "{{ rke2_token }}"
  notify: "Service (re)started"

- name: Mask other RKE2 service on the rest of the nodes
  ansible.builtin.systemd:
    name: "rke2-{{ item }}.service"
    enabled: false
    masked: true
  with_items:
    - "{{ (['agent', 'server'] | reject('match', rke2_type) | list) }}"

- name: Wait for remaining nodes to be ready - no CNI
  ansible.builtin.shell: |
    {{ rke2_data_path }}/bin/kubectl --kubeconfig /etc/rancher/rke2/rke2.yaml get node "{{ item }}" -o jsonpath='{range .status.conditions[*]}{.message}{"\n"}{end}'
  args:
    executable: /bin/bash
  changed_when: false
  register: node_status
  until:
    - '"kubelet has sufficient memory available"  in node_status.stdout_lines'
    - '"kubelet has no disk pressure"  in node_status.stdout_lines'
    - '"kubelet has sufficient PID available"  in node_status.stdout_lines'
    - ('"cni plugin not initialized" in node_status.stdout' or '"kubelet is posting ready status." in node_status.stdout')
  retries: 100
  delay: 15
  loop: "{{ groups[rke2_cluster_group_name] }}"
  when:
    - rke2_cni == 'none'
    - inventory_hostname == active_server or inventory_hostname == groups[rke2_servers_group_name].0

- name: Wait for remaining nodes to be ready - with CNI
  ansible.builtin.shell: |
    set -o pipefail
    {{ rke2_data_path }}/bin/kubectl --kubeconfig /etc/rancher/rke2/rke2.yaml get nodes | grep " Ready" | wc -l
  args:
    executable: /bin/bash
  changed_when: false
  register: all_ready_nodes
  until: "groups[rke2_cluster_group_name] | length == all_ready_nodes.stdout | int"
  retries: 100
  delay: 15
  when:
    - not ansible_check_mode
    - rke2_cni != 'none'
    - inventory_hostname == active_server or inventory_hostname == groups[rke2_servers_group_name].0


Total input tokens: 1350
___________________________________________LLM Output:___________________________________________ 
Below you will receive task descriptions from which you should generate an Ansible Playbook.  
The generated playbook must be valid inside an Ansible Role under the tasks/ directory (e.g., tasks/main.yml).  
Do not include hosts:, vars:, or any playbook-level headers. Only output valid task entries or blocks as expected in a role.  

Task 1: Create the RKE2 config dir
Description Task 1: Create the RKE2 config dir for server or agent nodes

Task 2: Set server taints
Description Task 2: Set server taints if the node is a server

Task 3: Set agent taints
Description Task 3: Set agent taints if the node is an agent

Task 4: Copy RKE2 config
Description Task 4: Copy the RKE2 config file

Task 5: Copy kubelet config
Description Task 5: Copy the kubelet config file if it is present

Task 6: Copy Containerd Registry Configuration file
Description Task 6: Copy the Containerd Registry Configuration file if the custom registry is used

Task 7: Start RKE2 service on the rest of the nodes
Description Task 7: Start the RKE2 service on the remaining nodes

Task 8: Mask other RKE2 service on the rest of the nodes
Description Task 8: Mask other RKE2 services on the remaining nodes

Task 9: Wait for remaining nodes to be ready - no CNI
Description Task 9: Wait for the remaining nodes to be ready if no CNI is used

Task 10: Wait for remaining nodes to be ready - with CNI
Description Task 10: Wait for the remaining nodes to be ready if CNI is used 79%|███████▉  | 79/100 [08:11<03:29,  9.99s/it] 80%|████████  | 80/100 [08:15<02:45,  8.26s/it] 81%|████████  | 81/100 [08:19<02:13,  7.04s/it]

Tue Sep 30 16:16:50 2025: /home/studgoetsi5301/documents/ansible_bench/dataset/prompts/ollama_granite-code:20b_english_exact/benchmark100/ansible-role-rke2/tasks/remaining_nodes_prompt.txt Total generation time: 9.008550637998269


Prompt: You are a professional developer. Below you will find a complete Ansible Playbook. This playbook was generated based on a prompt. Your task is to reconstruct the original prompt that could have been used to generate this playbook.

Important: The only output follows the format below. Do not include any explanations or comments before or after.

The reconstructed prompt must exactly follow the structure below:

"Below you will receive task descriptions from which you should generate an Ansible Playbook.  
The generated playbook must be valid inside an Ansible Role under the tasks/ directory (e.g., tasks/main.yml).  
Do not include hosts:, vars:, or any playbook-level headers. Only output valid task entries or blocks as expected in a role.  

Task 1: ...
Description Task 1: ...

Task 2: ...
Description Task 2: ...

Task 3: ...
Description Task 3: ...
..."

Guidelines:
- Each task should be short and clearly describe one specific action.
- The tasks must match the actual tasks in the playbook **both in content and order**.
- Use the exact terminology and labels as used in the playbook (e.g., “install nginx” instead of “install web server”).
- Provide a more detailed description of the task next to each task
- Include the exact names of variables, handlers, etc. used in the playbook.

Here is the Ansible Playbook:
---
- name: Create the RKE2 manifests directory
  ansible.builtin.file:
    state: directory
    path: "{{ rke2_data_path }}/server/manifests"
    owner: root
    group: root
    mode: 0700

- name: Copy kube-vip files to first server
  ansible.builtin.template:
    src: "{{ item }}"
    dest: "{{ rke2_data_path }}/server/manifests/{{ item | basename | regex_replace('.j2$', '') }}"
    owner: root
    group: root
    mode: 0664
  with_fileglob:
    - "templates/kube-vip/kube-vip.yml.j2"
    - "templates/kube-vip/kube-vip-rbac.yml.j2"

- name: Copy kube-vip load balancer manifests to first server
  ansible.builtin.template:
    src: "{{ item }}"
    dest: "{{ rke2_data_path }}/server/manifests/{{ item | basename | regex_replace('.j2$', '') }}"
    owner: root
    group: root
    mode: 0664
  with_fileglob:
    - "templates/kube-vip/kube-vip-cloud-*.j2"
  when:
    - rke2_kubevip_cloud_provider_enable | bool


Total input tokens: 612
___________________________________________LLM Output:___________________________________________ 
Below you will receive task descriptions from which you should generate an Ansible Playbook.  
The generated playbook must be valid inside an Ansible Role under the tasks/ directory (e.g., tasks/main.yml).  
Do not include hosts:, vars:, or any playbook-level headers. Only output valid task entries or blocks as expected in a role.  

Task 1: Create the RKE2 manifests directory
Description Task 1: This task creates the RKE2 manifests directory on the first server.

Task 2: Copy kube-vip files to first server
Description Task 2: This task copies the kube-vip files to the first server.

Task 3: Copy kube-vip load balancer manifests to first server
Description Task 3: This task copies the kube-vip load balancer manifests to the first server, but only if the rke2_kubevip_cloud_provider_enable variable is set to true.

Tue Sep 30 16:16:54 2025: /home/studgoetsi5301/documents/ansible_bench/dataset/prompts/ollama_granite-code:20b_english_exact/benchmark100/ansible-role-rke2/tasks/kubevip_prompt.txt Total generation time: 4.242244805995142


Prompt: You are a professional developer. Below you will find a complete Ansible Playbook. This playbook was generated based on a prompt. Your task is to reconstruct the original prompt that could have been used to generate this playbook.

Important: The only output follows the format below. Do not include any explanations or comments before or after.

The reconstructed prompt must exactly follow the structure below:

"Below you will receive task descriptions from which you should generate an Ansible Playbook.  
The generated playbook must be valid inside an Ansible Role under the tasks/ directory (e.g., tasks/main.yml).  
Do not include hosts:, vars:, or any playbook-level headers. Only output valid task entries or blocks as expected in a role.  

Task 1: ...
Description Task 1: ...

Task 2: ...
Description Task 2: ...

Task 3: ...
Description Task 3: ...
..."

Guidelines:
- Each task should be short and clearly describe one specific action.
- The tasks must match the actual tasks in the playbook **both in content and order**.
- Use the exact terminology and labels as used in the playbook (e.g., “install nginx” instead of “install web server”).
- Provide a more detailed description of the task next to each task
- Include the exact names of variables, handlers, etc. used in the playbook.

Here is the Ansible Playbook:
- name: Restart RKE2 service on {{ rke2_node_name }}
  ansible.builtin.service:
    name: "{{ rke2_service_name }}"
    state: restarted
  notify: "Service (re)started"

- name: Wait for all nodes to be ready again
  ansible.builtin.shell: |
    set -o pipefail
    {{ rke2_data_path }}/bin/kubectl --kubeconfig /etc/rancher/rke2/rke2.yaml get nodes | grep " Ready" | wc -l
  args:
    executable: /bin/bash
  changed_when: false
  register: all_ready_nodes
  until:
    - groups[rke2_cluster_group_name] | length == all_ready_nodes.stdout | int
  retries: 100
  delay: 15
  delegate_to: "{{ active_server | default(groups[rke2_servers_group_name].0) }}"
  run_once: true
  when: not ansible_check_mode

- name: Wait for all pods to be ready again
  ansible.builtin.shell: |
    set -o pipefail
    {{ rke2_data_path }}/bin/kubectl --kubeconfig /etc/rancher/rke2/rke2.yaml get pods -A --field-selector=status.phase!=Running,status.phase!=Succeeded --ignore-not-found | wc -l
  args:
    executable: /bin/bash
  changed_when: false
  register: all_pods_ready
  until:
    '"0" in all_pods_ready.stdout'
  retries: 100
  delay: 15
  delegate_to: "{{ active_server | default(groups[rke2_servers_group_name].0) }}"
  run_once: true
  when:
    - not ansible_check_mode
    - rke2_wait_for_all_pods_to_be_ready


Total input tokens: 750
___________________________________________LLM Output:___________________________________________ 
Below you will receive task descriptions from which you should generate an Ansible Playbook.  
The generated playbook must be valid inside an Ansible Role under the tasks/ directory (e.g., tasks/main.yml).  
Do not include hosts:, vars:, or any playbook-level headers. Only output valid task entries or blocks as expected in a role.  

Task 1: Restart RKE2 service on {{ rke2_node_name }}
Description Task 1: Restarts the RKE2 service on the specified node.

Task 2: Wait for all nodes to be ready again
Description Task 2: Waits for all nodes in the RKE2 cluster to be in a "Ready" state.

Task 3: Wait for all pods to be ready again
Description Task 3: Waits for all pods in all namespaces to be in a "Running" or "Succeeded" state.

Tue Sep 30 16:16:58 2025: /home/studgoetsi5301/documents/ansible_bench/dataset/prompts/ollama_granite-code:20b_english_exact/benchmark100/ansible-role-rke2/tasks/change_config_prompt.txt Total generation time: 4.195812499994645


Prompt: You are a professional developer. Below you will find a complete Ansible Playbook. This playbook was generated based on a prompt. Your task is to reconstruct the original prompt that could have been used to generate this playbook.

Important: The only output follows the format below. Do not include any explanations or comments before or after.

The reconstructed prompt must exactly follow the structure below:

"Below you will receive task descriptions from which you should generate an Ansible Playbook.  
The generated playbook must be valid inside an Ansible Role under the tasks/ directory (e.g., tasks/main.yml).  
Do not include hosts:, vars:, or any playbook-level headers. Only output valid task entries or blocks as expected in a role.  

Task 1: ...
Description Task 1: ...

Task 2: ...
Description Task 2: ...

Task 3: ...
Description Task 3: ...
..."

Guidelines:
- Each task should be short and clearly describe one specific action.
- The tasks must match the actual tasks in the playbook **both in content and order**.
- Use the exact terminology and labels as used in the playbook (e.g., “install nginx” instead of “install web server”).
- Provide a more detailed description of the task next to each task
- Include the exact names of variables, handlers, etc. used in the playbook.

Here is the Ansible Playbook:
---

- name: Populate services facts
  ansible.builtin.service_facts:

- name: Set the Active Server variable
  ansible.builtin.set_fact:
    active_server: "{{ inventory_hostname }}"
  delegate_facts: true
  delegate_to: "{{ item }}"
  with_items: "{{ groups[rke2_cluster_group_name] }}"
  when:
    - inventory_hostname in groups[rke2_servers_group_name]
    - ansible_facts.services["rke2-server.service"].state == "running"

 82%|████████▏ | 82/100 [08:22<01:42,  5.69s/it] 83%|████████▎ | 83/100 [08:25<01:22,  4.87s/it]
Total input tokens: 442
___________________________________________LLM Output:___________________________________________ 
Below you will receive task descriptions from which you should generate an Ansible Playbook.  
The generated playbook must be valid inside an Ansible Role under the tasks/ directory (e.g., tasks/main.yml).  
Do not include hosts:, vars:, or any playbook-level headers. Only output valid task entries or blocks as expected in a role.  

Task 1: Populate services facts
Description Task 1: Gather information about installed services on the host.

Task 2: Set the Active Server variable
Description Task 2: Set a variable to store the current hostname. This variable will be used later in the playbook.

Tue Sep 30 16:17:01 2025: /home/studgoetsi5301/documents/ansible_bench/dataset/prompts/ollama_granite-code:20b_english_exact/benchmark100/ansible-role-rke2/tasks/find_active_server_prompt.txt Total generation time: 2.547558480000589


Prompt: You are a professional developer. Below you will find a complete Ansible Playbook. This playbook was generated based on a prompt. Your task is to reconstruct the original prompt that could have been used to generate this playbook.

Important: The only output follows the format below. Do not include any explanations or comments before or after.

The reconstructed prompt must exactly follow the structure below:

"Below you will receive task descriptions from which you should generate an Ansible Playbook.  
The generated playbook must be valid inside an Ansible Role under the tasks/ directory (e.g., tasks/main.yml).  
Do not include hosts:, vars:, or any playbook-level headers. Only output valid task entries or blocks as expected in a role.  

Task 1: ...
Description Task 1: ...

Task 2: ...
Description Task 2: ...

Task 3: ...
Description Task 3: ...
..."

Guidelines:
- Each task should be short and clearly describe one specific action.
- The tasks must match the actual tasks in the playbook **both in content and order**.
- Use the exact terminology and labels as used in the playbook (e.g., “install nginx” instead of “install web server”).
- Provide a more detailed description of the task next to each task
- Include the exact names of variables, handlers, etc. used in the playbook.

Here is the Ansible Playbook:
---
# tasks file for buildtools

- name: Install buildtools
  ansible.builtin.package:
    name: "{{ buildtools_packages }}"
    state: present


Total input tokens: 356
___________________________________________LLM Output:___________________________________________ 
Below you will receive task descriptions from which you should generate an Ansible Playbook.  
The generated playbook must be valid inside an Ansible Role under the tasks/ directory (e.g., tasks/main.yml).  
Do not include hosts:, vars:, or any playbook-level headers. Only output valid task entries or blocks as expected in a role.  

Task 1: install buildtools
Description Task 1: Installs buildtools using the ansible.builtin.package module. The buildtools_packages variable is used to specify the packages to be installed. The state is set to present to ensure that the packages are installed.

Task 2: 
Description Task 2: 

Task 3: 
Description Task 3: 

Tue Sep 30 16:17:04 2025: /home/studgoetsi5301/documents/ansible_bench/dataset/prompts/ollama_granite-code:20b_english_exact/benchmark100/ansible-role-buildtools/tasks/main_prompt.txt Total generation time: 2.951278045991785


Prompt: You are a professional developer. Below you will find a complete Ansible Playbook. This playbook was generated based on a prompt. Your task is to reconstruct the original prompt that could have been used to generate this playbook.

Important: The only output follows the format below. Do not include any explanations or comments before or after.

The reconstructed prompt must exactly follow the structure below:

"Below you will receive task descriptions from which you should generate an Ansible Playbook.  
The generated playbook must be valid inside an Ansible Role under the tasks/ directory (e.g., tasks/main.yml).  
Do not include hosts:, vars:, or any playbook-level headers. Only output valid task entries or blocks as expected in a role.  

Task 1: ...
Description Task 1: ...

Task 2: ...
Description Task 2: ...

Task 3: ...
Description Task 3: ...
..."

Guidelines:
- Each task should be short and clearly describe one specific action.
- The tasks must match the actual tasks in the playbook **both in content and order**.
- Use the exact terminology and labels as used in the playbook (e.g., “install nginx” instead of “install web server”).
- Provide a more detailed description of the task next to each task
- Include the exact names of variables, handlers, etc. used in the playbook.

Here is the Ansible Playbook:
---
# tasks file for mysql

- name: Import assert.yml
  ansible.builtin.import_tasks:
    file: assert.yml
  run_once: true
  delegate_to: localhost

- name: Install mysql
  ansible.builtin.package:
    name: "{{ mysql_packages }}"
    state: present
  notify:
    - Set root password
    - Systemctl daemon-reexec

- name: Configure mysql server
  community.general.ini_file:
    dest: "{{ mysql_configuration_destination }}/{{ mysql_name }}-server.cnf"
    section: "{{ item.section }}"
    option: "{{ item.option }}"
    value: "{{ item.value }}"
    mode: "0644"
  loop: "{{ mysql_configuration_options }}"
  loop_control:
    label: "{{ item.option }}"
  notify:
    - Restart mysql server

- name: Configure mysql client
  community.general.ini_file:
    dest: "{{ mysql_configuration_destination }}/{{ mysql_name }}-client.cnf"
    section: client
    option: socket
    value: "{{ mysql_socket }}"
    mode: "0644"

- name: Initialize mysql
  ansible.builtin.command:
    cmd: "{{ mysql_initialize_command }}"
    creates: /var/lib/mysql/mysql
  when:
    - ansible_distribution in [ "Alpine", "Archlinux" ]

- name: Start and enable mysql
  ansible.builtin.service:
    name: "{{ mysql_service }}"
    state: started
    enabled: true

- name: Flush handlers
  ansible.builtin.meta: flush_handlers

- name: Place my.cnf
  ansible.builtin.template:
    src: my.cnf.j2
    dest: /root/.my.cnf
    mode: "0640"

- name: Create databases
  community.mysql.mysql_db:
    name: "{{ item.name }}"
    state: "{{ item.state | default('present') }}"
    target: "{{ item.target | default(omit) }}"
    encoding: "{{ item.encoding | default(omit) }}"
    collation: "{{ item.collation | default(omit) }}"
    login_unix_socket: "{{ mysql_socket }}"
    login_user: root
    login_password: "{{ mysql_root_password }}"
  loop: "{{ mysql_databases }}"
  loop_control:
    label: "{{ item.name }}"
  when:
    - mysql_databases is defined
  no_log: true

- name: Create users
  community.mysql.mysql_user:
    name: "{{ item.name }}"
    state: present
    password: "{{ item.password | default(omit) }}"
    priv: "{{ item.priv | default(omit) }}"
    host: "{{ item.host | default(omit) }}"
    host_all: "{{ item.host_all | default(omit) }}"
    update_password: "{{ item.update_password | default(omit) }}"
    login_unix_socket: "{{ mysql_socket }}"
    login_user: root
    login_password: "{{ mysql_root_password }}"
  loop: "{{ mysql_users }}"
  loop_control:
    label: "{{ item.name }}"
  when:
    - mysql_users is defined
  no_log: true

- name: Flush handlers again
  ansible.builtin.meta: flush_handlers


Total input tokens: 1044
___________________________________________LLM Output:___________________________________________ 
Below you will receive task descriptions from which you should generate an Ansible Playbook.  
The generated playbook must be valid inside an Ansible Role under the tasks/ directory (e.g., tasks/main.yml).  
Do not include hosts:, vars:, or any playbook-level headers. Only output valid task entries or blocks as expected in a role.  

Task 1: Import assert.yml
Description Task 1: Import assert.yml from the assert.yml file.

Task 2: Install mysql
Description Task 2: Install mysql package using the mysql_packages variable.

Task 3: Configure mysql server
Description Task 3: Configure mysql server using the mysql_configuration_destination, mysql_name, mysql_configuration_options, and mysql_socket variables.

Task 4: Configure mysql client
Description Task 4: Configure mysql client using the mysql_configuration_destination, mysql_name, and mysql_socket variables.

Task 5: Initialize mysql
Description Task 5: Initialize mysql using the mysql_initialize_command variable.

Task 6: Start and enable mysql
Description Task 6: Start and enable mysql service.

Task 7: Flush handlers
Description Task 7: Flush handlers.

Task 8: Place my.cnf
Description Task 8: Place my.cnf file from the my.cnf.j2 template to the /root/.my.cnf destination.

Task 9: Create databases
Description Task 9: Create databases using the mysql_databases variable.

Task 10: Create users
Description Task 10: Create users using the mysql_users variable.

Task 11: Flush handlers again
Description Task 11: Flush handlers again. 84%|████████▍ | 84/100 [08:33<01:33,  5.87s/it] 85%|████████▌ | 85/100 [08:38<01:22,  5.52s/it] 86%|████████▌ | 86/100 [08:43<01:13,  5.25s/it]

Tue Sep 30 16:17:12 2025: /home/studgoetsi5301/documents/ansible_bench/dataset/prompts/ollama_granite-code:20b_english_exact/benchmark100/ansible-role-mysql/tasks/main_prompt.txt Total generation time: 8.208519323990913


Prompt: You are a professional developer. Below you will find a complete Ansible Playbook. This playbook was generated based on a prompt. Your task is to reconstruct the original prompt that could have been used to generate this playbook.

Important: The only output follows the format below. Do not include any explanations or comments before or after.

The reconstructed prompt must exactly follow the structure below:

"Below you will receive task descriptions from which you should generate an Ansible Playbook.  
The generated playbook must be valid inside an Ansible Role under the tasks/ directory (e.g., tasks/main.yml).  
Do not include hosts:, vars:, or any playbook-level headers. Only output valid task entries or blocks as expected in a role.  

Task 1: ...
Description Task 1: ...

Task 2: ...
Description Task 2: ...

Task 3: ...
Description Task 3: ...
..."

Guidelines:
- Each task should be short and clearly describe one specific action.
- The tasks must match the actual tasks in the playbook **both in content and order**.
- Use the exact terminology and labels as used in the playbook (e.g., “install nginx” instead of “install web server”).
- Provide a more detailed description of the task next to each task
- Include the exact names of variables, handlers, etc. used in the playbook.

Here is the Ansible Playbook:
---
# tasks file for cron

- name: Import assert.yml
  ansible.builtin.import_tasks:
    file: assert.yml
  run_once: true
  delegate_to: localhost

- name: Install cron
  ansible.builtin.package:
    name: "{{ cron_packages }}"
    state: present

- name: Configure shell
  ansible.builtin.lineinfile:
    path: "{{ cron_configuration }}"
    line: "SHELL={{ cron_shell }}"
    regexp: "^SHELL"
    create: true
    mode: "0600"
  notify:
    - Restart cron

- name: Configure path
  ansible.builtin.lineinfile:
    path: "{{ cron_configuration }}"
    line: "PATH={{ cron_path }}"
    regexp: "^PATH"
    create: true
    mode: "0600"
  notify:
    - Restart cron

- name: Configure mailto
  ansible.builtin.lineinfile:
    path: "{{ cron_configuration }}"
    line: "MAILTO={{ cron_mailto }}"
    regexp: "^MAILTO"
    create: true
    mode: "0600"
  notify:
    - Restart cron

- name: Start and enable cron
  ansible.builtin.service:
    name: "{{ cron_service }}"
    state: started
    enabled: true
  when:
    - cron_service is defined
    - cron_service | length

- name: Schedule requested cron jobs
  ansible.builtin.cron:
    name: "{{ item.name }}"
    minute: "{{ item.minute | default(omit) }}"
    hour: "{{ item.hour | default(omit) }}"
    day: "{{ item.day | default(omit) }}"
    month: "{{ item.month | default(omit) }}"
    weekday: "{{ item.weekday | default(omit) }}"
    special_time: "{{ item.special_time | default(omit) }}"
    job: "{{ item.job }}"
    state: "{{ item.state | default('present') }}"
    user: "{{ item.user | default(omit) }}"
  loop: "{{ cron_jobs }}"
  loop_control:
    label: "{{ item.name }}"
  when:
    - cron_jobs is defined


Total input tokens: 790
___________________________________________LLM Output:___________________________________________ 
Below you will receive task descriptions from which you should generate an Ansible Playbook.  
The generated playbook must be valid inside an Ansible Role under the tasks/ directory (e.g., tasks/main.yml).  
Do not include hosts:, vars:, or any playbook-level headers. Only output valid task entries or blocks as expected in a role.  

Task 1: Install cron
Description Task 1: Install the cron package.

Task 2: Configure shell
Description Task 2: Set the SHELL variable in the cron configuration file.

Task 3: Configure path
Description Task 3: Set the PATH variable in the cron configuration file.

Task 4: Configure mailto
Description Task 4: Set the MAILTO variable in the cron configuration file.

Task 5: Start and enable cron
Description Task 5: Start and enable the cron service, if defined.

Task 6: Schedule requested cron jobs
Description Task 6: Schedule the requested cron jobs using the cron module.

Tue Sep 30 16:17:17 2025: /home/studgoetsi5301/documents/ansible_bench/dataset/prompts/ollama_granite-code:20b_english_exact/benchmark100/ansible-role-cron/tasks/main_prompt.txt Total generation time: 4.709229116997449


Prompt: You are a professional developer. Below you will find a complete Ansible Playbook. This playbook was generated based on a prompt. Your task is to reconstruct the original prompt that could have been used to generate this playbook.

Important: The only output follows the format below. Do not include any explanations or comments before or after.

The reconstructed prompt must exactly follow the structure below:

"Below you will receive task descriptions from which you should generate an Ansible Playbook.  
The generated playbook must be valid inside an Ansible Role under the tasks/ directory (e.g., tasks/main.yml).  
Do not include hosts:, vars:, or any playbook-level headers. Only output valid task entries or blocks as expected in a role.  

Task 1: ...
Description Task 1: ...

Task 2: ...
Description Task 2: ...

Task 3: ...
Description Task 3: ...
..."

Guidelines:
- Each task should be short and clearly describe one specific action.
- The tasks must match the actual tasks in the playbook **both in content and order**.
- Use the exact terminology and labels as used in the playbook (e.g., “install nginx” instead of “install web server”).
- Provide a more detailed description of the task next to each task
- Include the exact names of variables, handlers, etc. used in the playbook.

Here is the Ansible Playbook:
---
# tasks file for nginx

- name: Import assert.yml
  ansible.builtin.import_tasks:
    file: assert.yml
  run_once: true
  delegate_to: localhost

- name: Install nginx
  ansible.builtin.package:
    name: nginx
    state: present

- name: Place nginx.conf
  ansible.builtin.template:
    src: nginx.conf.j2
    dest: /etc/nginx/nginx.conf
    validate: nginx -t -c %s
    mode: "0644"
  notify:
    - Restart nginx

- name: Ensure /etc/nginx/conf.d exists
  ansible.builtin.file:
    path: /etc/nginx/conf.d
    state: directory
    mode: "0755"

- name: Place default.conf
  ansible.builtin.template:
    src: default.conf.j2
    dest: /etc/nginx/conf.d/default.conf
    mode: "0644"
  notify:
    - Restart nginx

- name: Start and enable nginx
  ansible.builtin.service:
    name: nginx
    state: started
    enabled: true


Total input tokens: 577
___________________________________________LLM Output:___________________________________________ 
Below you will receive task descriptions from which you should generate an Ansible Playbook.  
The generated playbook must be valid inside an Ansible Role under the tasks/ directory (e.g., tasks/main.yml).  
Do not include hosts:, vars:, or any playbook-level headers. Only output valid task entries or blocks as expected in a role.  

Task 1: Install nginx
Description Task 1: Installs the nginx package.

Task 2: Place nginx.conf
Description Task 2: Places the nginx.conf file in the specified destination and validates it using nginx -t -c %s.

Task 3: Ensure /etc/nginx/conf.d exists
Description Task 3: Ensures that the /etc/nginx/conf.d directory exists with the specified mode.

Task 4: Place default.conf
Description Task 4: Places the default.conf file in the specified destination with the specified mode.

Task 5: Start and enable nginx
Description Task 5: Starts and enables the nginx service.

Tue Sep 30 16:17:21 2025: /home/studgoetsi5301/documents/ansible_bench/dataset/prompts/ollama_granite-code:20b_english_exact/benchmark100/ansible-role-nginx/tasks/main_prompt.txt Total generation time: 4.624868365994189


Prompt: You are a professional developer. Below you will find a complete Ansible Playbook. This playbook was generated based on a prompt. Your task is to reconstruct the original prompt that could have been used to generate this playbook.

Important: The only output follows the format below. Do not include any explanations or comments before or after.

The reconstructed prompt must exactly follow the structure below:

"Below you will receive task descriptions from which you should generate an Ansible Playbook.  
The generated playbook must be valid inside an Ansible Role under the tasks/ directory (e.g., tasks/main.yml).  
Do not include hosts:, vars:, or any playbook-level headers. Only output valid task entries or blocks as expected in a role.  

Task 1: ...
Description Task 1: ...

Task 2: ...
Description Task 2: ...

Task 3: ...
Description Task 3: ...
..."

Guidelines:
- Each task should be short and clearly describe one specific action.
- The tasks must match the actual tasks in the playbook **both in content and order**.
- Use the exact terminology and labels as used in the playbook (e.g., “install nginx” instead of “install web server”).
- Provide a more detailed description of the task next to each task
- Include the exact names of variables, handlers, etc. used in the playbook.

Here is the Ansible Playbook:
---
- name: Install Ansible via Pip.
  pip:
    name: ansible
    executable: "{{ ansible_pip_executable | default(omit) }}"
    version: "{{ ansible_install_version_pip | default(omit) }}"
    extra_args: "{{ ansible_install_pip_extra_args | default(omit) }}"

 87%|████████▋ | 87/100 [08:46<01:01,  4.71s/it] 88%|████████▊ | 88/100 [08:50<00:52,  4.37s/it] 89%|████████▉ | 89/100 [08:54<00:49,  4.49s/it]
Total input tokens: 391
___________________________________________LLM Output:___________________________________________ 
Below you will receive task descriptions from which you should generate an Ansible Playbook.  
The generated playbook must be valid inside an Ansible Role under the tasks/ directory (e.g., tasks/main.yml).  
Do not include hosts:, vars:, or any playbook-level headers. Only output valid task entries or blocks as expected in a role.  

Task 1: Install Ansible via Pip.
Description Task 1: Installs Ansible via pip, which is a package management system used to install and manage software packages written in Python.

Task 2: 
Description Task 2: This task is left empty, as it does not have any specific instructions to generate.

Task 3: 
Description Task 3: This task is also left empty, as it does not have any specific instructions to generate.

Tue Sep 30 16:17:25 2025: /home/studgoetsi5301/documents/ansible_bench/dataset/prompts/ollama_granite-code:20b_english_exact/benchmark100/ansible-role-ansible/tasks/setup-pip_prompt.txt Total generation time: 3.4276020399993286


Prompt: You are a professional developer. Below you will find a complete Ansible Playbook. This playbook was generated based on a prompt. Your task is to reconstruct the original prompt that could have been used to generate this playbook.

Important: The only output follows the format below. Do not include any explanations or comments before or after.

The reconstructed prompt must exactly follow the structure below:

"Below you will receive task descriptions from which you should generate an Ansible Playbook.  
The generated playbook must be valid inside an Ansible Role under the tasks/ directory (e.g., tasks/main.yml).  
Do not include hosts:, vars:, or any playbook-level headers. Only output valid task entries or blocks as expected in a role.  

Task 1: ...
Description Task 1: ...

Task 2: ...
Description Task 2: ...

Task 3: ...
Description Task 3: ...
..."

Guidelines:
- Each task should be short and clearly describe one specific action.
- The tasks must match the actual tasks in the playbook **both in content and order**.
- Use the exact terminology and labels as used in the playbook (e.g., “install nginx” instead of “install web server”).
- Provide a more detailed description of the task next to each task
- Include the exact names of variables, handlers, etc. used in the playbook.

Here is the Ansible Playbook:
---
- name: Install Ansible.
  package:
    name: ansible
    state: "{{ ansible_package_state }}"


Total input tokens: 345
___________________________________________LLM Output:___________________________________________ 
Below you will receive task descriptions from which you should generate an Ansible Playbook.  
The generated playbook must be valid inside an Ansible Role under the tasks/ directory (e.g., tasks/main.yml).  
Do not include hosts:, vars:, or any playbook-level headers. Only output valid task entries or blocks as expected in a role.  

Task 1: name=Install Ansible. action=package name=ansible state= "{{ ansible_package_state }}"
Description Task 1: Install the Ansible package.

Task 2: name=Include Anaconda3. action=include_role name=anaconda
Description Task 2: Include the Anaconda3 role.

Task 3: name=Start MongoDB service. action=service name=mongodb state=started enabled=yes
Description Task 3: Start the MongoDB service and enable it to start at boot time.

Tue Sep 30 16:17:28 2025: /home/studgoetsi5301/documents/ansible_bench/dataset/prompts/ollama_granite-code:20b_english_exact/benchmark100/ansible-role-ansible/tasks/setup-Fedora_prompt.txt Total generation time: 3.594720322987996


Prompt: You are a professional developer. Below you will find a complete Ansible Playbook. This playbook was generated based on a prompt. Your task is to reconstruct the original prompt that could have been used to generate this playbook.

Important: The only output follows the format below. Do not include any explanations or comments before or after.

The reconstructed prompt must exactly follow the structure below:

"Below you will receive task descriptions from which you should generate an Ansible Playbook.  
The generated playbook must be valid inside an Ansible Role under the tasks/ directory (e.g., tasks/main.yml).  
Do not include hosts:, vars:, or any playbook-level headers. Only output valid task entries or blocks as expected in a role.  

Task 1: ...
Description Task 1: ...

Task 2: ...
Description Task 2: ...

Task 3: ...
Description Task 3: ...
..."

Guidelines:
- Each task should be short and clearly describe one specific action.
- The tasks must match the actual tasks in the playbook **both in content and order**.
- Use the exact terminology and labels as used in the playbook (e.g., “install nginx” instead of “install web server”).
- Provide a more detailed description of the task next to each task
- Include the exact names of variables, handlers, etc. used in the playbook.

Here is the Ansible Playbook:
---
- name: Set the package state based on how Ansible is installed.
  set_fact:
    ansible_package_state: "{{ 'present' if ansible_install_method == 'package' else 'absent' }}"

# Setup/install tasks.
- name: Set up Ansible on RedHat.
  include_tasks: setup-RedHat.yml
  when:
    - ansible_os_family == 'RedHat'
    - ansible_distribution != 'Fedora'
    - ansible_install_method == 'package'

- name: Set up Ansible on Fedora.
  include_tasks: setup-Fedora.yml
  when:
    - ansible_distribution == 'Fedora'
    - ansible_install_method == 'package'

- name: Set up Ansible on Ubuntu.
  include_tasks: setup-Ubuntu.yml
  when:
    - ansible_distribution == 'Ubuntu'
    - ansible_install_method == 'package'

- name: Set up Ansible on Debian.
  include_tasks: setup-Debian.yml
  when:
    - ansible_distribution == 'Debian'
    - ansible_install_method == 'package'

- name: Set up Ansible using Pip.
  include_tasks: setup-pip.yml
  when: ansible_install_method == 'pip'


Total input tokens: 605
___________________________________________LLM Output:___________________________________________ 
Below you will receive task descriptions from which you should generate an Ansible Playbook.  
The generated playbook must be valid inside an Ansible Role under the tasks/ directory (e.g., tasks/main.yml).  
Do not include hosts:, vars:, or any playbook-level headers. Only output valid task entries or blocks as expected in a role.  

Task 1: Set the package state based on how Ansible is installed.
Description Task 1: Set the package state based on how Ansible is installed.

Task 2: Set up Ansible on RedHat.
Description Task 2: Set up Ansible on RedHat.

Task 3: Set up Ansible on Fedora.
Description Task 3: Set up Ansible on Fedora.

Task 4: Set up Ansible on Ubuntu.
Description Task 4: Set up Ansible on Ubuntu.

Task 5: Set up Ansible on Debian.
Description Task 5: Set up Ansible on Debian.

Task 6: Set up Ansible using Pip.
Description Task 6: Set up Ansible using Pip.

Tue Sep 30 16:17:33 2025: /home/studgoetsi5301/documents/ansible_bench/dataset/prompts/ollama_granite-code:20b_english_exact/benchmark100/ansible-role-ansible/tasks/main_prompt.txt Total generation time: 4.7637065640010405


Prompt: You are a professional developer. Below you will find a complete Ansible Playbook. This playbook was generated based on a prompt. Your task is to reconstruct the original prompt that could have been used to generate this playbook.

Important: The only output follows the format below. Do not include any explanations or comments before or after.

The reconstructed prompt must exactly follow the structure below:

"Below you will receive task descriptions from which you should generate an Ansible Playbook.  
The generated playbook must be valid inside an Ansible Role under the tasks/ directory (e.g., tasks/main.yml).  
Do not include hosts:, vars:, or any playbook-level headers. Only output valid task entries or blocks as expected in a role.  

Task 1: ...
Description Task 1: ...

Task 2: ...
Description Task 2: ...

Task 3: ...
Description Task 3: ...
..."

Guidelines:
- Each task should be short and clearly describe one specific action.
- The tasks must match the actual tasks in the playbook **both in content and order**.
- Use the exact terminology and labels as used in the playbook (e.g., “install nginx” instead of “install web server”).
- Provide a more detailed description of the task next to each task
- Include the exact names of variables, handlers, etc. used in the playbook.

Here is the Ansible Playbook:
---
- name: Enable Backports repository.
  apt_repository:
    repo: >-
      deb http://ftp.debian.org/debian
      {{ ansible_distribution_release }}-backports main'
    state: present
    filename: "{{ ansible_distribution_release }}_backports"
    update_cache: true
  when: ansible_distribution_version | int < 9

- name: Set the default_release option for older Debian versions.
  set_fact:
    ansible_default_release: "{{ ansible_distribution_release }}-backports"
  when: ansible_distribution_version | int < 9

- name: Install Ansible.
  apt:
    name: ansible
    state: "{{ ansible_package_state }}"
    default_release: "{{ ansible_default_release }}"

 90%|█████████ | 90/100 [09:02<00:53,  5.30s/it] 91%|█████████ | 91/100 [09:04<00:41,  4.58s/it] 92%|█████████▏| 92/100 [09:08<00:34,  4.26s/it]
Total input tokens: 489
___________________________________________LLM Output:___________________________________________ 
Below you will receive task descriptions from which you should generate an Ansible Playbook.  
The generated playbook must be valid inside an Ansible Role under the tasks/ directory (e.g., tasks/main.yml).  
Do not include hosts:, vars:, or any playbook-level headers. Only output valid task entries or blocks as expected in a role.  

Task 1: Install Ansible.
Description Task 1: Installs Ansible using the apt module. The name of the package to be installed is specified as 'ansible'. The state of the package is set to the value of the variable 'ansible_package_state', which allows the package to be installed, upgraded, or removed depending on the desired state. The default_release option is set to the value of the variable 'ansible_default_release' to ensure the package is installed from the correct repository.

Task 2: Enable Backports repository.
Description Task 2: Enables the Backports repository for older Debian versions using the apt_repository module. The repository URL is constructed using the ansible_distribution_release variable to ensure it matches the current distribution. The state of the repository is set to 'present' to ensure it is enabled, and the filename is set to the value of the variable 'ansible_distribution_release' followed by '_backports' to ensure a unique filename. The update_cache option is set to 'true' to update the package cache after adding the repository.

Task 3: Set the default_release option for older Debian versions.
Description Task 3: Sets the default_release option for older Debian versions using the set_fact module. The variable 'ansible_default_release' is set to the value of 'ansible_distribution_release' followed by '-backports' to specify the default release for the package installation.

Tue Sep 30 16:17:40 2025: /home/studgoetsi5301/documents/ansible_bench/dataset/prompts/ollama_granite-code:20b_english_exact/benchmark100/ansible-role-ansible/tasks/setup-Debian_prompt.txt Total generation time: 7.201465181002277


Prompt: You are a professional developer. Below you will find a complete Ansible Playbook. This playbook was generated based on a prompt. Your task is to reconstruct the original prompt that could have been used to generate this playbook.

Important: The only output follows the format below. Do not include any explanations or comments before or after.

The reconstructed prompt must exactly follow the structure below:

"Below you will receive task descriptions from which you should generate an Ansible Playbook.  
The generated playbook must be valid inside an Ansible Role under the tasks/ directory (e.g., tasks/main.yml).  
Do not include hosts:, vars:, or any playbook-level headers. Only output valid task entries or blocks as expected in a role.  

Task 1: ...
Description Task 1: ...

Task 2: ...
Description Task 2: ...

Task 3: ...
Description Task 3: ...
..."

Guidelines:
- Each task should be short and clearly describe one specific action.
- The tasks must match the actual tasks in the playbook **both in content and order**.
- Use the exact terminology and labels as used in the playbook (e.g., “install nginx” instead of “install web server”).
- Provide a more detailed description of the task next to each task
- Include the exact names of variables, handlers, etc. used in the playbook.

Here is the Ansible Playbook:
---
- name: Ensure dirmngr is installed (gnupg dependency).
  apt:
    name: dirmngr
    state: present

- name: Add ansible repository.
  apt_repository:
    repo: 'ppa:ansible/ansible'
    update_cache: true

- name: Install Ansible.
  apt:
    name: ansible
    state: "{{ ansible_package_state }}"


Total input tokens: 407
___________________________________________LLM Output:___________________________________________ 
Below you will receive task descriptions from which you should generate an Ansible Playbook.  
The generated playbook must be valid inside an Ansible Role under the tasks/ directory (e.g., tasks/main.yml).  
Do not include hosts:, vars:, or any playbook-level headers. Only output valid task entries or blocks as expected in a role.  

Task 1: Ensure dirmngr is installed (gnupg dependency).
Description Task 1: Ensure dirmngr is installed (gnupg dependency).

Task 2: Add ansible repository.
Description Task 2: Add ansible repository.

Task 3: Install Ansible.
Description Task 3: Install Ansible.

Tue Sep 30 16:17:43 2025: /home/studgoetsi5301/documents/ansible_bench/dataset/prompts/ollama_granite-code:20b_english_exact/benchmark100/ansible-role-ansible/tasks/setup-Ubuntu_prompt.txt Total generation time: 2.8772848160006106


Prompt: You are a professional developer. Below you will find a complete Ansible Playbook. This playbook was generated based on a prompt. Your task is to reconstruct the original prompt that could have been used to generate this playbook.

Important: The only output follows the format below. Do not include any explanations or comments before or after.

The reconstructed prompt must exactly follow the structure below:

"Below you will receive task descriptions from which you should generate an Ansible Playbook.  
The generated playbook must be valid inside an Ansible Role under the tasks/ directory (e.g., tasks/main.yml).  
Do not include hosts:, vars:, or any playbook-level headers. Only output valid task entries or blocks as expected in a role.  

Task 1: ...
Description Task 1: ...

Task 2: ...
Description Task 2: ...

Task 3: ...
Description Task 3: ...
..."

Guidelines:
- Each task should be short and clearly describe one specific action.
- The tasks must match the actual tasks in the playbook **both in content and order**.
- Use the exact terminology and labels as used in the playbook (e.g., “install nginx” instead of “install web server”).
- Provide a more detailed description of the task next to each task
- Include the exact names of variables, handlers, etc. used in the playbook.

Here is the Ansible Playbook:
---
- name: Install Ansible.
  package:
    name: ansible
    state: "{{ ansible_package_state }}"
    enablerepo: "{{ ansible_epel_repo_name }}"


Total input tokens: 361
___________________________________________LLM Output:___________________________________________ 
Below you will receive task descriptions from which you should generate an Ansible Playbook.  
The generated playbook must be valid inside an Ansible Role under the tasks/ directory (e.g., tasks/main.yml).  
Do not include hosts:, vars:, or any playbook-level headers. Only output valid task entries or blocks as expected in a role.  

Task 1: Install Ansible.
Description Task 1: Installs Ansible using the package module. The name of the package to be installed is specified as "ansible". The state of the package is set to "{{ ansible_package_state }}" which is a variable that can be defined elsewhere in the playbook or inventory. Additionally, the enablerepo option is set to "{{ ansible_epel_repo_name }}" which is another variable that can be defined elsewhere.

Task 2: 
Description Task 2:

Tue Sep 30 16:17:47 2025: /home/studgoetsi5301/documents/ansible_bench/dataset/prompts/ollama_granite-code:20b_english_exact/benchmark100/ansible-role-ansible/tasks/setup-RedHat_prompt.txt Total generation time: 3.5072640880098334


Prompt: You are a professional developer. Below you will find a complete Ansible Playbook. This playbook was generated based on a prompt. Your task is to reconstruct the original prompt that could have been used to generate this playbook.

Important: The only output follows the format below. Do not include any explanations or comments before or after.

The reconstructed prompt must exactly follow the structure below:

"Below you will receive task descriptions from which you should generate an Ansible Playbook.  
The generated playbook must be valid inside an Ansible Role under the tasks/ directory (e.g., tasks/main.yml).  
Do not include hosts:, vars:, or any playbook-level headers. Only output valid task entries or blocks as expected in a role.  

Task 1: ...
Description Task 1: ...

Task 2: ...
Description Task 2: ...

Task 3: ...
Description Task 3: ...
..."

Guidelines:
- Each task should be short and clearly describe one specific action.
- The tasks must match the actual tasks in the playbook **both in content and order**.
- Use the exact terminology and labels as used in the playbook (e.g., “install nginx” instead of “install web server”).
- Provide a more detailed description of the task next to each task
- Include the exact names of variables, handlers, etc. used in the playbook.

Here is the Ansible Playbook:
---
# tasks file for rsyslog

- name: Import assert.yml
  ansible.builtin.import_tasks:
    file: assert.yml
  run_once: true
  delegate_to: localhost

- name: Uninstall conflicting systemd-logger
  ansible.builtin.package:
    name: systemd-logger
    state: absent

- name: Install rsyslog
  ansible.builtin.package:
    name: "{{ rsyslog_packages }}"
    state: "{{ rsyslog_package_state }}"

- name: Install additional rsyslog packages
  ansible.builtin.package:
    name: "rsyslog-{{ item }}"
    state: "{{ rsyslog_package_state }}"
  loop: "{{ rsyslog_features }}"

- name: Configuring default rsyslog
  ansible.builtin.template:
    src: "{{ rsyslog_config_file_format }}_rsyslog.conf.j2"
    dest: "{{ rsyslog_dest_conf_file }}"
    mode: "0644"
  when:
    - rsyslog_deploy_default_config
  notify:
    - Restart rsyslog

- name: Make configuration directory
  ansible.builtin.file:
    name: /etc/rsyslog.d/
    state: directory
    mode: "0755"

- name: Configuring rsyslog forward rule
  ansible.builtin.template:
    src: "forward_rule.conf.j2"
    dest: /etc/rsyslog.d/{{ rsyslog_forward_rule_name }}.conf
    mode: "0644"
  when:
    - not rsyslog_deploy_default_config
  notify:
    - Restart rsyslog

- name: Configuring additional config files
  ansible.builtin.copy:
    content: "{{ item.value.content | default('') }}"
    dest: "/etc/rsyslog.d/{{ item.key }}.conf"
    validate: "{{ 'rsyslogd -N1 -f %s' if item.value.validate | default(false) else 'true %s' }}"
    owner: root
    group: root
    mode: 0440
  with_dict: "{{ rsyslog_rsyslog_d_files }}"
  when:
    - item.value.state | default('present') == 'present'
  notify:
    - Restart rsyslog

- name: Start and enable rsyslog
  ansible.builtin.service:
    name: "{{ rsyslog_service }}"
    state: started
    enabled: true

 93%|█████████▎| 93/100 [09:14<00:33,  4.75s/it] 94%|█████████▍| 94/100 [09:21<00:33,  5.61s/it]
Total input tokens: 860
___________________________________________LLM Output:___________________________________________ 
Below you will receive task descriptions from which you should generate an Ansible Playbook.  
The generated playbook must be valid inside an Ansible Role under the tasks/ directory (e.g., tasks/main.yml).  
Do not include hosts:, vars:, or any playbook-level headers. Only output valid task entries or blocks as expected in a role.  

Task 1: Import assert.yml
Description Task 1: Import assert.yml

Task 2: Uninstall conflicting systemd-logger
Description Task 2: Uninstall conflicting systemd-logger

Task 3: Install rsyslog
Description Task 3: Install rsyslog

Task 4: Install additional rsyslog packages
Description Task 4: Install additional rsyslog packages

Task 5: Configuring default rsyslog
Description Task 5: Configuring default rsyslog

Task 6: Make configuration directory
Description Task 6: Make configuration directory

Task 7: Configuring rsyslog forward rule
Description Task 7: Configuring rsyslog forward rule

Task 8: Configuring additional config files
Description Task 8: Configuring additional config files

Task 9: Start and enable rsyslog
Description Task 9: Start and enable rsyslog

Tue Sep 30 16:17:53 2025: /home/studgoetsi5301/documents/ansible_bench/dataset/prompts/ollama_granite-code:20b_english_exact/benchmark100/ansible-role-rsyslog/tasks/main_prompt.txt Total generation time: 5.903091918997234


Prompt: You are a professional developer. Below you will find a complete Ansible Playbook. This playbook was generated based on a prompt. Your task is to reconstruct the original prompt that could have been used to generate this playbook.

Important: The only output follows the format below. Do not include any explanations or comments before or after.

The reconstructed prompt must exactly follow the structure below:

"Below you will receive task descriptions from which you should generate an Ansible Playbook.  
The generated playbook must be valid inside an Ansible Role under the tasks/ directory (e.g., tasks/main.yml).  
Do not include hosts:, vars:, or any playbook-level headers. Only output valid task entries or blocks as expected in a role.  

Task 1: ...
Description Task 1: ...

Task 2: ...
Description Task 2: ...

Task 3: ...
Description Task 3: ...
..."

Guidelines:
- Each task should be short and clearly describe one specific action.
- The tasks must match the actual tasks in the playbook **both in content and order**.
- Use the exact terminology and labels as used in the playbook (e.g., “install nginx” instead of “install web server”).
- Provide a more detailed description of the task next to each task
- Include the exact names of variables, handlers, etc. used in the playbook.

Here is the Ansible Playbook:
---
# tasks file for fail2ban

- name: Import assert.yml
  ansible.builtin.import_tasks:
    file: assert.yml
  run_once: true
  delegate_to: localhost

- name: Install fail2ban
  ansible.builtin.package:
    name: "{{ fail2ban_packages }}"
    state: present

- name: Copy filters in filter.d
  ansible.builtin.copy:
    src: "{{ fail2ban_filterd_path }}"
    dest: /etc/fail2ban/filter.d/
    owner: root
    group: root
    mode: "0640"
  when:
    - fail2ban_filterd_path is defined
  notify:
    - Restart fail2ban

- name: Configure fail2ban.local
  community.general.ini_file:
    path: /etc/fail2ban/fail2ban.local
    section: "{{ item.section }}"
    option: "{{ item.option }}"
    value: "{{ item.value }}"
    mode: "0640"
  loop: "{{ fail2ban_base_configuration + fail2ban_configuration }}"
  notify:
    - Restart fail2ban
  loop_control:
    label: "{{ item.option }}"

- name: Configure jail.local
  community.general.ini_file:
    path: /etc/fail2ban/jail.local
    section: "{{ item.section }}"
    option: "{{ item.option }}"
    value: "{{ item.value }}"
    mode: "0640"
  loop: "{{ fail2ban_base_jail_configuration + fail2ban_jail_configuration }}"
  notify:
    - Restart fail2ban
  loop_control:
    label: "{{ item.option }}"

- name: Stat auth log file
  ansible.builtin.stat:
    path: /var/log/auth.log
  register: fail2ban_auth

- name: Touch auth log file
  ansible.builtin.file:
    path: /var/log/auth.log
    state: touch
    mode: "0640"
  when:
    - fail2ban_auth.stat.exists is defined
    - not fail2ban_auth.stat.exists

- name: Start and enable fail2ban
  ansible.builtin.service:
    name: "{{ fail2ban_service }}"
    state: started
    enabled: true


Total input tokens: 840
___________________________________________LLM Output:___________________________________________ 
Below you will receive task descriptions from which you should generate an Ansible Playbook.
The generated playbook must be valid inside an Ansible Role under the tasks/ directory (e.g., tasks/main.yml).
Do not include hosts:, vars:, or any playbook-level headers. Only output valid task entries or blocks as expected in a role.

Task 1: Install fail2ban
Description Task 1: Installs the fail2ban package.

Task 2: Copy filters in filter.d
Description Task 2: Copies the filter files from the specified path to the filter.d directory in the /etc/fail2ban directory. The owner, group, and mode are set to root:root and 0640, respectively.

Task 3: Configure fail2ban.local
Description Task 3: Configures the fail2ban.local file using the ini_file module. The specified options and values are looped through to create the configuration.

Task 4: Configure jail.local
Description Task 4: Configures the jail.local file using the ini_file module. The specified options and values are looped through to create the configuration.

Task 5: Stat auth log file
Description Task 5: Stats the auth log file to check if it exists.

Task 6: Touch auth log file
Description Task 6: If the auth log file does not exist, it is touched to create the file with the specified owner, group, and mode.

Task 7: Start and enable fail2ban
Description Task 7: Starts and enables the fail2ban service.

Tue Sep 30 16:18:00 2025: /home/studgoetsi5301/documents/ansible_bench/dataset/prompts/ollama_granite-code:20b_english_exact/benchmark100/ansible-role-fail2ban/tasks/main_prompt.txt Total generation time: 7.621418406008161


Prompt: You are a professional developer. Below you will find a complete Ansible Playbook. This playbook was generated based on a prompt. Your task is to reconstruct the original prompt that could have been used to generate this playbook.

Important: The only output follows the format below. Do not include any explanations or comments before or after.

The reconstructed prompt must exactly follow the structure below:

"Below you will receive task descriptions from which you should generate an Ansible Playbook.  
The generated playbook must be valid inside an Ansible Role under the tasks/ directory (e.g., tasks/main.yml).  
Do not include hosts:, vars:, or any playbook-level headers. Only output valid task entries or blocks as expected in a role.  

Task 1: ...
Description Task 1: ...

Task 2: ...
Description Task 2: ...

Task 3: ...
Description Task 3: ...
..."

Guidelines:
- Each task should be short and clearly describe one specific action.
- The tasks must match the actual tasks in the playbook **both in content and order**.
- Use the exact terminology and labels as used in the playbook (e.g., “install nginx” instead of “install web server”).
- Provide a more detailed description of the task next to each task
- Include the exact names of variables, handlers, etc. used in the playbook.

Here is the Ansible Playbook:
---
# tasks file for scl

- name: Install centos-release-scl
  ansible.builtin.package:
    name: centos-release-scl
    state: present
  when:
    - ansible_distribution == "CentOS"


Total input tokens: 373
___________________________________________LLM Output:___________________________________________ 
Below you will receive task descriptions from which you should generate an Ansible Playbook.  
The generated playbook must be valid inside an Ansible Role under the tasks/ directory (e.g., tasks/main.yml).  
Do not include hosts:, vars:, or any playbook-level headers. Only output valid task entries or blocks as expected in a role.  

Task 1: Install centos-release-scl
Description Task 1: Use the package module to install the centos-release-scl package. Make sure to only install the package if the ansible_distribution is CentOS.

Task 2: 
Description Task 2: 

Task 3: 
Description Task 3:  95%|█████████▌| 95/100 [09:24<00:24,  4.81s/it] 96%|█████████▌| 96/100 [09:29<00:18,  4.69s/it]

Tue Sep 30 16:18:03 2025: /home/studgoetsi5301/documents/ansible_bench/dataset/prompts/ollama_granite-code:20b_english_exact/benchmark100/ansible-role-scl/tasks/main_prompt.txt Total generation time: 2.921383216002141


Prompt: You are a professional developer. Below you will find a complete Ansible Playbook. This playbook was generated based on a prompt. Your task is to reconstruct the original prompt that could have been used to generate this playbook.

Important: The only output follows the format below. Do not include any explanations or comments before or after.

The reconstructed prompt must exactly follow the structure below:

"Below you will receive task descriptions from which you should generate an Ansible Playbook.  
The generated playbook must be valid inside an Ansible Role under the tasks/ directory (e.g., tasks/main.yml).  
Do not include hosts:, vars:, or any playbook-level headers. Only output valid task entries or blocks as expected in a role.  

Task 1: ...
Description Task 1: ...

Task 2: ...
Description Task 2: ...

Task 3: ...
Description Task 3: ...
..."

Guidelines:
- Each task should be short and clearly describe one specific action.
- The tasks must match the actual tasks in the playbook **both in content and order**.
- Use the exact terminology and labels as used in the playbook (e.g., “install nginx” instead of “install web server”).
- Provide a more detailed description of the task next to each task
- Include the exact names of variables, handlers, etc. used in the playbook.

Here is the Ansible Playbook:
---
# tasks file for cron

- name: Import assert.yml
  ansible.builtin.import_tasks: assert.yml
  run_once: true
  delegate_to: localhost

- name: Install cron
  ansible.builtin.package:
    name: "{{ cron_packages }}"
    state: present

- name: Configure shell
  ansible.builtin.lineinfile:
    path: "{{ cron_configuration }}"
    line: "SHELL={{ cron_shell }}"
    regexp: "^SHELL"
    create: true
    mode: "0600"
  notify:
    - Restart cron

- name: Configure path
  ansible.builtin.lineinfile:
    path: "{{ cron_configuration }}"
    line: "PATH={{ cron_path }}"
    regexp: "^PATH"
    create: true
    mode: "0600"
  notify:
    - Restart cron

- name: Configure mailto
  ansible.builtin.lineinfile:
    path: "{{ cron_configuration }}"
    line: "MAILTO={{ cron_mailto }}"
    regexp: "^MAILTO"
    create: true
    mode: "0600"
  notify:
    - Restart cron

- name: Start and enable cron
  ansible.builtin.service:
    name: "{{ cron_service }}"
    state: started
    enabled: true
  when:
    - cron_service is defined
    - cron_service | length

- name: Schedule requested cron jobs
  ansible.builtin.cron:
    name: "{{ item.name }}"
    minute: "{{ item.minute | default(omit) }}"
    hour: "{{ item.hour | default(omit) }}"
    day: "{{ item.day | default(omit) }}"
    month: "{{ item.month | default(omit) }}"
    weekday: "{{ item.weekday | default(omit) }}"
    special_time: "{{ item.special_time | default(omit) }}"
    job: "{{ item.job }}"
    state: "{{ item.state | default('present') }}"
    user: "{{ item.user | default(omit) }}"
  loop: "{{ cron_jobs }}"
  loop_control:
    label: "{{ item.name }}"
  when:
    - cron_jobs is defined


Total input tokens: 787
___________________________________________LLM Output:___________________________________________ 
Below you will receive task descriptions from which you should generate an Ansible Playbook.  
The generated playbook must be valid inside an Ansible Role under the tasks/ directory (e.g., tasks/main.yml).  
Do not include hosts:, vars:, or any playbook-level headers. Only output valid task entries or blocks as expected in a role.  

Task 1: Import assert.yml
Description Task 1: Import assert.yml

Task 2: Install cron
Description Task 2: Install cron

Task 3: Configure shell
Description Task 3: Configure shell

Task 4: Configure path
Description Task 4: Configure path

Task 5: Configure mailto
Description Task 5: Configure mailto

Task 6: Start and enable cron
Description Task 6: Start and enable cron

Task 7: Schedule requested cron jobs
Description Task 7: Schedule requested cron jobs

Tue Sep 30 16:18:08 2025: /home/studgoetsi5301/documents/ansible_bench/dataset/prompts/ollama_granite-code:20b_english_exact/benchmark100/ansible-role-cron-buluma/tasks/main_prompt.txt Total generation time: 4.407635060008033


Prompt: You are a professional developer. Below you will find a complete Ansible Playbook. This playbook was generated based on a prompt. Your task is to reconstruct the original prompt that could have been used to generate this playbook.

Important: The only output follows the format below. Do not include any explanations or comments before or after.

The reconstructed prompt must exactly follow the structure below:

"Below you will receive task descriptions from which you should generate an Ansible Playbook.  
The generated playbook must be valid inside an Ansible Role under the tasks/ directory (e.g., tasks/main.yml).  
Do not include hosts:, vars:, or any playbook-level headers. Only output valid task entries or blocks as expected in a role.  

Task 1: ...
Description Task 1: ...

Task 2: ...
Description Task 2: ...

Task 3: ...
Description Task 3: ...
..."

Guidelines:
- Each task should be short and clearly describe one specific action.
- The tasks must match the actual tasks in the playbook **both in content and order**.
- Use the exact terminology and labels as used in the playbook (e.g., “install nginx” instead of “install web server”).
- Provide a more detailed description of the task next to each task
- Include the exact names of variables, handlers, etc. used in the playbook.

Here is the Ansible Playbook:
---
# tasks file for hashicorp

- name: Import assert.yml
  ansible.builtin.import_tasks:
    file: assert.yml
  run_once: true
  delegate_to: localhost

- name: Install using package
  when:
    - hashicorp_installation_method == "package"
  block:
    - name: Install repository for RedHat
      ansible.builtin.get_url:
        url: "{{ hashicorp_repository_url }}"
        dest: /etc/yum.repos.d/hashicorp.repo
        mode: "0640"
      when:
        - ansible_os_family in [ "RedHat", "Rocky" ]

    - name: Configure debian
      when:
        - ansible_os_family == "Debian"
      block:
        - name: Install required package gpg
          ansible.builtin.package:
            name: gpg

        - name: Install apt key for Debian
          ansible.builtin.apt_key:
            url: "https://apt.releases.hashicorp.com/gpg"
            state: present
            validate_certs: false

        - name: Install repository for Debian
          ansible.builtin.apt_repository:
            repo: deb [arch={{ hashicorp_architecture_mapping }}] https://apt.releases.hashicorp.com {{ ansible_distribution_release }} main
            state: present

    - name: Install hashicorp product using package
      when:
        - hashicorp_products is defined
      block:
        - name: Install latest hashicorp product using package
          ansible.builtin.package:
            name: "{{ item.name }}"
            state: present
          loop: "{{ hashicorp_products }}"
          loop_control:
            label: "{{ item.name }}"
          when:
            - item.version is not defined

        - name: Install versioned hashicorp product using package
          ansible.builtin.package:
            name: "{{ item.name }}{{ version_coupler }}{{ item.version }}"
            state: present
          loop: "{{ hashicorp_products }}"
          loop_control:
            label: "{{ item.name }}"
          when:
            - item.version is defined

- name: Install manually
  when:
    - hashicorp_installation_method == "manual"
  block:
    - name: Install hashicorp product manually
      ansible.builtin.unarchive:
        src: "{{ hashicorp_src }}"
        dest: "{{ hashicorp_destination }}"
        group: "{{ hashicorp_group }}"
        mode: "{{ hashicorp_mode }}"
        owner: "{{ hashicorp_owner }}"
        remote_src: true
      loop: "{{ hashicorp_products }}"
      loop_control:
        label: "{{ item.name }}"


Total input tokens: 97%|█████████▋| 97/100 [09:35<00:15,  5.05s/it] 98%|█████████▊| 98/100 [09:42<00:11,  5.74s/it] 880
___________________________________________LLM Output:___________________________________________ 
Below you will receive task descriptions from which you should generate an Ansible Playbook.  
The generated playbook must be valid inside an Ansible Role under the tasks/ directory (e.g., tasks/main.yml).  
Do not include hosts:, vars:, or any playbook-level headers. Only output valid task entries or blocks as expected in a role.  

Task 1: hashicorp_installation_method == "package"
Description Task 1: Install using package

Task 2: hashicorp_products is defined
Description Task 2: Install latest hashicorp product using package

Task 3: item.version is not defined
Description Task 3: Install latest hashicorp product using package

Task 4: hashicorp_products is defined
Description Task 4: Install versioned hashicorp product using package

Task 5: item.version is defined
Description Task 5: Install versioned hashicorp product using package

Task 6: hashicorp_installation_method == "manual"
Description Task 6: Install manually

Task 7: hashicorp_products is defined
Description Task 7: Install hashicorp product manually

Task 8: hashicorp_products is defined
Description Task 8: Install hashicorp product manually

Tue Sep 30 16:18:14 2025: /home/studgoetsi5301/documents/ansible_bench/dataset/prompts/ollama_granite-code:20b_english_exact/benchmark100/ansible-role-hashicorp/tasks/main_prompt.txt Total generation time: 5.9064559010002995


Prompt: You are a professional developer. Below you will find a complete Ansible Playbook. This playbook was generated based on a prompt. Your task is to reconstruct the original prompt that could have been used to generate this playbook.

Important: The only output follows the format below. Do not include any explanations or comments before or after.

The reconstructed prompt must exactly follow the structure below:

"Below you will receive task descriptions from which you should generate an Ansible Playbook.  
The generated playbook must be valid inside an Ansible Role under the tasks/ directory (e.g., tasks/main.yml).  
Do not include hosts:, vars:, or any playbook-level headers. Only output valid task entries or blocks as expected in a role.  

Task 1: ...
Description Task 1: ...

Task 2: ...
Description Task 2: ...

Task 3: ...
Description Task 3: ...
..."

Guidelines:
- Each task should be short and clearly describe one specific action.
- The tasks must match the actual tasks in the playbook **both in content and order**.
- Use the exact terminology and labels as used in the playbook (e.g., “install nginx” instead of “install web server”).
- Provide a more detailed description of the task next to each task
- Include the exact names of variables, handlers, etc. used in the playbook.

Here is the Ansible Playbook:
---
# tasks file for java

- name: Import assert.yml
  ansible.builtin.import_tasks:
    file: assert.yml
  run_once: true
  delegate_to: localhost

- name: Install requirements
  ansible.builtin.package:
    name: bash
    state: present

- name: Install openjdk java (package)
  ansible.builtin.package:
    name: "{{ java_openjdk_package }}"
    state: present
  when:
    java_vendor == "openjdk"
  environment:
    USE: "X -cups -alsa -fontconfig"

- name: Install RPM
  when:
    - java_source == "local"
    - java_format == "rpm"
  block:
    - name: Copy oracle java (rpm)
      ansible.builtin.copy:
        src: "{{ java_package }}"
        dest: "/tmp/{{ java_package }}"
        mode: "0640"

    - name: Install oracle java (rpm) (local)
      ansible.builtin.package:
        name: "/tmp/{{ java_package }}"
        state: present

- name: Install DEB
  when:
    - java_source == "local"
    - java_format == "deb"
  block:
    - name: Copy oracle java (deb)
      ansible.builtin.copy:
        src: "{{ java_package }}"
        dest: "/tmp/{{ java_package }}"
        mode: "0640"

    - name: Install oracle java (deb) (local)
      ansible.builtin.apt:
        deb: "/tmp/{{ java_package }}"
        state: present

- name: Install oracle java (rpm) (repository)
  ansible.builtin.package:
    name: "{{ java_oracle_package }}"
    state: present
  when:
    - java_source == "repository"
    - java_format == "rpm"

- name: Configure oracle targz
  when:
    - java_format == "targz"
    - java_vendor == "oracle"
  block:
    - name: Ensure java_install_directory exists
      ansible.builtin.file:
        path: "{{ java_install_directory }}"
        state: directory
        mode: "0755"

    - name: Install oracle java (targz)
      ansible.builtin.unarchive:
        src: "{{ java_oracle_package }}"
        dest: "{{ java_install_directory }}"
        mode: "0755"

- name: Install oracle java policy software (targz)
  ansible.builtin.unarchive:
    src: jce_policy-8.zip
    dest: "{{ java_install_directory }}"
    mode: "0755"
  when:
    - java_jce
    - java_version == 8
    - java_vendor == "oracle"

- name: Set alternative (targz)
  community.general.alternatives:
    name: java
    link: /usr/bin/java
    path: "{{ java_install_directory }}/{{ java_oracle_directory }}/bin/java"
  when:
    - java_format == "targz"
    - ansible_distribution != "Alpine"
    - java_vendor == "oracle"

- name: Find JAVA_HOME
  ansible.builtin.shell:
    cmd: set -o pipefail && readlink -f /usr/bin/java | sed 's%/bin/java%%'
    executable: /bin/bash
  changed_when: false
  check_mode: false
  register: java_home

- name: Set JAVA_HOME in /etc/environment
  ansible.builtin.lineinfile:
    path: /etc/profile.d/java_home.sh
    regexp: '^export JAVA_HOME='
    line: 'export JAVA_HOME="{{ java_home.stdout }}"'
    create: true
    mode: "0644"


Total input tokens: 1160
___________________________________________LLM Output:___________________________________________ 
Below you will receive task descriptions from which you should generate an Ansible Playbook.  
The generated playbook must be valid inside an Ansible Role under the tasks/ directory (e.g., tasks/main.yml).  
Do not include hosts:, vars:, or any playbook-level headers. Only output valid task entries or blocks as expected in a role.  

Task 1: Install requirements
Description Task 1: Install the bash package

Task 2: Install openjdk java (package)
Description Task 2: Install the openjdk java package

Task 3: Install RPM
Description Task 3: Install the RPM package

Task 4: Install DEB
Description Task 4: Install the DEB package

Task 5: Install oracle java (rpm) (repository)
Description Task 5: Install the oracle java (rpm) package from the repository

Task 6: Configure oracle targz
Description Task 6: Configure oracle java (targz)

Task 7: Install oracle java policy software (targz)
Description Task 7: Install oracle java policy software (targz)

Task 8: Set alternative (targz)
Description Task 8: Set alternative for java

Task 9: Find JAVA_HOME
Description Task 9: Find the JAVA_HOME directory

Task 10: Set JAVA_HOME in /etc/environment
Description Task 10: Set the JAVA_HOME environment variable

Tue Sep 30 16:18:21 2025: /home/studgoetsi5301/documents/ansible_bench/dataset/prompts/ollama_granite-code:20b_english_exact/benchmark100/ansible-role-java/tasks/main_prompt.txt Total generation time: 7.331915756003582


Prompt: You are a professional developer. Below you will find a complete Ansible Playbook. This playbook was generated based on a prompt. Your task is to reconstruct the original prompt that could have been used to generate this playbook.

Important: The only output follows the format below. Do not include any explanations or comments before or after.

The reconstructed prompt must exactly follow the structure below:

"Below you will receive task descriptions from which you should generate an Ansible Playbook.  
The generated playbook must be valid inside an Ansible Role under the tasks/ directory (e.g., tasks/main.yml).  
Do not include hosts:, vars:, or any playbook-level headers. Only output valid task entries or blocks as expected in a role.  

Task 1: ...
Description Task 1: ...

Task 2: ...
Description Task 2: ...

Task 3: ...
Description Task 3: ...
..."

Guidelines:
- Each task should be short and clearly describe one specific action.
- The tasks must match the actual tasks in the playbook **both in content and order**.
- Use the exact terminology and labels as used in the playbook (e.g., “install nginx” instead of “install web server”).
- Provide a more detailed description of the task next to each task
- Include the exact names of variables, handlers, etc. used in the playbook.

Here is the Ansible Playbook:
---
# tasks file for selinux

- name: Import assert.yml
  ansible.builtin.import_tasks:
    file: assert.yml
  run_once: true
  delegate_to: localhost

- name: Install required packages
  ansible.builtin.package:
    name: "{{ selinux_requirements }}"
    state: present
  notify:
    - Gather facts

- name: Flush handlers
  ansible.builtin.meta: flush_handlers

- name: Configure selinux
  when:
    - ansible_selinux.status is defined
    - ansible_connection not in [ "container", "docker", "community.docker.docker" ]
  block:
    - name: Manage selinux
      ansible.posix.selinux:
        state: "{{ selinux_state }}"
        policy: "{{ selinux_policy }}"
      notify:
        - Reboot

    - name: Manage selinux booleans
      ansible.posix.seboolean:
        name: "{{ item.name }}"
        state: "{{ item.state | default('yes') }}"
        persistent: "{{ item.persistent }}"
      loop: "{{ selinux_booleans }}"
      loop_control:
        label: "{{ item.name }}"
      when:
        - selinux_booleans is defined

 99%|█████████▉| 99/100 [09:45<00:04,  4.94s/it]100%|██████████| 100/100 [09:51<00:00,  5.18s/it]100%|██████████| 100/100 [09:51<00:00,  5.91s/it]

Total input tokens: 584
___________________________________________LLM Output:___________________________________________ 
Below you will receive task descriptions from which you should generate an Ansible Playbook.  
The generated playbook must be valid inside an Ansible Role under the tasks/ directory (e.g., tasks/main.yml).  
Do not include hosts:, vars:, or any playbook-level headers. Only output valid task entries or blocks as expected in a role.  

Task 1: Import assert.yml
Description Task 1: Import assert.yml

Task 2: Install required packages
Description Task 2: Install required packages

Task 3: Flush handlers
Description Task 3: Flush handlers

Task 4: Configure selinux
Description Task 4: Configure selinux

Tue Sep 30 16:18:24 2025: /home/studgoetsi5301/documents/ansible_bench/dataset/prompts/ollama_granite-code:20b_english_exact/benchmark100/ansible-role-selinux-robertdebock/tasks/main_prompt.txt Total generation time: 3.086883714000578


Prompt: You are a professional developer. Below you will find a complete Ansible Playbook. This playbook was generated based on a prompt. Your task is to reconstruct the original prompt that could have been used to generate this playbook.

Important: The only output follows the format below. Do not include any explanations or comments before or after.

The reconstructed prompt must exactly follow the structure below:

"Below you will receive task descriptions from which you should generate an Ansible Playbook.  
The generated playbook must be valid inside an Ansible Role under the tasks/ directory (e.g., tasks/main.yml).  
Do not include hosts:, vars:, or any playbook-level headers. Only output valid task entries or blocks as expected in a role.  

Task 1: ...
Description Task 1: ...

Task 2: ...
Description Task 2: ...

Task 3: ...
Description Task 3: ...
..."

Guidelines:
- Each task should be short and clearly describe one specific action.
- The tasks must match the actual tasks in the playbook **both in content and order**.
- Use the exact terminology and labels as used in the playbook (e.g., “install nginx” instead of “install web server”).
- Provide a more detailed description of the task next to each task
- Include the exact names of variables, handlers, etc. used in the playbook.

Here is the Ansible Playbook:
---
# tasks file for epel

- name: Install epel
  when:
    - (ansible_distribution == "Amazon" and
      ansible_distribution_major_version == "2") or
      (ansible_os_family == "RedHat" and
      ansible_distribution_major_version in [ "7", "8", "9", "10" ])
  block:
    - name: Install epel gpg key
      ansible.builtin.rpm_key:
        key: "{{ epel_gpg_key }}"
        state: present

    - name: Install epel-release
      ansible.builtin.package:
        name: "{{ epel_url }}"
        state: present
      notify:
        - Update package cache

    - name: Install epel-next-release
      ansible.builtin.package:
        name: "{{ epel_next_url }}"
        state: present
      when:
        - epel_next
      notify:
        - Update package cache


Total input tokens: 523
___________________________________________LLM Output:___________________________________________ 
Below you will receive task descriptions from which you should generate an Ansible Playbook.
The generated playbook must be valid inside an Ansible Role under the tasks/ directory (e.g., tasks/main.yml).
Do not include hosts:, vars:, or any playbook-level headers. Only output valid task entries or blocks as expected in a role.

Task 1: Install epel
Description Task 1: Install epel when the ansible_distribution is "Amazon" and ansible_distribution_major_version is "2", or when ansible_os_family is "RedHat" and ansible_distribution_major_version is one of "7", "8", "9", or "10".

Task 2: Install epel gpg key
Description Task 2: Install epel gpg key using the rpm_key module with the key from epel_gpg_key and set the state to present.

Task 3: Install epel-release
Description Task 3: Install epel-release using the package module with the name from epel_url and set the state to present. Then notify to update the package cache.

Task 4: Install epel-next-release
Description Task 4: Install epel-next-release using the package module with the name from epel_next_url and set the state to present. Then notify to update the package cache when epel_next is true.

Tue Sep 30 16:18:30 2025: /home/studgoetsi5301/documents/ansible_bench/dataset/prompts/ollama_granite-code:20b_english_exact/benchmark100/ansible-role-epel/tasks/main_prompt.txt Total generation time: 5.727275375989848
