Loaded config from file config/config.yaml: config: {'base_dir': '/home/studgoetsi5301/documents/ansible_bench', 'output_dir': 'output', 'dataset_dir': 'dataset', 'config_dir': 'config', 'logs_dir': 'logs', 'testresults_dir': 'testresults', 'postprocessing_reports_dir': 'postprocessing_reports', 'temp_exec_dir': 'temp'}
Name for the ollama model: llama3.1:8b

Input_Directory: /home/studgoetsi5301/documents/ansible_bench/dataset/benchmark100

Output_Directory: /home/studgoetsi5301/documents/ansible_bench/dataset/prompts/ollama_llama3.1:8b_english_exact/benchmark100

Input-Files:
ansible-role-docker_compose/tasks/main.yml
ansible-role-cadvisor/tasks/main.yml
ansible-role-vsftpd/tasks/main.yml
ansible-role-epel-buluma/tasks/main.yml
ansible-role-vault/tasks/package.yml
ansible-role-vault/tasks/binary.yml
ansible-role-vault/tasks/hardening.yml
ansible-role-vault/tasks/main.yml
ansible-role-dns/tasks/main.yml
ansible-role-grub/tasks/password.yml
ansible-role-grub/tasks/main.yml
ansible-role-service/tasks/main.yml
ansible-role-bootstrap-buluma/tasks/gather_facts.yml
ansible-role-bootstrap-buluma/tasks/main.yml
ansible-role-docker/tasks/main.yml
ansible-role-docker/tasks/setup-Debian.yml
ansible-role-docker/tasks/setup-RedHat.yml
ansible-role-docker/tasks/docker-compose.yml
ansible-role-docker/tasks/docker-users.yml
ansible-role-selinux/tasks/main.yml
ansible-role-mysql-robertdebock/tasks/main.yml
ansible-role-sysctl/tasks/main.yml
ansible-role-bootstrap-JonasPammer/tasks/gather_facts.yml
ansible-role-bootstrap-JonasPammer/tasks/main.yml
ansible-role-update/tasks/main.yml
ansible-role-python_pip-buluma/tasks/main.yml
ansible-role-buildtools-buluma/tasks/main.yml
ansible-role-pip/tasks/debian12.yml
ansible-role-pip/tasks/main.yml
ansible-role-helm/tasks/main.yml
ansible-role-bootstrap/tasks/gather_facts.yml
ansible-role-bootstrap/tasks/main.yml
ansible-role-openvpn/tasks/server.yml
ansible-role-openvpn/tasks/client.yml
ansible-role-openvpn/tasks/main.yml
ansible-role-core_dependencies-buluma/tasks/main.yml
ansible-role-openssl-robertdebock/tasks/create.yml
ansible-role-openssl-robertdebock/tasks/main.yml
ansible-role-logrotate/tasks/main.yml
ansible-role-promtail/tasks/install.yml
ansible-role-promtail/tasks/preflight.yml
ansible-role-promtail/tasks/main.yml
ansible-role-python_pip/tasks/main.yml
ansible-role-httpd/tasks/locations.yml
ansible-role-httpd/tasks/directories.yml
ansible-role-httpd/tasks/main.yml
ansible-role-httpd/tasks/vhosts.yml
ansible-role-httpd/tasks/ssl.yml
ansible-role-redis/tasks/main.yml
ansible-role-openssl/tasks/create.yml
ansible-role-openssl/tasks/main.yml
ansible-role-users/tasks/group.yml
ansible-role-users/tasks/user.yml
ansible-role-users/tasks/main.yml
ansible-role-ca_certificates/tasks/main.yml
ansible-role-httpd-buluma/tasks/locations.yml
ansible-role-httpd-buluma/tasks/directories.yml
ansible-role-httpd-buluma/tasks/main.yml
ansible-role-httpd-buluma/tasks/vhosts.yml
ansible-role-httpd-buluma/tasks/ssl.yml
ansible-role-apt_autostart/tasks/main.yml
java_role/tasks/import_certs.yml
java_role/tasks/main.yml
java_role/tasks/install_openjdk.yml
ansible-role-core_dependencies/tasks/main.yml
ansible-role-postfix/tasks/main.yml
ansible-role-git/tasks/main.yml
ansible-role-php-robertdebock/tasks/main.yml
ansible-role-rke2/tasks/cis.yml
ansible-role-rke2/tasks/rke2.yml
ansible-role-rke2/tasks/first_server_restore.yml
ansible-role-rke2/tasks/ingress-nginx.yml
ansible-role-rke2/tasks/first_server.yml
ansible-role-rke2/tasks/download_kubeconfig.yaml
ansible-role-rke2/tasks/summary.yml
ansible-role-rke2/tasks/rolling_restart.yml
ansible-role-rke2/tasks/keepalived.yml
ansible-role-rke2/tasks/main.yml
ansible-role-rke2/tasks/remaining_nodes.yml
ansible-role-rke2/tasks/kubevip.yml
ansible-role-rke2/tasks/change_config.yml
ansible-role-rke2/tasks/find_active_server.yml
ansible-role-buildtools/tasks/main.yml
ansible-role-mysql/tasks/main.yml
ansible-role-cron/tasks/main.yml
ansible-role-nginx/tasks/main.yml
ansible-role-ansible/tasks/setup-pip.yml
ansible-role-ansible/tasks/setup-Fedora.yml
ansible-role-ansible/tasks/main.yml
ansible-role-ansible/tasks/setup-Debian.yml
ansible-role-ansible/tasks/setup-Ubuntu.yml
ansible-role-ansible/tasks/setup-RedHat.yml
ansible-role-rsyslog/tasks/main.yml
ansible-role-fail2ban/tasks/main.yml
ansible-role-scl/tasks/main.yml
ansible-role-cron-buluma/tasks/main.yml
ansible-role-hashicorp/tasks/main.yml
ansible-role-java/tasks/main.yml
ansible-role-selinux-robertdebock/tasks/main.yml
ansible-role-epel/tasks/main.yml
Found 100 inputs

Serving model via Ollama
  0%|          | 0/100 [00:00<?, ?it/s]  1%|          | 1/100 [00:02<03:43,  2.26s/it]

Prompt: You are a professional developer. Below you will find a complete Ansible Playbook. This playbook was generated based on a prompt. Your task is to reconstruct the original prompt that could have been used to generate this playbook.

Important: The only output follows the format below. Do not include any explanations or comments before or after.

The reconstructed prompt must exactly follow the structure below:

"Below you will receive task descriptions from which you should generate an Ansible Playbook.  
The generated playbook must be valid inside an Ansible Role under the tasks/ directory (e.g., tasks/main.yml).  
Do not include hosts:, vars:, or any playbook-level headers. Only output valid task entries or blocks as expected in a role.  

Task 1: ...
Description Task 1: ...

Task 2: ...
Description Task 2: ...

Task 3: ...
Description Task 3: ...
..."

Guidelines:
- Each task should be short and clearly describe one specific action.
- The tasks must match the actual tasks in the playbook **both in content and order**.
- Use the exact terminology and labels as used in the playbook (e.g., “install nginx” instead of “install web server”).
- Provide a more detailed description of the task next to each task
- Include the exact names of variables, handlers, etc. used in the playbook.

Here is the Ansible Playbook:
---
# tasks file for docker_compose

- name: Import assert.yml
  ansible.builtin.import_tasks:
    file: assert.yml
  run_once: true
  delegate_to: localhost

- name: Install docker-compose package
  ansible.builtin.package:
    name: docker-compose
    state: present
  when:
    - docker_compose_installation_type == "package"

- name: Install docker-compose as a binary
  when:
    - docker_compose_installation_type == "binary"
  block:
    - name: Install required packages
      ansible.builtin.package:
        name: "{{ docker_compose_binary_required_packages }}"

    - name: Install binary
      ansible.builtin.get_url:
        url: "{{ docker_compose_url }}"
        dest: /usr/local/bin/docker-compose
        mode: "0755"


Total input tokens: 458
___________________________________________LLM Output:___________________________________________ 
Below you will receive task descriptions from which you should generate an Ansible Playbook.

Task 1: Import a task file named assert.yml
Description Task 1: The playbook should import a separate task file named assert.yml using the ansible.builtin.import_tasks module, and this task should only run once on the localhost.

Task 2: Install the docker-compose package
Description Task 2: The playbook should install the docker-compose package using the ansible.builtin.package module. However, this task should only run if the variable docker_compose_installation_type is set to "package".

Task 3: Install docker-compose as a binary
Description Task 3: The playbook should install docker-compose as a binary using the ansible.builtin.get_url module. This task should only run if the variable docker_compose_installation_type is set to "binary". In this case, the playbook should also install any required packages for the binary installation. The required packages should be determined by the variable docker_compose_binary_required_packages, and the binary should be downloaded from the URL specified by the variable docker_compose_url.

Tue Sep 30 18:35:45 2025: /home/studgoetsi5301/documents/ansible_bench/dataset/prompts/ollama_llama3.1:8b_english_exact/benchmark100/ansible-role-docker_compose/tasks/main_prompt.txt Total generation time: 2.2580793050001375


Prompt: You are a professional developer. Below you will find a complete Ansible Playbook. This playbook was generated based on a prompt. Your task is to reconstruct the original prompt that could have been used to generate this playbook.

Important: The only output follows the format below. Do not include any explanations or comments before or after.

The reconstructed prompt must exactly follow the structure below:

"Below you will receive task descriptions from which you should generate an Ansible Playbook.  
The generated playbook must be valid inside an Ansible Role under the tasks/ directory (e.g., tasks/main.yml).  
Do not include hosts:, vars:, or any playbook-level headers. Only output valid task entries or blocks as expected in a role.  

Task 1: ...
Description Task 1: ...

Task 2: ...
Description Task 2: ...

Task 3: ...
Description Task 3: ...
..."

Guidelines:
- Each task should be short and clearly describe one specific action.
- The tasks must match the actual tasks in the playbook **both in content and order**.
- Use the exact terminology and labels as used in the playbook (e.g., “install nginx” instead of “install web server”).
- Provide a more detailed description of the task next to each task
- Include the exact names of variables, handlers, etc. used in the playbook.

Here is the Ansible Playbook:
# tasks file for cadvisor

- name: cadvisor | create directories
  become: true
  ansible.builtin.file:
    path: "{{ item }}"
    state: directory
    mode: 0755
  with_items:
    - /opt/cadvisor

- name: cadvisor | download
  become: true
  get_url:
    url: "{{ cadvisor_download }}"
    checksum: "sha256:{{ cadvisor_checksum }}"
    dest: "/opt/cadvisor/cadvisor-{{ cadvisor_version }}"
    force: false
    mode: u=rwx,g=rx,o=rx
  when: cadvisor_binary_local_dir | length == 0

- name: cadvisor | propagate locally distributed cadvisor binary
  copy:
    src: "{{ cadvisor_binary_local_dir }}/cadvisor-{{ cadvisor_version }}"
    dest: "/opt/cadvisor/cadvisor-{{ cadvisor_version }}"
    mode: 0755
    owner: root
    group: root
  when: cadvisor_binary_local_dir | length > 0
  notify:
    - restart cadvisor

- name: cadvisor | symlink
  become: true
  file:
    src: "/opt/cadvisor/cadvisor-{{ cadvisor_version }}"
    path: /opt/cadvisor/cadvisor
    force: true
    state: link

- name: cadvisor | server systemd service
  become: true
  ansible.builtin.template:
    dest: /etc/systemd/system/cadvisor.service
    src: systemd-system-cadvisor-service.j2
    mode: 0644
  notify:
    - restart cadvisor

- name: test_task
  shell: "if ! systemctl is-active cadvisor.service; then  echo 'inactive' ; fi"
  register: service_active
  failed_when: False
  changed_when: False

- debug: var=service_active

- name: cadvisor | enable server systemd
  become: true
  ansible.builtin.systemd:
    enabled: true
    name: cadvisor.service

- name: cadvisor | start server systemd
  become: true
  ansible.builtin.systemd:
    name: cadvisor.service
    state: started
    daemon_reload: true


Total input tokens: 751
___________________________________________LLM Output:___________________________________________ 
Below you will receive task descriptions from which you should generate an Ansible Playbook.

Task 1: Create the directories for the cadvisor installation
Description Task 1: Create the /opt/cadvisor directory and set its permissions to 0755. This is necessary to prepare the directory for the cadvisor installation.

Task 2: Download the cadvisor binary from the internet
Description Task 2: Download the cadvisor binary from the specified URL, using the specified checksum for verification. The binary will be saved in the /opt/cadvisor directory. This task should only run if the local directory is empty.

Task 3: Copy the locally distributed cadvisor binary
Description Task 3: Copy the cadvisor binary from the local directory to the /opt/cadvisor directory. This task should only run if the local directory is not empty.

Task 4: Create a symlink to the cadvisor binary
Description Task 4: Create a symlink to the cadvisor binary in the /opt/cadvisor directory. This ensures that the binary can be easily accessed and started.

Task 5: Configure the cadvisor systemd service
Description Task 5: Configure the cadvisor systemd service by creating a configuration file using a template. This task should only run if the local directory is not empty.

Task 6: Test if the cadvisor service is active
Description Task 6: Test if the cadvisor service is active by checking its status using systemctl. The result of this test will be stored in a variable named service_active.

Task 7: Enable the cadvisor systemd service
Description Task 7: Enable the cadvisor systemd service to start at boot time.

Task 8: Start the cadvisor systemd service
Description Task 8: Start the cadvisor systemd service and reload the systemd daemon to pick up the changes.  2%|▏         | 2/100 [00:05<04:56,  3.02s/it]  3%|▎         | 3/100 [00:08<04:25,  2.74s/it]  4%|▍         | 4/100 [00:10<04:01,  2.51s/it]

Tue Sep 30 18:35:49 2025: /home/studgoetsi5301/documents/ansible_bench/dataset/prompts/ollama_llama3.1:8b_english_exact/benchmark100/ansible-role-cadvisor/tasks/main_prompt.txt Total generation time: 3.5567779800039716


Prompt: You are a professional developer. Below you will find a complete Ansible Playbook. This playbook was generated based on a prompt. Your task is to reconstruct the original prompt that could have been used to generate this playbook.

Important: The only output follows the format below. Do not include any explanations or comments before or after.

The reconstructed prompt must exactly follow the structure below:

"Below you will receive task descriptions from which you should generate an Ansible Playbook.  
The generated playbook must be valid inside an Ansible Role under the tasks/ directory (e.g., tasks/main.yml).  
Do not include hosts:, vars:, or any playbook-level headers. Only output valid task entries or blocks as expected in a role.  

Task 1: ...
Description Task 1: ...

Task 2: ...
Description Task 2: ...

Task 3: ...
Description Task 3: ...
..."

Guidelines:
- Each task should be short and clearly describe one specific action.
- The tasks must match the actual tasks in the playbook **both in content and order**.
- Use the exact terminology and labels as used in the playbook (e.g., “install nginx” instead of “install web server”).
- Provide a more detailed description of the task next to each task
- Include the exact names of variables, handlers, etc. used in the playbook.

Here is the Ansible Playbook:
---
# tasks file for vsftpd

- name: Import assert.yml
  ansible.builtin.import_tasks:
    file: assert.yml
  run_once: true
  delegate_to: localhost

- name: Install vsftpd
  ansible.builtin.package:
    name: vsftpd

- name: Configure vsftpd
  ansible.builtin.template:
    src: vsftpd.conf.j2
    dest: "{{ vsftpd_configuration_file }}"
    owner: root
    group: root
    mode: "{{ vsftpd_configuration_file_mode }}"
  notify:
    - Restart vsftpd

- name: Start and enable vsftpd
  ansible.builtin.service:
    name: vsftpd
    state: started
    enabled: true


Total input tokens: 443
___________________________________________LLM Output:___________________________________________ 
Below you will receive task descriptions from which you should generate an Ansible Playbook.

Task 1: Import a task list from another file to the Ansible control machine for validation.
Description Task 1: The playbook should import a task list from a file named 'assert.yml' to the Ansible control machine for validation and execution of the imported tasks, but only run once.

Task 2: Install the vsftpd package on the target machine.
Description Task 2: The playbook should install the vsftpd package on the target machine using the Ansible package module.

Task 3: Configure the vsftpd service by creating a configuration file.
Description Task 3: The playbook should configure the vsftpd service by creating a configuration file named 'vsftpd.conf' at the specified destination, with the correct file mode, owner, and group, and notify the restart of the vsftpd service.

Task 4: Start the vsftpd service and enable it to start at boot time.
Description Task 4: The playbook should start the vsftpd service and enable it to start at boot time using the Ansible service module.

Tue Sep 30 18:35:51 2025: /home/studgoetsi5301/documents/ansible_bench/dataset/prompts/ollama_llama3.1:8b_english_exact/benchmark100/ansible-role-vsftpd/tasks/main_prompt.txt Total generation time: 2.3994255470024655


Prompt: You are a professional developer. Below you will find a complete Ansible Playbook. This playbook was generated based on a prompt. Your task is to reconstruct the original prompt that could have been used to generate this playbook.

Important: The only output follows the format below. Do not include any explanations or comments before or after.

The reconstructed prompt must exactly follow the structure below:

"Below you will receive task descriptions from which you should generate an Ansible Playbook.  
The generated playbook must be valid inside an Ansible Role under the tasks/ directory (e.g., tasks/main.yml).  
Do not include hosts:, vars:, or any playbook-level headers. Only output valid task entries or blocks as expected in a role.  

Task 1: ...
Description Task 1: ...

Task 2: ...
Description Task 2: ...

Task 3: ...
Description Task 3: ...
..."

Guidelines:
- Each task should be short and clearly describe one specific action.
- The tasks must match the actual tasks in the playbook **both in content and order**.
- Use the exact terminology and labels as used in the playbook (e.g., “install nginx” instead of “install web server”).
- Provide a more detailed description of the task next to each task
- Include the exact names of variables, handlers, etc. used in the playbook.

Here is the Ansible Playbook:
---
# tasks file for epel

- name: Install epel
  when:
    - (ansible_distribution == "Amazon" and
      ansible_distribution_major_version == "2") or
      (ansible_os_family == "RedHat" and
      ansible_distribution_major_version in [ "7", "8", "9" ])
  block:
    - name: Install epel gpg key
      ansible.builtin.rpm_key:
        key: "{{ epel_gpg_key }}"
        state: present

    - name: Install epel-release
      ansible.builtin.package:
        name: "{{ epel_url }}"
        state: present
      notify:
        - Update package cache

    - name: Install epel-next-release
      ansible.builtin.package:
        name: "{{ epel_next_url }}"
        state: present
      when:
        - epel_next
      notify:
        - Update package cache


Total input tokens: 473
___________________________________________LLM Output:___________________________________________ 
Below you will receive task descriptions from which you should generate an Ansible Playbook.

Task 1: Install epel package repositories for compatible operating systems (RedHat-based and Amazon Linux).
Description Task 1: The task identifies the target operating systems (RedHat-based and Amazon Linux) and installs the necessary package repositories for the epel package.

Task 2: Install the epel GPG key.
Description Task 2: The task uses the epel_gpg_key variable to install the GPG key for the epel package repository.

Task 3: Install the epel-release package.
Description Task 3: The task uses the epel_url variable to install the epel-release package and notifies the Update package cache handler to refresh the package list.

Task 4: Install the epel-next-release package (conditional).
Description Task 4: The task uses the epel_next variable to conditionally install the epel-next-release package and notifies the Update package cache handler to refresh the package list.

Tue Sep 30 18:35:53 2025: /home/studgoetsi5301/documents/ansible_bench/dataset/prompts/ollama_llama3.1:8b_english_exact/benchmark100/ansible-role-epel-buluma/tasks/main_prompt.txt Total generation time: 2.158935688989004


Prompt: You are a professional developer. Below you will find a complete Ansible Playbook. This playbook was generated based on a prompt. Your task is to reconstruct the original prompt that could have been used to generate this playbook.

Important: The only output follows the format below. Do not include any explanations or comments before or after.

The reconstructed prompt must exactly follow the structure below:

"Below you will receive task descriptions from which you should generate an Ansible Playbook.  
The generated playbook must be valid inside an Ansible Role under the tasks/ directory (e.g., tasks/main.yml).  
Do not include hosts:, vars:, or any playbook-level headers. Only output valid task entries or blocks as expected in a role.  

Task 1: ...
Description Task 1: ...

Task 2: ...
Description Task 2: ...

Task 3: ...
Description Task 3: ...
..."

Guidelines:
- Each task should be short and clearly describe one specific action.
- The tasks must match the actual tasks in the playbook **both in content and order**.
- Use the exact terminology and labels as used in the playbook (e.g., “install nginx” instead of “install web server”).
- Provide a more detailed description of the task next to each task
- Include the exact names of variables, handlers, etc. used in the playbook.

Here is the Ansible Playbook:
---

- name: package | Install vault
  ansible.builtin.package:
    name: "{{ vault_package }}"
  notify:
    - Daemon reload
    - Restart vault

  5%|▌         | 5/100 [00:12<03:39,  2.31s/it]
Total input tokens: 318
___________________________________________LLM Output:___________________________________________ 
Below you will receive task descriptions from which you should generate an Ansible Playbook.

Task 1: Install package with name stored in the 'vault_package' variable
Description Task 1: Use the Ansible package module to install the package specified by the 'vault_package' variable, which stores the name of the package to be installed. This task should be executed during the playbook run.

Task 2: Reload daemon on changes
Description Task 2: Reload the daemon to ensure it picks up any changes made to the system, such as newly installed packages. This task should be executed whenever the daemon reload handler is notified.

Task 3: Restart vault service
Description Task 3: Restart the vault service to ensure it picks up any changes made to the system, such as newly installed packages or configuration changes. This task should be executed whenever the vault restart handler is notified.

Tue Sep 30 18:35:55 2025: /home/studgoetsi5301/documents/ansible_bench/dataset/prompts/ollama_llama3.1:8b_english_exact/benchmark100/ansible-role-vault/tasks/package_prompt.txt Total generation time: 1.9555460950068664


Prompt: You are a professional developer. Below you will find a complete Ansible Playbook. This playbook was generated based on a prompt. Your task is to reconstruct the original prompt that could have been used to generate this playbook.

Important: The only output follows the format below. Do not include any explanations or comments before or after.

The reconstructed prompt must exactly follow the structure below:

"Below you will receive task descriptions from which you should generate an Ansible Playbook.  
The generated playbook must be valid inside an Ansible Role under the tasks/ directory (e.g., tasks/main.yml).  
Do not include hosts:, vars:, or any playbook-level headers. Only output valid task entries or blocks as expected in a role.  

Task 1: ...
Description Task 1: ...

Task 2: ...
Description Task 2: ...

Task 3: ...
Description Task 3: ...
..."

Guidelines:
- Each task should be short and clearly describe one specific action.
- The tasks must match the actual tasks in the playbook **both in content and order**.
- Use the exact terminology and labels as used in the playbook (e.g., “install nginx” instead of “install web server”).
- Provide a more detailed description of the task next to each task
- Include the exact names of variables, handlers, etc. used in the playbook.

Here is the Ansible Playbook:
---

- name: binary | Create Vault group
  ansible.builtin.group:
    name: "{{ vault_group }}"
    system: true

- name: binary | Create Vault user
  ansible.builtin.user:
    name: "{{ vault_user }}"
    create_home: false
    system: true
    shell: "{{ vault_user_shell }}"
    group: "{{ vault_group }}"

- name: binary | Create Vault download directory
  ansible.builtin.file:
    path: "{{ vault_download_path }}"
    state: directory
    owner: "{{ vault_user }}"
    group: "{{ vault_group }}"
    mode: "0755"

- name: binary | Download Vault binary
  ansible.builtin.unarchive:
    src: "https://releases.hashicorp.com/vault/{{ vault_version }}/vault_{{ vault_version }}_linux_{{ vault_architecture }}.zip"
    dest: "{{ vault_download_path }}"
    creates: "{{ vault_download_path }}/vault"
    owner: root
    group: root
    mode: "0644"
    remote_src: true

- name: binary | Check if vault_path exists
  ansible.builtin.stat:
    path: "{{ vault_path }}"
  register: vault_check_path

- name: binary | Create vault_path if it does not exists
  ansible.builtin.file:
    path: "{{ vault_path }}"
    state: directory
    owner: "{{ vault_user }}"
    group: "{{ vault_group }}"
    mode: "0755"
  when:
    - not vault_check_path.stat.exists
    - vault_path | length > 0

- name: binary | Create directory in vault_path
  ansible.builtin.file:
    path: "{{ item.name }}"
    state: directory
    owner: "{{ item.owner }}"
    group: "{{ item.group }}"
    mode: "{{ item.mode }}"
  loop: "{{ vault_directories }}"
  loop_control:
    label: "{{ item.name }}"

- name: binary | Create data directory
  ansible.builtin.file:
    path: "{{ item.name }}"
    state: directory
    owner: "{{ item.owner }}"
    group: "{{ item.group }}"
    mode: "{{ item.mode }}"
  loop: "{{ vault_data_directories }}"
  loop_control:
    label: "{{ item.name }}"

- name: binary | Generate TLS key and certificate
  ansible.builtin.command:
    cmd: openssl req -out tls.crt -new -keyout tls.key -newkey rsa:4096 -nodes -sha256 -x509 -subj "/O=HashiCorp/CN=Vault" -days 1095
    chdir: "{{ vault_data_directory }}/tls/"
    creates: "{{ vault_data_directory }}/tls/tls.key"
  notify:
    - Restart vault

- name: binary | Set ownership of tls material
  ansible.builtin.file:
    path: "{{ item.name }}"
    owner: "{{ item.owner }}"
    group: "{{ item.group }}"
    mode: "{{ item.mode }}"
  loop: "{{ vault_tls_files }}"
  loop_control:
    label: "{{ item.name }}"

- name: binary | Copy Vault binary
  ansible.builtin.copy:
    src: "{{ vault_download_path }}/vault"
    dest: "{{ vault_path }}/usr/bin/vault"
    owner: root
    group: root
    mode: "0755"
    remote_src: true
  notify:
    - Restart vault

- name: binary | Set cap_ipc_lock=ep on /usr/bin/vault
  community.general.capabilities:
    path: "{{ vault_path }}/usr/bin/vault"
    capability: cap_ipc_lock+ep
  changed_when: false

- name: binary | Touch vault.env
  ansible.builtin.file:
    path: "{{ vault_path }}/etc/vault.d/vault.env"
    owner: "{{ vault_user }}"
    group: "{{ vault_group }}"
    mode: "0644"
    state: touch
    modification_time: preserve
    access_time: preserve
  notify:
    - Restart vault

- name: binary | Create /usr/lib/systemd/system
  ansible.builtin.file:
    path: /usr/lib/systemd/system
    state: directory
    owner: root
    group: root
    mode: "0755"

- name: binary | Copy Vault service file
  ansible.builtin.template:
    src: vault.service.j2
    dest: "/usr/lib/systemd/system/vault.service"
    owner: root
    group: root
    mode: "0644"
  notify:
    - Daemon reload
  when:
    - ansible_service_mgr == "systemd"

- name: binary | Copy vault configuration
  ansible.builtin.copy:
    src: vault.hcl
    dest: "{{ vault_path }}/etc/vault.d/vault.hcl"
    owner: root
    group: root
    mode: "0644"
    force: false
  notify:
    - Restart vault

- name: binary | Flush handlers
  ansible.builtin.meta: flush_handlers


Total input tokens: 1317
___________________________________________LLM Output:___________________________________________ 
Below you will receive task descriptions from which you should generate an Ansible Playbook.

The generated playbook must be valid inside an Ansible Role under the tasks/ directory (e.g., tasks/main.yml).

Do not include hosts:, vars:, or any playbook-level headers. Only output valid task entries or blocks as expected in a role.

Task 1: Create the Vault group
Description Task 1: Create the Vault group with the name specified by the variable `vault_group` and set system to true.

Task 2: Create the Vault user
Description Task 2: Create the Vault user with the name specified by the variable `vault_user`, set the shell to the value specified by the variable `vault_user_shell`, and set the group to the value specified by the variable `vault_group`.

Task 3: Create the Vault download directory
Description Task 3: Create the directory specified by the variable `vault_download_path` with the correct owner, group, and mode.

Task 4: Download the Vault binary
Description Task 4: Download the Vault binary from the specified URL, extract it to the specified directory, and set the correct ownership and mode.

Task 5: Check if the vault_path exists
Description Task 5: Check if the directory specified by the variable `vault_path` exists.

Task 6: Create vault_path if it does not exist
Description Task 6: Create the directory specified by the variable `vault_path` with the correct owner, group, and mode if it does not exist.

Task 7: Create directories in vault_path
Description Task 7: Create directories specified by the variable `vault_directories` with the correct ownership, group, and mode.

Task 8: Create data directories
Description Task 8: Create directories specified by the variable `vault_data_directories` with the correct ownership, group, and mode.

Task 9: Generate TLS key and certificate
Description Task 9: Generate a TLS key and certificate using OpenSSL and save them to the specified directory.

Task 10: Set ownership of TLS material
Description Task 10: Set the ownership of the TLS material specified by the variable `vault_tls_files` to the correct user and group.

Task 11: Copy the Vault binary
Description Task 11: Copy the Vault binary to the specified location and set the correct ownership and mode.

Task 12: Set cap_ipc_lock=ep on /usr/bin/vault
Description Task 12: Set the capability cap_ipc_lock=ep on the specified binary.

Task 13: Touch vault.env
Description Task 13: Create a touch file at the specified location with the correct ownership and mode.

Task 14: Create /usr/lib/systemd/system
Description Task 14: Create the directory /usr/lib/systemd/system with the correct ownership and mode.

Task 15: Copy the Vault service file
Description Task 15: Copy the Vault service file to the specified location and set the correct ownership and mode.

Task 16: Copy the Vault configuration
Description Task 16: Copy the Vault configuration file to the specified location and set the correct ownership and mode.

Task 17: Flush handlers
Description Task 17: Flush the handlers to ensure any pending tasks are executed.  6%|▌         | 6/100 [00:18<05:41,  3.64s/it]  7%|▋         | 7/100 [00:21<05:22,  3.46s/it]

Tue Sep 30 18:36:02 2025: /home/studgoetsi5301/documents/ansible_bench/dataset/prompts/ollama_llama3.1:8b_english_exact/benchmark100/ansible-role-vault/tasks/binary_prompt.txt Total generation time: 6.213206550994073


Prompt: You are a professional developer. Below you will find a complete Ansible Playbook. This playbook was generated based on a prompt. Your task is to reconstruct the original prompt that could have been used to generate this playbook.

Important: The only output follows the format below. Do not include any explanations or comments before or after.

The reconstructed prompt must exactly follow the structure below:

"Below you will receive task descriptions from which you should generate an Ansible Playbook.  
The generated playbook must be valid inside an Ansible Role under the tasks/ directory (e.g., tasks/main.yml).  
Do not include hosts:, vars:, or any playbook-level headers. Only output valid task entries or blocks as expected in a role.  

Task 1: ...
Description Task 1: ...

Task 2: ...
Description Task 2: ...

Task 3: ...
Description Task 3: ...
..."

Guidelines:
- Each task should be short and clearly describe one specific action.
- The tasks must match the actual tasks in the playbook **both in content and order**.
- Use the exact terminology and labels as used in the playbook (e.g., “install nginx” instead of “install web server”).
- Provide a more detailed description of the task next to each task
- Include the exact names of variables, handlers, etc. used in the playbook.

Here is the Ansible Playbook:
---

- name: hardening | Disable swap
  when:
    - vault_hardening_disable_swap
  block:
    - name: hardening | Disable swap now
      ansible.builtin.command:
        cmd: swapoff -a
      changed_when: true
      when:
        - ansible_swaptotal_mb > 0

    - name: hardening | Disable swap permanently
      ansible.posix.mount:
        name: swap
        state: absent

- name: hardening | Disable core dumps
  community.general.pam_limits:
    domain: "{{ item.domain }}"
    limit_type: "{{ item.limit_type }}"
    limit_item: "{{ item.limit_item }}"
    value: "{{ item.value }}"
  loop:
    - domain: '*'
      limit_type: hard
      limit_item: core
      value: 0
    - domain: '*'
      limit_type: soft
      limit_item: core
      value: 0
  loop_control:
    label: "{{ item.limit_item }}"
  when:
    - vault_hardening_disable_core_dumps

- name: hardening | Disable Shell Command History
  ansible.builtin.copy:
    dest: /etc/profile.d/vault.sh
    content: |
      export HISTIGNORE="&:vault*"
    mode: '0644'
    owner: root
    group: root
  when:
    - vault_hardening_disable_shell_command_history

- name: hardening | Configure SELinux / AppArmor
  block:
    - name: hardening | Enable SELinux
      when:
        - vault_hardening_configure_selinux_apparmor
        - ansible_selinux.status == "enabled"
      block:
        - name: hardening | Install selinux-policy
          ansible.builtin.package:
            name: selinux-policy
            state: present

        - name: hardening | Set SELinux policy
          ansible.posix.selinux:
            policy: targeted
            state: enforcing

    - name: hardening | Enable AppArmor (enforcing)
      ansible.builtin.command:
        cmd: aa-enforce /etc/apparmor.d/usr.bin.vault
      changed_when: true
      when:
        - ansible_apparmor.status == "enabled"


Total input tokens: 745
___________________________________________LLM Output:___________________________________________ 
Below you will receive task descriptions from which you should generate an Ansible Playbook.

The generated playbook must be valid inside an Ansible Role under the tasks/ directory (e.g., tasks/main.yml).
Do not include hosts:, vars:, or any playbook-level headers. Only output valid task entries or blocks as expected in a role.

Task 1: Hardening | Disable Swap
Description Task 1: Disable swap on the system, including disabling it temporarily and permanently, when swap is enabled and the vault_hardening_disable_swap variable is set to true.

Task 2: Hardening | Disable Core Dumps
Description Task 2: Disable core dumps for both hard and soft limits, using the community.general.pam_limits module, when the vault_hardening_disable_core_dumps variable is set to true. This involves looping over two items that set the limit to 0.

Task 3: Hardening | Disable Shell Command History
Description Task 3: Disable shell command history by copying the vault.sh file to /etc/profile.d/, when the vault_hardening_disable_shell_command_history variable is set to true. The file includes an export command to ignore certain history entries.

Task 4: Hardening | Configure SELinux / AppArmor
Description Task 4: Configure SELinux and AppArmor, including enabling SELinux when it's already enabled, and enforcing AppArmor. This involves installing the selinux-policy package, setting the SELinux policy to targeted and state to enforcing, and enforcing AppArmor by running the aa-enforce command.

Tue Sep 30 18:36:05 2025: /home/studgoetsi5301/documents/ansible_bench/dataset/prompts/ollama_llama3.1:8b_english_exact/benchmark100/ansible-role-vault/tasks/hardening_prompt.txt Total generation time: 3.1048629400029313


Prompt: You are a professional developer. Below you will find a complete Ansible Playbook. This playbook was generated based on a prompt. Your task is to reconstruct the original prompt that could have been used to generate this playbook.

Important: The only output follows the format below. Do not include any explanations or comments before or after.

The reconstructed prompt must exactly follow the structure below:

"Below you will receive task descriptions from which you should generate an Ansible Playbook.  
The generated playbook must be valid inside an Ansible Role under the tasks/ directory (e.g., tasks/main.yml).  
Do not include hosts:, vars:, or any playbook-level headers. Only output valid task entries or blocks as expected in a role.  

Task 1: ...
Description Task 1: ...

Task 2: ...
Description Task 2: ...

Task 3: ...
Description Task 3: ...
..."

Guidelines:
- Each task should be short and clearly describe one specific action.
- The tasks must match the actual tasks in the playbook **both in content and order**.
- Use the exact terminology and labels as used in the playbook (e.g., “install nginx” instead of “install web server”).
- Provide a more detailed description of the task next to each task
- Include the exact names of variables, handlers, etc. used in the playbook.

Here is the Ansible Playbook:
---
# tasks file for vault

- name: Import assert.yml
  ansible.builtin.import_tasks:
    file: assert.yml
  run_once: true
  delegate_to: localhost

- name: Install prerequisites
  ansible.builtin.package:
    name: "{{ vault_prerequisites }}"

- name: Include installation method specific tasks
  ansible.builtin.include_tasks:
    file: "{{ vault_installation_method }}.yml"

- name: Add Vault environment variables
  ansible.builtin.lineinfile:
    path: /etc/vault.d/vault.env
    create: true
    regexp: "^{{ item.name }}="
    line: "{{ item.name }}={{ item.value }}"
    mode: "0644"
  loop: "{{ vault_environment_settings }}"
  notify:
    - Restart vault

- name: Include hardening tasks
  ansible.builtin.include_tasks:
    file: hardening.yml

- name: Start and enable vault
  ansible.builtin.service:
    name: vault
    state: started
    enabled: true
  when:
    - vault_type == "oss"

- name: Enable vault
  ansible.builtin.service:
    name: vault
    enabled: true
  when:
    - vault_type != "oss"


Total input tokens: 542
___________________________________________LLM Output:___________________________________________ 
Below you will receive task descriptions from which you should generate an Ansible Playbook.

The generated playbook must be valid inside an Ansible Role under the tasks/ directory (e.g., tasks/main.yml).
Do not include hosts:, vars:, or any playbook-level headers. Only output valid task entries or blocks as expected in a role.

Task 1: Import assert.yml file
Description Task 1: Run the assert.yml file as a task, on the localhost, to import any necessary tasks or variables, and only run it once.

Task 2: Install prerequisites
Description Task 2: Install packages specified in the vault_prerequisites variable.

Task 3: Include installation method specific tasks
Description Task 3: Include tasks from a file that matches the installation method specified in the vault_installation_method variable, to handle different installation methods.

Task 4: Add Vault environment variables
Description Task 4: Add environment variables to the /etc/vault.d/vault.env file, using the vault_environment_settings variable, and restart the vault service.

Task 5: Include hardening tasks
Description Task 5: Include tasks from the hardening.yml file to apply hardening configurations.

Task 6: Start and enable vault on OSS
Description Task 6: Start and enable the vault service if the vault_type variable is set to "oss".

Task 7: Enable vault (non-OSS)
Description Task 7: Enable the vault service if the vault_type variable is not set to "oss".  8%|▊         | 8/100 [00:24<05:04,  3.31s/it]  9%|▉         | 9/100 [00:28<05:31,  3.64s/it]

Tue Sep 30 18:36:08 2025: /home/studgoetsi5301/documents/ansible_bench/dataset/prompts/ollama_llama3.1:8b_english_exact/benchmark100/ansible-role-vault/tasks/main_prompt.txt Total generation time: 2.97036260200548


Prompt: You are a professional developer. Below you will find a complete Ansible Playbook. This playbook was generated based on a prompt. Your task is to reconstruct the original prompt that could have been used to generate this playbook.

Important: The only output follows the format below. Do not include any explanations or comments before or after.

The reconstructed prompt must exactly follow the structure below:

"Below you will receive task descriptions from which you should generate an Ansible Playbook.  
The generated playbook must be valid inside an Ansible Role under the tasks/ directory (e.g., tasks/main.yml).  
Do not include hosts:, vars:, or any playbook-level headers. Only output valid task entries or blocks as expected in a role.  

Task 1: ...
Description Task 1: ...

Task 2: ...
Description Task 2: ...

Task 3: ...
Description Task 3: ...
..."

Guidelines:
- Each task should be short and clearly describe one specific action.
- The tasks must match the actual tasks in the playbook **both in content and order**.
- Use the exact terminology and labels as used in the playbook (e.g., “install nginx” instead of “install web server”).
- Provide a more detailed description of the task next to each task
- Include the exact names of variables, handlers, etc. used in the playbook.

Here is the Ansible Playbook:
---
# tasks file for dns

- name: Import assert.yml
  ansible.builtin.import_tasks:
    file: assert.yml
  run_once: true
  delegate_to: localhost

- name: Install dns
  ansible.builtin.package:
    name: "{{ dns_packages }}"
    state: present

- name: Create directories
  ansible.builtin.file:
    path: "{{ item.path }}"
    state: directory
    mode: "{{ item.mode }}"
    owner: "{{ item.owner }}"
    group: "{{ item.group }}"
  loop:
    - path: "{{ dns_datadir }}"
      mode: "1770"
      owner: "{{ dns_owner }}"
      group: "{{ dns_group }}"
    - path: "{{ dns_confdir }}"
      mode: "0755"
      owner: root
      group: root
  loop_control:
    label: "{{ item.path }}"

- name: Create group
  ansible.builtin.group:
    name: "{{ dns_group }}"
    state: present

- name: Create user
  ansible.builtin.user:
    name: "{{ dns_owner }}"
    state: present
    system: true

- name: Generate rndc key
  ansible.builtin.command:
    cmd: rndc-confgen -a -c "{{ dns_confdir }}/rndc.key"
    creates: "{{ dns_confdir }}/rndc.key"

- name: Set permissions on rndc key file
  ansible.builtin.file:
    path: "{{ dns_confdir }}/rndc.key"
    owner: "{{ dns_owner }}"
    group: "{{ dns_group }}"
    mode: "0640"

- name: Get the hints/root file
  ansible.builtin.get_url:
    url: "https://www.internic.net/domain/named.root"
    dest: "{{ dns_datadir }}/named.root"
    validate_certs: "{{ dns_validate_certs }}"
    mode: "0640"
    owner: "{{ dns_owner }}"
    group: "{{ dns_group }}"
  when:
    - dns_caching_dns
  notify:
    - Rndc reload

- name: Create zone file
  ansible.builtin.template:
    src: zone.j2
    dest: "{{ dns_datadir }}/{{ item.name }}.db"
    validate: named-checkzone {{ item.name }} %s
    mode: "0640"
    owner: "{{ dns_owner }}"
    group: "{{ dns_group }}"
  loop: "{{ dns_zones }}"
  loop_control:
    label: "{{ item.name }}"
  when:
    - item.type is undefined or
      item.type in [ "primary" ]
  notify:
    - Rndc reload

- name: Add zones to configuration
  ansible.builtin.template:
    src: named.conf.j2
    dest: "{{ dns_confdir }}/named.conf"
    validate: named-checkconf -zj %s
    mode: "0640"
    owner: "{{ dns_owner }}"
    group: "{{ dns_group }}"
    backup: true
  notify:
    - Restart dns

- name: Place systemd override
  when:
    - ansible_service_mgr == "systemd"
  block:
    - name: Create service.d {{ dns_service }}
      ansible.builtin.file:
        path: /etc/systemd/system/{{ dns_service }}.service.d
        state: directory
        mode: "0755"

    - name: Place override.conf
      ansible.builtin.copy:
        src: override.conf
        dest: /etc/systemd/system/{{ dns_service }}.service.d/override.conf
        owner: root
        group: root
        mode: "0644"

    - name: Systemctl daemon-reload
      ansible.builtin.systemd:
        daemon_reload: true
      changed_when: false

- name: Start and enable dns
  ansible.builtin.service:
    name: "{{ dns_service }}"
    state: started
    enabled: true


Total input tokens: 1086
___________________________________________LLM Output:___________________________________________ 
Below you will receive task descriptions from which you should generate an Ansible Playbook.

The generated playbook must be valid inside an Ansible Role under the tasks/ directory (e.g., tasks/main.yml).

Do not include hosts:, vars:, or any playbook-level headers. Only output valid task entries or blocks as expected in a role.

Task 1: Import assert.yml and run it once on localhost
Description Task 1: This task is used to import another Ansible task file, assert.yml, and run it once on the localhost.

Task 2: Install the dns packages
Description Task 2: This task is used to install the required DNS packages on the system.

Task 3: Create the required directories
Description Task 3: This task is used to create the necessary directories for the DNS configuration and data.

Task 4: Create the required group
Description Task 4: This task is used to create the required group for the DNS service.

Task 5: Create the required user
Description Task 5: This task is used to create the required user for the DNS service.

Task 6: Generate the rndc key
Description Task 6: This task is used to generate the rndc key for the DNS service.

Task 7: Set permissions on the rndc key file
Description Task 7: This task is used to set the correct permissions on the rndc key file.

Task 8: Download the named.root file
Description Task 8: This task is used to download the named.root file from the specified URL and save it to the correct location.

Task 9: Create the zone file
Description Task 9: This task is used to create the zone file for the DNS service using a template.

Task 10: Add zones to the configuration
Description Task 10: This task is used to add the zones to the DNS configuration file using a template.

Task 11: Place the systemd override
Description Task 11: This task is used to create a systemd override for the DNS service and reload the daemon.

Task 12: Start and enable the DNS service
Description Task 12: This task is used to start and enable the DNS service.

Tue Sep 30 18:36:12 2025: /home/studgoetsi5301/documents/ansible_bench/dataset/prompts/ollama_llama3.1:8b_english_exact/benchmark100/ansible-role-dns/tasks/main_prompt.txt Total generation time: 4.363714071994764


Prompt: You are a professional developer. Below you will find a complete Ansible Playbook. This playbook was generated based on a prompt. Your task is to reconstruct the original prompt that could have been used to generate this playbook.

Important: The only output follows the format below. Do not include any explanations or comments before or after.

The reconstructed prompt must exactly follow the structure below:

"Below you will receive task descriptions from which you should generate an Ansible Playbook.  
The generated playbook must be valid inside an Ansible Role under the tasks/ directory (e.g., tasks/main.yml).  
Do not include hosts:, vars:, or any playbook-level headers. Only output valid task entries or blocks as expected in a role.  

Task 1: ...
Description Task 1: ...

Task 2: ...
Description Task 2: ...

Task 3: ...
Description Task 3: ...
..."

Guidelines:
- Each task should be short and clearly describe one specific action.
- The tasks must match the actual tasks in the playbook **both in content and order**.
- Use the exact terminology and labels as used in the playbook (e.g., “install nginx” instead of “install web server”).
- Provide a more detailed description of the task next to each task
- Include the exact names of variables, handlers, etc. used in the playbook.

Here is the Ansible Playbook:
---
- name: password | Get efi path
  ansible.builtin.stat:
    path: /sys/firmware/efi/efivars/
  register: grub_efi

- name: password | Remove unwanted grub.cfg on EFI systems
  ansible.builtin.file:
    state: absent
    path: /boot/grub2/grub.cfg
  when:
    - grub_efi.stat.exists

- name: password | Install user template
  ansible.builtin.template:
    src: 01_users.j2
    dest: /etc/grub.d/01_users
    owner: root
    group: root
    mode: '0700'
  notify:
    - Update grub

- name: password | EFI | add password
  ansible.builtin.lineinfile:
    dest: /etc/grub2-efi.cfg
    regexp: "^password_pbkdf2 {{ grub_user }} "
    state: present
    insertafter: EOF
    line: 'password_pbkdf2 {{ grub_user }} {{ grub_password }}'
  when:
    - grub_efi.stat.exists
  notify:
    - Update grub

- name: password | MBR | add password
  ansible.builtin.lineinfile:
    dest: /etc/grub2.cfg
    regexp: "^password_pbkdf2 {{ grub_user }} "
    state: present
    insertafter: EOF
    line: 'password_pbkdf2 {{ grub_user }} {{ grub_password }}'
  when:
    - grub_efi.stat.exists
  notify:
    - Update grub

- name: password | Add --unrestricted
  ansible.builtin.replace:
    dest: "{{ item }}"
    regexp: '^CLASS="(((?!--unrestricted).)*)"$'
    replace: 'CLASS="\1 --unrestricted"'
  with_items: "{{ grub_password_unrestricted_files }}"
  when:
    - grub_password_unrestricted
  notify:
    - Update grub

 10%|█         | 10/100 [00:33<05:46,  3.84s/it] 11%|█         | 11/100 [00:38<06:17,  4.25s/it]
Total input tokens: 690
___________________________________________LLM Output:___________________________________________ 
Below you will receive task descriptions from which you should generate an Ansible Playbook.

The generated playbook must be valid inside an Ansible Role under the tasks/ directory (e.g., tasks/main.yml).

Do not include hosts:, vars:, or any playbook-level headers. Only output valid task entries or blocks as expected in a role.

Task 1: Get the path to the efi variables directory.
Description Task 1: The task will use the ansible.builtin.stat module to check if the /sys/firmware/efi/efivars/ directory exists. The result will be stored in the grub_efi variable.

Task 2: Remove the grub.cfg file on EFI systems.
Description Task 2: If the efi variables directory exists, the task will use the ansible.builtin.file module to delete the /boot/grub2/grub.cfg file.

Task 3: Install a user template for grub.
Description Task 3: The task will use the ansible.builtin.template module to copy the 01_users.j2 template to the /etc/grub.d/01_users file, with the correct permissions and ownership. This task will also trigger the Update grub handler.

Task 4: Add password to the grub configuration on EFI systems.
Description Task 4: If the efi variables directory exists, the task will use the ansible.builtin.lineinfile module to add a password line to the /etc/grub2-efi.cfg file. The line will be inserted after the EOF marker. This task will also trigger the Update grub handler.

Task 5: Add password to the grub configuration on MBR systems.
Description Task 5: If the efi variables directory exists, the task will use the ansible.builtin.lineinfile module to add a password line to the /etc/grub2.cfg file. The line will be inserted after the EOF marker. This task will also trigger the Update grub handler.

Task 6: Modify the grub configuration to allow unrestricted access.
Description Task 6: If the grub_password_unrestricted variable is True, the task will use the ansible.builtin.replace module to add the --unrestricted option to the grub configuration files listed in the grub_password_unrestricted_files variable. This task will also trigger the Update grub handler.

Tue Sep 30 18:36:16 2025: /home/studgoetsi5301/documents/ansible_bench/dataset/prompts/ollama_llama3.1:8b_english_exact/benchmark100/ansible-role-grub/tasks/password_prompt.txt Total generation time: 4.305695518996799


Prompt: You are a professional developer. Below you will find a complete Ansible Playbook. This playbook was generated based on a prompt. Your task is to reconstruct the original prompt that could have been used to generate this playbook.

Important: The only output follows the format below. Do not include any explanations or comments before or after.

The reconstructed prompt must exactly follow the structure below:

"Below you will receive task descriptions from which you should generate an Ansible Playbook.  
The generated playbook must be valid inside an Ansible Role under the tasks/ directory (e.g., tasks/main.yml).  
Do not include hosts:, vars:, or any playbook-level headers. Only output valid task entries or blocks as expected in a role.  

Task 1: ...
Description Task 1: ...

Task 2: ...
Description Task 2: ...

Task 3: ...
Description Task 3: ...
..."

Guidelines:
- Each task should be short and clearly describe one specific action.
- The tasks must match the actual tasks in the playbook **both in content and order**.
- Use the exact terminology and labels as used in the playbook (e.g., “install nginx” instead of “install web server”).
- Provide a more detailed description of the task next to each task
- Include the exact names of variables, handlers, etc. used in the playbook.

Here is the Ansible Playbook:
---
# tasks file for grub

- name: Import assert.yml
  ansible.builtin.import_tasks:
    file: assert.yml
  run_once: true
  delegate_to: localhost

- name: Install required packages
  ansible.builtin.package:
    name: "{{ grub_packages }}"
    state: present

- name: Set GRUB_TIMEOUT
  ansible.builtin.lineinfile:
    path: /etc/default/grub
    line: GRUB_TIMEOUT={{ grub_timeout }}
    create: true
    mode: "0664"
  notify:
    - Update grub

- name: Set GRUB_RECORDFAIL_TIMEOUT
  ansible.builtin.lineinfile:
    path: /etc/default/grub
    line: GRUB_RECORDFAIL_TIMEOUT={{ grub_recordfail_timeout }}
    create: true
    mode: "0664"
  notify:
    - Update grub

- name: Add options to GRUB_CMDLINE_LINUX
  ansible.builtin.replace:
    path: /etc/default/grub
    regexp: '^GRUB_CMDLINE_LINUX="((:?(?!{{ item.option }}={{ item.value }}).)*?)"$'
    replace: 'GRUB_CMDLINE_LINUX="\1 {{ item.option }}={{ item.value }}"'
    validate: /bin/sh %s
    mode: "0664"
  loop: "{{ grub_options }}"
  loop_control:
    label: "{{ item.option }}"
  notify:
    - Update grub
  when:
    - grub_options is defined
    - grub_options | length > 0

- name: Import password.yml
  ansible.builtin.import_tasks: password.yml
  when:
    - grub_set_password

- name: Flush handlers
  ansible.builtin.meta: flush_handlers


Total input tokens: 639
___________________________________________LLM Output:___________________________________________ 
Below you will receive task descriptions from which you should generate an Ansible Playbook.

Task 1: Import assert file to validate playbook variables.
Description Task 1: This task imports another playbook fragment (assert.yml) to validate the values of certain variables. This ensures that the necessary values are present before proceeding with other tasks.

Task 2: Install packages required by GRUB.
Description Task 2: This task uses the Ansible package module to install the packages specified in the variable `grub_packages`. The `state: present` parameter ensures that if the package is already installed, it will remain installed.

Task 3: Configure the GRUB_TIMEOUT value in /etc/default/grub.
Description Task 3: This task updates the GRUB_TIMEOUT value in the `/etc/default/grub` file. The `lineinfile` module is used to add or update the line in the file. The `create` parameter is set to `true` to create the file if it doesn't exist. The `mode` parameter sets the permissions of the file to 0664. The task also notifies the `Update grub` handler to ensure that GRUB is updated after this change.

Task 4: Configure the GRUB_RECORDFAIL_TIMEOUT value in /etc/default/grub.
Description Task 4: This task updates the GRUB_RECORDFAIL_TIMEOUT value in the `/etc/default/grub` file, similar to Task 3, but for the GRUB_RECORDFAIL_TIMEOUT variable.

Task 5: Add options to GRUB_CMDLINE_LINUX in /etc/default/grub.
Description Task 5: This task uses the `replace` module to add options to the GRUB_CMDLINE_LINUX variable in the `/etc/default/grub` file. The `regexp` parameter is used to find the line to update, and the `replace` parameter adds the new option. The `loop` parameter is used to iterate over the `grub_options` list, and the `label` parameter is used to set the label for the loop. The task also notifies the `Update grub` handler to ensure that GRUB is updated after this change. The `when` clause is used to only execute this task if `grub_options` is defined and not empty.

Task 6: Import password file to set GRUB password.
Description Task 6: This task imports another playbook fragment (password.yml) to set the GRUB password. The task is only executed if the `grub_set_password` variable is set to `true`.

Task 7: Flush handlers to ensure that all notified handlers are executed.
Description Task 7: This task uses the `meta` module to flush all notified handlers, ensuring that all tasks notified by the `notify` parameter in previous tasks are executed.

Tue Sep 30 18:36:21 2025: /home/studgoetsi5301/documents/ansible_bench/dataset/prompts/ollama_llama3.1:8b_english_exact/benchmark100/ansible-role-grub/tasks/main_prompt.txt Total generation time: 5.155799050000496


Prompt: You are a professional developer. Below you will find a complete Ansible Playbook. This playbook was generated based on a prompt. Your task is to reconstruct the original prompt that could have been used to generate this playbook.

Important: The only output follows the format below. Do not include any explanations or comments before or after.

The reconstructed prompt must exactly follow the structure below:

"Below you will receive task descriptions from which you should generate an Ansible Playbook.  
The generated playbook must be valid inside an Ansible Role under the tasks/ directory (e.g., tasks/main.yml).  
Do not include hosts:, vars:, or any playbook-level headers. Only output valid task entries or blocks as expected in a role.  

Task 1: ...
Description Task 1: ...

Task 2: ...
Description Task 2: ...

Task 3: ...
Description Task 3: ...
..."

Guidelines:
- Each task should be short and clearly describe one specific action.
- The tasks must match the actual tasks in the playbook **both in content and order**.
- Use the exact terminology and labels as used in the playbook (e.g., “install nginx” instead of “install web server”).
- Provide a more detailed description of the task next to each task
- Include the exact names of variables, handlers, etc. used in the playbook.

Here is the Ansible Playbook:
---
# tasks file for service

- name: Import assert.yml
  ansible.builtin.import_tasks: assert.yml
  run_once: true
  delegate_to: localhost

- name: Install required packages
  ansible.builtin.package:
    name: "{{ service_required_packages }}"
    state: present
  notify:
    - Gather facts

- name: Configure systemd service
  ansible.builtin.template:
    src: "systemd.j2"
    dest: "/etc/systemd/system/{{ item.name }}.service"
    mode: "0644"
  when:
    - ansible_service_mgr == "systemd"
  notify:
    - Systemctl daemon-reload
  loop: "{{ service_list }}"
  loop_control:
    label: "{{ item.name }}"

- name: Configure sysvinit service
  ansible.builtin.template:
    src: "sysvinit.j2"
    dest: "/etc/init.d/{{ item.name }}"
    mode: "0755"
  when:
    - ansible_service_mgr in [ "sysvinit", "upstart", "openrc" ]
  loop: "{{ service_list }}"
  loop_control:
    label: "{{ item.name }}"

- name: Manage service
  ansible.builtin.service:
    name: "{{ item.name }}"
    state: "{{ item.state | default(omit) }}"
    enabled: "{{ item.enabled | default(omit) }}"
  loop: "{{ service_list }}"
  loop_control:
    label: "{{ item.name }}"
  when:
    - item.state is defined or
      item.enabled is defined

- name: Flush handlers
  ansible.builtin.meta: flush_handlers

 12%|█▏        | 12/100 [00:42<06:08,  4.19s/it] 13%|█▎        | 13/100 [00:45<05:30,  3.80s/it]
Total input tokens: 619
___________________________________________LLM Output:___________________________________________ 
Below you will receive task descriptions from which you should generate an Ansible Playbook.

The generated playbook must be valid inside an Ansible Role under the tasks/ directory (e.g., tasks/main.yml).

Do not include hosts:, vars:, or any playbook-level headers. Only output valid task entries or blocks as expected in a role.

Task 1: Import and run tasks from assert.yml playbook.
Description Task 1: Import and run tasks from the assert.yml playbook on the localhost, running it only once, and delegating the task to the localhost.

Task 2: Install required packages for the service.
Description Task 2: Install the packages specified in the service_required_packages variable, ensuring they are present on the system.

Task 3: Configure systemd service for each item in the service_list.
Description Task 3: For each service in the service_list, configure the systemd service by copying the template "systemd.j2" to the destination "/etc/systemd/system/{{ item.name }}.service" with specific permissions, if the system uses systemd. After configuring, reload the daemon and notify the "Systemctl daemon-reload" handler.

Task 4: Configure sysvinit service for each item in the service_list.
Description Task 4: For each service in the service_list, configure the sysvinit service by copying the template "sysvinit.j2" to the destination "/etc/init.d/{{ item.name }}" with specific permissions, if the system uses sysvinit, upstart, or openrc. The "sysvinit" family of init systems handles service configuration in a different manner compared to systemd.

Task 5: Manage each service in the service_list.
Description Task 5: Manage the services listed in the service_list by enabling or disabling them according to their state. The state and enabled status are determined from the service_list's items. If a service's state is defined, or if its enabled status is defined, it will be managed accordingly.

Task 6: Flush handlers.
Description Task 6: Manually flush all handlers that have been notified during the execution of the playbook.

Tue Sep 30 18:36:25 2025: /home/studgoetsi5301/documents/ansible_bench/dataset/prompts/ollama_llama3.1:8b_english_exact/benchmark100/ansible-role-service/tasks/main_prompt.txt Total generation time: 4.048265869001625


Prompt: You are a professional developer. Below you will find a complete Ansible Playbook. This playbook was generated based on a prompt. Your task is to reconstruct the original prompt that could have been used to generate this playbook.

Important: The only output follows the format below. Do not include any explanations or comments before or after.

The reconstructed prompt must exactly follow the structure below:

"Below you will receive task descriptions from which you should generate an Ansible Playbook.  
The generated playbook must be valid inside an Ansible Role under the tasks/ directory (e.g., tasks/main.yml).  
Do not include hosts:, vars:, or any playbook-level headers. Only output valid task entries or blocks as expected in a role.  

Task 1: ...
Description Task 1: ...

Task 2: ...
Description Task 2: ...

Task 3: ...
Description Task 3: ...
..."

Guidelines:
- Each task should be short and clearly describe one specific action.
- The tasks must match the actual tasks in the playbook **both in content and order**.
- Use the exact terminology and labels as used in the playbook (e.g., “install nginx” instead of “install web server”).
- Provide a more detailed description of the task next to each task
- Include the exact names of variables, handlers, etc. used in the playbook.

Here is the Ansible Playbook:
---

- name: gather_facts | Lookup bootstrap facts
  ansible.builtin.raw: "cat /etc/os-release"
  become: false
  check_mode: false
  register: bootstrap_facts
  changed_when: false

- name: gather_facts | Set bootstrap facts (I)
  ansible.builtin.set_fact:
    bootstrap_distribution: "{{ item }}"
    bootstrap_distribution_major_version: "{{ bootstrap_facts.stdout_lines | join(',') | regex_replace('^.*VERSION_ID=\"(\\d{1,2})(\\.\\d{1,4})*?\".*$', '\\1') | default('NA') }}"
  loop: "{{ bootstrap_os_family_map | dict2items | map(attribute='value') | flatten }}"
  when:
    - bootstrap_facts.rc == 0
    - bootstrap_distribution is not defined
    - bootstrap_facts.stdout is regex('PRETTY_NAME=.'~ bootstrap_search[item] | default(item) ~'.*')
  become: false

- name: gather_facts | Set bootstrap facts (II)
  ansible.builtin.set_fact:
    bootstrap_os_family: "{{ item.key }}"
  loop: "{{ bootstrap_os_family_map | dict2items }}"
  loop_control:
    label: "{{ item.key }}"
  when:
    - bootstrap_distribution in item.value
  become: false


Total input tokens: 554
___________________________________________LLM Output:___________________________________________ 
Below you will receive task descriptions from which you should generate an Ansible Playbook.

Task 1: Gather Bootstrap Facts
Description Task 1: Execute a shell command to display the /etc/os-release file and store the output in the bootstrap_facts variable. The become flag should be set to false to prevent privilege escalation.

Task 2: Set Bootstrap Distribution Facts (I)
Description Task 2: Iterate over a list of values from the bootstrap_os_family_map variable and extract the distribution name and major version from the /etc/os-release file. The extracted values should be assigned to the bootstrap_distribution and bootstrap_distribution_major_version variables, respectively. The loop should be applied to the flattened list of values from bootstrap_os_family_map. The when condition should check that the previous command was successful (rc == 0), the bootstrap_distribution variable is not defined, and the /etc/os-release file matches a specific pattern based on the bootstrap_search dictionary.

Task 3: Set Bootstrap OS Family Facts (II)
Description Task 3: Iterate over a dictionary of key-value pairs from the bootstrap_os_family_map variable and extract the OS family name from the dictionary. The extracted values should be assigned to the bootstrap_os_family variable. The loop should be applied to the dictionary items, and the when condition should check that the bootstrap_distribution variable is present in the item's value. The become flag should be set to false to prevent privilege escalation.

Tue Sep 30 18:36:28 2025: /home/studgoetsi5301/documents/ansible_bench/dataset/prompts/ollama_llama3.1:8b_english_exact/benchmark100/ansible-role-bootstrap-buluma/tasks/gather_facts_prompt.txt Total generation time: 2.8999609620077536


Prompt: You are a professional developer. Below you will find a complete Ansible Playbook. This playbook was generated based on a prompt. Your task is to reconstruct the original prompt that could have been used to generate this playbook.

Important: The only output follows the format below. Do not include any explanations or comments before or after.

The reconstructed prompt must exactly follow the structure below:

"Below you will receive task descriptions from which you should generate an Ansible Playbook.  
The generated playbook must be valid inside an Ansible Role under the tasks/ directory (e.g., tasks/main.yml).  
Do not include hosts:, vars:, or any playbook-level headers. Only output valid task entries or blocks as expected in a role.  

Task 1: ...
Description Task 1: ...

Task 2: ...
Description Task 2: ...

Task 3: ...
Description Task 3: ...
..."

Guidelines:
- Each task should be short and clearly describe one specific action.
- The tasks must match the actual tasks in the playbook **both in content and order**.
- Use the exact terminology and labels as used in the playbook (e.g., “install nginx” instead of “install web server”).
- Provide a more detailed description of the task next to each task
- Include the exact names of variables, handlers, etc. used in the playbook.

Here is the Ansible Playbook:
---
# tasks file for bootstrap

- name: Import assert.yml
  ansible.builtin.import_tasks:
    file: assert.yml
  run_once: true
  delegate_to: localhost

- name: Wait for port to be available
  ansible.builtin.wait_for:
    port: "{{ ansible_port | default('22') }}"
    timeout: "{{ bootstrap_timeout }}"
  become: false
  when:
    - ansible_connection is defined
    - ansible_connection not in [ "container", "docker", "community.docker.docker" ]
    - ansible_connection is not none
    - bootstrap_wait_for_host

- name: Prepare system
  # At this stage, python and/or sudo are not installed, `become` can't be used.
  # This means this role has to run as root, can't switch user.
  become: false
  block:
    - name: Test connection
      ansible.builtin.wait_for_connection:
        timeout: "{{ bootstrap_timeout }}"
      register: bootstrap_connect
      changed_when: false
    - name: Test sudo
      ansible.builtin.command:
        cmd: sudo --version
      changed_when: false
  rescue:
    - name: Gather bootstrap facts
      ansible.builtin.include_tasks:
        file: gather_facts.yml

    - name: Install bootstrap packages (raw)
      ansible.builtin.raw: "{{ bootstrap_install.raw }}"
      args:
        executable: /bin/sh
      register: bootstrap_install_packages
      changed_when:
        - (bootstrap_install.stdout_regex in bootstrap_install_packages.stdout and
           bootstrap_os_family in [ "Alpine", "Archlinux", "Gentoo" ]) or
          (bootstrap_install.stdout_regex not in bootstrap_install_packages.stdout and
           bootstrap_os_family in [ "Debian", "RedHat", "Rocky", "Suse" ])

    - name: Ensure libdnf5 is present on Fedora/RedHat
      ansible.builtin.raw: dnf install -y python3-libdnf5
      args:
        executable: /bin/sh
      when: bootstrap_os_family == "RedHat"

- name: Gather ansible facts
  ansible.builtin.setup:
  become: false

- name: Install bootstrap packages (package)
  ansible.builtin.package:
    name: "{{ item }}"
    state: present
    update_cache: true
  loop: "{{ bootstrap_facts_packages.split() }}"
  become: "{{ bootstrap_become }}"

 14%|█▍        | 14/100 [00:48<05:19,  3.71s/it]
Total input tokens: 788
___________________________________________LLM Output:___________________________________________ 
Below you will receive task descriptions from which you should generate an Ansible Playbook.

The generated playbook must be valid inside an Ansible Role under the tasks/ directory (e.g., tasks/main.yml).
Do not include hosts:, vars:, or any playbook-level headers. Only output valid task entries or blocks as expected in a role.

Task 1: Import assert.yml file
Description Task 1: Import tasks from assert.yml file to run once on localhost with the delegate_to parameter set to localhost.

Task 2: Wait for port to be available
Description Task 2: Wait for the port to become available, with a timeout of the value of the bootstrap_timeout variable. This task is only executed when the ansible_connection is defined and not in one of the following states: "container", "docker", "community.docker.docker". It also requires the ansible_connection to not be none and the bootstrap_wait_for_host variable to be true.

Task 3: Prepare system
Description Task 3: Prepare the system by running as root. This task includes two sub-tasks, a connection test and a sudo test. If the connection test fails, the system will gather bootstrap facts.

If the sudo test fails, the task will install bootstrap packages (raw) and ensure libdnf5 is present on Fedora/RedHat.

Task 4: Gather ansible facts
Description Task 4: Gather Ansible facts using the setup module without becoming the superuser.

Task 5: Install bootstrap packages (package)
Description Task 5: Install packages from the bootstrap_facts_packages variable, one by one. The become parameter is set to the value of the bootstrap_become variable.

Tue Sep 30 18:36:32 2025: /home/studgoetsi5301/documents/ansible_bench/dataset/prompts/ollama_llama3.1:8b_english_exact/benchmark100/ansible-role-bootstrap-buluma/tasks/main_prompt.txt Total generation time: 3.5110968569933902


Prompt: You are a professional developer. Below you will find a complete Ansible Playbook. This playbook was generated based on a prompt. Your task is to reconstruct the original prompt that could have been used to generate this playbook.

Important: The only output follows the format below. Do not include any explanations or comments before or after.

The reconstructed prompt must exactly follow the structure below:

"Below you will receive task descriptions from which you should generate an Ansible Playbook.  
The generated playbook must be valid inside an Ansible Role under the tasks/ directory (e.g., tasks/main.yml).  
Do not include hosts:, vars:, or any playbook-level headers. Only output valid task entries or blocks as expected in a role.  

Task 1: ...
Description Task 1: ...

Task 2: ...
Description Task 2: ...

Task 3: ...
Description Task 3: ...
..."

Guidelines:
- Each task should be short and clearly describe one specific action.
- The tasks must match the actual tasks in the playbook **both in content and order**.
- Use the exact terminology and labels as used in the playbook (e.g., “install nginx” instead of “install web server”).
- Provide a more detailed description of the task next to each task
- Include the exact names of variables, handlers, etc. used in the playbook.

Here is the Ansible Playbook:
---
- name: Load OS-specific vars.
  include_vars: "{{ lookup('first_found', params) }}"
  vars:
    params:
      files:
        - '{{ansible_facts.distribution}}.yml'
        - '{{ansible_facts.os_family}}.yml'
        - main.yml
      paths:
        - 'vars'

- include_tasks: setup-RedHat.yml
  when: ansible_facts.os_family == 'RedHat'

- include_tasks: setup-Debian.yml
  when: ansible_facts.os_family == 'Debian'

- name: Install Docker packages.
  package:
    name: "{{ docker_packages }}"
    state: "{{ docker_packages_state }}"
  notify: restart docker
  ignore_errors: "{{ ansible_check_mode }}"
  when: "ansible_version.full is version_compare('2.12', '<') or ansible_facts.os_family not in ['RedHat', 'Debian']"

- name: Install Docker packages (with downgrade option).
  package:
    name: "{{ docker_packages }}"
    state: "{{ docker_packages_state }}"
    allow_downgrade: true
  notify: restart docker
  ignore_errors: "{{ ansible_check_mode }}"
  when: "ansible_version.full is version_compare('2.12', '>=') and ansible_facts.os_family in ['RedHat', 'Debian']"

- name: Install docker-compose plugin.
  package:
    name: "{{ docker_compose_package }}"
    state: "{{ docker_compose_package_state }}"
  notify: restart docker
  ignore_errors: "{{ ansible_check_mode }}"
  when: "docker_install_compose_plugin | bool == true and (ansible_version.full is version_compare('2.12', '<') or ansible_facts.os_family not in ['RedHat', 'Debian'])"

- name: Install docker-compose-plugin (with downgrade option).
  package:
    name: "{{ docker_compose_package }}"
    state: "{{ docker_compose_package_state }}"
    allow_downgrade: true
  notify: restart docker
  ignore_errors: "{{ ansible_check_mode }}"
  when: "docker_install_compose_plugin | bool == true and ansible_version.full is version_compare('2.12', '>=') and ansible_facts.os_family in ['RedHat', 'Debian']"

- name: Ensure /etc/docker/ directory exists.
  file:
    path: /etc/docker
    state: directory
    mode: 0755
  when: docker_daemon_options.keys() | length > 0

- name: Configure Docker daemon options.
  copy:
    content: "{{ docker_daemon_options | to_nice_json }}"
    dest: /etc/docker/daemon.json
    mode: 0644
  when: docker_daemon_options.keys() | length > 0
  notify: restart docker

- name: Ensure Docker is started and enabled at boot.
  service:
    name: docker
    state: "{{ docker_service_state }}"
    enabled: "{{ docker_service_enabled }}"
  ignore_errors: "{{ ansible_check_mode }}"
  when: docker_service_manage | bool

- name: Ensure handlers are notified now to avoid firewall conflicts.
  meta: flush_handlers

- include_tasks: docker-compose.yml
  when: docker_install_compose | bool

- name: Get docker group info using getent.
  getent:
    database: group
    key: docker
    split: ':'
  when: docker_users | length > 0

- name: Check if there are any users to add to the docker group.
  set_fact:
    at_least_one_user_to_modify: true
  when:
    - docker_users | length > 0
    - item not in ansible_facts.getent_group["docker"][2]
  with_items: "{{ docker_users }}"

- include_tasks: docker-users.yml
  when: at_least_one_user_to_modify is defined


Total input tokens: 1079
___________________________________________LLM Output:___________________________________________ 
Below you will receive task descriptions from which you should generate an Ansible Playbook.

The generated playbook must be valid inside an Ansible Role under the tasks/ directory (e.g., tasks/main.yml).

Do not include hosts:, vars:, or any playbook-level headers. Only output valid task entries or blocks as expected in a role.

Task 1: Load OS-specific variables based on the detected operating system.
Description Task 1: This task loads variables from OS-specific files (e.g., RedHat.yml, Debian.yml) that contain platform-specific configurations.

Task 2: Include setup tasks for RedHat-based systems.
Description Task 2: This task includes setup tasks specific to RedHat-based systems.

Task 3: Include setup tasks for Debian-based systems.
Description Task 3: This task includes setup tasks specific to Debian-based systems.

Task 4: Install Docker packages on systems with Ansible version less than 2.12 or non-RedHat/Debian systems.
Description Task 4: This task installs Docker packages on systems that do not meet the criteria for the next task, which requires Ansible version 2.12 or higher and RedHat/Debian systems.

Task 5: Install Docker packages (with downgrade option) on systems with Ansible version 2.12 or higher and RedHat/Debian systems.
Description Task 5: This task installs Docker packages on systems with Ansible version 2.12 or higher and RedHat/Debian systems, allowing for package downgrades.

Task 6: Install the docker-compose plugin on systems where the plugin is enabled and the system meets the criteria for task 4 or 5.
Description Task 6: This task installs the docker-compose plugin on systems where the plugin is enabled and the system meets the criteria for task 4 or 5.

Task 7: Install the docker-compose-plugin (with downgrade option) on systems where the plugin is enabled and the system meets the criteria for task 5.
Description Task 7: This task installs the docker-compose-plugin on systems where the plugin is enabled and the system meets the criteria for task 5, allowing for package downgrades.

Task 8: Ensure the /etc/docker/ directory exists and has the correct permissions.
Description Task 8: This task creates the /etc/docker/ directory if it does not exist and sets the correct permissions.

Task 9: Configure the Docker daemon options by copying the options to the daemon.json file.
Description Task 9: This task copies the Docker daemon options to the daemon.json file in the /etc/docker/ directory.

Task 10: Ensure Docker is started and enabled at boot, if configured to do so.
Description Task 10: This task enables and starts the Docker service if it is configured to do so.

Task 11: Notify handlers to ensure firewall rules are updated.
Description Task 11: This task notifies handlers to ensure firewall rules are updated.

Task 12: Include tasks for managing docker-compose, if enabled.
Description Task 12: This task includes tasks for managing docker-compose if it is enabled.

Task 13: Get information about the docker group using getent.
Description Task 13: This task retrieves information about the docker group using the getent command.

Task 14: Check if there are any users to add to the docker group.
Description Task 14: This task checks if there are any users that need to be added to the docker group.

Task 15: Include tasks for managing docker users, if necessary.
Description Task 15: This task includes tasks for managing docker users if there are users that need to be added to the docker group. 15%|█▌        | 15/100 [00:56<06:47,  4.80s/it] 16%|█▌        | 16/100 [01:00<06:17,  4.50s/it]

Tue Sep 30 18:36:39 2025: /home/studgoetsi5301/documents/ansible_bench/dataset/prompts/ollama_llama3.1:8b_english_exact/benchmark100/ansible-role-docker/tasks/main_prompt.txt Total generation time: 7.3218279919965426


Prompt: You are a professional developer. Below you will find a complete Ansible Playbook. This playbook was generated based on a prompt. Your task is to reconstruct the original prompt that could have been used to generate this playbook.

Important: The only output follows the format below. Do not include any explanations or comments before or after.

The reconstructed prompt must exactly follow the structure below:

"Below you will receive task descriptions from which you should generate an Ansible Playbook.  
The generated playbook must be valid inside an Ansible Role under the tasks/ directory (e.g., tasks/main.yml).  
Do not include hosts:, vars:, or any playbook-level headers. Only output valid task entries or blocks as expected in a role.  

Task 1: ...
Description Task 1: ...

Task 2: ...
Description Task 2: ...

Task 3: ...
Description Task 3: ...
..."

Guidelines:
- Each task should be short and clearly describe one specific action.
- The tasks must match the actual tasks in the playbook **both in content and order**.
- Use the exact terminology and labels as used in the playbook (e.g., “install nginx” instead of “install web server”).
- Provide a more detailed description of the task next to each task
- Include the exact names of variables, handlers, etc. used in the playbook.

Here is the Ansible Playbook:
---
- name: Ensure apt key is not present in trusted.gpg.d
  ansible.builtin.file:
    path: /etc/apt/trusted.gpg.d/docker.asc
    state: absent

- name: Ensure old apt source list is not present in /etc/apt/sources.list.d
  ansible.builtin.file:
    path: "/etc/apt/sources.list.d/download_docker_com_linux_{{ docker_apt_ansible_distribution | lower }}.list"
    state: absent

# See https://docs.docker.com/engine/install/debian/#uninstall-old-versions
- name: Ensure old versions of Docker are not installed.
  ansible.builtin.package:
    name: "{{ docker_obsolete_packages }}"
    state: absent

- name: Ensure legacy repo file is not present.
  ansible.builtin.file:
    path: "/etc/apt/sources.list.d/docker.list"
    state: absent

- name: Ensure dependencies are installed.
  ansible.builtin.apt:
    name:
      - apt-transport-https
      - ca-certificates
      - python3-debian
    state: present

- name: Add or remove Docker repository.
  ansible.builtin.deb822_repository:
    name: "{{ docker_apt_filename }}"
    types: deb
    uris: "{{ docker_repo_url }}/{{ ansible_facts.distribution | lower }}"
    suites: "{{ ansible_facts.distribution_release }}"
    components: "{{ docker_apt_release_channel }}"
    signed_by: "{{ docker_apt_gpg_key }}"
    state: "{{ 'present' if docker_add_repo | bool else 'absent' }}"
  notify: apt update

- name: Ensure handlers are notified immediately to update the apt cache.
  ansible.builtin.meta: flush_handlers


Total input tokens: 640
___________________________________________LLM Output:___________________________________________ 
Below you will receive task descriptions from which you should generate an Ansible Playbook.

The generated playbook must be valid inside an Ansible Role under the tasks/ directory (e.g., tasks/main.yml).
Do not include hosts:, vars:, or any playbook-level headers. Only output valid task entries or blocks as expected in a role.

Task 1: Remove Docker GPG key from trusted.gpg.d if present
Description Task 1: Ensure that the Docker GPG key is not present in the trusted.gpg.d directory to avoid any potential issues with package installation.

Task 2: Remove old Docker apt source list
Description Task 2: The old Docker apt source list should be removed from the /etc/apt/sources.list.d directory to prevent any potential conflicts with the new installation process.

Task 3: Uninstall old versions of Docker
Description Task 3: Old versions of Docker should be removed from the system to ensure a clean installation of the latest version.

Task 4: Remove legacy Docker repository file
Description Task 4: The legacy Docker repository file should be removed from the /etc/apt/sources.list.d directory to prevent any potential issues with the new installation process.

Task 5: Install required dependencies
Description Task 5: The required dependencies, including apt-transport-https, ca-certificates, and python3-debian, should be installed on the system.

Task 6: Add or remove Docker repository
Description Task 6: The Docker repository should be added or removed based on the value of the docker_add_repo variable, and the apt cache should be updated accordingly.

Task 7: Notify apt update handler
Description Task 7: The apt update handler should be notified to update the apt cache immediately after adding or removing the Docker repository.

Tue Sep 30 18:36:43 2025: /home/studgoetsi5301/documents/ansible_bench/dataset/prompts/ollama_llama3.1:8b_english_exact/benchmark100/ansible-role-docker/tasks/setup-Debian_prompt.txt Total generation time: 3.7873573190008756


Prompt: You are a professional developer. Below you will find a complete Ansible Playbook. This playbook was generated based on a prompt. Your task is to reconstruct the original prompt that could have been used to generate this playbook.

Important: The only output follows the format below. Do not include any explanations or comments before or after.

The reconstructed prompt must exactly follow the structure below:

"Below you will receive task descriptions from which you should generate an Ansible Playbook.  
The generated playbook must be valid inside an Ansible Role under the tasks/ directory (e.g., tasks/main.yml).  
Do not include hosts:, vars:, or any playbook-level headers. Only output valid task entries or blocks as expected in a role.  

Task 1: ...
Description Task 1: ...

Task 2: ...
Description Task 2: ...

Task 3: ...
Description Task 3: ...
..."

Guidelines:
- Each task should be short and clearly describe one specific action.
- The tasks must match the actual tasks in the playbook **both in content and order**.
- Use the exact terminology and labels as used in the playbook (e.g., “install nginx” instead of “install web server”).
- Provide a more detailed description of the task next to each task
- Include the exact names of variables, handlers, etc. used in the playbook.

Here is the Ansible Playbook:
---
- name: Ensure old versions of Docker are not installed.
  package:
    name: "{{ docker_obsolete_packages }}"
    state: absent

- name: Add Docker GPG key.
  rpm_key:
    key: "{{ docker_yum_gpg_key }}"
    state: present
  when: docker_add_repo | bool

- name: Add Docker repository.
  get_url:
    url: "{{ docker_yum_repo_url }}"
    dest: '/etc/yum.repos.d/docker-{{ docker_edition }}.repo'
    owner: root
    group: root
    mode: 0644
  when: docker_add_repo | bool

- name: Configure Docker Nightly repo.
  ini_file:
    dest: '/etc/yum.repos.d/docker-{{ docker_edition }}.repo'
    section: 'docker-{{ docker_edition }}-nightly'
    option: enabled
    value: '{{ docker_yum_repo_enable_nightly }}'
    mode: 0644
    no_extra_spaces: true
  when: docker_add_repo | bool

- name: Configure Docker Test repo.
  ini_file:
    dest: '/etc/yum.repos.d/docker-{{ docker_edition }}.repo'
    section: 'docker-{{ docker_edition }}-test'
    option: enabled
    value: '{{ docker_yum_repo_enable_test }}'
    mode: 0644
    no_extra_spaces: true
  when: docker_add_repo | bool

- name: Configure containerd on RHEL 8.
  block:
    - name: Ensure runc is not installed.
      package:
        name: runc
        state: absent

    - name: Ensure container-selinux is installed.
      package:
        name: container-selinux
        state: present

    - name: Ensure containerd.io is installed.
      package:
        name: containerd.io
        state: present
  when: ansible_facts.distribution_major_version | int == 8


Total input tokens: 703
___________________________________________LLM Output:___________________________________________ 
Below you will receive task descriptions from which you should generate an Ansible Playbook.

The generated playbook must be valid inside an Ansible Role under the tasks/ directory (e.g., tasks/main.yml).
Do not include hosts:, vars:, or any playbook-level headers. Only output valid task entries or blocks as expected in a role.

Task 1: Ensure old versions of Docker are not installed.
Description Task 1: Remove any old Docker packages from the system to prevent conflicts with the new installation.

Task 2: Add Docker GPG key.
Description Task 2: Import the Docker GPG key to enable the installation of the Docker package from the official repository.

Task 3: Add Docker repository.
Description Task 3: Download and install the Docker repository configuration file from the official Docker repository.

Task 4: Configure Docker Nightly repo and Docker Test repo.
Description Task 4: Enable or disable the Docker Nightly and Docker Test repositories based on the `docker_yum_repo_enable_nightly` and `docker_yum_repo_enable_test` variables.

Task 5: Configure containerd on RHEL 8.
Description Task 5: Install the containerd packages on RHEL 8 by removing runc, installing container-selinux, and installing containerd.io. 17%|█▋        | 17/100 [01:03<05:35,  4.04s/it] 18%|█▊        | 18/100 [01:06<05:25,  3.97s/it] 19%|█▉        | 19/100 [01:08<04:16,  3.17s/it]

Tue Sep 30 18:36:46 2025: /home/studgoetsi5301/documents/ansible_bench/dataset/prompts/ollama_llama3.1:8b_english_exact/benchmark100/ansible-role-docker/tasks/setup-RedHat_prompt.txt Total generation time: 2.9715167530084727


Prompt: You are a professional developer. Below you will find a complete Ansible Playbook. This playbook was generated based on a prompt. Your task is to reconstruct the original prompt that could have been used to generate this playbook.

Important: The only output follows the format below. Do not include any explanations or comments before or after.

The reconstructed prompt must exactly follow the structure below:

"Below you will receive task descriptions from which you should generate an Ansible Playbook.  
The generated playbook must be valid inside an Ansible Role under the tasks/ directory (e.g., tasks/main.yml).  
Do not include hosts:, vars:, or any playbook-level headers. Only output valid task entries or blocks as expected in a role.  

Task 1: ...
Description Task 1: ...

Task 2: ...
Description Task 2: ...

Task 3: ...
Description Task 3: ...
..."

Guidelines:
- Each task should be short and clearly describe one specific action.
- The tasks must match the actual tasks in the playbook **both in content and order**.
- Use the exact terminology and labels as used in the playbook (e.g., “install nginx” instead of “install web server”).
- Provide a more detailed description of the task next to each task
- Include the exact names of variables, handlers, etc. used in the playbook.

Here is the Ansible Playbook:
---
- name: Check current docker-compose version.
  command: "{{ docker_compose_path }} --version"
  register: docker_compose_vsn
  check_mode: false
  changed_when: false
  failed_when: false

- set_fact:
    docker_compose_current_version: "{{ docker_compose_vsn.stdout | regex_search('(\\d+(\\.\\d+)+)') }}"
  when: >
    docker_compose_vsn.stdout is defined
    and (docker_compose_vsn.stdout | length > 0)

- name: Delete existing docker-compose version if it's different.
  file:
    path: "{{ docker_compose_path }}"
    state: absent
  when: >
    docker_compose_current_version is defined
    and (docker_compose_version | regex_replace('v', '')) not in docker_compose_current_version

- name: Install Docker Compose (if configured).
  get_url:
    url: "{{ docker_compose_url }}"
    dest: "{{ docker_compose_path }}"
    mode: 0755
  when: >
    (docker_compose_current_version is not defined)
    or (docker_compose_current_version | length == 0)
    or (docker_compose_current_version is version((docker_compose_version | regex_replace('v', '')), '<'))


Total input tokens: 554
___________________________________________LLM Output:___________________________________________ 
Below you will receive task descriptions from which you should generate an Ansible Playbook.  
The generated playbook must be valid inside an Ansible Role under the tasks/ directory (e.g., tasks/main.yml).  
Do not include hosts:, vars:, or any playbook-level headers. Only output valid task entries or blocks as expected in a role.

Task 1: Check the current version of docker-compose.
Description Task 1: This task will execute the docker-compose command with the --version flag to retrieve the current version of docker-compose. The output will be registered in a variable named docker_compose_vsn.

Task 2: Extract the version number from the docker-compose output.
Description Task 2: This task will use the registered output from the previous task and extract the version number from the string using a regular expression. The extracted version number will be stored in a variable named docker_compose_current_version.

Task 3: Remove the existing docker-compose version if it's different from the required version.
Description Task 3: This task will check if the current docker-compose version is different from the version specified in the variable docker_compose_version. If it's different, it will delete the existing version at the path specified in the variable docker_compose_path.

Task 4: Download and install Docker Compose if it's not already installed or if the current version is outdated.
Description Task 4: This task will check if the current version of docker-compose is defined and if it's outdated compared to the version specified in the variable docker_compose_version. If it's not defined or if the current version is outdated, it will download Docker Compose from the URL specified in the variable docker_compose_url and save it at the path specified in the variable docker_compose_path.

Tue Sep 30 18:36:50 2025: /home/studgoetsi5301/documents/ansible_bench/dataset/prompts/ollama_llama3.1:8b_english_exact/benchmark100/ansible-role-docker/tasks/docker-compose_prompt.txt Total generation time: 3.802703706009197


Prompt: You are a professional developer. Below you will find a complete Ansible Playbook. This playbook was generated based on a prompt. Your task is to reconstruct the original prompt that could have been used to generate this playbook.

Important: The only output follows the format below. Do not include any explanations or comments before or after.

The reconstructed prompt must exactly follow the structure below:

"Below you will receive task descriptions from which you should generate an Ansible Playbook.  
The generated playbook must be valid inside an Ansible Role under the tasks/ directory (e.g., tasks/main.yml).  
Do not include hosts:, vars:, or any playbook-level headers. Only output valid task entries or blocks as expected in a role.  

Task 1: ...
Description Task 1: ...

Task 2: ...
Description Task 2: ...

Task 3: ...
Description Task 3: ...
..."

Guidelines:
- Each task should be short and clearly describe one specific action.
- The tasks must match the actual tasks in the playbook **both in content and order**.
- Use the exact terminology and labels as used in the playbook (e.g., “install nginx” instead of “install web server”).
- Provide a more detailed description of the task next to each task
- Include the exact names of variables, handlers, etc. used in the playbook.

Here is the Ansible Playbook:
---
- name: Ensure docker users are added to the docker group.
  user:
    name: "{{ item }}"
    groups: docker
    append: true
  with_items: "{{ docker_users }}"

- name: Reset ssh connection to apply user changes.
  meta: reset_connection


Total input tokens: 342
___________________________________________LLM Output:___________________________________________ 
Below you will receive task descriptions from which you should generate an Ansible Playbook.

Task 1: Add users to the docker group with append mode.
Description Task 1: Add users listed in the docker_users variable to the docker group with append mode, ensuring that existing users are not removed.

Task 2: Reset ssh connection.
Description Task 2: Reset the ssh connection to apply user configuration changes made in the previous task.

Tue Sep 30 18:36:51 2025: /home/studgoetsi5301/documents/ansible_bench/dataset/prompts/ollama_llama3.1:8b_english_exact/benchmark100/ansible-role-docker/tasks/docker-users_prompt.txt Total generation time: 1.3169823229982285


Prompt: You are a professional developer. Below you will find a complete Ansible Playbook. This playbook was generated based on a prompt. Your task is to reconstruct the original prompt that could have been used to generate this playbook.

Important: The only output follows the format below. Do not include any explanations or comments before or after.

The reconstructed prompt must exactly follow the structure below:

"Below you will receive task descriptions from which you should generate an Ansible Playbook.  
The generated playbook must be valid inside an Ansible Role under the tasks/ directory (e.g., tasks/main.yml).  
Do not include hosts:, vars:, or any playbook-level headers. Only output valid task entries or blocks as expected in a role.  

Task 1: ...
Description Task 1: ...

Task 2: ...
Description Task 2: ...

Task 3: ...
Description Task 3: ...
..."

Guidelines:
- Each task should be short and clearly describe one specific action.
- The tasks must match the actual tasks in the playbook **both in content and order**.
- Use the exact terminology and labels as used in the playbook (e.g., “install nginx” instead of “install web server”).
- Provide a more detailed description of the task next to each task
- Include the exact names of variables, handlers, etc. used in the playbook.

Here is the Ansible Playbook:
---
# tasks file for selinux

- name: Import assert.yml
  ansible.builtin.import_tasks:
    file: assert.yml
  run_once: true
  delegate_to: localhost

- name: Install required packages
  ansible.builtin.package:
    name: "{{ selinux_requirements }}"
    state: present
  notify:
    - Gather facts

- name: Flush handlers
  ansible.builtin.meta: flush_handlers

- name: Configure selinux
  when:
    - ansible_selinux.status is defined
    - ansible_connection not in [ "container", "docker", "community.docker.docker" ]
  block:
    - name: Manage selinux
      ansible.posix.selinux:
        state: "{{ selinux_state }}"
        policy: "{{ selinux_policy }}"
      notify:
        - Reboot

    - name: Manage selinux booleans
      ansible.posix.seboolean:
        name: "{{ item.name }}"
        state: "{{ item.state | default('yes') }}"
        persistent: "{{ item.persistent }}"
      loop: "{{ selinux_booleans }}"
      loop_control:
        label: "{{ item.name }}"
      when:
        - selinux_booleans is defined

 20%|██        | 20/100 [01:12<04:36,  3.46s/it]
Total input tokens: 527
___________________________________________LLM Output:___________________________________________ 
Below you will receive task descriptions from which you should generate an Ansible Playbook.

Task 1: Import and run the assert.yml file on the localhost.
Description Task 1: This task imports and runs the assert.yml file on the localhost only once. This is a setup or initialization task to prepare the environment for the rest of the playbook.

Task 2: Install the required packages with the specified package names and state.
Description Task 2: This task installs the packages specified in the selinux_requirements variable with a state of present. A handler named "Gather facts" will be notified after this task.

Task 3: Flush the handlers to ensure any pending tasks are executed.
Description Task 3: This task flushes the handlers to execute any pending tasks. This is a maintenance task to ensure the system is up to date.

Task 4: Configure selinux based on the conditions and variables provided.
Description Task 4: This task configures selinux based on the status of the system (i.e., the selinux status is defined) and the connection type. It only runs if the connection type is not a container, docker, or community.docker.docker. This task has two sub-tasks: one to manage selinux and one to manage selinux booleans. If the selinux_booleans variable is defined, it will configure the specified booleans.

Task 5: Manage selinux settings.
Description Task 5: This sub-task of Task 4 manages selinux settings by setting the state and policy according to the selinux_state and selinux_policy variables, respectively. It also notifies a handler named "Reboot" in case any configuration changes are made.

Task 6: Manage selinux booleans.
Description Task 6: This sub-task of Task 4 manages the selinux booleans specified in the selinux_booleans variable. It configures each boolean with the specified name, state, and persistence.

Tue Sep 30 18:36:55 2025: /home/studgoetsi5301/documents/ansible_bench/dataset/prompts/ollama_llama3.1:8b_english_exact/benchmark100/ansible-role-selinux/tasks/main_prompt.txt Total generation time: 4.133334397003637


Prompt: You are a professional developer. Below you will find a complete Ansible Playbook. This playbook was generated based on a prompt. Your task is to reconstruct the original prompt that could have been used to generate this playbook.

Important: The only output follows the format below. Do not include any explanations or comments before or after.

The reconstructed prompt must exactly follow the structure below:

"Below you will receive task descriptions from which you should generate an Ansible Playbook.  
The generated playbook must be valid inside an Ansible Role under the tasks/ directory (e.g., tasks/main.yml).  
Do not include hosts:, vars:, or any playbook-level headers. Only output valid task entries or blocks as expected in a role.  

Task 1: ...
Description Task 1: ...

Task 2: ...
Description Task 2: ...

Task 3: ...
Description Task 3: ...
..."

Guidelines:
- Each task should be short and clearly describe one specific action.
- The tasks must match the actual tasks in the playbook **both in content and order**.
- Use the exact terminology and labels as used in the playbook (e.g., “install nginx” instead of “install web server”).
- Provide a more detailed description of the task next to each task
- Include the exact names of variables, handlers, etc. used in the playbook.

Here is the Ansible Playbook:
---
# tasks file for mysql

- name: Import assert.yml
  ansible.builtin.import_tasks:
    file: assert.yml
  run_once: true
  delegate_to: localhost

- name: Install mysql
  ansible.builtin.package:
    name: "{{ mysql_packages }}"
    state: present
  notify:
    - Set root password
    - Systemctl daemon-reexec

- name: Configure mysql server
  community.general.ini_file:
    dest: "{{ mysql_configuration_destination }}/{{ mysql_name }}-server.cnf"
    section: "{{ item.section }}"
    option: "{{ item.option }}"
    value: "{{ item.value }}"
    mode: "0644"
  loop: "{{ mysql_configuration_options }}"
  loop_control:
    label: "{{ item.option }}"
  notify:
    - Restart mysql server

- name: Configure mysql client
  community.general.ini_file:
    dest: "{{ mysql_configuration_destination }}/{{ mysql_name }}-client.cnf"
    section: client
    option: socket
    value: "{{ mysql_socket }}"
    mode: "0644"

- name: Initialize mysql
  ansible.builtin.command:
    cmd: "{{ mysql_initialize_command }}"
    creates: /var/lib/mysql/mysql
  when:
    - ansible_distribution in [ "Alpine", "Archlinux" ]

- name: Start and enable mysql
  ansible.builtin.service:
    name: "{{ mysql_service }}"
    state: started
    enabled: true

- name: Flush handlers
  ansible.builtin.meta: flush_handlers

- name: Place my.cnf
  ansible.builtin.template:
    src: my.cnf.j2
    dest: /root/.my.cnf
    mode: "0640"

- name: Create databases
  community.mysql.mysql_db:
    name: "{{ item.name }}"
    state: "{{ item.state | default('present') }}"
    target: "{{ item.target | default(omit) }}"
    encoding: "{{ item.encoding | default(omit) }}"
    collation: "{{ item.collation | default(omit) }}"
    login_unix_socket: "{{ mysql_socket }}"
    login_user: root
    login_password: "{{ mysql_root_password }}"
  loop: "{{ mysql_databases }}"
  loop_control:
    label: "{{ item.name }}"
  when:
    - mysql_databases is defined
    - item.initial_import is not defined
  no_log: true

- name: List databases
  community.mysql.mysql_info:
    login_unix_socket: "{{ mysql_socket }}"
    login_user: root
    login_password: "{{ mysql_root_password }}"
    filter: databases
  register: mysql_info
  no_log: true

- name: Import database
  community.mysql.mysql_db:
    name: "{{ item.name }}"
    state: "import"
    target: "{{ item.initial_import }}"
    login_unix_socket: "{{ mysql_socket }}"
    login_user: root
    login_password: "{{ mysql_root_password }}"
  loop: "{{ mysql_databases }}"
  loop_control:
    label: "{{ item.name }}"
  when:
    - item.initial_import is defined
    - item.name not in mysql_info.databases

- name: Create users
  community.mysql.mysql_user:
    name: "{{ item.name }}"
    state: present
    password: "{{ item.password | default(omit) }}"
    priv: "{{ item.priv | default(omit) }}"
    host: "{{ item.host | default(omit) }}"
    host_all: "{{ item.host_all | default(omit) }}"
    update_password: "{{ item.update_password | default(omit) }}"
    login_unix_socket: "{{ mysql_socket }}"
    login_user: root
    login_password: "{{ mysql_root_password }}"
  loop: "{{ mysql_users }}"
  loop_control:
    label: "{{ item.name }}"
  when:
    - mysql_users is defined
  no_log: true

- name: Flush handlers again
  ansible.builtin.meta: flush_handlers


Total input tokens: 1087
___________________________________________LLM Output:___________________________________________ 
Below you will receive task descriptions from which you should generate an Ansible Playbook.

The generated playbook must be valid inside an Ansible Role under the tasks/ directory (e.g., tasks/main.yml).

Do not include hosts:, vars:, or any playbook-level headers. Only output valid task entries or blocks as expected in a role.

Task 1: Import assert.yml and run it once on localhost.
Description Task 1: The playbook should import an external task file named assert.yml and execute it once on the localhost machine.

Task 2: Install the mysql package.
Description Task 2: The playbook should install the mysql package on the target machine using the package manager.

Task 3: Configure the mysql server.
Description Task 3: The playbook should configure the mysql server by creating a configuration file named {{ mysql_name }}-server.cnf in the specified destination directory. The configuration file should be updated with the specified options and values from the mysql_configuration_options list.

Task 4: Configure the mysql client.
Description Task 4: The playbook should configure the mysql client by creating a configuration file named {{ mysql_name }}-client.cnf in the specified destination directory with the specified socket option and value.

Task 5: Initialize the mysql service.
Description Task 5: The playbook should initialize the mysql service on machines running Alpine or Archlinux by executing the mysql_initialize_command command.

Task 6: Start and enable the mysql service.
Description Task 6: The playbook should start and enable the mysql service on the target machine.

Task 7: Flush handlers to ensure tasks are executed in the correct order.
Description Task 7: The playbook should flush the handlers to ensure that tasks are executed in the correct order.

Task 8: Create a my.cnf file in the /root/.my.cnf directory.
Description Task 8: The playbook should create a my.cnf file in the /root/.my.cnf directory using the my.cnf.j2 template.

Task 9: Create databases.
Description Task 9: The playbook should create databases on the target machine using the community.mysql.mysql_db module. The module should be executed for each database in the mysql_databases list.

Task 10: List databases on the target machine.
Description Task 10: The playbook should list the databases on the target machine using the community.mysql.mysql_info module.

Task 11: Import databases.
Description Task 11: The playbook should import databases on the target machine using the community.mysql.mysql_db module. The module should be executed for each database in the mysql_databases list that has an initial_import defined.

Task 12: Create users.
Description Task 12: The playbook should create users on the target machine using the community.mysql.mysql_user module. The module should be executed for each user in the mysql_users list.

Task 13: Flush handlers again to ensure tasks are executed in the correct order.
Description Task 13: The playbook should flush the handlers again to ensure that tasks are executed in the correct order. 21%|██        | 21/100 [01:18<05:45,  4.38s/it] 22%|██▏       | 22/100 [01:21<05:07,  3.94s/it] 23%|██▎       | 23/100 [01:24<04:32,  3.54s/it]

Tue Sep 30 18:37:02 2025: /home/studgoetsi5301/documents/ansible_bench/dataset/prompts/ollama_llama3.1:8b_english_exact/benchmark100/ansible-role-mysql-robertdebock/tasks/main_prompt.txt Total generation time: 6.510161144004087


Prompt: You are a professional developer. Below you will find a complete Ansible Playbook. This playbook was generated based on a prompt. Your task is to reconstruct the original prompt that could have been used to generate this playbook.

Important: The only output follows the format below. Do not include any explanations or comments before or after.

The reconstructed prompt must exactly follow the structure below:

"Below you will receive task descriptions from which you should generate an Ansible Playbook.  
The generated playbook must be valid inside an Ansible Role under the tasks/ directory (e.g., tasks/main.yml).  
Do not include hosts:, vars:, or any playbook-level headers. Only output valid task entries or blocks as expected in a role.  

Task 1: ...
Description Task 1: ...

Task 2: ...
Description Task 2: ...

Task 3: ...
Description Task 3: ...
..."

Guidelines:
- Each task should be short and clearly describe one specific action.
- The tasks must match the actual tasks in the playbook **both in content and order**.
- Use the exact terminology and labels as used in the playbook (e.g., “install nginx” instead of “install web server”).
- Provide a more detailed description of the task next to each task
- Include the exact names of variables, handlers, etc. used in the playbook.

Here is the Ansible Playbook:
---
# tasks file for sysctl

- name: Import assert.yml
  ansible.builtin.import_tasks:
    file: assert.yml
  run_once: true
  delegate_to: localhost

- name: Install requirements
  ansible.builtin.package:
    name: "{{ sysctl_requirements }}"
    state: present

- name: Set sysctl setting
  ansible.posix.sysctl:
    name: "{{ item.name }}"
    value: "{{ item.value }}"
    sysctl_set: "{{ sysctl_set }}"
    state: present
    reload: "{{ sysctl_reload }}"
  loop: "{{ sysctl_items }}"
  when:
    - sysctl_items is defined
    - item.name is defined
    - item.value is defined
    - ansible_connection not in [ "container", "docker", "community.docker.docker" ]
  loop_control:
    label: "{{ item.name }}"


Total input tokens: 464
___________________________________________LLM Output:___________________________________________ 
Below you will receive task descriptions from which you should generate an Ansible Playbook.

Task 1: Import the tasks from assert.yml into the playbook.
Description Task 1: This task imports the tasks from an external YAML file named assert.yml. The tasks from this file will be executed only once during the playbook run, and the execution will be delegated to the local machine.

Task 2: Install the requirements for sysctl.
Description Task 2: This task installs the required packages for sysctl based on the variable sysctl_requirements. The installed packages will be in the present state, indicating that they are installed if not already present.

Task 3: Set the sysctl settings based on the items provided in the sysctl_items variable.
Description Task 3: This task sets the sysctl settings based on the items provided in the sysctl_items variable. For each item, the task sets the sysctl setting name and value. The task only executes if the sysctl_items variable is defined, the item name and value are defined, and the connection type is not container, docker, or community.docker.docker. The task reloads the sysctl settings if the sysctl_reload variable is true. The loop is controlled by the item label, which is set to the item name.

Tue Sep 30 18:37:05 2025: /home/studgoetsi5301/documents/ansible_bench/dataset/prompts/ollama_llama3.1:8b_english_exact/benchmark100/ansible-role-sysctl/tasks/main_prompt.txt Total generation time: 2.937563040002715


Prompt: You are a professional developer. Below you will find a complete Ansible Playbook. This playbook was generated based on a prompt. Your task is to reconstruct the original prompt that could have been used to generate this playbook.

Important: The only output follows the format below. Do not include any explanations or comments before or after.

The reconstructed prompt must exactly follow the structure below:

"Below you will receive task descriptions from which you should generate an Ansible Playbook.  
The generated playbook must be valid inside an Ansible Role under the tasks/ directory (e.g., tasks/main.yml).  
Do not include hosts:, vars:, or any playbook-level headers. Only output valid task entries or blocks as expected in a role.  

Task 1: ...
Description Task 1: ...

Task 2: ...
Description Task 2: ...

Task 3: ...
Description Task 3: ...
..."

Guidelines:
- Each task should be short and clearly describe one specific action.
- The tasks must match the actual tasks in the playbook **both in content and order**.
- Use the exact terminology and labels as used in the playbook (e.g., “install nginx” instead of “install web server”).
- Provide a more detailed description of the task next to each task
- Include the exact names of variables, handlers, etc. used in the playbook.

Here is the Ansible Playbook:
---
- name: lookup bootstrap facts (raw).
  ansible.builtin.raw: "cat /etc/os-release"
  check_mode: false
  become: false
  register: bootstrap_facts
  changed_when: false
  vars:
    ansible_user: "{{ bootstrap_user }}"

- name: set bootstrap facts (I) # noqa jinja
  ansible.builtin.set_fact:
    bootstrap_distribution: "{{ item }}"
    bootstrap_distribution_major_version:
      "{{ bootstrap_facts.stdout_lines | join(',') | regex_replace(\
      '^.*VERSION_ID=\"(\\d{1,2})(\\.\\d{1,4})*?\".*$','\\1') | default('NA') }}"
  loop: "{{ bootstrap__os_family_map | dict2items | map(attribute='value') | flatten }}"
  when:
    - bootstrap_facts.rc == 0
    - bootstrap_distribution is not defined
    - bootstrap_facts.stdout is regex('PRETTY_NAME=.'~ bootstrap__search[item] | default(item) ~'.*')
  become: "{{ bootstrap_become | default(omit) }}"
  become_user: "{{ bootstrap_become_user }}"

- name: set bootstrap facts (II)
  ansible.builtin.set_fact:
    bootstrap_os_family: "{{ item.key }}"
  loop: "{{ bootstrap__os_family_map | dict2items }}"
  loop_control:
    label: "{{ item.key }}"
  when:
    - bootstrap_distribution in item.value
  become: "{{ bootstrap_become | default(omit) }}"
  become_user: "{{ bootstrap_become_user }}"


Total input tokens: 607
___________________________________________LLM Output:___________________________________________ 
Below you will receive task descriptions from which you should generate an Ansible Playbook.

The generated playbook must be valid inside an Ansible Role under the tasks/ directory (e.g., tasks/main.yml).

Do not include hosts:, vars:, or any playbook-level headers. Only output valid task entries or blocks as expected in a role.

Task 1: Lookup bootstrap facts by running the `cat /etc/os-release` command.
Description Task 1: The first task will execute a raw command to retrieve the operating system release information and store it in a variable named `bootstrap_facts`.

Task 2: Set bootstrap distribution and major version facts.
Description Task 2: The second task will extract the distribution and major version from the `bootstrap_facts` variable. It will iterate over the `bootstrap__os_family_map` dictionary and set the corresponding facts for each matching distribution.

Task 3: Set bootstrap OS family fact.
Description Task 3: The third task will set the `bootstrap_os_family` fact by iterating over the `bootstrap__os_family_map` dictionary and checking if the distribution matches the key.

Tue Sep 30 18:37:07 2025: /home/studgoetsi5301/documents/ansible_bench/dataset/prompts/ollama_llama3.1:8b_english_exact/benchmark100/ansible-role-bootstrap-JonasPammer/tasks/gather_facts_prompt.txt Total generation time: 2.60915951700008


Prompt: You are a professional developer. Below you will find a complete Ansible Playbook. This playbook was generated based on a prompt. Your task is to reconstruct the original prompt that could have been used to generate this playbook.

Important: The only output follows the format below. Do not include any explanations or comments before or after.

The reconstructed prompt must exactly follow the structure below:

"Below you will receive task descriptions from which you should generate an Ansible Playbook.  
The generated playbook must be valid inside an Ansible Role under the tasks/ directory (e.g., tasks/main.yml).  
Do not include hosts:, vars:, or any playbook-level headers. Only output valid task entries or blocks as expected in a role.  

Task 1: ...
Description Task 1: ...

Task 2: ...
Description Task 2: ...

Task 3: ...
Description Task 3: ...
..."

Guidelines:
- Each task should be short and clearly describe one specific action.
- The tasks must match the actual tasks in the playbook **both in content and order**.
- Use the exact terminology and labels as used in the playbook (e.g., “install nginx” instead of “install web server”).
- Provide a more detailed description of the task next to each task
- Include the exact names of variables, handlers, etc. used in the playbook.

Here is the Ansible Playbook:
---
# tasks file of ansible-role jonaspammer.bootstrap

- name: check if all variables have been set correctly
  ansible.builtin.import_tasks: assert.yml
  run_once: true
  delegate_to: localhost

- name: wait for host (when configured)
  ansible.builtin.wait_for:
    port: "{{ ansible_port | default('22') }}"
    host: "{{ (ansible_ssh_host | default(ansible_host) | default(inventory_hostname)) }}"
    timeout: "{{ bootstrap_timeout }}"
  connection: local
  become: "{{ bootstrap_become | default(omit) }}"
  become_user: "{{ bootstrap_become_user }}"
  when:
    - ansible_connection is defined
    - ansible_connection not in [ "container", "docker", "community.docker.docker" ]
    - bootstrap_wait_for_host | bool

- name: prepare system
  block:
    - name: test connection
      ansible.builtin.wait_for_connection:
        timeout: "{{ bootstrap_timeout }}"
      register: bootstrap_connect
      changed_when: false
  rescue:
    - name: "NOTE - wait_for_connection failed for hosts listed in this Task"
      ansible.builtin.debug:
        var: bootstrap_timeout
      changed_when: true
  always:
    - name: include tasks to gather bootstrap facts (raw)
      ansible.builtin.include_tasks:
        file: gather_facts.yml

    - name: Install bootstrap packages (raw).
      ansible.builtin.raw: "{{ bootstrap_install.raw }}"
      args:
        executable: /bin/sh
      register: bootstrap_install_packages
      changed_when:
        - (bootstrap_install.stdout_regex in bootstrap_install_packages.stdout and
          bootstrap_os_family in [ "Alpine", "Archlinux", "Gentoo" ]) or
          (bootstrap_install.stdout_regex not in bootstrap_install_packages.stdout and
          bootstrap_os_family in [ "Debian", "RedHat", "Rocky", "Suse" ])
      vars:
        ansible_user: "{{ bootstrap_user }}"
      become: "{{ bootstrap_become | default(omit) }}"
      become_user: "{{ bootstrap_become_user }}"

- name: ensure system is prepared by issuing ansible modules.
  become: "{{ bootstrap_become | default(omit) }}"
  become_user: "{{ bootstrap_become_user }}"
  block:
    - name: Gather ansible facts.
      ansible.builtin.setup:

    - name: Install bootstrap packages (package).
      ansible.builtin.package:
        name: "{{ item }}"
        state: present
        update_cache: true
      loop: "{{ bootstrap__facts_packages.split() }}"

 24%|██▍       | 24/100 [01:28<04:51,  3.84s/it]
Total input tokens: 812
___________________________________________LLM Output:___________________________________________ 
Below you will receive task descriptions from which you should generate an Ansible Playbook.

The generated playbook must be valid inside an Ansible Role under the tasks/ directory (e.g., tasks/main.yml).

Do not include hosts:, vars:, or any playbook-level headers. Only output valid task entries or blocks as expected in a role.

Task 1: Check all variables have been set correctly
Description Task 1: Ensure all variables required for the bootstrap process have been defined and are in a consistent state. This task will execute a separate assertion task (assert.yml) on the localhost once.

Task 2: Wait for host (when configured)
Description Task 2: If the bootstrap process is configured to wait for the host, this task will use the wait_for module to wait for the host on the specified port. The port, host, and timeout are determined by variables such as ansible_port, ansible_ssh_host, inventory_hostname, and bootstrap_timeout. This task will only execute if the ansible_connection is not container, docker, or community.docker.docker.

Task 3: Prepare the system
Description Task 3: This task will prepare the system for the bootstrap process. It will execute a series of tasks in a block to ensure the system is ready. This includes checking the connection, registering the result, and including tasks to gather bootstrap facts. If the connection test fails, it will log a debug message and mark the task as changed. Regardless of the outcome, it will include tasks to gather bootstrap facts (gather_facts.yml) and install bootstrap packages (if applicable).

Task 4: Ensure system is prepared by issuing ansible modules
Description Task 4: Once the system has been prepared, this task will use ansible modules to ensure it is fully prepared. This will include gathering ansible facts and installing any required packages. The become and become_user parameters are used to determine if and how to escalate privileges for these tasks. The package module is used to install the packages, and the loop control structure is used to apply the installation to multiple packages specified in the bootstrap__facts_packages variable.

Tue Sep 30 18:37:12 2025: /home/studgoetsi5301/documents/ansible_bench/dataset/prompts/ollama_llama3.1:8b_english_exact/benchmark100/ansible-role-bootstrap-JonasPammer/tasks/main_prompt.txt Total generation time: 4.5319814840040635


Prompt: You are a professional developer. Below you will find a complete Ansible Playbook. This playbook was generated based on a prompt. Your task is to reconstruct the original prompt that could have been used to generate this playbook.

Important: The only output follows the format below. Do not include any explanations or comments before or after.

The reconstructed prompt must exactly follow the structure below:

"Below you will receive task descriptions from which you should generate an Ansible Playbook.  
The generated playbook must be valid inside an Ansible Role under the tasks/ directory (e.g., tasks/main.yml).  
Do not include hosts:, vars:, or any playbook-level headers. Only output valid task entries or blocks as expected in a role.  

Task 1: ...
Description Task 1: ...

Task 2: ...
Description Task 2: ...

Task 3: ...
Description Task 3: ...
..."

Guidelines:
- Each task should be short and clearly describe one specific action.
- The tasks must match the actual tasks in the playbook **both in content and order**.
- Use the exact terminology and labels as used in the playbook (e.g., “install nginx” instead of “install web server”).
- Provide a more detailed description of the task next to each task
- Include the exact names of variables, handlers, etc. used in the playbook.

Here is the Ansible Playbook:
---
# tasks file for update

- name: Import assert.yml
  ansible.builtin.import_tasks:
    file: assert.yml
  run_once: true
  delegate_to: localhost

- name: Configure apk
  when:
    - ansible_pkg_mgr == "apk"
  block:
    - name: Update cache (apk)
      community.general.apk:
        update_cache: true
      changed_when: false

    - name: Update all software (apk)
      community.general.apk:
        upgrade: true
      notify:
        - Reboot

- name: Configure apt
  when:
    - ansible_pkg_mgr == "apt"
  block:
    - name: Prevent upgrade for selected packages
      ansible.builtin.dpkg_selections:
        name: "{{ item }}"
        selection: hold
      loop: "{{ update_excluded_packages }}"

    - name: Update all software (apt)
      ansible.builtin.apt:
        update_cache: true
        upgrade: "{{ update_upgrade_command }}"
        cache_valid_time: "{{ update_cache_valid_time }}"
      notify:
        - Reboot
      environment:
        DEBIAN_FRONTEND: nointeractive

    - name: Apt autoremove (apt)
      ansible.builtin.apt:
        autoremove: "{{ update_autoremove }}"
      when:
        - ansible_pkg_mgr == "apt"
        - update_autoremove
      environment:
        DEBIAN_FRONTEND: nointeractive

- name: Update all software (dnf)
  ansible.builtin.dnf:
    name: "*"
    state: latest  # noqa package-latest This role is to update packages.
    exclude: "{{ update_excluded_packages }}"
  notify:
    - Reboot
  when:
    - ansible_pkg_mgr in [ "dnf", "dnf5" ]

- name: Update all software (pacman)
  community.general.pacman:
    update_cache: true
    upgrade: true
  notify:
    - Reboot
  when:
    - ansible_pkg_mgr == "pacman"

- name: Configure yum
  when:
    - ansible_pkg_mgr == "yum"
  block:
    - name: Update all software (yum/6)
      ansible.builtin.dnf:
        name: "*"
        state: latest  # noqa package-latest This role is to update packages.
        exclude: "{{ update_excluded_packages }}"
      notify:
        - Reboot
      when:
        - ansible_distribution_major_version == "6"

    - name: Update yum non-6
      when:
        - ansible_distribution_major_version != "6"
      block:
        - name: Update all software (yum)
          ansible.builtin.dnf:
            name: "*"
            state: latest  # noqa package-latest This role is to update packages.
            exclude: "{{ update_excluded_packages }}"
          notify:
            - Reboot

        - name: Install yum-utils
          ansible.builtin.package:
            name: yum-utils

- name: Update all software (zypper)
  community.general.zypper:
    name: "*"
    state: latest  # noqa package-latest This role is to update packages.
  notify:
    - Reboot
  when:
    - ansible_pkg_mgr == "zypper"


Total input tokens: 966
___________________________________________LLM Output:___________________________________________ 
Below you will receive task descriptions from which you should generate an Ansible Playbook.

The generated playbook must be valid inside an Ansible Role under the tasks/ directory (e.g., tasks/main.yml).
Do not include hosts:, vars:, or any playbook-level headers. Only output valid task entries or blocks as expected in a role.

Task 1: Import necessary tasks for package manager assert
Description Task 1: Import the assert.yml file to ensure the package manager is correctly identified and its specific tasks are executed.

Task 2: Configure package management for package manager apk
Description Task 2: Update the cache and install all available packages when the package manager is apk.

Task 3: Configure package management for package manager apt
Description Task 3: Prevent certain packages from being upgraded, update all software, and autoremove unnecessary packages when the package manager is apt.

Task 4: Update all software for package manager dnf
Description Task 4: Update all packages to the latest version, excluding certain packages, when the package manager is dnf.

Task 5: Update all software for package manager pacman
Description Task 5: Update the package cache and upgrade all packages when the package manager is pacman.

Task 6: Configure package management for package manager yum
Description Task 6: Update all software using dnf for specific yum versions and ensure yum-utils is installed for non-6 yum versions.

Task 7: Update all software for package manager zypper
Description Task 7: Update all packages to the latest version when the package manager is zypper. 25%|██▌       | 25/100 [01:32<04:44,  3.79s/it] 26%|██▌       | 26/100 [01:39<05:42,  4.63s/it]

Tue Sep 30 18:37:16 2025: /home/studgoetsi5301/documents/ansible_bench/dataset/prompts/ollama_llama3.1:8b_english_exact/benchmark100/ansible-role-update/tasks/main_prompt.txt Total generation time: 3.6864605369919445


Prompt: You are a professional developer. Below you will find a complete Ansible Playbook. This playbook was generated based on a prompt. Your task is to reconstruct the original prompt that could have been used to generate this playbook.

Important: The only output follows the format below. Do not include any explanations or comments before or after.

The reconstructed prompt must exactly follow the structure below:

"Below you will receive task descriptions from which you should generate an Ansible Playbook.  
The generated playbook must be valid inside an Ansible Role under the tasks/ directory (e.g., tasks/main.yml).  
Do not include hosts:, vars:, or any playbook-level headers. Only output valid task entries or blocks as expected in a role.  

Task 1: ...
Description Task 1: ...

Task 2: ...
Description Task 2: ...

Task 3: ...
Description Task 3: ...
..."

Guidelines:
- Each task should be short and clearly describe one specific action.
- The tasks must match the actual tasks in the playbook **both in content and order**.
- Use the exact terminology and labels as used in the playbook (e.g., “install nginx” instead of “install web server”).
- Provide a more detailed description of the task next to each task
- Include the exact names of variables, handlers, etc. used in the playbook.

Here is the Ansible Playbook:
---
# tasks file for python_pip
- name: Check if python3.11 EXTERNALLY-MANAGED file exists
  ansible.builtin.stat:
    path: /usr/lib/python3.11/EXTERNALLY-MANAGED
  register: externally_managed_file_py311

- name: Rename python3.11 EXTERNALLY-MANAGED file if it exists
  ansible.builtin.command:
    cmd: mv /usr/lib/python3.11/EXTERNALLY-MANAGED /usr/lib/python3.11/EXTERNALLY-MANAGED.old
  when: externally_managed_file_py311.stat.exists
  args:
    creates: /usr/lib/python3.11/EXTERNALLY-MANAGED.old

- name: Check if python3.12 EXTERNALLY-MANAGED file exists
  ansible.builtin.stat:
    path: /usr/lib/python3.12/EXTERNALLY-MANAGED
  register: externally_managed_file_py312

- name: Rename python3.12 EXTERNALLY-MANAGED file if it exists
  ansible.builtin.command:
    cmd: mv /usr/lib/python3.12/EXTERNALLY-MANAGED /usr/lib/python3.12/EXTERNALLY-MANAGED.old
  when: externally_managed_file_py312.stat.exists
  args:
    creates: /usr/lib/python3.12/EXTERNALLY-MANAGED.old

- name: Import assert.yml
  ansible.builtin.import_tasks:
    file: assert.yml
  run_once: true
  delegate_to: localhost

- name: Install python pip
  ansible.builtin.package:
    name: "{{ python_pip_packages }}"
    state: present

- name: Configure pip proxy
  community.general.ini_file:
    path: /etc/pip.conf
    section: global
    option: index-url
    value: "{{ python_pip_proxy }}"
    mode: "0644"
  when:
    - python_pip_proxy is defined

- name: Trust hosts
  community.general.ini_file:
    path: /etc/pip.conf
    section: global
    option: trusted-host
    value: "{{ python_pip_trusted_host }}"
    mode: "0644"
  when:
    - python_pip_trusted_host is defined

- name: Update pip.
  ansible.builtin.pip:
    name: "{{ python_pip_pip_package }}"
    state: "{{ python_pip_pip_state }}"  # noqa package-latest
    executable: "{{ python_pip_executable | default(omit) }}"
  when:
    - python_pip_update
    - ansible_distribution_release not in [ "bookworm", "noble" ]
    - ansible_os_family != "Alpine"

- name: Install requested modules
  ansible.builtin.pip:
    name: "{{ item.name }}"
    state: "{{ item.state | default('present') }}"
    version: "{{ item.version | default(omit) }}"
    executable: "{{ python_pip_executable | default(omit) }}"
  loop: "{{ python_pip_modules }}"
  loop_control:
    label: "{{ item.name }}"
  when:
    - ansible_distribution_release not in [ "bookworm", "noble" ]
    - ansible_os_family != "Alpine"


Total input tokens: 958
___________________________________________LLM Output:___________________________________________ 
Below you will receive task descriptions from which you should generate an Ansible Playbook.

The generated playbook must be valid inside an Ansible Role under the tasks/ directory (e.g., tasks/main.yml).
Do not include hosts:, vars:, or any playbook-level headers. Only output valid task entries or blocks as expected in a role.

Task 1: Check python3.11 EXTERNALLY-MANAGED file existence
Description Task 1: Check if the EXTERNALLY-MANAGED file for python3.11 exists at the path /usr/lib/python3.11/EXTERNALLY-MANAGED and store the result in the externally_managed_file_py311 variable.

Task 2: Rename python3.11 EXTERNALLY-MANAGED file
Description Task 2: If the python3.11 EXTERNALLY-MANAGED file exists, rename it to /usr/lib/python3.11/EXTERNALLY-MANAGED.old using the mv command. The task relies on the externally_managed_file_py311 variable.

Task 3: Check python3.12 EXTERNALLY-MANAGED file existence
Description Task 3: Check if the EXTERNALLY-MANAGED file for python3.12 exists at the path /usr/lib/python3.12/EXTERNALLY-MANAGED and store the result in the externally_managed_file_py312 variable.

Task 4: Rename python3.12 EXTERNALLY-MANAGED file
Description Task 4: If the python3.12 EXTERNALLY-MANAGED file exists, rename it to /usr/lib/python3.12/EXTERNALLY-MANAGED.old using the mv command. The task relies on the externally_managed_file_py312 variable.

Task 5: Import assert.yml
Description Task 5: Import the assert.yml playbook and run it once, delegating the task to the localhost.

Task 6: Install python pip
Description Task 6: Install the python pip package with the name specified in the python_pip_packages variable.

Task 7: Configure pip proxy
Description Task 7: If the python_pip_proxy variable is defined, update the index-url configuration in the /etc/pip.conf file with the specified proxy value.

Task 8: Trust hosts
Description Task 8: If the python_pip_trusted_host variable is defined, update the trusted-host configuration in the /etc/pip.conf file with the specified trusted host value.

Task 9: Update pip
Description Task 9: If the python_pip_update variable is true, the ansible_distribution_release is not 'bookworm' or 'noble', and the ansible_os_family is not 'Alpine', update pip to the version specified in the python_pip_pip_package variable with the specified state.

Task 10: Install requested modules
Description Task 10: If the ansible_distribution_release is not 'bookworm' or 'noble' and the ansible_os_family is not 'Alpine', install the modules specified in the python_pip_modules variable using pip.

Tue Sep 30 18:37:22 2025: /home/studgoetsi5301/documents/ansible_bench/dataset/prompts/ollama_llama3.1:8b_english_exact/benchmark100/ansible-role-python_pip-buluma/tasks/main_prompt.txt Total generation time: 6.581800290994579


Prompt: You are a professional developer. Below you will find a complete Ansible Playbook. This playbook was generated based on a prompt. Your task is to reconstruct the original prompt that could have been used to generate this playbook.

Important: The only output follows the format below. Do not include any explanations or comments before or after.

The reconstructed prompt must exactly follow the structure below:

"Below you will receive task descriptions from which you should generate an Ansible Playbook.  
The generated playbook must be valid inside an Ansible Role under the tasks/ directory (e.g., tasks/main.yml).  
Do not include hosts:, vars:, or any playbook-level headers. Only output valid task entries or blocks as expected in a role.  

Task 1: ...
Description Task 1: ...

Task 2: ...
Description Task 2: ...

Task 3: ...
Description Task 3: ...
..."

Guidelines:
- Each task should be short and clearly describe one specific action.
- The tasks must match the actual tasks in the playbook **both in content and order**.
- Use the exact terminology and labels as used in the playbook (e.g., “install nginx” instead of “install web server”).
- Provide a more detailed description of the task next to each task
- Include the exact names of variables, handlers, etc. used in the playbook.

Here is the Ansible Playbook:
---
# tasks file for buildtools

- name: Install buildtools
  ansible.builtin.package:
    name: "{{ buildtools_packages }}"
    state: present

 27%|██▋       | 27/100 [01:40<04:18,  3.55s/it] 28%|██▊       | 28/100 [01:42<03:41,  3.08s/it] 29%|██▉       | 29/100 [01:45<03:40,  3.10s/it]
Total input tokens: 317
___________________________________________LLM Output:___________________________________________ 
Below you will receive task descriptions from which you should generate an Ansible Playbook.

Task 1: Install build tools package
Description Task 1: Install the specified build tools package with the given package name from the buildtools_packages variable, ensuring it is present on the system.

Tue Sep 30 18:37:23 2025: /home/studgoetsi5301/documents/ansible_bench/dataset/prompts/ollama_llama3.1:8b_english_exact/benchmark100/ansible-role-buildtools-buluma/tasks/main_prompt.txt Total generation time: 1.0146892670018133


Prompt: You are a professional developer. Below you will find a complete Ansible Playbook. This playbook was generated based on a prompt. Your task is to reconstruct the original prompt that could have been used to generate this playbook.

Important: The only output follows the format below. Do not include any explanations or comments before or after.

The reconstructed prompt must exactly follow the structure below:

"Below you will receive task descriptions from which you should generate an Ansible Playbook.  
The generated playbook must be valid inside an Ansible Role under the tasks/ directory (e.g., tasks/main.yml).  
Do not include hosts:, vars:, or any playbook-level headers. Only output valid task entries or blocks as expected in a role.  

Task 1: ...
Description Task 1: ...

Task 2: ...
Description Task 2: ...

Task 3: ...
Description Task 3: ...
..."

Guidelines:
- Each task should be short and clearly describe one specific action.
- The tasks must match the actual tasks in the playbook **both in content and order**.
- Use the exact terminology and labels as used in the playbook (e.g., “install nginx” instead of “install web server”).
- Provide a more detailed description of the task next to each task
- Include the exact names of variables, handlers, etc. used in the playbook.

Here is the Ansible Playbook:
---
# Remove EXTERNALLY-MANAGED file if we're on Debian12
# Related issue: https://github.com/geerlingguy/ansible-role-pip/issues/57
- name: debian12 | Get python3 version installed
  ansible.builtin.command: python3 --version
  register: py3ver
  changed_when: false
  tags:
    - molecule-notest

- name: debian12 | Remove EXTERNALLY-MANAGED
  ansible.builtin.file:
    path: /usr/lib/python3.11/EXTERNALLY-MANAGED
    state: absent
  when: py3ver is defined and py3ver.stdout.find("3.11") != -1
  tags:
    - molecule-notest


Total input tokens: 441
___________________________________________LLM Output:___________________________________________ 
Below you will receive task descriptions from which you should generate an Ansible Playbook.

Task 1: Get Python 3 version installed on the system
Description Task 1: Run the command `python3 --version` to determine the installed Python 3 version, and register its output in a variable named `py3ver`.

Task 2: Remove the EXTERNALLY-MANAGED file on Debian 12
Description Task 2: If the Python 3 version installed is 3.11, remove the `EXTERNALLY-MANAGED` file located at `/usr/lib/python3.11/EXTERNALLY-MANAGED` using the `file` module, and make sure to only run this task when the system is not being tested with `molecule-notest`.

Tue Sep 30 18:37:25 2025: /home/studgoetsi5301/documents/ansible_bench/dataset/prompts/ollama_llama3.1:8b_english_exact/benchmark100/ansible-role-pip/tasks/debian12_prompt.txt Total generation time: 1.9821425389964134


Prompt: You are a professional developer. Below you will find a complete Ansible Playbook. This playbook was generated based on a prompt. Your task is to reconstruct the original prompt that could have been used to generate this playbook.

Important: The only output follows the format below. Do not include any explanations or comments before or after.

The reconstructed prompt must exactly follow the structure below:

"Below you will receive task descriptions from which you should generate an Ansible Playbook.  
The generated playbook must be valid inside an Ansible Role under the tasks/ directory (e.g., tasks/main.yml).  
Do not include hosts:, vars:, or any playbook-level headers. Only output valid task entries or blocks as expected in a role.  

Task 1: ...
Description Task 1: ...

Task 2: ...
Description Task 2: ...

Task 3: ...
Description Task 3: ...
..."

Guidelines:
- Each task should be short and clearly describe one specific action.
- The tasks must match the actual tasks in the playbook **both in content and order**.
- Use the exact terminology and labels as used in the playbook (e.g., “install nginx” instead of “install web server”).
- Provide a more detailed description of the task next to each task
- Include the exact names of variables, handlers, etc. used in the playbook.

Here is the Ansible Playbook:
---
- name: Remove externally managed from Debian 12
  ansible.builtin.import_tasks: debian12.yml
  when:
    - ansible_distribution == "Debian"
    - ansible_distribution_major_version|int >= 12

- name: Ensure Pip is installed.
  ansible.builtin.package:
    name: "{{ pip_package }}"
    state: present

- name: Ensure packaging is available via dnf
  ansible.builtin.package:
    name: python3-packaging
    state: present

- name: Ensure pip_install_packages are installed.
  ansible.builtin.pip:
    name: "{{ item.name | default(item) }}"
    version: "{{ item.version | default(omit) }}"
    virtualenv: "{{ item.virtualenv | default(omit) }}"
    state: "{{ item.state | default(omit) }}"
    extra_args: "{{ item.extra_args | default(omit) }}"
    executable: "{{ item.virtualenv | default(false) | ternary(omit, pip_executable) }}"
  loop: "{{ pip_install_packages }}"


Total input tokens: 496
___________________________________________LLM Output:___________________________________________ 
Below you will receive task descriptions from which you should generate an Ansible Playbook.

Task 1: Remove externally managed configuration from Debian 12 systems.
Description Task 1: This task imports a separate playbook specifically designed for Debian 12 systems to remove any externally managed configurations. The playbook will only be executed if the system is running Debian and its major version is 12 or higher.

Task 2: Install the Pip package on the system.
Description Task 2: This task ensures that the Pip package is installed on the system. The package name is determined by a variable named `pip_package`, and its state should be present.

Task 3: Install the `python3-packaging` package via DNF.
Description Task 3: This task ensures that the `python3-packaging` package is installed on the system. This package should be available via DNF (DNF is a package manager for Linux distributions).

Task 4: Install pip packages specified in the `pip_install_packages` list.
Description Task 4: This task installs packages specified in the `pip_install_packages` list. The task uses a loop to iterate over the list and install each package. The installation of each package is customized based on the `name`, `version`, `virtualenv`, `state`, `extra_args`, and `executable` attributes of each package in the list.

Tue Sep 30 18:37:28 2025: /home/studgoetsi5301/documents/ansible_bench/dataset/prompts/ollama_llama3.1:8b_english_exact/benchmark100/ansible-role-pip/tasks/main_prompt.txt Total generation time: 3.157380340999225


Prompt: You are a professional developer. Below you will find a complete Ansible Playbook. This playbook was generated based on a prompt. Your task is to reconstruct the original prompt that could have been used to generate this playbook.

Important: The only output follows the format below. Do not include any explanations or comments before or after.

The reconstructed prompt must exactly follow the structure below:

"Below you will receive task descriptions from which you should generate an Ansible Playbook.  
The generated playbook must be valid inside an Ansible Role under the tasks/ directory (e.g., tasks/main.yml).  
Do not include hosts:, vars:, or any playbook-level headers. Only output valid task entries or blocks as expected in a role.  

Task 1: ...
Description Task 1: ...

Task 2: ...
Description Task 2: ...

Task 3: ...
Description Task 3: ...
..."

Guidelines:
- Each task should be short and clearly describe one specific action.
- The tasks must match the actual tasks in the playbook **both in content and order**.
- Use the exact terminology and labels as used in the playbook (e.g., “install nginx” instead of “install web server”).
- Provide a more detailed description of the task next to each task
- Include the exact names of variables, handlers, etc. used in the playbook.

Here is the Ansible Playbook:
---
- name: Check if Helm binary exists.
  stat:
    path: "{{ helm_bin_path }}"
  register: helm_check

- name: Check Helm version.
  command: "{{ helm_bin_path }} version"
  failed_when: false
  changed_when: false
  register: helm_existing_version

- name: Download helm.
  unarchive:
    src: "{{ helm_repo_path }}/helm-{{ helm_version }}-{{ helm_platform }}-{{ helm_arch }}.tar.gz"
    dest: /tmp
    remote_src: true
    mode: 0755
  register: helm_download
  when: >
    not helm_check.stat.exists
    or helm_version not in helm_existing_version.stdout

- name: Copy helm binary into place.
  copy:
    src: "/tmp/{{ helm_platform }}-{{ helm_arch }}/helm"
    dest: "{{ helm_bin_path }}"
    mode: 0755
    remote_src: true
  become: true
  when: helm_download is changed

 30%|███       | 30/100 [01:48<03:49,  3.28s/it] 31%|███       | 31/100 [01:52<04:00,  3.49s/it]
Total input tokens: 493
___________________________________________LLM Output:___________________________________________ 
Below you will receive task descriptions from which you should generate an Ansible Playbook.

Task 1: Check if the Helm binary exists at the specified path.
Description Task 1: This task checks if the Helm binary exists at the path stored in the variable `helm_bin_path`. The result will be stored in the `helm_check` variable.

Task 2: Check the current version of Helm installed on the system.
Description Task 2: This task runs the `version` command for Helm, which is located at the path stored in the variable `helm_bin_path`. The result will be stored in the `helm_existing_version` variable. The `failed_when` and `changed_when` parameters are set to `false` to avoid unexpected changes or failures.

Task 3: Download the Helm binary from the specified repository.
Description Task 3: This task downloads the Helm binary from the repository specified in `helm_repo_path`. The version, platform, and architecture of the Helm binary will be determined by the values of the variables `helm_version`, `helm_platform`, and `helm_arch`. The download will be stored in the `/tmp` directory. This task will only run if the Helm binary does not exist at the specified path or if the version does not match the existing version.

Task 4: Copy the downloaded Helm binary into place at the specified path.
Description Task 4: This task copies the Helm binary from the `/tmp` directory to the specified path stored in the variable `helm_bin_path`. The `become` parameter is set to `true` to ensure that the copy operation has the necessary privileges. This task will only run if the Helm binary has been changed since the last run.

Tue Sep 30 18:37:32 2025: /home/studgoetsi5301/documents/ansible_bench/dataset/prompts/ollama_llama3.1:8b_english_exact/benchmark100/ansible-role-helm/tasks/main_prompt.txt Total generation time: 3.6860338200058322


Prompt: You are a professional developer. Below you will find a complete Ansible Playbook. This playbook was generated based on a prompt. Your task is to reconstruct the original prompt that could have been used to generate this playbook.

Important: The only output follows the format below. Do not include any explanations or comments before or after.

The reconstructed prompt must exactly follow the structure below:

"Below you will receive task descriptions from which you should generate an Ansible Playbook.  
The generated playbook must be valid inside an Ansible Role under the tasks/ directory (e.g., tasks/main.yml).  
Do not include hosts:, vars:, or any playbook-level headers. Only output valid task entries or blocks as expected in a role.  

Task 1: ...
Description Task 1: ...

Task 2: ...
Description Task 2: ...

Task 3: ...
Description Task 3: ...
..."

Guidelines:
- Each task should be short and clearly describe one specific action.
- The tasks must match the actual tasks in the playbook **both in content and order**.
- Use the exact terminology and labels as used in the playbook (e.g., “install nginx” instead of “install web server”).
- Provide a more detailed description of the task next to each task
- Include the exact names of variables, handlers, etc. used in the playbook.

Here is the Ansible Playbook:
---

- name: gather_facts | Lookup bootstrap facts
  ansible.builtin.raw: "cat /etc/os-release"
  become: false
  check_mode: false
  register: bootstrap_facts
  changed_when: false

- name: gather_facts | Set bootstrap facts (I)
  ansible.builtin.set_fact:
    bootstrap_distribution: "{{ item }}"
    bootstrap_distribution_major_version: "{{ bootstrap_facts.stdout_lines | join(',') | regex_replace('^.*VERSION_ID=\"(\\d{1,2})(\\.\\d{1,4})*?\".*$', '\\1') | default('NA') }}"
  loop: "{{ bootstrap_os_family_map | dict2items | map(attribute='value') | flatten }}"
  when:
    - bootstrap_facts.rc == 0
    - bootstrap_distribution is not defined
    - bootstrap_facts.stdout is regex('PRETTY_NAME=.'~ bootstrap_search[item] | default(item) ~'.*')
  become: false

- name: gather_facts | Set bootstrap facts (II)
  ansible.builtin.set_fact:
    bootstrap_os_family: "{{ item.key }}"
  loop: "{{ bootstrap_os_family_map | dict2items }}"
  loop_control:
    label: "{{ item.key }}"
  when:
    - bootstrap_distribution in item.value
  become: false


Total input tokens: 554
___________________________________________LLM Output:___________________________________________ 
Below you will receive task descriptions from which you should generate an Ansible Playbook.

The generated playbook must be valid inside an Ansible Role under the tasks/ directory (e.g., tasks/main.yml).

Do not include hosts:, vars:, or any playbook-level headers. Only output valid task entries or blocks as expected in a role.

Task 1: Gather basic system facts by executing a raw command to read /etc/os-release and store the output in a variable.
Description Task 1: The task aims to collect essential information about the system's operating system by running a raw command on the target host. The output will be stored in a variable named "bootstrap_facts" for further processing. The command used is "cat /etc/os-release", and the "become" parameter is set to "false" to ensure the command runs without privileges escalation.

Task 2: Extract and set the distribution name and major version of the operating system from the gathered facts.
Description Task 2: This task takes the output from the previous step and uses a loop to extract the distribution name and major version from the gathered facts. The distribution name will be stored in a variable named "bootstrap_distribution", and the major version will be stored in a variable named "bootstrap_distribution_major_version". The task uses regular expressions to parse the output and extract the required information.

Task 3: Identify and set the operating system family based on the distribution name.
Description Task 3: This task takes the distribution name extracted in the previous step and uses a loop to match it against the operating system families stored in the "bootstrap_os_family_map" variable. The operating system family will be stored in a variable named "bootstrap_os_family". The task uses the "loop_control" parameter to label each iteration with the corresponding operating system family key.

Tue Sep 30 18:37:36 2025: /home/studgoetsi5301/documents/ansible_bench/dataset/prompts/ollama_llama3.1:8b_english_exact/benchmark100/ansible-role-bootstrap/tasks/gather_facts_prompt.txt Total generation time: 3.982762493993505


Prompt: You are a professional developer. Below you will find a complete Ansible Playbook. This playbook was generated based on a prompt. Your task is to reconstruct the original prompt that could have been used to generate this playbook.

Important: The only output follows the format below. Do not include any explanations or comments before or after.

The reconstructed prompt must exactly follow the structure below:

"Below you will receive task descriptions from which you should generate an Ansible Playbook.  
The generated playbook must be valid inside an Ansible Role under the tasks/ directory (e.g., tasks/main.yml).  
Do not include hosts:, vars:, or any playbook-level headers. Only output valid task entries or blocks as expected in a role.  

Task 1: ...
Description Task 1: ...

Task 2: ...
Description Task 2: ...

Task 3: ...
Description Task 3: ...
..."

Guidelines:
- Each task should be short and clearly describe one specific action.
- The tasks must match the actual tasks in the playbook **both in content and order**.
- Use the exact terminology and labels as used in the playbook (e.g., “install nginx” instead of “install web server”).
- Provide a more detailed description of the task next to each task
- Include the exact names of variables, handlers, etc. used in the playbook.

Here is the Ansible Playbook:
---
# tasks file for bootstrap

- name: Import assert.yml
  ansible.builtin.import_tasks:
    file: assert.yml
  run_once: true
  delegate_to: localhost

- name: Wait for port to be available
  ansible.builtin.wait_for:
    port: "{{ ansible_port | default('22') }}"
    timeout: "{{ bootstrap_timeout }}"
  become: false
  when:
    - ansible_connection is defined
    - ansible_connection not in [ "container", "docker", "community.docker.docker" ]
    - ansible_connection is not none
    - bootstrap_wait_for_host

- name: Prepare system
  # At this stage, python and/or sudo are not installed, `become` can't be used.
  # This means this role has to run as root, can't switch user.
  become: false
  block:
    - name: Test connection
      ansible.builtin.wait_for_connection:
        timeout: "{{ bootstrap_timeout }}"
      register: bootstrap_connect
      changed_when: false
    - name: Test sudo
      ansible.builtin.command:
        cmd: sudo --version
      changed_when: false
  rescue:
    - name: Gather bootstrap facts
      ansible.builtin.include_tasks:
        file: gather_facts.yml

    - name: Install bootstrap packages (raw)
      ansible.builtin.raw: "{{ bootstrap_install.raw }}"
      args:
        executable: /bin/sh
      register: bootstrap_install_packages
      changed_when:
        - (bootstrap_install.stdout_regex in bootstrap_install_packages.stdout and
           bootstrap_os_family in [ "Alpine", "Archlinux", "Gentoo" ]) or
          (bootstrap_install.stdout_regex not in bootstrap_install_packages.stdout and
           bootstrap_os_family in [ "Debian", "RedHat", "Rocky", "Suse" ])

- name: Gather ansible facts
  ansible.builtin.setup:
  become: false

- name: Install bootstrap packages (package)
  ansible.builtin.package:
    name: "{{ item }}"
    state: present
    update_cache: true
  loop: "{{ bootstrap_facts_packages.split() }}"
  become: "{{ bootstrap_become }}"

 32%|███▏      | 32/100 [01:57<04:15,  3.75s/it]
Total input tokens: 732
___________________________________________LLM Output:___________________________________________ 
Below you will receive task descriptions from which you should generate an Ansible Playbook.

The generated playbook must be valid inside an Ansible Role under the tasks/ directory (e.g., tasks/main.yml).
Do not include hosts:, vars:, or any playbook-level headers. Only output valid task entries or blocks as expected in a role.

Task 1: Import assert.yml file into the playbook.
Description Task 1: This task imports the contents of assert.yml into the playbook, allowing it to be executed as part of the playbook. The task is run once and delegated to localhost.

Task 2: Wait for a specified port to become available.
Description Task 2: This task waits for a specified port to become available. It uses the default port of 22 if not specified. The timeout for waiting is set by the bootstrap_timeout variable. This task is skipped if the connection method is a container, docker, or community.docker.docker. It is also skipped if the bootstrap_wait_for_host variable is not set.

Task 3: Prepare the system for further tasks.
Description Task 3: This task prepares the system by checking if the connection is established and if sudo is available. It also registers the result as bootstrap_connect. If the connection is not established, it gathers bootstrap facts and includes the gather_facts.yml file. If sudo is not available, it installs the bootstrap packages (raw).

Task 4: Gather Ansible facts about the system.
Description Task 4: This task gathers Ansible facts about the system. It uses the setup module to collect information about the system and stores the result in the system facts.

Task 5: Install bootstrap packages (package).
Description Task 5: This task installs the bootstrap packages specified in the bootstrap_facts_packages variable. It uses the package module to install the packages and updates the package cache. The become flag is set to the value of the bootstrap_become variable.

Tue Sep 30 18:37:40 2025: /home/studgoetsi5301/documents/ansible_bench/dataset/prompts/ollama_llama3.1:8b_english_exact/benchmark100/ansible-role-bootstrap/tasks/main_prompt.txt Total generation time: 4.3724693010008195


Prompt: You are a professional developer. Below you will find a complete Ansible Playbook. This playbook was generated based on a prompt. Your task is to reconstruct the original prompt that could have been used to generate this playbook.

Important: The only output follows the format below. Do not include any explanations or comments before or after.

The reconstructed prompt must exactly follow the structure below:

"Below you will receive task descriptions from which you should generate an Ansible Playbook.  
The generated playbook must be valid inside an Ansible Role under the tasks/ directory (e.g., tasks/main.yml).  
Do not include hosts:, vars:, or any playbook-level headers. Only output valid task entries or blocks as expected in a role.  

Task 1: ...
Description Task 1: ...

Task 2: ...
Description Task 2: ...

Task 3: ...
Description Task 3: ...
..."

Guidelines:
- Each task should be short and clearly describe one specific action.
- The tasks must match the actual tasks in the playbook **both in content and order**.
- Use the exact terminology and labels as used in the playbook (e.g., “install nginx” instead of “install web server”).
- Provide a more detailed description of the task next to each task
- Include the exact names of variables, handlers, etc. used in the playbook.

Here is the Ansible Playbook:
---

- name: server | Ensure /etc/openvpn/easy-rsa exists
  ansible.builtin.file:
    path: /etc/openvpn/easy-rsa
    state: directory
    mode: "0755"

- name: server | Easyrsa init-pki
  ansible.builtin.command:
    cmd: "{{ openvpn_easyrsa_path }}/easyrsa init-pki"
    chdir: /etc/openvpn/easy-rsa
    creates: /etc/openvpn/easy-rsa/pki

- name: server | Easyrsa build-ca
  ansible.builtin.command:
    cmd: "{{ openvpn_easyrsa_path }}/easyrsa build-ca nopass"
    chdir: /etc/openvpn/easy-rsa
    creates: /etc/openvpn/easy-rsa/pki/ca.crt
  environment:
    EASYRSA_BATCH: "yes"

- name: server | Easyrsa gen-dh
  ansible.builtin.command:
    cmd: "{{ openvpn_easyrsa_path }}/easyrsa gen-dh"
    chdir: /etc/openvpn/easy-rsa
    creates: /etc/openvpn/easy-rsa/pki/dh.pem

- name: server | Easyrsa build-server-full server nopass
  ansible.builtin.command:
    cmd: "{{ openvpn_easyrsa_path }}/easyrsa build-server-full server nopass"
    chdir: /etc/openvpn/easy-rsa
    creates: /etc/openvpn/easy-rsa/pki/issued/server.crt
  environment:
    EASYRSA_BATCH: "yes"

- name: server | Easyrsa build-client-full client nopass
  ansible.builtin.command:
    cmd: "{{ openvpn_easyrsa_path }}/easyrsa build-client-full client nopass"
    chdir: /etc/openvpn/easy-rsa
    creates: /etc/openvpn/easy-rsa/pki/issued/client.crt
  environment:
    EASYRSA_BATCH: "yes"

- name: server | Easyrsa gen-crl
  ansible.builtin.command:
    cmd: "{{ openvpn_easyrsa_path }}/easyrsa gen-crl"
    chdir: /etc/openvpn/easy-rsa
    creates: /etc/openvpn/easy-rsa/pki/crl.pem

- name: server | Openvpn --genkey --secret /etc/openvpn/easy-rsa/pki/ta.key
  ansible.builtin.command:
    cmd: openvpn --genkey --secret /etc/openvpn/easy-rsa/pki/ta.key
    creates: /etc/openvpn/easy-rsa/pki/ta.key

- name: server | Copy files to /etc/openvpn/server
  ansible.builtin.copy:
    src: /etc/openvpn/easy-rsa/pki/{{ item }}
    dest: /etc/openvpn/server/{{ item | basename }}
    mode: "0640"
    remote_src: true
  loop:
    - ca.crt
    - dh.pem
    - ta.key
    - issued/client.crt
    - issued/server.crt
    - private/ca.key
    - private/client.key
    - private/server.key

- name: server | Copy files to /etc/openvpn
  ansible.builtin.copy:
    src: /etc/openvpn/easy-rsa/pki/{{ item }}
    dest: /etc/openvpn/{{ item | basename }}
    mode: "0640"
    remote_src: true
  loop:
    - ca.crt
    - ta.key

- name: server | Place server.conf
  ansible.builtin.template:
    src: server.conf.j2
    dest: "{{ openvpn_configuration_directory }}/server.conf"
    owner: root
    group: "{{ openvpn_group }}"
    mode: "0640"
  notify:
    - Restart openvpn


Total input tokens: 1074
___________________________________________LLM Output:___________________________________________ 
Below you will receive task descriptions from which you should generate an Ansible Playbook.

The generated playbook must be valid inside an Ansible Role under the tasks/ directory (e.g., tasks/main.yml).

Do not include hosts:, vars:, or any playbook-level headers. Only output valid task entries or blocks as expected in a role.

Task 1: Ensure /etc/openvpn/easy-rsa exists and set permissions.
Description Task 1: Create the /etc/openvpn/easy-rsa directory with mode 0755.

Task 2: Initialize the EasyRSA PKI directory.
Description Task 2: Run the EasyRSA init-pki command and create the /etc/openvpn/easy-rsa/pki directory.

Task 3: Build the CA certificate using EasyRSA.
Description Task 3: Run the EasyRSA build-ca command with nopass option and create the /etc/openvpn/easy-rsa/pki/ca.crt file.

Task 4: Generate the Diffie-Hellman (DH) parameters using EasyRSA.
Description Task 4: Run the EasyRSA gen-dh command and create the /etc/openvpn/easy-rsa/pki/dh.pem file.

Task 5: Build the server certificate using EasyRSA.
Description Task 5: Run the EasyRSA build-server-full command with nopass option and create the /etc/openvpn/easy-rsa/pki/issued/server.crt file.

Task 6: Build the client certificate using EasyRSA.
Description Task 6: Run the EasyRSA build-client-full command with nopass option and create the /etc/openvpn/easy-rsa/pki/issued/client.crt file.

Task 7: Generate the Certificate Revocation List (CRL) using EasyRSA.
Description Task 7: Run the EasyRSA gen-crl command and create the /etc/openvpn/easy-rsa/pki/crl.pem file.

Task 8: Generate the Diffie-Hellman (DH) key using OpenVPN.
Description Task 8: Run the OpenVPN --genkey --secret command to create the /etc/openvpn/easy-rsa/pki/ta.key file.

Task 9: Copy files to the /etc/openvpn/server directory.
Description Task 9: Copy the CA certificate, DH parameters, TA key, client and server certificates, and private keys to the /etc/openvpn/server directory.

Task 10: Copy files to the /etc/openvpn directory.
Description Task 10: Copy the CA certificate and TA key to the /etc/openvpn directory.

Task 11: Place the server.conf file.
Description Task 11: Use the server.conf.j2 template to create the /etc/openvpn/server.conf file with the specified owner, group, and mode. 33%|███▎      | 33/100 [02:03<05:00,  4.48s/it] 34%|███▍      | 34/100 [02:05<03:59,  3.64s/it] 35%|███▌      | 35/100 [02:07<03:28,  3.21s/it]

Tue Sep 30 18:37:46 2025: /home/studgoetsi5301/documents/ansible_bench/dataset/prompts/ollama_llama3.1:8b_english_exact/benchmark100/ansible-role-openvpn/tasks/server_prompt.txt Total generation time: 6.170175407998613


Prompt: You are a professional developer. Below you will find a complete Ansible Playbook. This playbook was generated based on a prompt. Your task is to reconstruct the original prompt that could have been used to generate this playbook.

Important: The only output follows the format below. Do not include any explanations or comments before or after.

The reconstructed prompt must exactly follow the structure below:

"Below you will receive task descriptions from which you should generate an Ansible Playbook.  
The generated playbook must be valid inside an Ansible Role under the tasks/ directory (e.g., tasks/main.yml).  
Do not include hosts:, vars:, or any playbook-level headers. Only output valid task entries or blocks as expected in a role.  

Task 1: ...
Description Task 1: ...

Task 2: ...
Description Task 2: ...

Task 3: ...
Description Task 3: ...
..."

Guidelines:
- Each task should be short and clearly describe one specific action.
- The tasks must match the actual tasks in the playbook **both in content and order**.
- Use the exact terminology and labels as used in the playbook (e.g., “install nginx” instead of “install web server”).
- Provide a more detailed description of the task next to each task
- Include the exact names of variables, handlers, etc. used in the playbook.

Here is the Ansible Playbook:
---

- name: client | Ensure /etc/openvpn/client exists
  ansible.builtin.file:
    path: /etc/openvpn/client
    state: directory
    owner: root
    group: "{{ openvpn_group }}"
    mode: "0750"

- name: client | Place client.conf
  ansible.builtin.template:
    src: client.conf.j2
    dest: "{{ openvpn_configuration_directory }}/client.conf"
    owner: root
    group: "{{ openvpn_group }}"
    mode: "0640"
  notify:
    - Restart openvpn


Total input tokens: 401
___________________________________________LLM Output:___________________________________________ 
Below you will receive task descriptions from which you should generate an Ansible Playbook.

Task 1: Ensure the /etc/openvpn/client directory exists with correct permissions
Description Task 1: Create a new directory at /etc/openvpn/client with the correct ownership and permissions to allow the specified group to access it.

Task 2: Place the client configuration file in the specified directory
Description Task 2: Copy the template client.conf.j2 to the client configuration directory and name it client.conf, applying the correct ownership and permissions to the file, and triggering a restart of openvpn upon change.

Tue Sep 30 18:37:48 2025: /home/studgoetsi5301/documents/ansible_bench/dataset/prompts/ollama_llama3.1:8b_english_exact/benchmark100/ansible-role-openvpn/tasks/client_prompt.txt Total generation time: 1.6641892800107598


Prompt: You are a professional developer. Below you will find a complete Ansible Playbook. This playbook was generated based on a prompt. Your task is to reconstruct the original prompt that could have been used to generate this playbook.

Important: The only output follows the format below. Do not include any explanations or comments before or after.

The reconstructed prompt must exactly follow the structure below:

"Below you will receive task descriptions from which you should generate an Ansible Playbook.  
The generated playbook must be valid inside an Ansible Role under the tasks/ directory (e.g., tasks/main.yml).  
Do not include hosts:, vars:, or any playbook-level headers. Only output valid task entries or blocks as expected in a role.  

Task 1: ...
Description Task 1: ...

Task 2: ...
Description Task 2: ...

Task 3: ...
Description Task 3: ...
..."

Guidelines:
- Each task should be short and clearly describe one specific action.
- The tasks must match the actual tasks in the playbook **both in content and order**.
- Use the exact terminology and labels as used in the playbook (e.g., “install nginx” instead of “install web server”).
- Provide a more detailed description of the task next to each task
- Include the exact names of variables, handlers, etc. used in the playbook.

Here is the Ansible Playbook:
---
# tasks file for openvpn

- name: Import assert.yml
  ansible.builtin.import_tasks:
    file: assert.yml
  run_once: true
  delegate_to: localhost

- name: Install openvpn packages
  ansible.builtin.package:
    name: "{{ openvpn_packages }}"
    state: present

- name: Setup openvpn server or client
  ansible.builtin.include_tasks:
    file: "{{ openvpn_role }}.yml"

- name: Start and enable openvpn
  ansible.builtin.service:
    name: "{{ openvpn_service }}"
    state: started
    enabled: true


Total input tokens: 412
___________________________________________LLM Output:___________________________________________ 
Below you will receive task descriptions from which you should generate an Ansible Playbook.

Task 1: Import the assert.yml file from the current directory.
Description Task 1: This task is necessary to run the assertions in the assert.yml file and check for any errors.

Task 2: Install the openvpn packages specified in the openvpn_packages variable.
Description Task 2: This task installs the necessary packages for OpenVPN to function correctly.

Task 3: Set up the OpenVPN server or client based on the role specified in the openvpn_role variable.
Description Task 3: This task will execute the tasks defined in the {{ openvpn_role }}.yml file to set up the OpenVPN server or client.

Task 4: Start the OpenVPN service and enable it to start at boot time.
Description Task 4: This task starts the OpenVPN service and configures it to start automatically when the system boots.

Tue Sep 30 18:37:50 2025: /home/studgoetsi5301/documents/ansible_bench/dataset/prompts/ollama_llama3.1:8b_english_exact/benchmark100/ansible-role-openvpn/tasks/main_prompt.txt Total generation time: 2.230572849002783


Prompt: You are a professional developer. Below you will find a complete Ansible Playbook. This playbook was generated based on a prompt. Your task is to reconstruct the original prompt that could have been used to generate this playbook.

Important: The only output follows the format below. Do not include any explanations or comments before or after.

The reconstructed prompt must exactly follow the structure below:

"Below you will receive task descriptions from which you should generate an Ansible Playbook.  
The generated playbook must be valid inside an Ansible Role under the tasks/ directory (e.g., tasks/main.yml).  
Do not include hosts:, vars:, or any playbook-level headers. Only output valid task entries or blocks as expected in a role.  

Task 1: ...
Description Task 1: ...

Task 2: ...
Description Task 2: ...

Task 3: ...
Description Task 3: ...
..."

Guidelines:
- Each task should be short and clearly describe one specific action.
- The tasks must match the actual tasks in the playbook **both in content and order**.
- Use the exact terminology and labels as used in the playbook (e.g., “install nginx” instead of “install web server”).
- Provide a more detailed description of the task next to each task
- Include the exact names of variables, handlers, etc. used in the playbook.

Here is the Ansible Playbook:
---
# tasks file for core_dependencies

- name: Remove conflicting packages
  ansible.builtin.package:
    name: "{{ core_dependencies_conflicting_packages }}"
    state: absent

- name: Install packages
  ansible.builtin.package:
    name: "{{ core_dependencies_packages }}"
    update_cache: true
  notify:
    - Gather facts

- name: Flush handlers
  ansible.builtin.meta: flush_handlers


Total input tokens: 368
___________________________________________LLM Output:___________________________________________ 
Below you will receive task descriptions from which you should generate an Ansible Playbook.

Task 1: Remove packages that conflict with core dependencies.
Description Task 1: Identify and remove any packages that conflict with the core dependencies, using the list of conflicting packages defined in the `core_dependencies_conflicting_packages` variable.

Task 2: Install core dependencies.
Description Task 2: Install the core dependencies listed in the `core_dependencies_packages` variable, and update the package cache to ensure the latest package information is used.

Task 3: Flush handler notifications.
Description Task 3: Flush any pending handler notifications so that the Gather facts handler can be triggered after the package installation is complete. 36%|███▌      | 36/100 [02:09<02:58,  2.79s/it] 37%|███▋      | 37/100 [02:13<03:20,  3.18s/it]

Tue Sep 30 18:37:52 2025: /home/studgoetsi5301/documents/ansible_bench/dataset/prompts/ollama_llama3.1:8b_english_exact/benchmark100/ansible-role-core_dependencies-buluma/tasks/main_prompt.txt Total generation time: 1.7990234099997906


Prompt: You are a professional developer. Below you will find a complete Ansible Playbook. This playbook was generated based on a prompt. Your task is to reconstruct the original prompt that could have been used to generate this playbook.

Important: The only output follows the format below. Do not include any explanations or comments before or after.

The reconstructed prompt must exactly follow the structure below:

"Below you will receive task descriptions from which you should generate an Ansible Playbook.  
The generated playbook must be valid inside an Ansible Role under the tasks/ directory (e.g., tasks/main.yml).  
Do not include hosts:, vars:, or any playbook-level headers. Only output valid task entries or blocks as expected in a role.  

Task 1: ...
Description Task 1: ...

Task 2: ...
Description Task 2: ...

Task 3: ...
Description Task 3: ...
..."

Guidelines:
- Each task should be short and clearly describe one specific action.
- The tasks must match the actual tasks in the playbook **both in content and order**.
- Use the exact terminology and labels as used in the playbook (e.g., “install nginx” instead of “install web server”).
- Provide a more detailed description of the task next to each task
- Include the exact names of variables, handlers, etc. used in the playbook.

Here is the Ansible Playbook:
---

- name: create | Create ssl key
  community.crypto.openssl_privatekey:
    path: "{{ openssl_key_directory }}/{{ item.name }}.key"
    mode: "600"
    owner: "{{ openssl_file_owner }}"
    group: "{{ openssl_file_group }}"

- name: create | Create ssl csr
  community.crypto.openssl_csr:
    path: "{{ openssl_csr_directory }}/{{ item.name }}.csr"
    privatekey_path: "{{ openssl_key_directory }}/{{ item.name }}.key"
    common_name: "{{ item.common_name }}"
    mode: "640"
    owner: "{{ openssl_file_owner }}"
    group: "{{ openssl_file_group }}"

- name: create | Create ssl certificates
  community.crypto.x509_certificate:
    path: "{{ openssl_crt_directory }}/{{ item.name }}.crt"
    privatekey_path: "{{ openssl_key_directory }}/{{ item.name }}.key"
    csr_path: "{{ openssl_csr_directory }}/{{ item.name }}.csr"
    provider: selfsigned
    mode: "640"
    owner: "{{ openssl_file_owner }}"
    group: "{{ openssl_file_group }}"

- name: create | Create PKCS#12 file
  community.crypto.openssl_pkcs12:
    action: export
    path: "{{ openssl_key_directory }}/{{ item.name }}.p12"
    friendly_name: "{{ item.name }}"
    privatekey_path: "{{ openssl_key_directory }}/{{ item.name }}.key"
    certificate_path: "{{ openssl_crt_directory }}/{{ item.name }}.crt"
    state: present
    mode: "600"
    owner: "{{ openssl_file_owner }}"
    group: "{{ openssl_file_group }}"

- name: create | Read private key
  ansible.builtin.slurp:
    src: "{{ openssl_key_directory }}/{{ item.name }}.key"
  register: openssl_private_key

- name: create | Read certificate
  ansible.builtin.slurp:
    src: "{{ openssl_crt_directory }}/{{ item.name }}.crt"
  register: openssl_certifcate

- name: create | Create combined private_key and certificate file
  ansible.builtin.copy:
    dest: "{{ openssl_key_directory }}/{{ item.name }}.keycrt"
    content: |-
      {{ openssl_private_key.content | b64decode | trim }}
      {{ openssl_certifcate.content | b64decode | trim }}
    mode: "600"
    owner: "{{ openssl_file_owner }}"
    group: "{{ openssl_file_group }}"


Total input tokens: 801
___________________________________________LLM Output:___________________________________________ 
Below you will receive task descriptions from which you should generate an Ansible Playbook.

The generated playbook must be valid inside an Ansible Role under the tasks/ directory (e.g., tasks/main.yml).
Do not include hosts:, vars:, or any playbook-level headers. Only output valid task entries or blocks as expected in a role.

Task 1: Create an SSL private key
Description Task 1: Use the `openssl_privatekey` module to create an SSL private key in the specified path, with the correct permissions and ownership.

Task 2: Create an SSL Certificate Signing Request (CSR)
Description Task 2: Use the `openssl_csr` module to create an SSL Certificate Signing Request (CSR) based on the private key, with the correct permissions and ownership.

Task 3: Create an SSL certificate
Description Task 3: Use the `x509_certificate` module to create an SSL certificate based on the CSR, with the correct permissions and ownership.

Task 4: Create a PKCS#12 file
Description Task 4: Use the `openssl_pkcs12` module to create a PKCS#12 file containing the private key and certificate, with the correct permissions and ownership.

Task 5: Read the private key
Description Task 5: Use the `slurp` module to read the contents of the private key file and store it in a registered variable.

Task 6: Read the certificate
Description Task 6: Use the `slurp` module to read the contents of the certificate file and store it in a registered variable.

Task 7: Create a combined private key and certificate file
Description Task 7: Use the `copy` module to create a new file containing the contents of the private key and certificate files, with the correct permissions and ownership.

Tue Sep 30 18:37:56 2025: /home/studgoetsi5301/documents/ansible_bench/dataset/prompts/ollama_llama3.1:8b_english_exact/benchmark100/ansible-role-openssl-robertdebock/tasks/create_prompt.txt Total generation time: 4.100125783996191


Prompt: You are a professional developer. Below you will find a complete Ansible Playbook. This playbook was generated based on a prompt. Your task is to reconstruct the original prompt that could have been used to generate this playbook.

Important: The only output follows the format below. Do not include any explanations or comments before or after.

The reconstructed prompt must exactly follow the structure below:

"Below you will receive task descriptions from which you should generate an Ansible Playbook.  
The generated playbook must be valid inside an Ansible Role under the tasks/ directory (e.g., tasks/main.yml).  
Do not include hosts:, vars:, or any playbook-level headers. Only output valid task entries or blocks as expected in a role.  

Task 1: ...
Description Task 1: ...

Task 2: ...
Description Task 2: ...

Task 3: ...
Description Task 3: ...
..."

Guidelines:
- Each task should be short and clearly describe one specific action.
- The tasks must match the actual tasks in the playbook **both in content and order**.
- Use the exact terminology and labels as used in the playbook (e.g., “install nginx” instead of “install web server”).
- Provide a more detailed description of the task next to each task
- Include the exact names of variables, handlers, etc. used in the playbook.

Here is the Ansible Playbook:
---
# tasks file for openssl

- name: Import assert.yml
  ansible.builtin.import_tasks:
    file: assert.yml
  run_once: true
  delegate_to: localhost

- name: Install requirements
  ansible.builtin.package:
    name: "{{ openssl_requirements }}"
    state: present

- name: Install pip packages
  ansible.builtin.pip:
    name: "{{ openssl_pip_packages }}"
  when:
    - openssl_pip_packages | length > 0

- name: Create key directory
  ansible.builtin.file:
    path: "{{ openssl_key_directory }}"
    state: directory
    mode: "700"
    owner: "{{ openssl_file_owner }}"
    group: "{{ openssl_file_group }}"

- name: Create csr directory
  ansible.builtin.file:
    path: "{{ openssl_csr_directory }}"
    state: directory
    mode: "755"
    owner: "{{ openssl_file_owner }}"
    group: "{{ openssl_file_group }}"

- name: Create crt directory
  ansible.builtin.file:
    path: "{{ openssl_crt_directory }}"
    state: directory
    mode: "755"
    owner: "{{ openssl_file_owner }}"
    group: "{{ openssl_file_group }}"

- name: Include create.yml
  ansible.builtin.include_tasks:
    file: create.yml
  loop: "{{ openssl_items }}"
  loop_control:
    label: "{{ item.name }}"
  when:
    - openssl_items is defined
    - openssl_items | length > 0

 38%|███▊      | 38/100 [02:17<03:29,  3.38s/it] 39%|███▉      | 39/100 [02:21<03:42,  3.64s/it]
Total input tokens: 591
___________________________________________LLM Output:___________________________________________ 
Below you will receive task descriptions from which you should generate an Ansible Playbook.

Task 1: Import the assert.yml file
Description Task 1: Import the necessary tasks from the assert.yml file, running the task only once and delegating to the localhost.

Task 2: Install required packages
Description Task 2: Install the required packages as specified in the openssl_requirements variable, ensuring they are present on the system.

Task 3: Install pip packages
Description Task 3: Install the pip packages specified in the openssl_pip_packages variable, but only if there are packages to install (i.e., the list is not empty).

Task 4: Create the key directory
Description Task 4: Create the directory for storing keys, with the specified path, mode, owner, and group, as defined in the openssl_key_directory, openssl_file_owner, and openssl_file_group variables.

Task 5: Create the csr directory
Description Task 5: Create the directory for storing certificate signing requests (CSRs), with the specified path, mode, owner, and group, as defined in the openssl_csr_directory, openssl_file_owner, and openssl_file_group variables.

Task 6: Create the crt directory
Description Task 6: Create the directory for storing certificates, with the specified path, mode, owner, and group, as defined in the openssl_crt_directory, openssl_file_owner, and openssl_file_group variables.

Task 7: Include the create.yml tasks
Description Task 7: Include the create.yml tasks for each item in the openssl_items list, looping through the items and using the item name as the loop label, but only if the openssl_items list is defined and not empty.

Tue Sep 30 18:38:00 2025: /home/studgoetsi5301/documents/ansible_bench/dataset/prompts/ollama_llama3.1:8b_english_exact/benchmark100/ansible-role-openssl-robertdebock/tasks/main_prompt.txt Total generation time: 3.8230321489972994


Prompt: You are a professional developer. Below you will find a complete Ansible Playbook. This playbook was generated based on a prompt. Your task is to reconstruct the original prompt that could have been used to generate this playbook.

Important: The only output follows the format below. Do not include any explanations or comments before or after.

The reconstructed prompt must exactly follow the structure below:

"Below you will receive task descriptions from which you should generate an Ansible Playbook.  
The generated playbook must be valid inside an Ansible Role under the tasks/ directory (e.g., tasks/main.yml).  
Do not include hosts:, vars:, or any playbook-level headers. Only output valid task entries or blocks as expected in a role.  

Task 1: ...
Description Task 1: ...

Task 2: ...
Description Task 2: ...

Task 3: ...
Description Task 3: ...
..."

Guidelines:
- Each task should be short and clearly describe one specific action.
- The tasks must match the actual tasks in the playbook **both in content and order**.
- Use the exact terminology and labels as used in the playbook (e.g., “install nginx” instead of “install web server”).
- Provide a more detailed description of the task next to each task
- Include the exact names of variables, handlers, etc. used in the playbook.

Here is the Ansible Playbook:
---
# tasks file for logrotate

- name: Import assert.yml
  ansible.builtin.import_tasks:
    file: assert.yml
  run_once: true
  delegate_to: localhost

- name: Install logrotate
  ansible.builtin.package:
    name: "{{ logrotate_packages }}"
    state: present

- name: Configure logrotate
  ansible.builtin.template:
    src: "{{ logrotate_config_file }}.j2"
    dest: "{{ logrotate_config_directory }}/{{ logrotate_config_file }}"
    mode: "0644"

- name: Generate logrotate.d files
  ansible.builtin.template:
    src: entry.j2
    dest: "{{ logrotate_confd_directory }}/{{ item.name }}"
    mode: "0644"
  loop: "{{ logrotate_entries }}"
  when:
    - logrotate_entries is defined
    - item.state is not defined or item.state != "absent"
  loop_control:
    label: "{{ item.name }}"

- name: Remove logrotate.d files
  ansible.builtin.file:
    path: "{{ logrotate_confd_directory }}/{{ item.name }}"
    state: absent
  loop: "{{ logrotate_entries }}"
  when:
    - logrotate_entries is defined
    - item.state is defined
    - item.state == "absent"
  loop_control:
    label: "{{ item.name }}"

- name: Start logrotate
  ansible.builtin.service:
    name: "{{ logrotate_service }}"
    state: "{{ logrotate_service_state }}"
    enabled: "{{ logrotate_service_enabled }}"
  when:
    - logrotate_service != ""


Total input tokens: 616
___________________________________________LLM Output:___________________________________________ 
Below you will receive task descriptions from which you should generate an Ansible Playbook.

The generated playbook must be valid inside an Ansible Role under the tasks/ directory (e.g., tasks/main.yml).
Do not include hosts:, vars:, or any playbook-level headers. Only output valid task entries or blocks as expected in a role.

Task 1: Import and execute tasks from assert.yml playbook fragment.
Description Task 1: Import an external playbook fragment called assert.yml and execute its tasks only once on the localhost.

Task 2: Install logrotate package.
Description Task 2: Install the logrotate package on the target machine, making sure it is present in the system.

Task 3: Configure logrotate by rendering a template.
Description Task 3: Configure logrotate by rendering a template called logrotate configuration from a source file (with .j2 extension) located in the logrotate config directory, using the logrotate config file name, with permissions set to 0644.

Task 4: Generate logrotate.d files using a template.
Description Task 4: Generate logrotate configuration files in the logrotate conf.d directory, using a template called entry.j2 for each logrotate entry defined in the logrotate entries variable, ensuring that only files that are not marked as absent are created, and using the logrotate entry name as a label for debugging purposes.

Task 5: Remove logrotate.d files.
Description Task 5: Remove logrotate configuration files from the logrotate conf.d directory that are marked as absent in the logrotate entries variable, ensuring that only files that are marked as absent are deleted, and using the logrotate entry name as a label for debugging purposes.

Task 6: Manage logrotate service.
Description Task 6: Manage the logrotate service by ensuring it is running and enabled if the logrotate service name is not empty, using the logrotate service name, service state, and service enabled state.

Tue Sep 30 18:38:04 2025: /home/studgoetsi5301/documents/ansible_bench/dataset/prompts/ollama_llama3.1:8b_english_exact/benchmark100/ansible-role-logrotate/tasks/main_prompt.txt Total generation time: 4.260152234011912


Prompt: You are a professional developer. Below you will find a complete Ansible Playbook. This playbook was generated based on a prompt. Your task is to reconstruct the original prompt that could have been used to generate this playbook.

Important: The only output follows the format below. Do not include any explanations or comments before or after.

The reconstructed prompt must exactly follow the structure below:

"Below you will receive task descriptions from which you should generate an Ansible Playbook.  
The generated playbook must be valid inside an Ansible Role under the tasks/ directory (e.g., tasks/main.yml).  
Do not include hosts:, vars:, or any playbook-level headers. Only output valid task entries or blocks as expected in a role.  

Task 1: ...
Description Task 1: ...

Task 2: ...
Description Task 2: ...

Task 3: ...
Description Task 3: ...
..."

Guidelines:
- Each task should be short and clearly describe one specific action.
- The tasks must match the actual tasks in the playbook **both in content and order**.
- Use the exact terminology and labels as used in the playbook (e.g., “install nginx” instead of “install web server”).
- Provide a more detailed description of the task next to each task
- Include the exact names of variables, handlers, etc. used in the playbook.

Here is the Ansible Playbook:
---
- name: Ensure unzip package is available
  package:
    name: unzip
    state: present
    update_cache: "{{ promtail_apt_update_cache }}"

- name: Create promtail group
  group:
    name: "{{ promtail_system_group }}"
    state: present
    system: True
  when: promtail_system_group != "root"

- name: Create the promtail user
  user:
    name: "{{ promtail_system_user }}"
    group: "{{ promtail_system_group }}"
    groups: "{{ promtail_user_additional_groups }}"
    append: True
    shell: /usr/sbin/nologin
    system: True
    createhome: False
  when: promtail_system_user != "root"

- name: Ensure /usr/local/bin exists
  file:
    path: /usr/local/bin
    state: directory
    mode: 0755

- name: Create config directories
  file:
    path: "{{ item }}"
    state: directory
    owner: root
    group: "{{ promtail_system_group }}"
    mode: 0770
  loop:
    - "{{ promtail_config_dir }}"
    - "{{ promtail_config_file_sd_dir }}"
    - "{{ promtail_positions_directory }}"

- name: Create application dirs
  file:
    path: "{{ item }}"
    state: directory
    owner: "{{ promtail_system_user }}"
    group: "{{ promtail_system_group }}"
    mode: 0755
  with_items:
    - "{{ promtail_install_dir }}"
    - "{{ promtail_install_dir }}/{{ promtail_version }}"

- name: Check promtail binary
  stat:
    path: "{{ promtail_install_dir }}/{{ promtail_version }}/promtail-linux-{{ go_arch }}"
  register: promtail_binary

- name: Download promtail binaries
  get_url:
    url: "{{ promtail_dist_url }}"
    dest: "{{ promtail_tmp_dir }}/{{ promtail_version }}_promtail-linux-{{ go_arch }}.zip"
    force: True
    checksum: "{{ promtail_custom_checksum if promtail_custom_checksum else 'sha256:' + __promtail_checksum }}"
  when:
    - not promtail_binary.stat.exists
    - promtail_binary_local_dir | length == 0
    - not promtail_binary_propagate

- name: Propagate locally distributed promtail archive
  copy:
    src: "{{ promtail_binary_local_dir }}/{{ promtail_version }}_promtail-linux-{{ go_arch }}.zip"
    dest: "{{ promtail_tmp_dir }}/{{ promtail_version }}_promtail-linux-{{ go_arch }}.zip"
    mode: 0755
    owner: root
    group: root
  when:
    - not promtail_binary.stat.exists
    - promtail_binary_local_dir | length > 0
    - not promtail_binary_propagate

- name: Download promtail binaries to controller node
  get_url:
    url: "{{ promtail_dist_url }}"
    dest: "{{ promtail_tmp_dir }}/{{ promtail_version }}_promtail-linux-{{ go_arch }}.zip"
    force: True
    checksum: "{{ promtail_custom_checksum if promtail_custom_checksum else 'sha256:' + __promtail_checksum }}"
  delegate_to: localhost
  run_once: True
  when: promtail_binary_propagate

- name: Propagate promtail binaries
  copy:
    src: "{{ promtail_tmp_dir }}/{{ promtail_version }}_promtail-linux-{{ go_arch }}.zip"
    dest: "{{ promtail_tmp_dir }}/{{ promtail_version }}_promtail-linux-{{ go_arch }}.zip"
    mode: 0755
  when: promtail_binary_propagate

- name: Unpack promtail binaries
  ignore_errors: "{{ ansible_check_mode }}"
  unarchive:
    src: "{{ promtail_tmp_dir }}/{{ promtail_version }}_promtail-linux-{{ go_arch }}.zip"
    dest: "{{ promtail_install_dir }}/{{ promtail_version }}"
    creates: "{{ promtail_install_dir }}/{{ promtail_version }}/promtail-linux-{{ go_arch }}"
    mode: 0755
    remote_src: True

- name: Create symlink to latest version
  notify:
    - Restart promtail
  ignore_errors: "{{ ansible_check_mode }}"
  file:
    state: link
    src: "{{ promtail_install_dir }}/{{ promtail_version }}/promtail-linux-{{ go_arch }}"
    dest: /usr/local/bin/promtail
    mode: 0755

- name: Write config
  notify:
    - Restart promtail
  template:
    src: config.j2
    dest: "{{ promtail_config_file }}"
    owner: root
    group: "{{ promtail_system_group }}"
    mode: 0644
    validate: /usr/local/bin/promtail -config.file %s -check-syntax

- name: Create systemd service unit
  notify:
    - Restart promtail
  template:
    src: "{{ promtail_systemd_service_template_file }}"
    dest: "/etc/systemd/system/{{ promtail_systemd_service }}.service"
    mode: 0644

 40%|████      | 40/100 [02:28<04:42,  4.70s/it]
Total input tokens: 1363
___________________________________________LLM Output:___________________________________________ 
Below you will receive task descriptions from which you should generate an Ansible Playbook.

The generated playbook must be valid inside an Ansible Role under the tasks/ directory (e.g., tasks/main.yml).

Do not include hosts:, vars:, or any playbook-level headers. Only output valid task entries or blocks as expected in a role.

Task 1: Install unzip package and update cache if necessary.
Description Task 1: Ensure the unzip package is available on the system, and update the package cache if it is necessary to do so. The update cache operation will be performed based on the value of the promtail_apt_update_cache variable.

Task 2: Create promtail system group if necessary.
Description Task 2: Create a group named as the promtail_system_group variable, and set its ownership to the system group. This group will be created only if its name is not equal to "root".

Task 3: Create the promtail system user.
Description Task 3: Create a user named as the promtail_system_user variable, and set its ownership and groups based on the promtail_system_group and promtail_user_additional_groups variables. The user will be created only if its name is not equal to "root".

Task 4: Ensure the /usr/local/bin directory exists.
Description Task 4: Create the /usr/local/bin directory with the correct permissions (0755).

Task 5: Create necessary config directories.
Description Task 5: Create directories for promtail configuration and positions files with the correct ownership and permissions.

Task 6: Create application directories.
Description Task 6: Create directories for the promtail installation and its version-specific files with the correct ownership and permissions.

Task 7: Check the existence of the promtail binary.
Description Task 7: Check if the promtail binary exists in the installation directory.

Task 8: Download promtail binaries if necessary.
Description Task 8: Download the promtail binary from the specified URL if it does not exist in the installation directory, or if the locally distributed archive needs to be propagated.

Task 9: Propagate locally distributed promtail archive if necessary.
Description Task 9: Copy the locally distributed promtail archive to the temp directory if it exists and needs to be propagated.

Task 10: Download promtail binaries to controller node if necessary.
Description Task 10: Download the promtail binary to the controller node if the promtail_binary_propagate variable is true.

Task 11: Propagate promtail binaries.
Description Task 11: Copy the promtail binary to the installation directory if the promtail_binary_propagate variable is true.

Task 12: Unpack promtail binaries.
Description Task 12: Unpack the promtail binary from the zip archive.

Task 13: Create a symlink to the latest version.
Description Task 13: Create a symlink to the latest promtail binary in the /usr/local/bin directory.

Task 14: Write the promtail configuration.
Description Task 14: Write the promtail configuration file with the correct ownership and permissions.

Task 15: Create the systemd service unit.
Description Task 15: Create the systemd service unit for promtail with the correct ownership and permissions.

Tue Sep 30 18:38:12 2025: /home/studgoetsi5301/documents/ansible_bench/dataset/prompts/ollama_llama3.1:8b_english_exact/benchmark100/ansible-role-promtail/tasks/install_prompt.txt Total generation time: 7.18217881199962


Prompt: You are a professional developer. Below you will find a complete Ansible Playbook. This playbook was generated based on a prompt. Your task is to reconstruct the original prompt that could have been used to generate this playbook.

Important: The only output follows the format below. Do not include any explanations or comments before or after.

The reconstructed prompt must exactly follow the structure below:

"Below you will receive task descriptions from which you should generate an Ansible Playbook.  
The generated playbook must be valid inside an Ansible Role under the tasks/ directory (e.g., tasks/main.yml).  
Do not include hosts:, vars:, or any playbook-level headers. Only output valid task entries or blocks as expected in a role.  

Task 1: ...
Description Task 1: ...

Task 2: ...
Description Task 2: ...

Task 3: ...
Description Task 3: ...
..."

Guidelines:
- Each task should be short and clearly describe one specific action.
- The tasks must match the actual tasks in the playbook **both in content and order**.
- Use the exact terminology and labels as used in the playbook (e.g., “install nginx” instead of “install web server”).
- Provide a more detailed description of the task next to each task
- Include the exact names of variables, handlers, etc. used in the playbook.

Here is the Ansible Playbook:
---
- name: Assert usage of systemd as an init system
  assert:
    that: ansible_service_mgr == 'systemd'
    msg: "This module only works with systemd"

- block:
    - name: Get latest release
      uri:
        url: "https://api.github.com/repos/grafana/loki/releases/latest"
        method: GET
        return_content: True
        status_code: 200
        body_format: json
        validate_certs: False
        user: "{{ lookup('env', 'GH_USER') | default(omit) }}"
        password: "{{ lookup('env', 'GH_TOKEN') | default(omit) }}"
      no_log: "{{ not lookup('env', 'ANSIBLE_DEBUG') | bool }}"
      register: _latest_release
      until: _latest_release.status == 200
      retries: 5

    - name: "Set promtail version to {{ _latest_release.json.tag_name[1:] }}"
      set_fact:
        promtail_version: "{{ _latest_release.json.tag_name[1:] }}"
  when:
    - promtail_version == "latest"
  delegate_to: localhost
  run_once: True

- block:
  - name: Test if zip local archive exists
    stat:
      path: "{{ promtail_binary_local_dir }}/{{ promtail_version }}_promtail-linux-{{ go_arch }}.zip"
    register: promtail_binary_local_archive
    delegate_to: localhost
    run_once: True

  - name: Assert local binary exists
    assert:
      that: promtail_binary_local_archive.stat.exists
      msg: "When using 'promtail_binary_local_dir' please ensure that the binary exists"

  when:
    - promtail_binary_local_dir | length > 0

- block:
    - name: "Get checksum list"
      set_fact:
        __promtail_checksums: "{{ lookup('url', 'https://github.com/grafana/loki/releases/download/v' + promtail_version + '/SHA256SUMS', wantlist=True) | list }}"
      run_once: True

    - name: "Get checksum for {{ go_arch }} architecture"
      set_fact:
        __promtail_checksum: "{{ item.split(' ')[0] }}"
      with_items: "{{ __promtail_checksums }}"
      when:
        - "('promtail-linux-' + go_arch + '.zip') in item"
  when:
    - promtail_binary_local_dir | length == 0


Total input tokens: 796
___________________________________________LLM Output:___________________________________________ 
Below you will receive task descriptions from which you should generate an Ansible Playbook.

The generated playbook must be valid inside an Ansible Role under the tasks/ directory (e.g., tasks/main.yml).
Do not include hosts:, vars:, or any playbook-level headers. Only output valid task entries or blocks as expected in a role.

Task 1: Assert that systemd is being used as the init system.
Description Task 1: Ensure that the playbook only runs on systems using systemd, and display an error message if it doesn't.

Task 2: Get the latest release of the Grafana Loki project from the GitHub API.
Description Task 2: Retrieve the latest release information from the GitHub API and store it in the variable _latest_release. Ensure the request is successful by checking the status code. If the request fails, retry up to 5 times.

Task 3: Set the promtail version to the latest release tag (excluding the 'v' prefix) if it's set to 'latest'.
Description Task 3: When the promtail version is set to 'latest', update the promtail_version variable to the latest release tag.

Task 4: Test if the zip local archive exists in the specified directory.
Description Task 4: Check if a zip archive for the promtail binary exists in the specified local directory. If the directory is not empty, check if the archive exists.

Task 5: Assert that the local binary exists in the specified directory.
Description Task 5: If the local directory is not empty, verify that the promtail binary archive exists in that directory.

Task 6: Get the checksum list for the latest release.
Description Task 6: Retrieve the checksum list for the latest release from the GitHub API and store it in the variable __promtail_checksums.

Task 7: Get the checksum for the specified architecture.
Description Task 7: From the list of checksums, find the one that matches the specified architecture (promtail-linux-<arch>.zip) and store it in the variable __promtail_checksum. This task is only executed if the local directory is empty. 41%|████      | 41/100 [02:33<04:39,  4.73s/it] 42%|████▏     | 42/100 [02:35<03:46,  3.90s/it] 43%|████▎     | 43/100 [02:39<03:44,  3.94s/it]

Tue Sep 30 18:38:16 2025: /home/studgoetsi5301/documents/ansible_bench/dataset/prompts/ollama_llama3.1:8b_english_exact/benchmark100/ansible-role-promtail/tasks/preflight_prompt.txt Total generation time: 4.8043305309984135


Prompt: You are a professional developer. Below you will find a complete Ansible Playbook. This playbook was generated based on a prompt. Your task is to reconstruct the original prompt that could have been used to generate this playbook.

Important: The only output follows the format below. Do not include any explanations or comments before or after.

The reconstructed prompt must exactly follow the structure below:

"Below you will receive task descriptions from which you should generate an Ansible Playbook.  
The generated playbook must be valid inside an Ansible Role under the tasks/ directory (e.g., tasks/main.yml).  
Do not include hosts:, vars:, or any playbook-level headers. Only output valid task entries or blocks as expected in a role.  

Task 1: ...
Description Task 1: ...

Task 2: ...
Description Task 2: ...

Task 3: ...
Description Task 3: ...
..."

Guidelines:
- Each task should be short and clearly describe one specific action.
- The tasks must match the actual tasks in the playbook **both in content and order**.
- Use the exact terminology and labels as used in the playbook (e.g., “install nginx” instead of “install web server”).
- Provide a more detailed description of the task next to each task
- Include the exact names of variables, handlers, etc. used in the playbook.

Here is the Ansible Playbook:
---
- import_tasks: preflight.yml
  tags:
    - promtail_install
    - promtail

- import_tasks: install.yml
  become: True
  tags:
    - promtail_install
    - promtail

- name: Ensure promtail service is started and enabled
  become: True
  systemd:
    daemon_reload: True
    name: "{{ promtail_systemd_service }}"
    state: started
    enabled: True
  tags:
    - promtail_run
    - promtail


Total input tokens: 392
___________________________________________LLM Output:___________________________________________ 
Below you will receive task descriptions from which you should generate an Ansible Playbook.

Task 1: Import preflight tasks for Promtail installation
Description Task 1: Import preflight tasks for the Promtail installation, including tasks that run before installation, such as configuration checks or setup tasks.

Task 2: Import tasks for installing Promtail
Description Task 2: Import tasks for installing the Promtail service, including the installation of any required packages and configuration files.

Task 3: Ensure Promtail service is started and enabled
Description Task 3: Configure the Promtail service to start automatically on boot and ensure it is running. This includes reloading the systemd daemon to apply any changes made to the service configuration.

Tue Sep 30 18:38:18 2025: /home/studgoetsi5301/documents/ansible_bench/dataset/prompts/ollama_llama3.1:8b_english_exact/benchmark100/ansible-role-promtail/tasks/main_prompt.txt Total generation time: 1.9496702030010056


Prompt: You are a professional developer. Below you will find a complete Ansible Playbook. This playbook was generated based on a prompt. Your task is to reconstruct the original prompt that could have been used to generate this playbook.

Important: The only output follows the format below. Do not include any explanations or comments before or after.

The reconstructed prompt must exactly follow the structure below:

"Below you will receive task descriptions from which you should generate an Ansible Playbook.  
The generated playbook must be valid inside an Ansible Role under the tasks/ directory (e.g., tasks/main.yml).  
Do not include hosts:, vars:, or any playbook-level headers. Only output valid task entries or blocks as expected in a role.  

Task 1: ...
Description Task 1: ...

Task 2: ...
Description Task 2: ...

Task 3: ...
Description Task 3: ...
..."

Guidelines:
- Each task should be short and clearly describe one specific action.
- The tasks must match the actual tasks in the playbook **both in content and order**.
- Use the exact terminology and labels as used in the playbook (e.g., “install nginx” instead of “install web server”).
- Provide a more detailed description of the task next to each task
- Include the exact names of variables, handlers, etc. used in the playbook.

Here is the Ansible Playbook:
---
# tasks file for python_pip

- name: Import assert.yml
  ansible.builtin.import_tasks:
    file: assert.yml
  run_once: true
  delegate_to: localhost

- name: Install python pip
  ansible.builtin.package:
    name: "{{ python_pip_packages }}"
    state: present

- name: Configure pip proxy
  community.general.ini_file:
    path: /etc/pip.conf
    section: global
    option: index-url
    value: "{{ python_pip_proxy }}"
    mode: "0644"
  when:
    - python_pip_proxy is defined

- name: Trust hosts
  community.general.ini_file:
    path: /etc/pip.conf
    section: global
    option: trusted-host
    value: "{{ python_pip_trusted_host }}"
    mode: "0644"
  when:
    - python_pip_trusted_host is defined

- name: Update pip.
  ansible.builtin.pip:
    name: "{{ python_pip_pip_package }}"
    state: "{{ python_pip_pip_state }}"  # noqa package-latest
    executable: "{{ python_pip_executable | default(omit) }}"
  when:
    - python_pip_update
    - ansible_distribution_release not in [ "bookworm", "noble" ]
    - ansible_os_family != "Alpine"

- name: Install requested modules
  ansible.builtin.pip:
    name: "{{ item.name }}"
    state: "{{ item.state | default('present') }}"
    version: "{{ item.version | default(omit) }}"
    executable: "{{ python_pip_executable | default(omit) }}"
  loop: "{{ python_pip_modules }}"
  loop_control:
    label: "{{ item.name }}"
  when:
    - ansible_distribution_release not in [ "bookworm", "noble" ]
    - ansible_os_family != "Alpine"


Total input tokens: 680
___________________________________________LLM Output:___________________________________________ 
Below you will receive task descriptions from which you should generate an Ansible Playbook.

The generated playbook must be valid inside an Ansible Role under the tasks/ directory (e.g., tasks/main.yml).
Do not include hosts:, vars:, or any playbook-level headers. Only output valid task entries or blocks as expected in a role.

Task 1: Import assert.yml file into the playbook.
Description Task 1: Import the required tasks from the assert.yml file, and run it only once on the localhost.

Task 2: Install python pip packages.
Description Task 2: Install the python pip packages specified in the python_pip_packages variable.

Task 3: Configure pip proxy settings.
Description Task 3: Configure the pip proxy settings in the /etc/pip.conf file, using the python_pip_proxy variable, and apply the changes only if the variable is defined.

Task 4: Configure pip trusted host settings.
Description Task 4: Configure the pip trusted host settings in the /etc/pip.conf file, using the python_pip_trusted_host variable, and apply the changes only if the variable is defined.

Task 5: Update pip to the specified version.
Description Task 5: Update pip to the version specified in the python_pip_pip_package variable, and only do so if the python_pip_update variable is defined, the distribution release is not "bookworm" or "noble", and the operating system family is not Alpine.

Task 6: Install requested Python modules.
Description Task 6: Install the Python modules specified in the python_pip_modules variable, and only do so if the distribution release is not "bookworm" or "noble", and the operating system family is not Alpine.

Tue Sep 30 18:38:22 2025: /home/studgoetsi5301/documents/ansible_bench/dataset/prompts/ollama_llama3.1:8b_english_exact/benchmark100/ansible-role-python_pip/tasks/main_prompt.txt Total generation time: 4.023694332994637


Prompt: You are a professional developer. Below you will find a complete Ansible Playbook. This playbook was generated based on a prompt. Your task is to reconstruct the original prompt that could have been used to generate this playbook.

Important: The only output follows the format below. Do not include any explanations or comments before or after.

The reconstructed prompt must exactly follow the structure below:

"Below you will receive task descriptions from which you should generate an Ansible Playbook.  
The generated playbook must be valid inside an Ansible Role under the tasks/ directory (e.g., tasks/main.yml).  
Do not include hosts:, vars:, or any playbook-level headers. Only output valid task entries or blocks as expected in a role.  

Task 1: ...
Description Task 1: ...

Task 2: ...
Description Task 2: ...

Task 3: ...
Description Task 3: ...
..."

Guidelines:
- Each task should be short and clearly describe one specific action.
- The tasks must match the actual tasks in the playbook **both in content and order**.
- Use the exact terminology and labels as used in the playbook (e.g., “install nginx” instead of “install web server”).
- Provide a more detailed description of the task next to each task
- Include the exact names of variables, handlers, etc. used in the playbook.

Here is the Ansible Playbook:
---

- name: locations | Enable modules
  community.general.apache2_module:
    name: "{{ item }}"
    state: present
  loop:
    - proxy
    - proxy_http
  when:
    - ansible_os_family in [ "Debian", "Suse" ]

- name: locations | Configure locations
  ansible.builtin.template:
    src: location.conf.j2
    dest: "{{ httpd_config_directory }}/{{ item.name }}.conf"
    mode: "0644"
  loop: "{{ httpd_locations }}"
  loop_control:
    label: "{{ item.name }}"
  notify:
    - Test httpd configuration validity
    - Restart httpd

 44%|████▍     | 44/100 [02:41<03:05,  3.32s/it] 45%|████▌     | 45/100 [02:42<02:34,  2.81s/it]
Total input tokens: 422
___________________________________________LLM Output:___________________________________________ 
Below you will receive task descriptions from which you should generate an Ansible Playbook.

Task 1: Enable specific Apache2 modules
Description Task 1: Enable the proxy and proxy_http modules in Apache2, but only on Debian and Suse systems, by using the community.general.apache2_module module.

Task 2: Configure Apache2 locations
Description Task 2: Configure Apache2 locations by templating a location.conf.j2 file and copying it to the httpd config directory, and set its permissions to 0644. The template should be looped over the httpd_locations list and the label should be set to the location name. Also, notify the handlers to test and restart httpd.

Tue Sep 30 18:38:24 2025: /home/studgoetsi5301/documents/ansible_bench/dataset/prompts/ollama_llama3.1:8b_english_exact/benchmark100/ansible-role-httpd/tasks/locations_prompt.txt Total generation time: 1.870518148993142


Prompt: You are a professional developer. Below you will find a complete Ansible Playbook. This playbook was generated based on a prompt. Your task is to reconstruct the original prompt that could have been used to generate this playbook.

Important: The only output follows the format below. Do not include any explanations or comments before or after.

The reconstructed prompt must exactly follow the structure below:

"Below you will receive task descriptions from which you should generate an Ansible Playbook.  
The generated playbook must be valid inside an Ansible Role under the tasks/ directory (e.g., tasks/main.yml).  
Do not include hosts:, vars:, or any playbook-level headers. Only output valid task entries or blocks as expected in a role.  

Task 1: ...
Description Task 1: ...

Task 2: ...
Description Task 2: ...

Task 3: ...
Description Task 3: ...
..."

Guidelines:
- Each task should be short and clearly describe one specific action.
- The tasks must match the actual tasks in the playbook **both in content and order**.
- Use the exact terminology and labels as used in the playbook (e.g., “install nginx” instead of “install web server”).
- Provide a more detailed description of the task next to each task
- Include the exact names of variables, handlers, etc. used in the playbook.

Here is the Ansible Playbook:
---

- name: directories | Create directories
  ansible.builtin.file:
    path: "{{ item.path }}"
    state: directory
    mode: "0755"
  loop: "{{ httpd_directories }}"
  loop_control:
    label: "{{ item.path }}"

- name: directories | Configure directories
  ansible.builtin.template:
    src: directory.conf.j2
    dest: "{{ httpd_config_directory }}/{{ item.name }}.conf"
    mode: "0644"
  loop: "{{ httpd_directories }}"
  loop_control:
    label: "{{ item.name }}"
  notify:
    - Test httpd configuration validity
    - Restart httpd


Total input tokens: 420
___________________________________________LLM Output:___________________________________________ 
Below you will receive task descriptions from which you should generate an Ansible Playbook.

Task 1: Create specified directories with the correct permissions.
Description Task 1: Create the required system directories for the HTTP server with the specified path, mode, and ensure they exist.

Task 2: Configure directory configurations for HTTP server.
Description Task 2: Generate the directory configurations for the HTTP server by templating the directory.conf.j2 file and place it in the specified configuration directory with the correct mode, using the list of directories to loop through and configure each one.

Tue Sep 30 18:38:26 2025: /home/studgoetsi5301/documents/ansible_bench/dataset/prompts/ollama_llama3.1:8b_english_exact/benchmark100/ansible-role-httpd/tasks/directories_prompt.txt Total generation time: 1.6175338570028543


Prompt: You are a professional developer. Below you will find a complete Ansible Playbook. This playbook was generated based on a prompt. Your task is to reconstruct the original prompt that could have been used to generate this playbook.

Important: The only output follows the format below. Do not include any explanations or comments before or after.

The reconstructed prompt must exactly follow the structure below:

"Below you will receive task descriptions from which you should generate an Ansible Playbook.  
The generated playbook must be valid inside an Ansible Role under the tasks/ directory (e.g., tasks/main.yml).  
Do not include hosts:, vars:, or any playbook-level headers. Only output valid task entries or blocks as expected in a role.  

Task 1: ...
Description Task 1: ...

Task 2: ...
Description Task 2: ...

Task 3: ...
Description Task 3: ...
..."

Guidelines:
- Each task should be short and clearly describe one specific action.
- The tasks must match the actual tasks in the playbook **both in content and order**.
- Use the exact terminology and labels as used in the playbook (e.g., “install nginx” instead of “install web server”).
- Provide a more detailed description of the task next to each task
- Include the exact names of variables, handlers, etc. used in the playbook.

Here is the Ansible Playbook:
---
# tasks file for httpd

- name: Import assert.yml
  ansible.builtin.import_tasks:
    file: assert.yml
  run_once: true
  delegate_to: localhost

- name: Install apache httpd
  ansible.builtin.package:
    name: "{{ httpd_packages }}"
    state: present

- name: Configure selinux
  when:
    - ansible_selinux.status is defined
    - ansible_selinux.status == "enabled"
  block:
    - name: Modify selinux settings
      ansible.posix.seboolean:
        name: "{{ item }}"
        state: true
        persistent: true
      when:
        - ansible_selinux.status is defined
        - ansible_selinux.status == "enabled"
      loop: "{{ httpd_sebooleans }}"

    - name: Allow connections to custom port
      community.general.seport:
        ports: "{{ item }}"
        proto: tcp
        setype: http_port_t
        state: present
      loop:
        - "{{ httpd_port }}"
        - "{{ httpd_ssl_port | default(omit) }}"

- name: Configure httpd
  ansible.builtin.template:
    src: "{{ httpd_config_src }}"
    dest: "{{ httpd_config_dest }}"
    mode: "0644"
  notify:
    - Test httpd configuration validity
    - Restart httpd

- name: Activate httpd module | Debian
  ansible.builtin.command:
    cmd: "a2enmod {{ item }}"
  changed_when: false
  loop: "{{ httpd_modules_to_activate_with_command }}"
  when:
    - ansible_os_family == 'Debian'
  notify:
    - Test httpd configuration validity

- name: Import ssl.yml
  ansible.builtin.import_tasks:
    file: ssl.yml
  when:
    - https_ssl_enable

- name: Import locations.yml
  ansible.builtin.import_tasks:
    file: locations.yml
  when:
    - httpd_locations is defined

- name: Import vhosts.yml
  ansible.builtin.import_tasks:
    file: vhosts.yml
  when:
    - httpd_vhosts is defined

- name: Configure ports
  ansible.builtin.template:
    src: "{{ httpd_ports_conf }}.j2"
    dest: "{{ httpd_server_root }}/{{ httpd_ports_conf }}"
    mode: "0644"
  notify:
    - Test httpd configuration validity
    - Restart httpd
  when:
    - ansible_os_family in [ "Debian", "Suse" ]

- name: Import directories.yml
  ansible.builtin.import_tasks:
    file: directories.yml
  when:
    - httpd_directories is defined

- name: Flush handlers
  ansible.builtin.meta: flush_handlers

- name: Removing default html
  ansible.builtin.file:
    path: "{{ httpd_data_directory }}/index.html"
    state: absent
  when:
    - httpd_remove_example

- name: Start and enable httpd
  ansible.builtin.service:
    name: "{{ httpd_service }}"
    state: started
    enabled: true


Total input tokens: 932
___________________________________________LLM Output:___________________________________________ 
Below you will receive task descriptions from which you should generate an Ansible Playbook.

The generated playbook must be valid inside an Ansible Role under the tasks/ directory (e.g., tasks/main.yml).

Do not include hosts:, vars:, or any playbook-level headers. Only output valid task entries or blocks as expected in a role.

Task 1: Import necessary tasks from assert.yml for the httpd role.
Description Task 1: The playbook should import tasks from assert.yml to validate the httpd role setup, and this task should only run once on the localhost.

Task 2: Install the Apache HTTP Server on the target machine.
Description Task 2: The task should use the ansible.builtin.package module to install the Apache HTTP Server with the httpd_packages variable, and it should ensure the package is present on the target machine.

Task 3: Configure SELinux settings for the httpd service if SELinux is enabled on the target machine.
Description Task 3: The task should only run if SELinux is enabled on the target machine. It should then modify SELinux settings for the httpd service by enabling specific booleans defined in the httpd_sebooleans variable, and it should allow connections to custom ports defined in the httpd_port variable, as well as the SSL port if it's defined.

Task 4: Configure the Apache HTTP Server on the target machine.
Description Task 4: The task should use the ansible.builtin.template module to configure the Apache HTTP Server by generating a configuration file from a template defined in the httpd_config_src variable, and it should ensure the configuration file has the correct permissions and mode. The task should also notify two handlers: Test httpd configuration validity and Restart httpd.

Task 5: Activate specific Apache HTTP Server modules on Debian-based systems using the a2enmod command.
Description Task 5: The task should only run on Debian-based systems, and it should use the ansible.builtin.command module to activate specific Apache HTTP Server modules defined in the httpd_modules_to_activate_with_command variable using the a2enmod command. The task should also notify the Test httpd configuration validity handler.

Task 6: Import tasks related to SSL configuration if the https_ssl_enable variable is defined.
Description Task 6: The task should only run if the https_ssl_enable variable is defined, and it should import tasks from the ssl.yml file to configure SSL for the Apache HTTP Server.

Task 7: Import tasks related to locations configuration if the httpd_locations variable is defined.
Description Task 7: The task should only run if the httpd_locations variable is defined, and it should import tasks from the locations.yml file to configure locations for the Apache HTTP Server.

Task 8: Import tasks related to virtual hosts configuration if the httpd_vhosts variable is defined.
Description Task 8: The task should only run if the httpd_vhosts variable is defined, and it should import tasks from the vhosts.yml file to configure virtual hosts for the Apache HTTP Server.

Task 9: Configure custom ports for the Apache HTTP Server on Debian-based and Suse-based systems.
Description Task 9: The task should only run on Debian-based and Suse-based systems, and it should use the ansible.builtin.template module to configure custom ports for the Apache HTTP Server by generating a configuration file from a template defined in the httpd_ports_conf variable. The task should also notify two handlers: Test httpd configuration validity and Restart httpd.

Task 10: Import tasks related to directories configuration if the httpd_directories variable is defined.
Description Task 10: The task should only run if the httpd_directories variable is defined, and it should import tasks from the directories.yml file to configure directories for the Apache HTTP Server.

Task 11: Flush handlers to ensure that any pending handlers are executed.
Description Task 11: The task should use the ansible.builtin.meta module to flush handlers, ensuring that any pending handlers are executed.

Task 12: Remove the default index.html file from the Apache HTTP Server's data directory if the httpd_remove_example variable is defined.
Description Task 12: The task should only run if the httpd_remove_example variable is defined, and it should use the ansible.builtin.file module to remove the default index.html file from the Apache HTTP Server's data directory.

Task 13: Start and enable the Apache HTTP Server service.
Description Task 13: The task should use the ansible.builtin.service module to start and enable the Apache HTTP Server service, ensuring it is running and enabled on the target machine. 46%|████▌     | 46/100 [02:52<04:24,  4.89s/it] 47%|████▋     | 47/100 [02:55<03:43,  4.21s/it] 48%|████▊     | 48/100 [02:57<03:14,  3.74s/it]

Tue Sep 30 18:38:36 2025: /home/studgoetsi5301/documents/ansible_bench/dataset/prompts/ollama_llama3.1:8b_english_exact/benchmark100/ansible-role-httpd/tasks/main_prompt.txt Total generation time: 9.762650374992518


Prompt: You are a professional developer. Below you will find a complete Ansible Playbook. This playbook was generated based on a prompt. Your task is to reconstruct the original prompt that could have been used to generate this playbook.

Important: The only output follows the format below. Do not include any explanations or comments before or after.

The reconstructed prompt must exactly follow the structure below:

"Below you will receive task descriptions from which you should generate an Ansible Playbook.  
The generated playbook must be valid inside an Ansible Role under the tasks/ directory (e.g., tasks/main.yml).  
Do not include hosts:, vars:, or any playbook-level headers. Only output valid task entries or blocks as expected in a role.  

Task 1: ...
Description Task 1: ...

Task 2: ...
Description Task 2: ...

Task 3: ...
Description Task 3: ...
..."

Guidelines:
- Each task should be short and clearly describe one specific action.
- The tasks must match the actual tasks in the playbook **both in content and order**.
- Use the exact terminology and labels as used in the playbook (e.g., “install nginx” instead of “install web server”).
- Provide a more detailed description of the task next to each task
- Include the exact names of variables, handlers, etc. used in the playbook.

Here is the Ansible Playbook:
---
- name: vhosts | Create docroot
  ansible.builtin.file:
    path: "{{ item.documentroot }}"
    state: directory
    mode: "0755"
  loop: "{{ httpd_vhosts }}"
  loop_control:
    label: "{{ item.name }}"
  when:
    - httpd_vhosts is defined
    - item.documentroot is defined
    - item.create_docroot is not defined or item.create_docroot

- name: vhosts | Configure vhosts
  ansible.builtin.template:
    src: "{{ vhost_conf_template }}"
    dest: "{{ httpd_vhosts_directory }}/{{ item.name }}.conf"
    mode: "0644"
  loop: "{{ httpd_vhosts }}"
  loop_control:
    label: "{{ item.name }}"
  notify:
    - Test httpd configuration validity
    - Restart httpd

- name: vhosts | Enable vhosts
  ansible.builtin.command:
    cmd: "a2ensite {{ item.name }}"
    creates: "{{ httpd_vhosts_enabled_directory }}/{{ item.name }}.conf"
  loop: "{{ httpd_vhosts }}"
  loop_control:
    label: "{{ item.name }}"
  when:
    - ansible_os_family == 'Debian'
  notify:
    - Test httpd configuration validity
    - Restart httpd


Total input tokens: 557
___________________________________________LLM Output:___________________________________________ 
Below you will receive task descriptions from which you should generate an Ansible Playbook.

The generated playbook must be valid inside an Ansible Role under the tasks/ directory (e.g., tasks/main.yml).
Do not include hosts:, vars:, or any playbook-level headers. Only output valid task entries or blocks as expected in a role.

Task 1: Create the document root directory for each vhost
Description Task 1: Create the directory for the document root of each vhost defined in the httpd_vhosts list, with the specified mode.

Task 2: Configure the Apache vhost configuration files
Description Task 2: Copy the vhost configuration template to the Apache configuration directory for each vhost, using the vhost_conf_template as the source and the vhost name as the destination file name.

Task 3: Enable Apache vhosts on Debian systems
Description Task 3: Enable each vhost on Debian systems by running the a2ensite command with the vhost name as an argument, creating the corresponding symbolic link in the Apache vhosts-enabled directory.

Tue Sep 30 18:38:38 2025: /home/studgoetsi5301/documents/ansible_bench/dataset/prompts/ollama_llama3.1:8b_english_exact/benchmark100/ansible-role-httpd/tasks/vhosts_prompt.txt Total generation time: 2.6045907430088846


Prompt: You are a professional developer. Below you will find a complete Ansible Playbook. This playbook was generated based on a prompt. Your task is to reconstruct the original prompt that could have been used to generate this playbook.

Important: The only output follows the format below. Do not include any explanations or comments before or after.

The reconstructed prompt must exactly follow the structure below:

"Below you will receive task descriptions from which you should generate an Ansible Playbook.  
The generated playbook must be valid inside an Ansible Role under the tasks/ directory (e.g., tasks/main.yml).  
Do not include hosts:, vars:, or any playbook-level headers. Only output valid task entries or blocks as expected in a role.  

Task 1: ...
Description Task 1: ...

Task 2: ...
Description Task 2: ...

Task 3: ...
Description Task 3: ...
..."

Guidelines:
- Each task should be short and clearly describe one specific action.
- The tasks must match the actual tasks in the playbook **both in content and order**.
- Use the exact terminology and labels as used in the playbook (e.g., “install nginx” instead of “install web server”).
- Provide a more detailed description of the task next to each task
- Include the exact names of variables, handlers, etc. used in the playbook.

Here is the Ansible Playbook:
---
- name: ssl | Install ssl packages
  ansible.builtin.package:
    name: "{{ httpd_ssl_packages }}"
    state: present

- name: ssl | Place configuration
  ansible.builtin.template:
    src: ssl.conf.j2
    dest: "{{ httpd_config_directory }}/ssl.conf"
    mode: "0644"
  notify:
    - Test httpd configuration validity
    - Restart httpd

- name: ssl | Configure redirect from http to https
  ansible.builtin.template:
    src: default_vhost.conf.j2
    dest: "{{ httpd_config_directory }}/{{ default_vhost_conf }}"
    mode: "0644"
  notify:
    - Test httpd configuration validity
    - Restart httpd


Total input tokens: 438
___________________________________________LLM Output:___________________________________________ 
Below you will receive task descriptions from which you should generate an Ansible Playbook.

Task 1: Install required SSL packages.
Description Task 1: Install the necessary SSL-related packages on the target system, where the package names are stored in the `httpd_ssl_packages` variable.

Task 2: Place SSL configuration file.
Description Task 2: Copy the SSL configuration template to the correct location in the Apache configuration directory (`httpd_config_directory`), renaming it to `ssl.conf`, and ensure it has the correct permissions (`0644`). Additionally, this task triggers a handler to test the Apache configuration's validity and, if necessary, restart the service.

Task 3: Configure HTTP to HTTPS redirect.
Description Task 3: Copy the template for the default Apache vhost configuration (`default_vhost_conf`) to the Apache configuration directory (`httpd_config_directory`), renaming it to match the default vhost configuration's filename, and ensure it has the correct permissions (`0644`). This task also triggers a handler to test the Apache configuration's validity and, if necessary, restart the service.

Tue Sep 30 18:38:41 2025: /home/studgoetsi5301/documents/ansible_bench/dataset/prompts/ollama_llama3.1:8b_english_exact/benchmark100/ansible-role-httpd/tasks/ssl_prompt.txt Total generation time: 2.650460158009082


Prompt: You are a professional developer. Below you will find a complete Ansible Playbook. This playbook was generated based on a prompt. Your task is to reconstruct the original prompt that could have been used to generate this playbook.

Important: The only output follows the format below. Do not include any explanations or comments before or after.

The reconstructed prompt must exactly follow the structure below:

"Below you will receive task descriptions from which you should generate an Ansible Playbook.  
The generated playbook must be valid inside an Ansible Role under the tasks/ directory (e.g., tasks/main.yml).  
Do not include hosts:, vars:, or any playbook-level headers. Only output valid task entries or blocks as expected in a role.  

Task 1: ...
Description Task 1: ...

Task 2: ...
Description Task 2: ...

Task 3: ...
Description Task 3: ...
..."

Guidelines:
- Each task should be short and clearly describe one specific action.
- The tasks must match the actual tasks in the playbook **both in content and order**.
- Use the exact terminology and labels as used in the playbook (e.g., “install nginx” instead of “install web server”).
- Provide a more detailed description of the task next to each task
- Include the exact names of variables, handlers, etc. used in the playbook.

Here is the Ansible Playbook:
---
# tasks file for redis

- name: Import assert.yml
  ansible.builtin.import_tasks:
    file: assert.yml
  run_once: true
  delegate_to: localhost

- name: Enable redis module stream (RHEL 8)
  ansible.builtin.dnf:
    name: redis
    state: enabled
  when:
    - ansible_os_family == "RedHat"
    - ansible_distribution_major_version == "8"

- name: Install redis
  ansible.builtin.package:
    name: "{{ redis_packages }}"
    state: present

- name: Configure redis
  ansible.builtin.template:
    src: "redis.conf-{{ ansible_distribution }}.j2"
    dest: "{{ redis_configuration_directory }}/{{ redis_configuration_file }}"
    owner: "{{ redis_owner }}"
    group: "{{ redis_group }}"
    mode: "{{ redis_mode }}"
  notify:
    - Restart redis

- name: Start and enable redis
  ansible.builtin.service:
    name: "{{ redis_service }}"
    state: started
    enabled: true

 49%|████▉     | 49/100 [03:00<02:55,  3.44s/it] 50%|█████     | 50/100 [03:04<02:57,  3.55s/it]
Total input tokens: 499
___________________________________________LLM Output:___________________________________________ 
Below you will receive task descriptions from which you should generate an Ansible Playbook.

Task 1: Import assert.yml
Description Task 1: Import an external task file named "assert.yml" to the playbook, run it only once, and delegate the execution to the localhost.

Task 2: Enable redis module stream (RHEL 8)
Description Task 2: Enable the "redis" package using DNF on RedHat 8 systems.

Task 3: Install redis
Description Task 3: Install the Redis package using Ansible's package module, specifying the package name based on the "redis_packages" variable.

Task 4: Configure redis
Description Task 4: Configure Redis by copying a template file to the specified configuration directory, setting the owner, group, and mode based on the "redis_owner", "redis_group", and "redis_mode" variables, respectively. Notify the "Restart redis" handler after this task.

Task 5: Start and enable redis
Description Task 5: Start and enable the Redis service using Ansible's service module, specifying the service name based on the "redis_service" variable.

Tue Sep 30 18:38:44 2025: /home/studgoetsi5301/documents/ansible_bench/dataset/prompts/ollama_llama3.1:8b_english_exact/benchmark100/ansible-role-redis/tasks/main_prompt.txt Total generation time: 2.7289395660045557


Prompt: You are a professional developer. Below you will find a complete Ansible Playbook. This playbook was generated based on a prompt. Your task is to reconstruct the original prompt that could have been used to generate this playbook.

Important: The only output follows the format below. Do not include any explanations or comments before or after.

The reconstructed prompt must exactly follow the structure below:

"Below you will receive task descriptions from which you should generate an Ansible Playbook.  
The generated playbook must be valid inside an Ansible Role under the tasks/ directory (e.g., tasks/main.yml).  
Do not include hosts:, vars:, or any playbook-level headers. Only output valid task entries or blocks as expected in a role.  

Task 1: ...
Description Task 1: ...

Task 2: ...
Description Task 2: ...

Task 3: ...
Description Task 3: ...
..."

Guidelines:
- Each task should be short and clearly describe one specific action.
- The tasks must match the actual tasks in the playbook **both in content and order**.
- Use the exact terminology and labels as used in the playbook (e.g., “install nginx” instead of “install web server”).
- Provide a more detailed description of the task next to each task
- Include the exact names of variables, handlers, etc. used in the playbook.

Here is the Ansible Playbook:
---

- name: create | Create ssl key
  community.crypto.openssl_privatekey:
    path: "{{ openssl_key_directory }}/{{ item.name }}.key"
    mode: "640"
    owner: "{{ openssl_file_owner }}"
    group: "{{ openssl_file_group }}"

- name: create | Create ssl csr
  community.crypto.openssl_csr:
    path: "{{ openssl_csr_directory }}/{{ item.name }}.csr"
    privatekey_path: "{{ openssl_key_directory }}/{{ item.name }}.key"
    common_name: "{{ item.common_name }}"
    mode: "644"
    owner: "{{ openssl_file_owner }}"
    group: "{{ openssl_file_group }}"

- name: create | Create ssl certificates
  community.crypto.x509_certificate:
    path: "{{ openssl_crt_directory }}/{{ item.name }}.crt"
    privatekey_path: "{{ openssl_key_directory }}/{{ item.name }}.key"
    csr_path: "{{ openssl_csr_directory }}/{{ item.name }}.csr"
    provider: selfsigned
    mode: "644"
    owner: "{{ openssl_file_owner }}"
    group: "{{ openssl_file_group }}"

- name: create | Create PKCS#12 file
  community.crypto.openssl_pkcs12:
    action: export
    path: "{{ openssl_key_directory }}/{{ item.name }}.p12"
    friendly_name: "{{ item.name }}"
    privatekey_path: "{{ openssl_key_directory }}/{{ item.name }}.key"
    certificate_path: "{{ openssl_crt_directory }}/{{ item.name }}.crt"
    state: present
    mode: "640"
    owner: "{{ openssl_file_owner }}"
    group: "{{ openssl_file_group }}"

- name: create | Read private key
  ansible.builtin.slurp:
    src: "{{ openssl_key_directory }}/{{ item.name }}.key"
  register: openssl_private_key

- name: create | Read certificate
  ansible.builtin.slurp:
    src: "{{ openssl_crt_directory }}/{{ item.name }}.crt"
  register: openssl_certifcate

- name: create | Create combined private_key and certificate file
  ansible.builtin.copy:
    dest: "{{ openssl_key_directory }}/{{ item.name }}.keycrt"
    content: |-
      {{ openssl_private_key.content | b64decode | trim }}
      {{ openssl_certifcate.content | b64decode | trim }}
    mode: "640"
    owner: "{{ openssl_file_owner }}"
    group: "{{ openssl_file_group }}"


Total input tokens: 801
___________________________________________LLM Output:___________________________________________ 
Below you will receive task descriptions from which you should generate an Ansible Playbook.

The generated playbook must be valid inside an Ansible Role under the tasks/ directory (e.g., tasks/main.yml).

Do not include hosts:, vars:, or any playbook-level headers. Only output valid task entries or blocks as expected in a role.

Task 1: Create an SSL private key.
Description Task 1: Generate an SSL private key in the specified path, with custom permissions, owner, and group.

Task 2: Create an SSL Certificate Signing Request (CSR).
Description Task 2: Create a CSR from the generated private key, specifying the common name, permissions, owner, and group.

Task 3: Create SSL certificates.
Description Task 3: Generate SSL certificates from the CSR, specifying the provider as self-signed, and custom permissions, owner, and group.

Task 4: Create a PKCS#12 file.
Description Task 4: Export the private key and certificate to a PKCS#12 file with a friendly name, specifying custom permissions, owner, and group.

Task 5: Read the private key.
Description Task 5: Use the slurp module to read the contents of the private key file, registering the output as a variable.

Task 6: Read the certificate.
Description Task 6: Use the slurp module to read the contents of the certificate file, registering the output as a variable.

Task 7: Create a combined private key and certificate file.
Description Task 7: Use the copy module to create a new file containing the private key and certificate, specifying custom permissions, owner, and group.

Tue Sep 30 18:38:47 2025: /home/studgoetsi5301/documents/ansible_bench/dataset/prompts/ollama_llama3.1:8b_english_exact/benchmark100/ansible-role-openssl/tasks/create_prompt.txt Total generation time: 3.8185540870035766


Prompt: You are a professional developer. Below you will find a complete Ansible Playbook. This playbook was generated based on a prompt. Your task is to reconstruct the original prompt that could have been used to generate this playbook.

Important: The only output follows the format below. Do not include any explanations or comments before or after.

The reconstructed prompt must exactly follow the structure below:

"Below you will receive task descriptions from which you should generate an Ansible Playbook.  
The generated playbook must be valid inside an Ansible Role under the tasks/ directory (e.g., tasks/main.yml).  
Do not include hosts:, vars:, or any playbook-level headers. Only output valid task entries or blocks as expected in a role.  

Task 1: ...
Description Task 1: ...

Task 2: ...
Description Task 2: ...

Task 3: ...
Description Task 3: ...
..."

Guidelines:
- Each task should be short and clearly describe one specific action.
- The tasks must match the actual tasks in the playbook **both in content and order**.
- Use the exact terminology and labels as used in the playbook (e.g., “install nginx” instead of “install web server”).
- Provide a more detailed description of the task next to each task
- Include the exact names of variables, handlers, etc. used in the playbook.

Here is the Ansible Playbook:
---
# tasks file for openssl

- name: Check if python is installed
  ansible.builtin.command: which python
  register: python_executable
  ignore_errors: true
  changed_when: false

- name: Check if python3 is installed
  ansible.builtin.command: which python3
  register: python3_executable
  ignore_errors: true
  changed_when: false

- name: Debug Python executable path
  ansible.builtin.debug:
    var: python_executable.stdout

- name: Debug Python3 executable path
  ansible.builtin.debug:
    var: python3_executable.stdout

- name: Import assert.yml
  ansible.builtin.import_tasks: assert.yml
  run_once: true
  delegate_to: localhost

- name: Install requirements
  ansible.builtin.package:
    name: "{{ openssl_requirements }}"
    state: present

- name: Ensure packaging is available via dnf
  ansible.builtin.package:
    name: python3-packaging
    state: present

- name: Install pip packages
  ansible.builtin.pip:
    name: "{{ openssl_pip_packages }}"
    # break_system_packages: true

- name: Create key directory
  ansible.builtin.file:
    path: "{{ openssl_key_directory }}"
    state: directory
    mode: "750"
    owner: "{{ openssl_file_owner }}"
    group: "{{ openssl_file_group }}"

- name: Create csr directory
  ansible.builtin.file:
    path: "{{ openssl_csr_directory }}"
    state: directory
    mode: "755"
    owner: "{{ openssl_file_owner }}"
    group: "{{ openssl_file_group }}"

- name: Create crt directory
  ansible.builtin.file:
    path: "{{ openssl_crt_directory }}"
    state: directory
    mode: "755"
    owner: "{{ openssl_file_owner }}"
    group: "{{ openssl_file_group }}"

- name: Include create.yml
  ansible.builtin.include_tasks:
    file: create.yml
  loop: "{{ openssl_items }}"
  loop_control:
    label: "{{ item.name }}"
  when:
    - openssl_items is defined
    - openssl_items | length > 0

 51%|█████     | 51/100 [03:09<03:20,  4.10s/it] 52%|█████▏    | 52/100 [03:11<02:47,  3.48s/it]
Total input tokens: 734
___________________________________________LLM Output:___________________________________________ 
Below you will receive task descriptions from which you should generate an Ansible Playbook.

The generated playbook must be valid inside an Ansible Role under the tasks/ directory (e.g., tasks/main.yml).
Do not include hosts:, vars:, or any playbook-level headers. Only output valid task entries or blocks as expected in a role.

Task 1: Check if python is installed
Description Task 1: Verify the presence of the python executable on the system.

Task 2: Check if python3 is installed
Description Task 2: Confirm the installation of python3 on the system.

Task 3: Debug Python executable path
Description Task 3: Display the path of the python executable found in the previous step for debugging purposes.

Task 4: Debug Python3 executable path
Description Task 4: Display the path of the python3 executable found in the previous step for debugging purposes.

Task 5: Import assert.yml
Description Task 5: Include the tasks defined in the assert.yml file for further assertions or checks, limiting this task to run once on the localhost.

Task 6: Install requirements
Description Task 6: Install the OpenSSL requirements specified by the openssl_requirements variable, making sure they are present on the system.

Task 7: Ensure packaging is available via dnf
Description Task 7: Install the python3-packaging package to ensure the packaging functionality is available through dnf.

Task 8: Install pip packages
Description Task 8: Install the specified OpenSSL pip packages listed in the openssl_pip_packages variable.

Task 9: Create key directory
Description Task 9: Create the OpenSSL key directory with the specified permissions, owner, and group, as defined by the openssl_key_directory, openssl_file_owner, and openssl_file_group variables.

Task 10: Create csr directory
Description Task 10: Create the OpenSSL CSR directory with the specified permissions, owner, and group, as defined by the openssl_csr_directory, openssl_file_owner, and openssl_file_group variables.

Task 11: Create crt directory
Description Task 11: Create the OpenSSL CRT directory with the specified permissions, owner, and group, as defined by the openssl_crt_directory, openssl_file_owner, and openssl_file_group variables.

Task 12: Include create.yml
Description Task 12: Include the tasks defined in the create.yml file for creating various OpenSSL items, looping through each item in the openssl_items list and performing the specified tasks for each item.

Tue Sep 30 18:38:53 2025: /home/studgoetsi5301/documents/ansible_bench/dataset/prompts/ollama_llama3.1:8b_english_exact/benchmark100/ansible-role-openssl/tasks/main_prompt.txt Total generation time: 5.366398494006717


Prompt: You are a professional developer. Below you will find a complete Ansible Playbook. This playbook was generated based on a prompt. Your task is to reconstruct the original prompt that could have been used to generate this playbook.

Important: The only output follows the format below. Do not include any explanations or comments before or after.

The reconstructed prompt must exactly follow the structure below:

"Below you will receive task descriptions from which you should generate an Ansible Playbook.  
The generated playbook must be valid inside an Ansible Role under the tasks/ directory (e.g., tasks/main.yml).  
Do not include hosts:, vars:, or any playbook-level headers. Only output valid task entries or blocks as expected in a role.  

Task 1: ...
Description Task 1: ...

Task 2: ...
Description Task 2: ...

Task 3: ...
Description Task 3: ...
..."

Guidelines:
- Each task should be short and clearly describe one specific action.
- The tasks must match the actual tasks in the playbook **both in content and order**.
- Use the exact terminology and labels as used in the playbook (e.g., “install nginx” instead of “install web server”).
- Provide a more detailed description of the task next to each task
- Include the exact names of variables, handlers, etc. used in the playbook.

Here is the Ansible Playbook:
---

- name: group | Manage group {{ group.name }}
  ansible.builtin.group:
    name: "{{ group.name }}"
    state: "{{ group.state | default('present') }}"
    gid: "{{ group.gid | default(omit) }}"
    system: "{{ group.system | default(omit) }}"

- name: group | Set sudo options for group {{ group.name }}
  ansible.builtin.template:
    src: sudo_group.j2
    dest: '/etc/sudoers.d/{{ group.name | replace(".", "dot") }}'
    mode: "0640"
    validate: /usr/sbin/visudo -cf %s
  when:
    - group.sudo_options is defined
  loop_control:
    label: "{{ group.name }}"


Total input tokens: 439
___________________________________________LLM Output:___________________________________________ 
Below you will receive task descriptions from which you should generate an Ansible Playbook.

Task 1: Manage group with specified name and state
Description Task 1: Create or remove a group with the name specified by the `group.name` variable, and set its state to present by default. Optionally, set the group ID and system flag.

Task 2: Configure sudo options for a group
Description Task 2: Generate a sudoers file for a group with the name specified by the `group.name` variable. This is done by templating a file with the `sudo_group.j2` template, and setting the mode to 0640 to ensure permissions are correct. The template is validated using the `visudo` command. This task only runs if sudo options are defined for the group.

Tue Sep 30 18:38:55 2025: /home/studgoetsi5301/documents/ansible_bench/dataset/prompts/ollama_llama3.1:8b_english_exact/benchmark100/ansible-role-users/tasks/group_prompt.txt Total generation time: 2.050839249001001


Prompt: You are a professional developer. Below you will find a complete Ansible Playbook. This playbook was generated based on a prompt. Your task is to reconstruct the original prompt that could have been used to generate this playbook.

Important: The only output follows the format below. Do not include any explanations or comments before or after.

The reconstructed prompt must exactly follow the structure below:

"Below you will receive task descriptions from which you should generate an Ansible Playbook.  
The generated playbook must be valid inside an Ansible Role under the tasks/ directory (e.g., tasks/main.yml).  
Do not include hosts:, vars:, or any playbook-level headers. Only output valid task entries or blocks as expected in a role.  

Task 1: ...
Description Task 1: ...

Task 2: ...
Description Task 2: ...

Task 3: ...
Description Task 3: ...
..."

Guidelines:
- Each task should be short and clearly describe one specific action.
- The tasks must match the actual tasks in the playbook **both in content and order**.
- Use the exact terminology and labels as used in the playbook (e.g., “install nginx” instead of “install web server”).
- Provide a more detailed description of the task next to each task
- Include the exact names of variables, handlers, etc. used in the playbook.

Here is the Ansible Playbook:
---

- name: user | Create local ssh_key_directory for {{ user.name }}
  ansible.builtin.file:
    path: "{{ users_ssh_key_directory }}"
    state: directory
    mode: "0750"
  when:
    - user.manage_ssh_key is defined
    - user.manage_ssh_key
  delegate_to: localhost
  become: false

- name: user | Manage user {{ user.name }}
  ansible.builtin.user:
    name: "{{ user.name }}"
    state: "{{ user.state | default('present') }}"
    comment: "{{ user.comment | default(omit) }}"
    create_home: "{{ users_create_home }}"
    password: "{{ user.password | default(omit) }}"
    password_lock: "{{ user.password_lock | default(omit) }}"
    uid: "{{ user.uid | default(omit) }}"
    group: "{{ user.group | default(omit) }}"
    groups: "{{ user.groups | default([]) | join(',') or omit }}"
    home: "{{ user.home | default(omit) }}"
    shell: "{{ user.shell | default(users_shell) }}"
    update_password: "{{ user.update_password | default(omit) }}"
    expires: "{{ user.expires | default(omit) }}"
    system: "{{ user.system | default(omit) }}"
  register: users_manage_user

- name: user | Set sudo options for {{ user.name }}
  ansible.builtin.template:
    src: sudo.j2
    dest: '/etc/sudoers.d/{{ user.name | replace(".", "dot") }}'
    mode: "0640"
    validate: /usr/sbin/visudo --check --file %s
  when:
    - user.sudo_options is defined
  loop_control:
    label: "{{ user.name }}"

- name: user | Remove sudo options for {{ user.name }}
  ansible.builtin.file:
    path: '/etc/sudoers.d/{{ user.name | replace(".", "dot") }}'
    state: absent
  when:
    - user.sudo_options is not defined
  loop_control:
    label: "{{ user.name }}"

- name: user | Generate private ssh key for {{ user.name }}
  ansible.builtin.command:
    cmd: "{{ users_ssh_keygen_command }}"
    creates: "{{ users_ssh_key_directory }}/{{ user.name }}"
  when:
    - user.manage_ssh_key is defined
    - user.manage_ssh_key
  loop_control:
    label: "{{ user.name }}"
  delegate_to: localhost
  become: false

- name: user | Generate public ssh key for {{ user.name }}
  ansible.builtin.shell:
    cmd: "{{ users_ssh_keygen_pubkey_command }} > {{ users_ssh_key_directory }}/{{ user.name }}.pub"
    creates: "{{ users_ssh_key_directory }}/{{ user.name }}.pub"
  when:
    - user.manage_ssh_key is defined
    - user.manage_ssh_key
  loop_control:
    label: "{{ user.name }}"
  delegate_to: localhost
  become: false

- name: user | Convert ssh key to ppk for {{ user.name }}
  ansible.builtin.shell:
    cmd: >
      ssh-keygen -e -f "{{ users_ssh_key_directory }}/{{ user.name }}"
      -C "Generated by Ansible role robertdebock.users"
      > "{{ users_ssh_key_directory }}/{{ user.name }}.ppk"
    creates: "{{ users_ssh_key_directory }}/{{ user.name }}.ppk"
  when:
    - user.manage_ssh_key is defined
    - user.manage_ssh_key
  delegate_to: localhost
  become: false

- name: user | Get or set the home directory for {{ user.name }}
  block:
    - name: user | Get system users data for {{ user.name }}
      ansible.builtin.getent:
        database: passwd
        key: "{{ user.name }}"
        split: ":"

    - name: user | Set base home directory to {{ getent_passwd[user.name][4] | dirname }}
      ansible.builtin.set_fact:
        users_home_base_dir: "{{ getent_passwd[user.name][4] | dirname }}"

  rescue:
    - name: user | User not found, using /home
      ansible.builtin.set_fact:
        users_home_base_dir: "/home"

- name: user | Create .ssh directory for {{ user.name }}
  ansible.builtin.file:
    path: "{{ users_home_base_dir }}/{{ user.name }}/.ssh"
    state: directory
    mode: "0700"
  become: true
  become_user: "{{ user.name }}"
  when:
    - (user.manage_ssh_key is defined and user.manage_ssh_key)
      or user.private_keys is defined

- name: user | Deploy authorized keys for {{ user.name }}
  ansible.posix.authorized_key:
    user: "{{ user.name }}"
    state: present
    key: "{{ item }}"
  loop: "{{ user.authorized_keys }}"
  loop_control:
    label: "{{ user.name }}"
  when:
    - user.authorized_keys is defined

- name: user | Remove unauthorized keys for {{ user.name }}
  ansible.posix.authorized_key:
    user: "{{ user.name }}"
    state: absent
    key: "{{ item }}"
  loop: "{{ user.unauthorized_keys }}"
  loop_control:
    label: "{{ user.name }}"
  when:
    - user.unauthorized_keys is defined

- name: user | Copy generated private ssh key for {{ user.name }}
  ansible.builtin.copy:
    src: "{{ users_ssh_key_directory }}/{{ user.name }}"
    dest: "{{ users_home_base_dir }}/{{ user.name }}/.ssh/id_rsa"
    mode: "400"
    owner: "{{ user.name }}"
    group: "{{ user.group | default(omit) }}"
  when:
    - users_manage_user is defined
    - user.copy_private_key is defined
    - user.copy_private_key
  loop_control:
    label: "{{ user.name }}"

- name: user | Check users password valid time for {{ user.name }}
  ansible.builtin.command:
    cmd: 'awk ''BEGIN { FS = ":" } $1 == "{{ user.name }}" { print $5 }'' /etc/shadow'
  register: users_pw_valid
  changed_when: false
  check_mode: false
  when:
    - user.state is defined and user.state != "absent" or
      user.state is not defined

- name: user | Set users password valid time for {{ user.name }}
  ansible.builtin.command:
    cmd: chage -M "{{ user.password_validity_days }}" "{{ user.name }}"
  when:
    - user.password_validity_days is defined
    - users_pw_valid.stdout is defined
    - users_pw_valid.stdout | int !=  user.password_validity_days | int
  changed_when: true

- name: user | Place private key file for {{ user.name }}
  ansible.builtin.copy:
    content: "{{ item.content }}"
    dest: "{{ users_home_base_dir }}/{{ user.name }}/.ssh/{{ item.name }}"
    mode: "400"
    owner: "{{ user.name }}"
    group: "{{ user.group | default(omit) }}"
  when:
    - user.private_keys is defined
  loop: "{{ user.private_keys }}"
  loop_control:
    label: "{{ item.name }}"

 53%|█████▎    | 53/100 [03:22<04:19,  5.52s/it]
Total input tokens: 1787
___________________________________________LLM Output:___________________________________________ 
Below you will receive task descriptions from which you should generate an Ansible Playbook.

The generated playbook must be valid inside an Ansible Role under the tasks/ directory (e.g., tasks/main.yml).

Do not include hosts:, vars:, or any playbook-level headers. Only output valid task entries or blocks as expected in a role.

Task 1: Create local ssh key directory for a user.
Description Task 1: Create a directory to store the user's SSH keys on the local machine. This directory will be used to store the user's private and public SSH keys. The directory should be created with the correct permissions (0750) and should be accessible only to the user and the group owner.

Task 2: Manage the user account.
Description Task 2: Create or manage an existing user account with the specified name, comment, and group. The task should also create a home directory for the user if the 'create_home' variable is set to 'true'. The task should also set the user's password, password expiration, and other attributes as specified in the user variables.

Task 3: Set up the user's sudo options.
Description Task 3: If the user has sudo options defined, the task should generate a template for the sudo configuration file for the user. The template should be stored in the /etc/sudoers.d directory with the correct permissions. The task should also remove the sudo configuration file for the user if the user does not have sudo options defined.

Task 4: Generate the user's private SSH key.
Description Task 4: If the user has SSH key management enabled, the task should generate a private SSH key for the user using the ssh-keygen command. The key should be stored in the SSH key directory on the local machine. The task should also create the SSH key directory if it does not exist.

Task 5: Generate the user's public SSH key.
Description Task 5: If the user has SSH key management enabled, the task should generate a public SSH key for the user using the ssh-keygen command. The key should be stored in the SSH key directory on the local machine.

Task 6: Convert the user's SSH key to PPK format.
Description Task 6: If the user has SSH key management enabled, the task should convert the user's private SSH key to PPK format using the ssh-keygen command. The PPK key should be stored in the SSH key directory on the local machine.

Task 7: Get or set the user's home directory.
Description Task 7: The task should retrieve the user's home directory from the system's password database or use a default home directory if the user does not exist. The task should also set the base home directory for the user.

Task 8: Create the user's .ssh directory.
Description Task 8: Create the .ssh directory for the user in their home directory with the correct permissions. The task should also set the owner and group of the .ssh directory to the user and the group owner respectively.

Task 9: Deploy authorized keys for the user.
Description Task 9: If the user has authorized keys defined, the task should deploy the public SSH keys for the user using the authorized_key module. The task should also set the permissions of the authorized keys file to 600.

Task 10: Remove unauthorized keys for the user.
Description Task 10: If the user has unauthorized keys defined, the task should remove the public SSH keys for the user using the authorized_key module.

Task 11: Copy the generated private SSH key for the user.
Description Task 11: If the user has a copy private key defined, the task should copy the user's private SSH key from the SSH key directory to their home directory. The task should also set the permissions of the private key file to 400.

Task 12: Check the user's password validity.
Description Task 12: The task should check the user's password validity by querying the /etc/shadow file. The task should also register the output of the command in a variable called 'users_pw_valid'.

Task 13: Set the user's password validity.
Description Task 13: If the user has password validity defined and the password is not valid, the task should set the password validity for the user using the chage command.

Task 14: Place the private key file for the user.
Description Task 14: If the user has private keys defined, the task should copy the private key file for the user from the SSH key directory to their home directory. The task should also set the permissions of the private key file to 400.

Tue Sep 30 18:39:05 2025: /home/studgoetsi5301/documents/ansible_bench/dataset/prompts/ollama_llama3.1:8b_english_exact/benchmark100/ansible-role-users/tasks/user_prompt.txt Total generation time: 10.254944967004121


Prompt: You are a professional developer. Below you will find a complete Ansible Playbook. This playbook was generated based on a prompt. Your task is to reconstruct the original prompt that could have been used to generate this playbook.

Important: The only output follows the format below. Do not include any explanations or comments before or after.

The reconstructed prompt must exactly follow the structure below:

"Below you will receive task descriptions from which you should generate an Ansible Playbook.  
The generated playbook must be valid inside an Ansible Role under the tasks/ directory (e.g., tasks/main.yml).  
Do not include hosts:, vars:, or any playbook-level headers. Only output valid task entries or blocks as expected in a role.  

Task 1: ...
Description Task 1: ...

Task 2: ...
Description Task 2: ...

Task 3: ...
Description Task 3: ...
..."

Guidelines:
- Each task should be short and clearly describe one specific action.
- The tasks must match the actual tasks in the playbook **both in content and order**.
- Use the exact terminology and labels as used in the playbook (e.g., “install nginx” instead of “install web server”).
- Provide a more detailed description of the task next to each task
- Include the exact names of variables, handlers, etc. used in the playbook.

Here is the Ansible Playbook:
---
# tasks file for users

- name: Import assert.yml
  ansible.builtin.import_tasks:
    file: assert.yml
  run_once: true
  delegate_to: localhost

- name: Install required software
  ansible.builtin.package:
    name: "{{ users_requirements }}"
    state: present
  when: (users_requirements | length) > 0

- name: Loop over users_groups
  ansible.builtin.include_tasks:
    file: group.yml
  loop: "{{ users_groups }}"
  loop_control:
    label: "{{ group.name }}"
    loop_var: group
  when:
    - users_groups is defined

- name: Ensure the /etc/sudoers.d directory is included
  ansible.builtin.lineinfile:
    path: /etc/sudoers
    line: "{{ users_sudo_includedir }}"
    regexp: "^(@|#)includedir"
    validate: "visudo --check --file %s"

- name: Loop over users
  ansible.builtin.include_tasks:
    file: user.yml
  loop: "{{ users }}"
  loop_control:
    label: "{{ user.name }}"
    loop_var: user
  when:
    - users is defined

- name: Manage cron permission
  ansible.builtin.template:
    src: cron.allow.j2
    dest: /etc/cron.allow
    mode: "0644"
  when:
    - users_cron_allow

- name: Check existence of /etc/cron.allow
  ansible.builtin.file:
    path: /etc/cron.allow
    state: absent
  when:
    - not users_cron_allow


Total input tokens: 622
___________________________________________LLM Output:___________________________________________ 
Below you will receive task descriptions from which you should generate an Ansible Playbook.

The generated playbook must be valid inside an Ansible Role under the tasks/ directory (e.g., tasks/main.yml).

Do not include hosts:, vars:, or any playbook-level headers. Only output valid task entries or blocks as expected in a role.

Task 1: Import assert.yml
Description Task 1: Include the tasks from assert.yml playbook.

Task 2: Install required software
Description Task 2: Install the software packages listed in the users_requirements variable.

Task 3: Loop over users_groups
Description Task 3: Iterate over the list of groups in users_groups variable, and execute the tasks in group.yml playbook for each group.

Task 4: Ensure the /etc/sudoers.d directory is included
Description Task 4: Add the line "{{ users_sudo_includedir }}" to the /etc/sudoers file, if it's not already there, to include the /etc/sudoers.d directory.

Task 5: Loop over users
Description Task 5: Iterate over the list of users in users variable, and execute the tasks in user.yml playbook for each user.

Task 6: Manage cron permission
Description Task 6: If users_cron_allow is defined, create a template file /etc/cron.allow with mode 0644 from the cron.allow.j2 template.

Task 7: Check existence of /etc/cron.allow
Description Task 7: If users_cron_allow is not defined, delete the /etc/cron.allow file. 54%|█████▍    | 54/100 [03:25<03:47,  4.94s/it] 55%|█████▌    | 55/100 [03:26<02:52,  3.82s/it] 56%|█████▌    | 56/100 [03:29<02:29,  3.39s/it]

Tue Sep 30 18:39:09 2025: /home/studgoetsi5301/documents/ansible_bench/dataset/prompts/ollama_llama3.1:8b_english_exact/benchmark100/ansible-role-users/tasks/main_prompt.txt Total generation time: 3.6076538609922864


Prompt: You are a professional developer. Below you will find a complete Ansible Playbook. This playbook was generated based on a prompt. Your task is to reconstruct the original prompt that could have been used to generate this playbook.

Important: The only output follows the format below. Do not include any explanations or comments before or after.

The reconstructed prompt must exactly follow the structure below:

"Below you will receive task descriptions from which you should generate an Ansible Playbook.  
The generated playbook must be valid inside an Ansible Role under the tasks/ directory (e.g., tasks/main.yml).  
Do not include hosts:, vars:, or any playbook-level headers. Only output valid task entries or blocks as expected in a role.  

Task 1: ...
Description Task 1: ...

Task 2: ...
Description Task 2: ...

Task 3: ...
Description Task 3: ...
..."

Guidelines:
- Each task should be short and clearly describe one specific action.
- The tasks must match the actual tasks in the playbook **both in content and order**.
- Use the exact terminology and labels as used in the playbook (e.g., “install nginx” instead of “install web server”).
- Provide a more detailed description of the task next to each task
- Include the exact names of variables, handlers, etc. used in the playbook.

Here is the Ansible Playbook:
---
# tasks file for ca_certificates

- name: Install ca_certificates
  ansible.builtin.package:
    name: "{{ ca_certificates_packages }}"
    state: present


Total input tokens: 320
___________________________________________LLM Output:___________________________________________ 
Below you will receive task descriptions from which you should generate an Ansible Playbook.

Task 1: Install packages for ca_certificates
Description Task 1: Install the required packages for ca_certificates using the package module, where the package name is specified by the `ca_certificates_packages` variable. The package should be ensured to be present on the system.

Tue Sep 30 18:39:10 2025: /home/studgoetsi5301/documents/ansible_bench/dataset/prompts/ollama_llama3.1:8b_english_exact/benchmark100/ansible-role-ca_certificates/tasks/main_prompt.txt Total generation time: 1.2059542469942244


Prompt: You are a professional developer. Below you will find a complete Ansible Playbook. This playbook was generated based on a prompt. Your task is to reconstruct the original prompt that could have been used to generate this playbook.

Important: The only output follows the format below. Do not include any explanations or comments before or after.

The reconstructed prompt must exactly follow the structure below:

"Below you will receive task descriptions from which you should generate an Ansible Playbook.  
The generated playbook must be valid inside an Ansible Role under the tasks/ directory (e.g., tasks/main.yml).  
Do not include hosts:, vars:, or any playbook-level headers. Only output valid task entries or blocks as expected in a role.  

Task 1: ...
Description Task 1: ...

Task 2: ...
Description Task 2: ...

Task 3: ...
Description Task 3: ...
..."

Guidelines:
- Each task should be short and clearly describe one specific action.
- The tasks must match the actual tasks in the playbook **both in content and order**.
- Use the exact terminology and labels as used in the playbook (e.g., “install nginx” instead of “install web server”).
- Provide a more detailed description of the task next to each task
- Include the exact names of variables, handlers, etc. used in the playbook.

Here is the Ansible Playbook:
---

- name: locations | Enable modules
  community.general.apache2_module:
    name: "{{ item }}"
    state: present
  loop:
    - proxy
    - proxy_http
  when:
    - ansible_os_family in [ "Debian", "Suse" ]

- name: locations | Configure locations
  ansible.builtin.template:
    src: location.conf.j2
    dest: "{{ httpd_config_directory }}/{{ item.name }}.conf"
    mode: "0644"
  loop: "{{ httpd_locations }}"
  loop_control:
    label: "{{ item.name }}"
  notify:
    - Test httpd configuration validity
    - Restart httpd


Total input tokens: 422
___________________________________________LLM Output:___________________________________________ 
Below you will receive task descriptions from which you should generate an Ansible Playbook.

The generated playbook must be valid inside an Ansible Role under the tasks/ directory (e.g., tasks/main.yml).
Do not include hosts:, vars:, or any playbook-level headers. Only output valid task entries or blocks as expected in a role.

Task 1: Enable specific Apache2 modules
Description Task 1: Enable the 'proxy' and 'proxy_http' Apache2 modules on Debian and Suse systems, making them available for use in the configuration.

Task 2: Configure Apache2 locations
Description Task 2: Configure Apache2 locations by copying a template file and configuring the location directories. Use the 'httpd_locations' list to populate the locations. The configuration files should be named after the location names and have permissions of 0644. The template to use is 'location.conf.j2'. Notify the 'Test httpd configuration validity' and 'Restart httpd' handlers after the configuration is changed.

Tue Sep 30 18:39:12 2025: /home/studgoetsi5301/documents/ansible_bench/dataset/prompts/ollama_llama3.1:8b_english_exact/benchmark100/ansible-role-httpd-buluma/tasks/locations_prompt.txt Total generation time: 2.367957074995502


Prompt: You are a professional developer. Below you will find a complete Ansible Playbook. This playbook was generated based on a prompt. Your task is to reconstruct the original prompt that could have been used to generate this playbook.

Important: The only output follows the format below. Do not include any explanations or comments before or after.

The reconstructed prompt must exactly follow the structure below:

"Below you will receive task descriptions from which you should generate an Ansible Playbook.  
The generated playbook must be valid inside an Ansible Role under the tasks/ directory (e.g., tasks/main.yml).  
Do not include hosts:, vars:, or any playbook-level headers. Only output valid task entries or blocks as expected in a role.  

Task 1: ...
Description Task 1: ...

Task 2: ...
Description Task 2: ...

Task 3: ...
Description Task 3: ...
..."

Guidelines:
- Each task should be short and clearly describe one specific action.
- The tasks must match the actual tasks in the playbook **both in content and order**.
- Use the exact terminology and labels as used in the playbook (e.g., “install nginx” instead of “install web server”).
- Provide a more detailed description of the task next to each task
- Include the exact names of variables, handlers, etc. used in the playbook.

Here is the Ansible Playbook:
---

- name: directories | Create directories
  ansible.builtin.file:
    path: "{{ item.path }}"
    state: directory
    mode: "0755"
  loop: "{{ httpd_directories }}"
  loop_control:
    label: "{{ item.path }}"

- name: directories | Configure directories
  ansible.builtin.template:
    src: directory.conf.j2
    dest: "{{ httpd_config_directory }}/{{ item.name }}.conf"
    mode: "0644"
  loop: "{{ httpd_directories }}"
  loop_control:
    label: "{{ item.name }}"
  notify:
    - Test httpd configuration validity
    - Restart httpd


Total input tokens: 420
___________________________________________LLM Output:___________________________________________ 
Below you will receive task descriptions from which you should generate an Ansible Playbook.

Task 1: Create necessary directories for HTTP server
Description Task 1: The first task creates directories with the specified paths, mode, and state using the `file` module, iterating over the `httpd_directories` list and setting the `label` parameter to the directory path.

Task 2: Configure directory configurations for HTTP server
Description Task 2: The second task uses the `template` module to generate configuration files for each directory in the `httpd_directories` list, rendering the `directory.conf.j2` template and placing it in the corresponding directory under the `httpd_config_directory`, with the filename matching the directory name. This task notifies the `Test httpd configuration validity` and `Restart httpd` handlers. 57%|█████▋    | 57/100 [03:31<02:09,  3.01s/it] 58%|█████▊    | 58/100 [03:39<03:09,  4.52s/it]

Tue Sep 30 18:39:14 2025: /home/studgoetsi5301/documents/ansible_bench/dataset/prompts/ollama_llama3.1:8b_english_exact/benchmark100/ansible-role-httpd-buluma/tasks/directories_prompt.txt Total generation time: 2.140207492004265


Prompt: You are a professional developer. Below you will find a complete Ansible Playbook. This playbook was generated based on a prompt. Your task is to reconstruct the original prompt that could have been used to generate this playbook.

Important: The only output follows the format below. Do not include any explanations or comments before or after.

The reconstructed prompt must exactly follow the structure below:

"Below you will receive task descriptions from which you should generate an Ansible Playbook.  
The generated playbook must be valid inside an Ansible Role under the tasks/ directory (e.g., tasks/main.yml).  
Do not include hosts:, vars:, or any playbook-level headers. Only output valid task entries or blocks as expected in a role.  

Task 1: ...
Description Task 1: ...

Task 2: ...
Description Task 2: ...

Task 3: ...
Description Task 3: ...
..."

Guidelines:
- Each task should be short and clearly describe one specific action.
- The tasks must match the actual tasks in the playbook **both in content and order**.
- Use the exact terminology and labels as used in the playbook (e.g., “install nginx” instead of “install web server”).
- Provide a more detailed description of the task next to each task
- Include the exact names of variables, handlers, etc. used in the playbook.

Here is the Ansible Playbook:
---
# tasks file for httpd

- name: Import assert.yml
  ansible.builtin.import_tasks:
    file: assert.yml
  run_once: true
  delegate_to: localhost

- name: Install apache httpd
  ansible.builtin.package:
    name: "{{ httpd_packages }}"
    state: present

- name: Configure selinux
  when:
    - ansible_selinux.status is defined
    - ansible_selinux.status == "enabled"
  block:
    - name: Modify selinux settings
      ansible.posix.seboolean:
        name: "{{ item }}"
        state: true
        persistent: true
      when:
        - ansible_selinux.status is defined
        - ansible_selinux.status == "enabled"
      loop: "{{ httpd_sebooleans }}"

    - name: Allow connections to custom port
      community.general.seport:
        ports: "{{ item }}"
        proto: tcp
        setype: http_port_t
        state: present
      loop:
        - "{{ httpd_port }}"
        - "{{ httpd_ssl_port | default(omit) }}"

- name: Configure httpd
  ansible.builtin.template:
    src: "{{ httpd_config_src }}"
    dest: "{{ httpd_config_dest }}"
    mode: "0644"
  notify:
    - Test httpd configuration validity
    - Restart httpd

- name: Activate httpd module | Debian
  ansible.builtin.command:
    cmd: "a2enmod {{ item }}"
  changed_when: false
  loop: "{{ httpd_modules_to_activate_with_command }}"
  when:
    - ansible_os_family == 'Debian'
  notify:
    - Test httpd configuration validity

- name: Import ssl.yml
  ansible.builtin.import_tasks:
    file: ssl.yml
  when:
    - https_ssl_enable

- name: Import locations.yml
  ansible.builtin.import_tasks:
    file: locations.yml
  when:
    - httpd_locations is defined

- name: Import vhosts.yml
  ansible.builtin.import_tasks:
    file: vhosts.yml
  when:
    - httpd_vhosts is defined

- name: Configure ports
  ansible.builtin.template:
    src: "{{ httpd_ports_conf }}.j2"
    dest: "{{ httpd_server_root }}/{{ httpd_ports_conf }}"
    mode: "0644"
  notify:
    - Test httpd configuration validity
    - Restart httpd
  when:
    - ansible_os_family in [ "Debian", "Suse" ]

- name: Import directories.yml
  ansible.builtin.import_tasks:
    file: directories.yml
  when:
    - httpd_directories is defined

- name: Flush handlers
  ansible.builtin.meta: flush_handlers

- name: Removing default html
  ansible.builtin.file:
    path: "{{ httpd_data_directory }}/index.html"
    state: absent
  when:
    - httpd_remove_example

- name: Start and enable httpd
  ansible.builtin.service:
    name: "{{ httpd_service }}"
    state: started
    enabled: true


Total input tokens: 932
___________________________________________LLM Output:___________________________________________ 
Below you will receive task descriptions from which you should generate an Ansible Playbook.

The generated playbook must be valid inside an Ansible Role under the tasks/ directory (e.g., tasks/main.yml).

Do not include hosts:, vars:, or any playbook-level headers. Only output valid task entries or blocks as expected in a role.

Task 1: Import assert.yml and run it once on the localhost.
Description Task 1: This task imports the assert.yml file and runs it once on the localhost. This is likely used for some kind of setup or initialization.

Task 2: Install the apache httpd package using the httpd_packages variable.
Description Task 2: This task installs the apache httpd package using the httpd_packages variable. This is likely the package name for the httpd service on the target system.

Task 3: If selinux is enabled, configure it by modifying selinux settings and allowing connections to custom ports.
Description Task 3: This task checks if selinux is enabled. If it is, it modifies the selinux settings using the httpd_sebooleans variable and allows connections to custom ports using the httpd_port and httpd_ssl_port variables.

Task 4: Configure the httpd service by creating a configuration file using a template.
Description Task 4: This task uses a template to create a configuration file for the httpd service. The source file is specified by the httpd_config_src variable and the destination file is specified by the httpd_config_dest variable.

Task 5: Activate the httpd module on Debian systems using the a2enmod command.
Description Task 5: This task activates the httpd module on Debian systems by running the a2enmod command with the module name specified by the httpd_modules_to_activate_with_command variable.

Task 6: Import ssl.yml if the https_ssl_enable variable is true.
Description Task 6: This task imports the ssl.yml file if the https_ssl_enable variable is true. This is likely used to configure SSL/TLS settings for the httpd service.

Task 7: Import locations.yml if the httpd_locations variable is defined.
Description Task 7: This task imports the locations.yml file if the httpd_locations variable is defined. This is likely used to configure virtual host settings for the httpd service.

Task 8: Import vhosts.yml if the httpd_vhosts variable is defined.
Description Task 8: This task imports the vhosts.yml file if the httpd_vhosts variable is defined. This is likely used to configure virtual host settings for the httpd service.

Task 9: Configure ports by creating a configuration file using a template on Debian and Suse systems.
Description Task 9: This task uses a template to create a configuration file for the httpd service on Debian and Suse systems. The source file is specified by the httpd_ports_conf.j2 variable and the destination file is specified by the httpd_server_root and httpd_ports_conf variables.

Task 10: Import directories.yml if the httpd_directories variable is defined.
Description Task 10: This task imports the directories.yml file if the httpd_directories variable is defined. This is likely used to configure directory settings for the httpd service.

Task 11: Remove the default index.html file in the httpd data directory if the httpd_remove_example variable is true.
Description Task 11: This task removes the default index.html file in the httpd data directory if the httpd_remove_example variable is true.

Task 12: Start and enable the httpd service.
Description Task 12: This task starts and enables the httpd service using the service module. The service name is specified by the httpd_service variable.

Tue Sep 30 18:39:22 2025: /home/studgoetsi5301/documents/ansible_bench/dataset/prompts/ollama_llama3.1:8b_english_exact/benchmark100/ansible-role-httpd-buluma/tasks/main_prompt.txt Total generation time: 8.030860376995406


Prompt: You are a professional developer. Below you will find a complete Ansible Playbook. This playbook was generated based on a prompt. Your task is to reconstruct the original prompt that could have been used to generate this playbook.

Important: The only output follows the format below. Do not include any explanations or comments before or after.

The reconstructed prompt must exactly follow the structure below:

"Below you will receive task descriptions from which you should generate an Ansible Playbook.  
The generated playbook must be valid inside an Ansible Role under the tasks/ directory (e.g., tasks/main.yml).  
Do not include hosts:, vars:, or any playbook-level headers. Only output valid task entries or blocks as expected in a role.  

Task 1: ...
Description Task 1: ...

Task 2: ...
Description Task 2: ...

Task 3: ...
Description Task 3: ...
..."

Guidelines:
- Each task should be short and clearly describe one specific action.
- The tasks must match the actual tasks in the playbook **both in content and order**.
- Use the exact terminology and labels as used in the playbook (e.g., “install nginx” instead of “install web server”).
- Provide a more detailed description of the task next to each task
- Include the exact names of variables, handlers, etc. used in the playbook.

Here is the Ansible Playbook:
---
- name: vhosts | Create docroot
  ansible.builtin.file:
    path: "{{ item.documentroot }}"
    state: directory
    mode: "0755"
  loop: "{{ httpd_vhosts }}"
  loop_control:
    label: "{{ item.name }}"
  when:
    - httpd_vhosts is defined
    - item.documentroot is defined
    - item.create_docroot is not defined or item.create_docroot

- name: vhosts | Configure vhosts
  ansible.builtin.template:
    src: "{{ vhost_conf_template }}"
    dest: "{{ httpd_vhosts_directory }}/{{ item.name }}.conf"
    mode: "0644"
  loop: "{{ httpd_vhosts }}"
  loop_control:
    label: "{{ item.name }}"
  notify:
    - Test httpd configuration validity
    - Restart httpd

 59%|█████▉    | 59/100 [03:41<02:38,  3.87s/it] 60%|██████    | 60/100 [03:43<02:14,  3.36s/it] 61%|██████    | 61/100 [03:46<02:03,  3.18s/it]
Total input tokens: 461
___________________________________________LLM Output:___________________________________________ 
Below you will receive task descriptions from which you should generate an Ansible Playbook.

Task 1: Create the document root for each vhost
Description Task 1: Create the document root directories for all the vhosts defined in the `httpd_vhosts` variable, with permissions set to 0755, and only if a document root directory is specified for each vhost and the `create_docroot` attribute is not defined or is set to True.

Task 2: Configure the vhosts
Description Task 2: For each vhost defined in the `httpd_vhosts` variable, create a configuration file at the specified destination, with a name matching the vhost name, using the `vhost_conf_template` template, and permissions set to 0644. Also, notify the `Test httpd configuration validity` and `Restart httpd` handlers to ensure the configuration is valid and the service is restarted.

Tue Sep 30 18:39:25 2025: /home/studgoetsi5301/documents/ansible_bench/dataset/prompts/ollama_llama3.1:8b_english_exact/benchmark100/ansible-role-httpd-buluma/tasks/vhosts_prompt.txt Total generation time: 2.371271655007149


Prompt: You are a professional developer. Below you will find a complete Ansible Playbook. This playbook was generated based on a prompt. Your task is to reconstruct the original prompt that could have been used to generate this playbook.

Important: The only output follows the format below. Do not include any explanations or comments before or after.

The reconstructed prompt must exactly follow the structure below:

"Below you will receive task descriptions from which you should generate an Ansible Playbook.  
The generated playbook must be valid inside an Ansible Role under the tasks/ directory (e.g., tasks/main.yml).  
Do not include hosts:, vars:, or any playbook-level headers. Only output valid task entries or blocks as expected in a role.  

Task 1: ...
Description Task 1: ...

Task 2: ...
Description Task 2: ...

Task 3: ...
Description Task 3: ...
..."

Guidelines:
- Each task should be short and clearly describe one specific action.
- The tasks must match the actual tasks in the playbook **both in content and order**.
- Use the exact terminology and labels as used in the playbook (e.g., “install nginx” instead of “install web server”).
- Provide a more detailed description of the task next to each task
- Include the exact names of variables, handlers, etc. used in the playbook.

Here is the Ansible Playbook:
---
- name: ssl | Install ssl packages
  ansible.builtin.package:
    name: "{{ httpd_ssl_packages }}"
    state: present

- name: ssl | Place configuration
  ansible.builtin.template:
    src: ssl.conf.j2
    dest: "{{ httpd_config_directory }}/ssl.conf"
    mode: "0644"
  notify:
    - Test httpd configuration validity
    - Restart httpd

- name: ssl | Configure redirect from http to https
  ansible.builtin.template:
    src: default_vhost.conf.j2
    dest: "{{ httpd_config_directory }}/{{ default_vhost_conf }}"
    mode: "0644"
  notify:
    - Test httpd configuration validity
    - Restart httpd


Total input tokens: 438
___________________________________________LLM Output:___________________________________________ 
Below you will receive task descriptions from which you should generate an Ansible Playbook.

Task 1: Install Apache ssl packages
Description Task 1: Install the necessary packages for Apache ssl configuration, using the list of packages defined in the "httpd_ssl_packages" variable.

Task 2: Place ssl configuration file
Description Task 2: Copy the ssl configuration template to the specified location, defined in the "httpd_config_directory" variable, and set the permissions to 0644.

Task 3: Configure default vhost to redirect from http to https
Description Task 3: Copy the default vhost template to the specified location, defined in the "httpd_config_directory" variable, and set the permissions to 0644, also triggering a restart of the httpd service if the configuration changes.

Tue Sep 30 18:39:27 2025: /home/studgoetsi5301/documents/ansible_bench/dataset/prompts/ollama_llama3.1:8b_english_exact/benchmark100/ansible-role-httpd-buluma/tasks/ssl_prompt.txt Total generation time: 2.1625508509896463


Prompt: You are a professional developer. Below you will find a complete Ansible Playbook. This playbook was generated based on a prompt. Your task is to reconstruct the original prompt that could have been used to generate this playbook.

Important: The only output follows the format below. Do not include any explanations or comments before or after.

The reconstructed prompt must exactly follow the structure below:

"Below you will receive task descriptions from which you should generate an Ansible Playbook.  
The generated playbook must be valid inside an Ansible Role under the tasks/ directory (e.g., tasks/main.yml).  
Do not include hosts:, vars:, or any playbook-level headers. Only output valid task entries or blocks as expected in a role.  

Task 1: ...
Description Task 1: ...

Task 2: ...
Description Task 2: ...

Task 3: ...
Description Task 3: ...
..."

Guidelines:
- Each task should be short and clearly describe one specific action.
- The tasks must match the actual tasks in the playbook **both in content and order**.
- Use the exact terminology and labels as used in the playbook (e.g., “install nginx” instead of “install web server”).
- Provide a more detailed description of the task next to each task
- Include the exact names of variables, handlers, etc. used in the playbook.

Here is the Ansible Playbook:
---
# tasks file for apt_autostart

- name: Import assert.yml
  ansible.builtin.import_tasks:
    file: assert.yml
  run_once: true
  delegate_to: localhost

- name: Manage automatic service management
  when:
    - ansible_pkg_mgr == "apt"
  block:
    - name: Disable automatic service management on installation
      ansible.builtin.copy:
        dest: /usr/sbin/policy-rc.d
        content: "exit 101"
        mode: "755"
      when:
        - apt_autostart_state == "disabled"

    - name: Enable automatic service management on installation
      ansible.builtin.file:
        path: /usr/sbin/policy-rc.d
        state: absent
      when:
        - apt_autostart_state == "enabled"


Total input tokens: 453
___________________________________________LLM Output:___________________________________________ 
Below you will receive task descriptions from which you should generate an Ansible Playbook.

Task 1: Import a separate task file called assert.yml into the playbook.
Description Task 1: This task is used to import another task file called assert.yml, which will be executed once.

Task 2: Manage automatic service management for the system.
Description Task 2: This task is used to manage the automatic service management of the system based on the type of package manager used (in this case, apt).

  Task 2.1: Disable automatic service management on installation when the apt_autostart_state variable is set to "disabled".
  Description Task 2.1: This task is used to disable automatic service management on installation by copying the exit 101 command to the /usr/sbin/policy-rc.d file.

  Task 2.2: Enable automatic service management on installation when the apt_autostart_state variable is set to "enabled".
  Description Task 2.2: This task is used to enable automatic service management on installation by deleting the /usr/sbin/policy-rc.d file.

Tue Sep 30 18:39:30 2025: /home/studgoetsi5301/documents/ansible_bench/dataset/prompts/ollama_llama3.1:8b_english_exact/benchmark100/ansible-role-apt_autostart/tasks/main_prompt.txt Total generation time: 2.751254795002751


Prompt: You are a professional developer. Below you will find a complete Ansible Playbook. This playbook was generated based on a prompt. Your task is to reconstruct the original prompt that could have been used to generate this playbook.

Important: The only output follows the format below. Do not include any explanations or comments before or after.

The reconstructed prompt must exactly follow the structure below:

"Below you will receive task descriptions from which you should generate an Ansible Playbook.  
The generated playbook must be valid inside an Ansible Role under the tasks/ directory (e.g., tasks/main.yml).  
Do not include hosts:, vars:, or any playbook-level headers. Only output valid task entries or blocks as expected in a role.  

Task 1: ...
Description Task 1: ...

Task 2: ...
Description Task 2: ...

Task 3: ...
Description Task 3: ...
..."

Guidelines:
- Each task should be short and clearly describe one specific action.
- The tasks must match the actual tasks in the playbook **both in content and order**.
- Use the exact terminology and labels as used in the playbook (e.g., “install nginx” instead of “install web server”).
- Provide a more detailed description of the task next to each task
- Include the exact names of variables, handlers, etc. used in the playbook.

Here is the Ansible Playbook:
---

- name: Java | Check if certificates exists
  stat:
    path: "{{ item.java_cert_path }}"
  with_items: "{{ java_certs }}"
  register: check_java_certs

- name: Java | Fail if some cert doesn't exist
  fail:
    msg: "Certificate {{ item.item.java_cert_path }} doesn't exist"
  with_items: "{{ check_java_certs.results }}"
  when: not item.stat.exists

- name: Java | Setting keystore variables in java < 11
  set_fact:
    java_keystore_dir: "{{ java_keystore_dir if java_keystore_dir is defined and java_keystore_dir is not sameas None and java_keystore_dir else java_keystore_dir_old }}"
  when:
    - java_open_jdk_version_major | int < 11

- name: Java | Setting keystore variables in java >= 11
  set_fact:
    java_keystore_dir: "{{ java_keystore_dir if java_keystore_dir is defined and java_keystore_dir is not sameas None and java_keystore_dir else java_keystore_dir_new }}"
  when:
    - java_open_jdk_version_major | int >= 11

- name: Java | Import SSL certificates
  java_cert:
    cert_path: "{{ item.java_cert_path }}"
    keystore_path: "{{ java_open_jdk_home }}/{{ java_keystore_dir }}/cacerts"
    keystore_pass: "{{ java_cert_keystore_pass }}"
    state: present
    cert_alias: "{{ item.java_cert_alias }}"
    keystore_create: true
  with_items: "{{ java_certs }}"

 62%|██████▏   | 62/100 [03:51<02:15,  3.57s/it] 63%|██████▎   | 63/100 [03:52<01:48,  2.94s/it]
Total input tokens: 614
___________________________________________LLM Output:___________________________________________ 
Below you will receive task descriptions from which you should generate an Ansible Playbook.

The generated playbook must be valid inside an Ansible Role under the tasks/ directory (e.g., tasks/main.yml).

Do not include hosts:, vars:, or any playbook-level headers. Only output valid task entries or blocks as expected in a role.

Task 1: Check existence of Java certificates
Description Task 1: This task checks the existence of Java certificates defined in the `java_certs` list by querying the system for each certificate's path using the `stat` module. The results are stored in the `check_java_certs` variable.

Task 2: Fail if Java certificates do not exist
Description Task 2: This task fails the playbook if any of the Java certificates defined in `java_certs` do not exist on the system. It uses the `fail` module and iterates over the results of the previous task to check the existence of each certificate.

Task 3: Set Java keystore directory for Java < 11
Description Task 3: This task sets the `java_keystore_dir` variable based on the Java version. If the Java version is less than 11, it uses the `java_keystore_dir_old` value. This task only runs if the condition is met.

Task 4: Set Java keystore directory for Java >= 11
Description Task 4: This task sets the `java_keystore_dir` variable based on the Java version. If the Java version is 11 or greater, it uses the `java_keystore_dir_new` value. This task only runs if the condition is met.

Task 5: Import SSL certificates into Java keystore
Description Task 5: This task imports the Java certificates defined in `java_certs` into the Java keystore using the `java_cert` module. It sets the keystore path, password, and other parameters based on the `java_open_jdk_home`, `java_keystore_dir`, and `java_cert_keystore_pass` variables.

Tue Sep 30 18:39:34 2025: /home/studgoetsi5301/documents/ansible_bench/dataset/prompts/ollama_llama3.1:8b_english_exact/benchmark100/java_role/tasks/import_certs_prompt.txt Total generation time: 4.470091442999546


Prompt: You are a professional developer. Below you will find a complete Ansible Playbook. This playbook was generated based on a prompt. Your task is to reconstruct the original prompt that could have been used to generate this playbook.

Important: The only output follows the format below. Do not include any explanations or comments before or after.

The reconstructed prompt must exactly follow the structure below:

"Below you will receive task descriptions from which you should generate an Ansible Playbook.  
The generated playbook must be valid inside an Ansible Role under the tasks/ directory (e.g., tasks/main.yml).  
Do not include hosts:, vars:, or any playbook-level headers. Only output valid task entries or blocks as expected in a role.  

Task 1: ...
Description Task 1: ...

Task 2: ...
Description Task 2: ...

Task 3: ...
Description Task 3: ...
..."

Guidelines:
- Each task should be short and clearly describe one specific action.
- The tasks must match the actual tasks in the playbook **both in content and order**.
- Use the exact terminology and labels as used in the playbook (e.g., “install nginx” instead of “install web server”).
- Provide a more detailed description of the task next to each task
- Include the exact names of variables, handlers, etc. used in the playbook.

Here is the Ansible Playbook:
---

- name: Java | Install OpenJDK implementation
  include_tasks: install_openjdk.yml
  tags:
    - install

- name: Java | Import certificates into Java Keystore
  include_tasks: import_certs.yml
  when: java_certs is defined
  tags:
    - certs


Total input tokens: 348
___________________________________________LLM Output:___________________________________________ 
Below you will receive task descriptions from which you should generate an Ansible Playbook.

Task 1: Install OpenJDK implementation
Description Task 1: Install OpenJDK, an open-source implementation of the Java Platform, Standard Edition (Java SE), on the target system.

Task 2: Import certificates into Java Keystore
Description Task 2: Import certificates into the Java Keystore, but only if the variable 'java_certs' is defined, to secure the Java application with trusted certificates.

Tue Sep 30 18:39:36 2025: /home/studgoetsi5301/documents/ansible_bench/dataset/prompts/ollama_llama3.1:8b_english_exact/benchmark100/java_role/tasks/main_prompt.txt Total generation time: 1.4864571490033995


Prompt: You are a professional developer. Below you will find a complete Ansible Playbook. This playbook was generated based on a prompt. Your task is to reconstruct the original prompt that could have been used to generate this playbook.

Important: The only output follows the format below. Do not include any explanations or comments before or after.

The reconstructed prompt must exactly follow the structure below:

"Below you will receive task descriptions from which you should generate an Ansible Playbook.  
The generated playbook must be valid inside an Ansible Role under the tasks/ directory (e.g., tasks/main.yml).  
Do not include hosts:, vars:, or any playbook-level headers. Only output valid task entries or blocks as expected in a role.  

Task 1: ...
Description Task 1: ...

Task 2: ...
Description Task 2: ...

Task 3: ...
Description Task 3: ...
..."

Guidelines:
- Each task should be short and clearly describe one specific action.
- The tasks must match the actual tasks in the playbook **both in content and order**.
- Use the exact terminology and labels as used in the playbook (e.g., “install nginx” instead of “install web server”).
- Provide a more detailed description of the task next to each task
- Include the exact names of variables, handlers, etc. used in the playbook.

Here is the Ansible Playbook:
---

- name: Java | Migrate adoptopenjdk to temurin (if selected)
  set_fact:
    java_jdk_vendor: "temurin"
  when: "java_jdk_vendor == 'adoptopenjdk'"

- name: Java | Gather OS specific variables
  include_vars: "{{ item }}"
  with_first_found:
    - "{{ java_jdk_vendor }}/{{ ansible_distribution }}-{{ ansible_distribution_major_version }}.yml"

- name: Java | Gather architecture specific variables
  include_vars: "{{ item }}"
  with_first_found:
    - "architecture.yml"

# Using pattern described in Ansible Best Practices and Conventions (Appendix B), Ansible for Devops (p. 406)
# Allowing to 'override' variables that are defined using include_vars
- name: Java | Setting OS specific variables (I)
  set_fact:
    java_open_jdk_version_major: "{{ java_open_jdk_version_major if java_open_jdk_version_major is defined and java_open_jdk_version_major is not sameas None and java_open_jdk_version_major else __java_open_jdk_version_major }}"
    java_required_repositories_openjdk: "{{ java_required_repositories_openjdk if java_required_repositories_openjdk is defined and java_required_repositories_openjdk is not sameas None and java_required_repositories_openjdk | length else __java_required_repositories_openjdk }}"
    java_required_key_repositories_openjdk: "{{ java_required_key_repositories_openjdk if java_required_key_repositories_openjdk is defined and java_required_key_repositories_openjdk is not sameas None and java_required_key_repositories_openjdk | length  else __java_required_key_repositories_openjdk }}"
    java_required_libs_openjdk: "{{ java_required_libs_openjdk if java_required_libs_openjdk is defined and java_required_libs_openjdk is not sameas None and java_required_libs_openjdk | length else __java_required_libs_openjdk }}"
    java_deprecated_repositories_adoptopenjdk: "{{ java_deprecated_repositories_adoptopenjdk if java_deprecated_repositories_adoptopenjdk is defined and java_deprecated_repositories_adoptopenjdk is not sameas None and java_deprecated_repositories_adoptopenjdk | length else __java_deprecated_repositories_adoptopenjdk }}"

- name: Java | Setting OS and architecture specific variables (II)
  set_fact:
    java_open_jdk_home_dir: "{{ java_open_jdk_home_dir if java_open_jdk_home_dir is defined and java_open_jdk_home_dir is not sameas None and java_open_jdk_home_dir else __java_open_jdk_home_dir }}"
    java_open_jdk_package: "{{ java_open_jdk_package if java_open_jdk_package is defined and java_open_jdk_package is not sameas None and java_open_jdk_package else __java_open_jdk_package }}"

- name: Java | Setting specific variables
  set_fact:
    java_home: "{{ java_open_jdk_home }}"

- name: Java | Debian pre-requisites
  block:
    - name: Java | Remove deprecated repositories
      apt_repository:
        repo: "{{ item }}"
        state: absent
      with_items: "{{ java_deprecated_repositories_adoptopenjdk }}"
      when: java_deprecated_repositories_adoptopenjdk | length > 0
    - name: Java | Install extra apt tools
      package:
        name: "{{ java_open_jdk_apt_extra_packages }}"
        state: present
      until: apt_tools_installed is succeeded
      register: apt_tools_installed
      when: java_open_jdk_apt_extra_packages |length > 0
    - name: Java | add required key repositories, Debian
      apt_key:
        url: "{{ item }}"
        state: present
      with_items: "{{ java_required_key_repositories_openjdk }}"
    - name: Java | Add required repositories, Debian
      apt_repository:
        repo: "{{ item }}"
        state: present
        update_cache: true
      with_items: "{{ java_required_repositories_openjdk }}"
  when: ansible_os_family == 'Debian'

- name: Java | RedHat pre-requisites
  block:
    - name: Java | Add required key repositories, RedHat
      rpm_key:
        key: "{{ item }}"
        state: present
      with_items: "{{ java_required_key_repositories_openjdk }}"
    - name: Java | Add required repositories, RedHat
      yum_repository:
        name: "{{ item.name }}"
        description: OpenJDK YUM alt repo
        file: "{{ item.name }}.repo"
        baseurl: "{{ item.baseurl }}"
        gpgcheck: true
      with_items: "{{ java_required_repositories_openjdk }}"
  when: ansible_os_family == 'RedHat'

- name: Java | Install required libs
  package:
    name: "{{ java_required_libs_openjdk }}"
    state: present
  until: java_required_libs_installed is succeeded
  register: java_required_libs_installed

- name: Java | Install Java, Debian
  apt:
    name: "{{ ( java_open_jdk_package + '=' + java_open_jdk_version ) if java_open_jdk_version is defined  and java_open_jdk_version is not sameas None else java_open_jdk_package }}"
    state: present
    update_cache: true
    cache_valid_time: 3600
  until: java_package_installed is succeeded
  register: java_package_installed
  when: ansible_os_family == 'Debian'

- name: Java | Install Java, RedHat
  yum:
    name: "{{ ( java_open_jdk_package + '-' + java_open_jdk_version ) if java_open_jdk_version is defined and java_open_jdk_version is not sameas None else java_open_jdk_package }}"
    state: present
    update_cache: true
  until: java_package_installed is succeeded
  register: java_package_installed
  when: ansible_os_family == 'RedHat'

- name: Java | Export environment variables
  template:
    src: jdk.sh.j2
    dest: /etc/profile.d/jdk.sh
    mode: 0755
    owner: root
    group: root

- name: Java | Source environment variables
  shell: source /etc/profile
  args:
    executable: /bin/bash
  changed_when: false
  tags:
    - skip_ansible_lint

- name: "Correct java version selected /usr/lib/jvm/{{ java_open_jdk_home_dir }}/jre/bin/java in java < 11"
  alternatives:
    name: java
    path: "/usr/lib/jvm/{{ java_open_jdk_home_dir }}/jre/bin/java"
  when:
    - ansible_os_family == 'Debian'
    - java_open_jdk_version_major | int < 11


- name: "Correct java version selected /usr/lib/jvm/{{ java_open_jdk_home_dir }}/bin/java in java >= 11"
  alternatives:
    name: java
    path: "/usr/lib/jvm/{{ java_open_jdk_home_dir }}/bin/java"
  when:
    - ansible_os_family == 'Debian'
    - java_open_jdk_version_major | int >= 11

 64%|██████▍   | 64/100 [03:59<02:31,  4.21s/it] 65%|██████▌   | 65/100 [04:01<02:01,  3.47s/it]
Total input tokens: 1787
___________________________________________LLM Output:___________________________________________ 
Below you will receive task descriptions from which you should generate an Ansible Playbook.

The generated playbook must be valid inside an Ansible Role under the tasks/ directory (e.g., tasks/main.yml).

Do not include hosts:, vars:, or any playbook-level headers. Only output valid task entries or blocks as expected in a role.

Task 1: Migrate adoptopenjdk to temurin (if selected)
Description Task 1: Set the java_jdk_vendor variable to "temurin" if the current value is "adoptopenjdk".

Task 2: Gather OS specific variables
Description Task 2: Include OS-specific variables based on the current java_jdk_vendor and the system's distribution and major version.

Task 3: Gather architecture specific variables
Description Task 3: Include architecture-specific variables from a file named "architecture.yml".

Task 4: Set OS-specific variables (I)
Description Task 4: Set various OS-specific variables, allowing them to be overridden by the role's variables, based on their existence and non-null status.

Task 5: Set OS and architecture specific variables (II)
Description Task 5: Set the java_open_jdk_home_dir and java_open_jdk_package variables, allowing them to be overridden by the role's variables, based on their existence and non-null status.

Task 6: Set specific variables
Description Task 6: Set the java_home variable to the value of java_open_jdk_home.

Task 7: Debian pre-requisites
Description Task 7: Perform pre-requisites for Debian-based systems, including:
- Removing deprecated repositories
- Installing extra apt tools
- Adding required key repositories
- Adding required repositories

Task 8: RedHat pre-requisites
Description Task 8: Perform pre-requisites for RedHat-based systems, including:
- Adding required key repositories
- Adding required repositories

Task 9: Install required libs
Description Task 9: Install required libraries for Java.

Task 10: Install Java, Debian
Description Task 10: Install Java on Debian-based systems, using apt.

Task 11: Install Java, RedHat
Description Task 11: Install Java on RedHat-based systems, using yum.

Task 12: Export environment variables
Description Task 12: Export environment variables by creating a template file jdk.sh.j2 in /etc/profile.d/jdk.sh.

Task 13: Source environment variables
Description Task 13: Source the /etc/profile file using a shell task.

Task 14: Correct java version selected /usr/lib/jvm/{{ java_open_jdk_home_dir }}/jre/bin/java in java < 11
Description Task 14: Correct the path of java to /usr/lib/jvm/{{ java_open_jdk_home_dir }}/jre/bin/java for Java versions less than 11.

Task 15: Correct java version selected /usr/lib/jvm/{{ java_open_jdk_home_dir }}/bin/java in java >= 11
Description Task 15: Correct the path of java to /usr/lib/jvm/{{ java_open_jdk_home_dir }}/bin/java for Java versions 11 and above.

Tue Sep 30 18:39:43 2025: /home/studgoetsi5301/documents/ansible_bench/dataset/prompts/ollama_llama3.1:8b_english_exact/benchmark100/java_role/tasks/install_openjdk_prompt.txt Total generation time: 7.159114645997761


Prompt: You are a professional developer. Below you will find a complete Ansible Playbook. This playbook was generated based on a prompt. Your task is to reconstruct the original prompt that could have been used to generate this playbook.

Important: The only output follows the format below. Do not include any explanations or comments before or after.

The reconstructed prompt must exactly follow the structure below:

"Below you will receive task descriptions from which you should generate an Ansible Playbook.  
The generated playbook must be valid inside an Ansible Role under the tasks/ directory (e.g., tasks/main.yml).  
Do not include hosts:, vars:, or any playbook-level headers. Only output valid task entries or blocks as expected in a role.  

Task 1: ...
Description Task 1: ...

Task 2: ...
Description Task 2: ...

Task 3: ...
Description Task 3: ...
..."

Guidelines:
- Each task should be short and clearly describe one specific action.
- The tasks must match the actual tasks in the playbook **both in content and order**.
- Use the exact terminology and labels as used in the playbook (e.g., “install nginx” instead of “install web server”).
- Provide a more detailed description of the task next to each task
- Include the exact names of variables, handlers, etc. used in the playbook.

Here is the Ansible Playbook:
---
# tasks file for core_dependencies

- name: Remove conflicting packages
  ansible.builtin.package:
    name: "{{ core_dependencies_conflicting_packages }}"
    state: absent

- name: Install packages
  ansible.builtin.package:
    name: "{{ core_dependencies_packages }}"
    update_cache: true
  notify:
    - Gather facts

- name: Flush handlers
  ansible.builtin.meta: flush_handlers


Total input tokens: 368
___________________________________________LLM Output:___________________________________________ 
Below you will receive task descriptions from which you should generate an Ansible Playbook.

Task 1: Remove any packages that conflict with the core dependencies.
Description Task 1: This task removes any packages that may conflict with the core dependencies, ensuring a clean installation.

Task 2: Install all the core dependencies.
Description Task 2: This task installs all the required core dependencies, including any packages specified in the core_dependencies_packages variable, and updates the package cache.

Task 3: Trigger a handlers run.
Description Task 3: This task triggers a handlers run to execute any tasks that depend on the package installation, which is notified by the Gather facts handler.

Tue Sep 30 18:39:45 2025: /home/studgoetsi5301/documents/ansible_bench/dataset/prompts/ollama_llama3.1:8b_english_exact/benchmark100/ansible-role-core_dependencies/tasks/main_prompt.txt Total generation time: 1.7498619099933421


Prompt: You are a professional developer. Below you will find a complete Ansible Playbook. This playbook was generated based on a prompt. Your task is to reconstruct the original prompt that could have been used to generate this playbook.

Important: The only output follows the format below. Do not include any explanations or comments before or after.

The reconstructed prompt must exactly follow the structure below:

"Below you will receive task descriptions from which you should generate an Ansible Playbook.  
The generated playbook must be valid inside an Ansible Role under the tasks/ directory (e.g., tasks/main.yml).  
Do not include hosts:, vars:, or any playbook-level headers. Only output valid task entries or blocks as expected in a role.  

Task 1: ...
Description Task 1: ...

Task 2: ...
Description Task 2: ...

Task 3: ...
Description Task 3: ...
..."

Guidelines:
- Each task should be short and clearly describe one specific action.
- The tasks must match the actual tasks in the playbook **both in content and order**.
- Use the exact terminology and labels as used in the playbook (e.g., “install nginx” instead of “install web server”).
- Provide a more detailed description of the task next to each task
- Include the exact names of variables, handlers, etc. used in the playbook.

Here is the Ansible Playbook:
---
# tasks file for postfix

- name: Import assert.yml
  ansible.builtin.import_tasks:
    file: assert.yml
  run_once: true
  delegate_to: localhost

- name: Pre-configure debian systems
  ansible.builtin.debconf:
    name: postfix
    question: postfix/main_mailer_type
    vtype: string
    value: "No configuration"
  when:
    - ansible_os_family == "Debian"

- name: Install postfix
  ansible.builtin.package:
    name: postfix
    state: present

- name: Install postfix-mysql
  ansible.builtin.package:
    name: postfix-mysql
    state: present
  when:
    - (postfix_virtual_mailbox_maps is defined and "'mysql' in postfix_virtual_mailbox_maps) or
      (postfix_virtual_mailbox_domains is defined and 'mysql' in postfix_virtual_mailbox_domains) or
      (postix_virtual_alias_maps is defined and 'mysql' in postix_virtual_alias_maps")

- name: Configure postfix (transport_maps)
  ansible.builtin.template:
    src: "{{ postfix_transport_maps_template }}"
    dest: /etc/postfix/transport
    mode: "0644"
  notify:
    - Validate configuration
    - Rebuild transport_maps database
  when:
    - postfix_transport_maps_template is defined

- name: Configure postfix (header_checks)
  ansible.builtin.template:
    src: "{{ postfix_header_checks_template }}"
    dest: /etc/postfix/header_checks
    mode: "0644"
  notify:
    - Validate configuration
    - Reload postfix
  when:
    - postfix_header_checks_template is defined

- name: "Setting values for main.cf (1/2)"
  ansible.builtin.set_fact:
    _postfix_smtpd_recipient_restrictions_check_recipient_access: |
      {% if postfix_recipient_access is defined %}
      check_recipient_access hash:{{ postfix_recipient_access_path }},
      {% endif %}
    _postfix_smtpd_sender_restrictions_check_sender_access: |
      {% if postfix_sender_access is defined %}
      check_sender_access hash:{{ postfix_sender_access_path }},
      {% endif %}

- name: "Setting values for main.cf (2/2)"
  ansible.builtin.set_fact:
    _postfix_mynetworks: >-
      {% if postfix_mynetworks is string %}{{ postfix_mynetworks }}
      {% elif postfix_mynetworks is iterable and (postfix_mynetworks is not string and postfix_mynetworks is not mapping) %}
      {% for network in postfix_mynetworks %}{{ network }}{% if not loop.last %}, {% endif %}{% endfor %}
      {% endif %}
    _postfix_mydestination: >-
      {% if postfix_mydestination is defined %}
      {% if postfix_mydestination is string %}
      {{ postfix_mydestination }}
      {% elif postfix_mydestination is iterable and (postfix_mydestination is not string and postfix_mydestination is not mapping) %}
      {% for domain in postfix_mydestination %}{{ domain }}{% if not loop.last %}, {% endif %}{% endfor %}
      {% endif %}
      {% else %}
      <None>
      {% endif %}
    _postfix_relay_domains: >-
      {% if postfix_relay_domains is defined %}
      {% if postfix_relay_domains is string %}
      {{ postfix_relay_domains }}
      {% elif postfix_relay_domains is iterable and (postfix_relay_domains is not string and postfix_relay_domains is not mapping) %}
      {% for domain in postfix_relay_domains %}{{ domain }}{% if not loop.last %}, {% endif %}{% endfor %}
      {% endif %}
      {% else %}
      <None>
      {% endif %}
    _postfix_smtpd_recipient_restrictions: >-
      {% if postfix_smtpd_recipient_restrictions is defined %}
      {% if postfix_smtpd_recipient_restrictions is string %}
      {{ _postfix_smtpd_recipient_restrictions_check_recipient_access | trim }} {{ postfix_smtpd_recipient_restrictions }}
      {% elif postfix_smtpd_recipient_restrictions is iterable and (postfix_smtpd_recipient_restrictions is not string and postfix_smtpd_recipient_restrictions is not mapping) %}
      {{ _postfix_smtpd_recipient_restrictions_check_recipient_access | trim }} {% for domain in postfix_smtpd_recipient_restrictions %}{{ domain }}{% if not loop.last %}, {% endif %}{% endfor %}
      {% endif %}
      {% endif %}
    _postfix_smtpd_sender_restrictions: >-
      {% if postfix_smtpd_sender_restrictions is defined %}
      {% if postfix_smtpd_sender_restrictions is string %}
      {{ _postfix_smtpd_sender_restrictions_check_sender_access | trim }} {{ postfix_smtpd_sender_restrictions }}
      {% elif postfix_smtpd_sender_restrictions is iterable and (postfix_smtpd_sender_restrictions is not string and postfix_smtpd_sender_restrictions is not mapping) %}
      {{ _postfix_smtpd_sender_restrictions_check_sender_access | trim }} {% for domain in postfix_smtpd_sender_restrictions %}{{ domain }}{% if not loop.last %}, {% endif %}{% endfor %}
      {% endif %}
      {% endif %}
    _postfix_virtual_mailbox_domains: >-
      {% if postfix_virtual_mailbox_domains is defined %}
      {% if postfix_virtual_mailbox_domains is string %}
      {{ postfix_virtual_mailbox_domains }}
      {% elif postfix_virtual_mailbox_domains is iterable and (postfix_virtual_mailbox_domains is not string and postfix_virtual_mailbox_domains is not mapping) %}
      {% for domain in postfix_virtual_mailbox_domains %}{{ domain }}{% if not loop.last %}, {% endif %}{% endfor %}
      {% endif %}
      {% else %}
      <None>
      {% endif %}
    _postfix_virtual_alias_domains: >-
      {% if postfix_virtual_alias_domains is defined %}
      {% if postfix_virtual_alias_domains is string %}
      {{ postfix_virtual_alias_domains }}
      {% elif postfix_virtual_alias_domains is iterable and (postfix_virtual_alias_domains is not string and postfix_virtual_alias_domains is not mapping) %}
      {% for domain in postfix_virtual_alias_domains %}{{ domain }}{% if not loop.last %}, {% endif %}{% endfor %}
      {% endif %}
      {% else %}
      <None>
      {% endif %}

- name: Configure postfix (main.cf)
  ansible.builtin.template:
    src: main.cf.j2
    dest: /etc/postfix/main.cf
    validate: postconf -d -c %s
    mode: "0644"
  notify:
    - Validate configuration
    - Restart postfix

- name: Configure postfix (master.cf)
  ansible.builtin.template:
    src: master.cf.j2
    dest: /etc/postfix/master.cf
    validate: postconf -d -c %s
    mode: "0644"
  notify:
    - Validate configuration
    - Restart postfix

- name: Creates cert/key directory
  ansible.builtin.file:
    path: "{{ item }}"
    state: directory
    mode: 0700
  loop:
    - "{{ postfix_smtpd_tls_cert_file | dirname }}"
    - "{{ postfix_smtpd_tls_key_file | dirname }}"
  when:
    - postfix_smtpd_tls_cert_file is defined
    - postfix_smtpd_tls_key_file is defined
    - postfix_smtpd_tls_cert_file_source is defined
    - postfix_smtpd_tls_key_file_source is defined

- name: Deploy Postfix TLS server certificate
  ansible.builtin.copy:
    src: "{{ postfix_smtpd_tls_cert_file_source }}"
    dest: "{{ postfix_smtpd_tls_cert_file }}"
    mode: "0600"
  notify:
    - Reload postfix
  when:
    - postfix_smtpd_tls_cert_file_source is defined

- name: Deploy Postfix TLS server key
  ansible.builtin.copy:
    src: "{{ postfix_smtpd_tls_key_file_source }}"
    dest: "{{ postfix_smtpd_tls_key_file }}"
    mode: "0600"
  notify:
    - Reload postfix
  when:
    - postfix_smtpd_tls_key_file_source is defined

- name: Flush handlers
  ansible.builtin.meta: flush_handlers

- name: Configure aliases
  ansible.builtin.lineinfile:
    path: "{{ postfix_alias_path }}"
    regexp: "^{{ item.name }}:"
    line: "{{ item.name }}: {{ item.destination }}"
    mode: "0644"
  when:
    - postfix_aliases is defined
  loop: "{{ postfix_aliases }}"
  notify:
    - Rebuild alias database
    - Reload postfix
  loop_control:
    label: "{{ item.name }}"

- name: Configure sender_access
  ansible.builtin.lineinfile:
    path: "{{ postfix_sender_access_path }}"
    regexp: "^{{ item.domain }}"
    line: "{{ item.domain }} {{ item.action }}"
    create: true
    mode: "0644"
  when:
    - postfix_sender_access is defined
  loop: "{{ postfix_sender_access }}"
  notify:
    - Rebuild sender_access database
    - Reload postfix
  loop_control:
    label: "{{ item.domain }}"

- name: Configure recipient_access
  ansible.builtin.lineinfile:
    path: "{{ postfix_recipient_access_path }}"
    regexp: "^{{ item.domain }}"
    line: "{{ item.domain }} {{ item.action }}"
    create: true
    mode: "0644"
  when:
    - postfix_recipient_access is defined
  loop: "{{ postfix_recipient_access }}"
  notify:
    - Validate configuration
    - Rebuild recipient_access database
    - Reload postfix
  loop_control:
    label: "{{ item.domain }}"

- name: Place sasl_password_map
  ansible.builtin.copy:
    content: "{{ postfix_smtp_sasl_password_map_content }}"
    dest: "{{ postfix_smtp_sasl_password_map }}"
    mode: "0600"
  when:
    - postfix_smtp_sasl_password_map is defined and postfix_smtp_sasl_password_map != ""
  notify:
    - Rebuild sasl_password_map database

- name: Flush handlers again
  ansible.builtin.meta: flush_handlers

- name: Start and enable postfix
  ansible.builtin.service:
    name: "{{ postfix_service }}"
    state: started
    enabled: true

 66%|██████▌   | 66/100 [04:12<03:14,  5.72s/it]
Total input tokens: 2467
___________________________________________LLM Output:___________________________________________ 
Below you will receive task descriptions from which you should generate an Ansible Playbook.

The generated playbook must be valid inside an Ansible Role under the tasks/ directory (e.g., tasks/main.yml).

Do not include hosts:, vars:, or any playbook-level headers. Only output valid task entries or blocks as expected in a role.

Task 1: Import assert.yml file for task execution and skip the rest of the tasks on the first run.
Description Task 1: The playbook starts by importing the assert.yml file to ensure that the tasks in the playbook are properly executed. This task should run once and skip the rest of the tasks if it fails.

Task 2: Pre-configure Debian systems for postfix installation.
Description Task 2: This task configures Debian systems for postfix installation by setting the main mailer type to "No configuration" using the debconf module.

Task 3: Install postfix package.
Description Task 3: This task installs the postfix package using the package module.

Task 4: Install postfix-mysql package if specific conditions are met.
Description Task 4: This task installs the postfix-mysql package if the postfix_virtual_mailbox_maps, postfix_virtual_mailbox_domains, or postfix_virtual_alias_maps variables contain the string "mysql".

Task 5: Configure postfix transport maps.
Description Task 5: This task configures postfix transport maps by copying a template to the /etc/postfix/transport file and notifying handlers to validate the configuration and rebuild the transport maps database.

Task 6: Configure postfix header checks.
Description Task 6: This task configures postfix header checks by copying a template to the /etc/postfix/header_checks file and notifying handlers to validate the configuration and reload postfix.

Task 7: Set values for the main.cf file.
Description Task 7: This task sets values for the main.cf file by creating a list of recipient access and sender access rules based on the postfix_recipient_access, postfix_sender_access, postfix_mynetworks, postfix_mydestination, postfix_relay_domains, postfix_smtpd_recipient_restrictions, postfix_smtpd_sender_restrictions, postfix_virtual_mailbox_domains, and postfix_virtual_alias_domains variables.

Task 8: Configure postfix main.cf.
Description Task 8: This task configures postfix main.cf by copying a template to the /etc/postfix/main.cf file and notifying handlers to validate the configuration and restart postfix.

Task 9: Configure postfix master.cf.
Description Task 9: This task configures postfix master.cf by copying a template to the /etc/postfix/master.cf file and notifying handlers to validate the configuration and restart postfix.

Task 10: Create a directory for TLS certificates and keys.
Description Task 10: This task creates directories for the TLS certificates and keys using the file module.

Task 11: Deploy Postfix TLS server certificate.
Description Task 11: This task deploys the Postfix TLS server certificate by copying it to the destination file and notifying handlers to reload postfix.

Task 12: Deploy Postfix TLS server key.
Description Task 12: This task deploys the Postfix TLS server key by copying it to the destination file and notifying handlers to reload postfix.

Task 13: Flush handlers.
Description Task 13: This task flushes handlers to ensure that all notifications are executed.

Task 14: Configure aliases.
Description Task 14: This task configures aliases by copying the postfix_aliases variable to the postfix alias file and notifying handlers to rebuild the alias database and reload postfix.

Task 15: Configure sender_access.
Description Task 15: This task configures sender_access by copying the postfix_sender_access variable to the postfix sender access file and notifying handlers to rebuild the sender_access database and reload postfix.

Task 16: Configure recipient_access.
Description Task 16: This task configures recipient_access by copying the postfix_recipient_access variable to the postfix recipient access file and notifying handlers to validate the configuration, rebuild the recipient_access database, and reload postfix.

Task 17: Place sasl_password_map.
Description Task 17: This task places the sasl_password_map by copying the postfix_smtp_sasl_password_map_content variable to the postfix_smtp_sasl_password_map file and notifying handlers to rebuild the sasl_password_map database.

Task 18: Flush handlers again.
Description Task 18: This task flushes handlers again to ensure that all notifications are executed.

Task 19: Start and enable postfix service.
Description Task 19: This task starts and enables the postfix service using the service module.

Tue Sep 30 18:39:56 2025: /home/studgoetsi5301/documents/ansible_bench/dataset/prompts/ollama_llama3.1:8b_english_exact/benchmark100/ansible-role-postfix/tasks/main_prompt.txt Total generation time: 10.952496822996181


Prompt: You are a professional developer. Below you will find a complete Ansible Playbook. This playbook was generated based on a prompt. Your task is to reconstruct the original prompt that could have been used to generate this playbook.

Important: The only output follows the format below. Do not include any explanations or comments before or after.

The reconstructed prompt must exactly follow the structure below:

"Below you will receive task descriptions from which you should generate an Ansible Playbook.  
The generated playbook must be valid inside an Ansible Role under the tasks/ directory (e.g., tasks/main.yml).  
Do not include hosts:, vars:, or any playbook-level headers. Only output valid task entries or blocks as expected in a role.  

Task 1: ...
Description Task 1: ...

Task 2: ...
Description Task 2: ...

Task 3: ...
Description Task 3: ...
..."

Guidelines:
- Each task should be short and clearly describe one specific action.
- The tasks must match the actual tasks in the playbook **both in content and order**.
- Use the exact terminology and labels as used in the playbook (e.g., “install nginx” instead of “install web server”).
- Provide a more detailed description of the task next to each task
- Include the exact names of variables, handlers, etc. used in the playbook.

Here is the Ansible Playbook:
---
# tasks file for git

- name: Import assert.yml
  ansible.builtin.import_tasks: assert.yml
  run_once: true
  delegate_to: localhost

- name: Install git
  ansible.builtin.package:
    name: "{{ git_packages }}"
    state: present

- name: See if the specified user exists
  ansible.builtin.getent:
    database: passwd
    key: "{{ git_username }}"
    fail_key: false
  when:
    - git_username is defined

- name: Create directory for git configuration
  ansible.builtin.file:
    path: /home/{{ git_username }}
    state: directory
    owner: "{{ git_username | default(omit) }}"
    group: "{{ git_groupname | default(omit) }}"
    mode: "0755"
  when:
    - getent_passwd is defined
    - getent_passwd[git_username] != none

- name: Place git configuration
  ansible.builtin.template:
    src: gitconfig.j2
    dest: /home/{{ git_username }}/.gitconfig
    mode: "0644"
  when:
    - git_user_email is defined
    - git_user_name is defined
    - git_username is defined
    - getent_passwd[git_username] != none

- name: Create repository_destination
  ansible.builtin.file:
    path: "{{ git_repository_destination }}"
    state: directory
    owner: "{{ git_username | default(omit) }}"
    group: "{{ git_groupname | default(omit) }}"
    mode: "0750"
  when:
    - git_username is defined
    - git_repository_destination is defined
    - getent_passwd[git_username] != none

- name: Clone all roles
  ansible.builtin.git:
    repo: "{{ item.repo }}"
    dest: "{{ git_repository_destination }}/{{ item.dest }}"
    accept_hostkey: true
    version: "{{ item.version | default('HEAD') }}"
    force: "{{ item.force | default(git_force) }}"
  loop: "{{ git_repositories }}"
  loop_control:
    label: "{{ item.dest }}"
  become: true
  become_user: "{{ git_username }}"
  when:
    - git_repositories is defined
    - git_repository_destination is defined
    - git_username is defined
    - getent_passwd[git_username] != none

 67%|██████▋   | 67/100 [04:18<03:12,  5.82s/it] 68%|██████▊   | 68/100 [04:22<02:52,  5.39s/it]
Total input tokens: 773
___________________________________________LLM Output:___________________________________________ 
Below you will receive task descriptions from which you should generate an Ansible Playbook.

The generated playbook must be valid inside an Ansible Role under the tasks/ directory (e.g., tasks/main.yml).

Do not include hosts:, vars:, or any playbook-level headers. Only output valid task entries or blocks as expected in a role.

Task 1: Import assert.yml role.
Description Task 1: Include the role assert.yml in the current playbook, and run this task only once. Delegation should be to localhost.

Task 2: Install git package.
Description Task 2: Install the package with the name specified in the variable git_packages, and ensure that it is present on the system.

Task 3: Check if a user exists.
Description Task 3: Query the passwd database to check if a user with the name specified in the variable git_username exists. If git_username is not defined, skip this task.

Task 4: Create a directory for git configuration.
Description Task 4: Create a directory at /home/ with the name specified in the variable git_username. Ensure that the directory belongs to the user specified in git_username, and the group specified in git_groupname. If either of these variables is not defined, omit them from the file path. This task should only run if the user exists.

Task 5: Configure git.
Description Task 5: Use a template to create a git configuration file at /home/ with the name specified in git_username. The template src should be gitconfig.j2. Ensure that the file has a mode of "0644". This task should only run if the user exists, and if the variables git_user_email, git_user_name, and git_username are defined.

Task 6: Create the repository destination.
Description Task 6: Create a directory at the path specified in the variable git_repository_destination. Ensure that the directory belongs to the user specified in git_username, and the group specified in git_groupname. If either of these variables is not defined, omit them from the file path. This task should only run if the user exists.

Task 7: Clone all specified repositories.
Description Task 7: Clone the repositories specified in the variable git_repositories. The repo attribute should be the URL of the repository, dest should be the path where the repository will be cloned, and the version should be the version of the repository to clone. If the version is not specified, it defaults to "HEAD". The force attribute should be true if the repository is forced to be cloned. The become_user should be the user specified in git_username. This task should only run if the user exists and if the variables git_repositories and git_repository_destination are defined.

Tue Sep 30 18:40:02 2025: /home/studgoetsi5301/documents/ansible_bench/dataset/prompts/ollama_llama3.1:8b_english_exact/benchmark100/ansible-role-git/tasks/main_prompt.txt Total generation time: 6.060965632001171


Prompt: You are a professional developer. Below you will find a complete Ansible Playbook. This playbook was generated based on a prompt. Your task is to reconstruct the original prompt that could have been used to generate this playbook.

Important: The only output follows the format below. Do not include any explanations or comments before or after.

The reconstructed prompt must exactly follow the structure below:

"Below you will receive task descriptions from which you should generate an Ansible Playbook.  
The generated playbook must be valid inside an Ansible Role under the tasks/ directory (e.g., tasks/main.yml).  
Do not include hosts:, vars:, or any playbook-level headers. Only output valid task entries or blocks as expected in a role.  

Task 1: ...
Description Task 1: ...

Task 2: ...
Description Task 2: ...

Task 3: ...
Description Task 3: ...
..."

Guidelines:
- Each task should be short and clearly describe one specific action.
- The tasks must match the actual tasks in the playbook **both in content and order**.
- Use the exact terminology and labels as used in the playbook (e.g., “install nginx” instead of “install web server”).
- Provide a more detailed description of the task next to each task
- Include the exact names of variables, handlers, etc. used in the playbook.

Here is the Ansible Playbook:
---
# tasks file for php

- name: Import assert.yml
  ansible.builtin.import_tasks:
    file: assert.yml
  run_once: true
  delegate_to: localhost

- name: Install php
  ansible.builtin.package:
    name: "{{ php_packages }}"

- name: Find used php.ini
  ansible.builtin.shell:
    cmd: "set -o pipefail && {{ php_ini_command }}"
    executable: /bin/bash
  register: php_found_ini_location
  changed_when: false
  when:
    - php_ini_location is not defined

- name: Configure php
  ansible.builtin.template:
    src: php.ini.j2
    dest: "{{ php_ini_location | default(php_found_ini_location.stdout) }}"
    mode: "0644"
  notify:
    - Restart httpd


Total input tokens: 457
___________________________________________LLM Output:___________________________________________ 
Below you will receive task descriptions from which you should generate an Ansible Playbook.

Task 1: Import the assert.yml file.
Description Task 1: This task will import the assert.yml file into the playbook, likely for testing or validation purposes. The `run_once` parameter is used to ensure this task is only executed once, and `delegate_to: localhost` specifies that the import should occur on the local machine.

Task 2: Install the PHP packages.
Description Task 2: This task will install the PHP packages using the `ansible.builtin.package` module. The `name` parameter is set to a variable `{{ php_packages }}`, which suggests that the actual package names are defined elsewhere in the playbook.

Task 3: Find the location of the used php.ini file.
Description Task 3: This task will use the `ansible.builtin.shell` module to find the location of the php.ini file used by PHP. The `cmd` parameter specifies a bash command that uses `set -o pipefail` to ensure the command exits with a non-zero status if any part of the pipeline fails, and `php_ini_command` is a variable containing the command to find the php.ini location. The output of this command is registered in the `php_found_ini_location` variable.

Task 4: Configure the PHP settings.
Description Task 4: This task will use the `ansible.builtin.template` module to configure the PHP settings by creating or updating the php.ini file. The `src` parameter specifies the template file `php.ini.j2`, and the `dest` parameter is set to the location of the php.ini file, which is either the value of the `php_ini_location` variable or the output of the previous task. The `mode` parameter is set to `0644` to specify the file permissions. This task will also trigger a restart of the `httpd` service using the `notify` parameter.

Tue Sep 30 18:40:06 2025: /home/studgoetsi5301/documents/ansible_bench/dataset/prompts/ollama_llama3.1:8b_english_exact/benchmark100/ansible-role-php-robertdebock/tasks/main_prompt.txt Total generation time: 4.375085224994109


Prompt: You are a professional developer. Below you will find a complete Ansible Playbook. This playbook was generated based on a prompt. Your task is to reconstruct the original prompt that could have been used to generate this playbook.

Important: The only output follows the format below. Do not include any explanations or comments before or after.

The reconstructed prompt must exactly follow the structure below:

"Below you will receive task descriptions from which you should generate an Ansible Playbook.  
The generated playbook must be valid inside an Ansible Role under the tasks/ directory (e.g., tasks/main.yml).  
Do not include hosts:, vars:, or any playbook-level headers. Only output valid task entries or blocks as expected in a role.  

Task 1: ...
Description Task 1: ...

Task 2: ...
Description Task 2: ...

Task 3: ...
Description Task 3: ...
..."

Guidelines:
- Each task should be short and clearly describe one specific action.
- The tasks must match the actual tasks in the playbook **both in content and order**.
- Use the exact terminology and labels as used in the playbook (e.g., “install nginx” instead of “install web server”).
- Provide a more detailed description of the task next to each task
- Include the exact names of variables, handlers, etc. used in the playbook.

Here is the Ansible Playbook:
---
- name: Create etcd group
  ansible.builtin.group:
    name: etcd
    state: present

- name: Create etcd user
  ansible.builtin.user:
    name: etcd
    shell: /bin/nologin
    group: etcd
    comment: etcd user
    state: present

- name: Copy systemctl config file for kernel hardening
  ansible.builtin.copy:
    src: "{{ '/usr/local/share/rke2/rke2-cis-sysctl.conf' if (not usr_local.stat.writeable) or (partition_result.rc == 1) else '/opt/rke2/share/rke2/rke2-cis-sysctl.conf' }}"
    dest: /etc/sysctl.d/60-rke2-cis.conf
    mode: 0600
    remote_src: true
  notify: Restart systemd-sysctl

- name: Flush handlers
  ansible.builtin.meta: flush_handlers

 69%|██████▉   | 69/100 [04:26<02:25,  4.71s/it]
Total input tokens: 488
___________________________________________LLM Output:___________________________________________ 
Below you will receive task descriptions from which you should generate an Ansible Playbook.

Task 1: Create a system group named etcd and ensure it exists.
Description: This task will create a system group named etcd, which is a necessary step for configuring the etcd service.

Task 2: Create a system user named etcd, assign it to the etcd group, and set its shell to /bin/nologin.
Description: This task will create a system user named etcd, assign it to the etcd group, and set its shell to /bin/nologin, ensuring the user is locked and cannot login.

Task 3: Copy the systemctl config file for kernel hardening to the /etc/sysctl.d/ directory, using a conditional source file based on the writeability of the /usr/local/share directory and the result of a command.
Description: This task will copy the systemctl config file for kernel hardening to the /etc/sysctl.d/ directory, using a conditional source file based on the writeability of the /usr/local/share directory and the result of a command, and notify the Restart systemd-sysctl handler.

Task 4: Flush the handlers to run pending tasks.
Description: This task will flush the handlers to run any pending tasks, ensuring that any notified tasks are executed.

Tue Sep 30 18:40:09 2025: /home/studgoetsi5301/documents/ansible_bench/dataset/prompts/ollama_llama3.1:8b_english_exact/benchmark100/ansible-role-rke2/tasks/cis_prompt.txt Total generation time: 3.113720027002273


Prompt: You are a professional developer. Below you will find a complete Ansible Playbook. This playbook was generated based on a prompt. Your task is to reconstruct the original prompt that could have been used to generate this playbook.

Important: The only output follows the format below. Do not include any explanations or comments before or after.

The reconstructed prompt must exactly follow the structure below:

"Below you will receive task descriptions from which you should generate an Ansible Playbook.  
The generated playbook must be valid inside an Ansible Role under the tasks/ directory (e.g., tasks/main.yml).  
Do not include hosts:, vars:, or any playbook-level headers. Only output valid task entries or blocks as expected in a role.  

Task 1: ...
Description Task 1: ...

Task 2: ...
Description Task 2: ...

Task 3: ...
Description Task 3: ...
..."

Guidelines:
- Each task should be short and clearly describe one specific action.
- The tasks must match the actual tasks in the playbook **both in content and order**.
- Use the exact terminology and labels as used in the playbook (e.g., “install nginx” instead of “install web server”).
- Provide a more detailed description of the task next to each task
- Include the exact names of variables, handlers, etc. used in the playbook.

Here is the Ansible Playbook:
---
- name: Download RKE2 installation script
  ansible.builtin.get_url:
    url: "{{ rke2_install_bash_url }}"
    dest: "{{ rke2_install_script_dir }}/rke2.sh"
    mode: 0700
    timeout: "{{ rke2_artifact_fetch_timeout }}"
  when: not rke2_airgap_mode

- name: Copy local RKE2 installation script
  ansible.builtin.copy:
    src: "{{ rke2_airgap_copy_sourcepath }}/rke2.sh"
    dest: "{{ rke2_install_script_dir }}/rke2.sh"
    mode: 0700
    force: yes
  when:
    - rke2_airgap_mode
    - rke2_airgap_implementation == 'copy'

- name: Create RKE2 artifacts folder
  ansible.builtin.file:
    path: "{{ rke2_artifact_path }}"
    state: directory
    mode: 0700
  when:
    - rke2_airgap_mode
    - rke2_airgap_implementation != 'exists'

- name: Download RKE2 checksum and artifacts (try to download remotely first - fallback to local download and push)
  when:
    - rke2_airgap_mode
    - rke2_airgap_implementation == 'download'
  block:
    - name: Download sha256 checksum file ( airgap mode )
      ansible.builtin.get_url:
        url: "{{ rke2_artifact_url }}/{{ rke2_version }}/sha256sum-{{ rke2_architecture }}.txt"
        dest: "{{ rke2_artifact_path }}/sha256sum-{{ rke2_architecture }}.txt"
        force: yes
        mode: 0640
        timeout: "{{ rke2_artifact_fetch_timeout }}"
    - name: Download RKE2 artifacts and compare with checksums ( airgap mode )
      ansible.builtin.get_url:
        url: "{{ rke2_artifact_url }}/{{ rke2_version }}/{{ item }}"
        dest: "{{ rke2_artifact_path }}/{{ item }}"
        mode: 0640
        checksum: "sha256:{{ rke2_artifact_url }}/{{ rke2_version }}/sha256sum-{{ rke2_architecture }}.txt"
        timeout: "{{ rke2_artifact_fetch_timeout }}"
      with_items: "{{ rke2_artifact | reject('search', 'sha256sum') | list }}"
    - name: Download RKE2 install script ( airgap mode )
      ansible.builtin.get_url:
        url: "{{ rke2_install_bash_url }}"
        dest: "{{ rke2_install_script_dir }}/rke2.sh"
        mode: 0700
        timeout: "{{ rke2_artifact_fetch_timeout }}"
  rescue:
    - name: "Remote downloading failed: Downloading locally and pushing to remote hosts ( airgap mode - download locally and push to remote )"
      ansible.builtin.pause: # Slight delay to make sure you know it's gonna happen and have time to cancel
        seconds: 7
    - name: "Create directory {{ rke2_airgap_copy_sourcepath }}"
      delegate_to: localhost
      run_once: true
      ansible.builtin.file:
        path: "{{ rke2_airgap_copy_sourcepath }}"
        state: directory
        mode: 0750
        owner: "{{ lookup('env', 'USER') }}"
    - name: Download RKE2 checksum locally
      delegate_to: localhost
      run_once: true
      register: checksum_file
      ansible.builtin.get_url:
        url: "{{ rke2_artifact_url }}/{{ rke2_version }}/sha256sum-{{ rke2_architecture }}.txt"
        dest: "{{ rke2_airgap_copy_sourcepath }}/"
        force: yes
        mode: 0640
        owner: "{{ lookup('env', 'USER') }}"
        timeout: "{{ rke2_artifact_fetch_timeout }}"
    - name: Downloading RKE2 artifacts locally
      delegate_to: localhost
      run_once: true
      ansible.builtin.get_url:
        force: yes
        url: "{{ item }}"
        dest: "{{ rke2_airgap_copy_sourcepath }}/"
        mode: 0640
        owner: "{{ lookup('env', 'USER') }}"
        timeout: "{{ rke2_artifact_fetch_timeout }}"
      with_items: "{{ [rke2_artifact_url + '/' + rke2_version + '/'] | product(rke2_artifact) | map('join') | list + [rke2_install_bash_url] }}"
    - name: Download RKE2 install script locally
      delegate_to: localhost
      run_once: true
      ansible.builtin.get_url:
        url: "{{ rke2_install_bash_url }}"
        dest: "{{ rke2_airgap_copy_sourcepath }}/rke2.sh"
        mode: 0700
        owner: "{{ lookup('env', 'USER') }}"
        timeout: "{{ rke2_artifact_fetch_timeout }}"
    - name: Copy local RKE2 files to remote hosts
      ansible.builtin.copy:
        src: "{{ rke2_airgap_copy_sourcepath }}/"
        dest: "{{ rke2_artifact_path }}/"
        mode: 0640
    - name: Copy local RKE2 install script to remote hosts
      ansible.builtin.copy:
        src: "{{ rke2_airgap_copy_sourcepath }}/rke2.sh"
        dest: "{{ rke2_install_script_dir }}/rke2.sh"
        mode: 0700

- name: Copy local RKE2 artifacts
  ansible.builtin.copy:
    src: "{{ rke2_airgap_copy_sourcepath }}/{{ item }}"
    dest: "{{ rke2_artifact_path }}/{{ item }}"
    mode: 0640
    force: yes
  with_items: "{{ rke2_artifact }}"
  when:
    - rke2_airgap_mode
    - rke2_airgap_implementation == 'copy'

- name: Airgap mode - additional images tarballs
  when:
    - rke2_airgap_mode
    - ( rke2_airgap_copy_additional_tarballs | length > 0 )
    - rke2_airgap_implementation != 'exists'
  block:
    - name: Create additional images tarballs folder
      ansible.builtin.file:
        path: "{{ rke2_tarball_images_path }}"
        state: directory
        mode: 0700
    - name: Copy additional tarball images RKE2 components
      ansible.builtin.copy:
        src: "{{ rke2_airgap_copy_sourcepath }}/{{ item }}"
        dest: "{{ rke2_tarball_images_path }}/{{ item }}"
        mode: 0644
        force: yes
      with_items: "{{ rke2_airgap_copy_additional_tarballs }}"

- name: Airgap mode - ensure artifacts exist and have acceptable permissions # only modifies permissions if they are overprivileged
  when:
    - rke2_airgap_mode
    - rke2_airgap_implementation == 'exists'
  block:
    - name: Register artifacts
      ansible.builtin.stat:
        path: "{{ rke2_artifact_path }}/{{ item }}"
      with_items: "{{ rke2_artifact }}"
      register: artifacts
    - name: Register install script
      ansible.builtin.stat:
        path: "{{ rke2_install_script_dir }}/rke2.sh"
      register: install_script
    - name: Register artifact facts
      ansible.builtin.set_fact:
        artifacts_writeable: "{{ artifacts.values() | map(attribute='writeable') | list | bool }}"
    - name: Make the artifacts read-only
      ansible.builtin.file:
        path: "{{ rke2_artifact_path }}/{{ item }}"
        mode: 0640
      with_items: "{{ rke2_artifact }}"
      when: artifacts_writeable
    - name: Make the install script executable.
      ansible.builtin.file:
        path: "{{ rke2_install_script_dir }}/rke2.sh"
        mode: 0700
      when:
        - install_script.stat.writeable
        - not install_script.stat.executable
    - name: Install script must be executable
      ansible.builtin.fail:
        msg: "The install script at {{ rke2_install_script_dir }}/rke2.sh must be executable."
      when: not install_script.stat.executable

- name: Populate service facts
  ansible.builtin.service_facts:

- name: Get stats of the FS object
  ansible.builtin.stat:
    path: /usr/local
  register: usr_local

- name: Check if separate partition
  ansible.builtin.command: grep '/usr/local ' /proc/mounts
  changed_when: false
  register: partition_result
  failed_when: partition_result.rc >= 2
  check_mode: false

- name: Set RKE2 bin path
  ansible.builtin.set_fact:
    rke2_bin_path: "{{ '/usr/local/bin/rke2' if (not usr_local.stat.writeable) or (partition_result.rc == 1) else '/opt/rke2/bin/rke2' }}"

- name: Check RKE2 version
  ansible.builtin.shell: |
    set -euo pipefail

    rke2_bin_path="{{ rke2_bin_path }}"
    rke2_service_name="{{ rke2_service_name }}"
    rke2_version="{{ rke2_version }}"

    if [ -f "$rke2_bin_path" ]; then
      installed_version="$($rke2_bin_path --version | awk '/rke2 version/ {print $3}')"
    else
      installed_version="not installed"
    fi

    if systemctl is-active --quiet $rke2_service_name && rke2_service_pid=$(systemctl show $rke2_service_name --property MainPID --value); then
      rke2_bin_path="$(realpath "/proc/$rke2_service_pid/exe")"
    fi

    # Linux appends the target of removed proc exe with ' (deleted)', making the path unavailable.
    if [ -f "$rke2_bin_path" ]; then
      running_version="$($rke2_bin_path --version | awk '/rke2 version/ {print $3}')"
    elif [ "$installed_version" = "not installed" ]; then
      running_version="$rke2_version"
    else
      running_version="outdated"
    fi

    echo "{\"installed_version\":\"$installed_version\",\"running_version\":\"$running_version\"}"
  args:
    executable: /bin/bash
  changed_when: false
  register: versions_check

- name: Set RKE2 versions
  when: not ansible_check_mode
  ansible.builtin.set_fact:
    installed_version: "{{ versions.installed_version }}"
    running_version: "{{ versions.running_version }}"
  vars:
    versions: "{{ versions_check.stdout | from_json }}"

- name: Prevent accidental RKE2 downgrade
  when: not ansible_check_mode and installed_version != "not installed" and not rke2_allow_downgrade
  ansible.builtin.assert:
    that:
      - >
        (rke2_version_clean is version(running_version_clean, '>=')) or
        (rke2_version_clean is version(running_version_clean, '<') and rke2_allow_downgrade)
    fail_msg: >
      Version downgrade is not allowed unless explicitly permitted.
      Current running version: {{ running_version_clean }},
      desired version: {{ rke2_version_clean }}.
      Set 'rke2_allow_downgrade: true' to allow downgrades.
    success_msg: >
      Version check passed. Current running version: {{ running_version_clean }},
      desired version: {{ rke2_version_clean }}."
  vars:
    rke2_version_clean: "{{ rke2_version | regex_search('v([0-9]+\\.[0-9]+\\.[0-9]+)', '\\1') }}"
    running_version_clean: "{{ running_version | regex_search('v([0-9]+\\.[0-9]+\\.[0-9]+)', '\\1') }}"

- name: Run RKE2 install script
  when: not ansible_check_mode and rke2_version != installed_version
  block:
    - name: Run RKE2 install script with airgap variables
      ansible.builtin.command:
        cmd: "{{ rke2_install_script_dir }}/rke2.sh"
      environment:
        INSTALL_RKE2_ARTIFACT_PATH: "{{ rke2_artifact_path }}"
        INSTALL_RKE2_AGENT_IMAGES_DIR: "{{ rke2_data_path }}/agent/images"
        INSTALL_RKE2_METHOD: "{{ rke2_method }}"
      changed_when: false
      when: rke2_airgap_mode
    - name: Run RKE2 install script without airgap variables
      ansible.builtin.command:
        cmd: "{{ rke2_install_script_dir }}/rke2.sh"
      environment:
        INSTALL_RKE2_VERSION: "{{ rke2_version }}"
        INSTALL_RKE2_CHANNEL_URL: "{{ rke2_channel_url }}"
        INSTALL_RKE2_CHANNEL: "{{ rke2_channel }}"
        INSTALL_RKE2_METHOD: "{{ rke2_method }}"
      changed_when: false
      when: not rke2_airgap_mode

- name: Copy Custom Manifests
  ansible.builtin.template:
    src: "{{ item }}"
    dest: "{{ rke2_data_path }}/server/manifests/"
    owner: root
    group: root
    mode: 0644
  with_items: "{{ rke2_custom_manifests }}"
  when: rke2_custom_manifests | length > 0

- name: Copy Static Pods
  ansible.builtin.copy:
    src: "{{ item }}"
    dest: "{{ rke2_data_path }}/agent/pod-manifests/"
    owner: root
    group: root
    mode: 0644
  with_items: "{{ rke2_static_pods }}"
  when: rke2_static_pods

- name: Copy RKE2 environment file
  ansible.builtin.template:
    src: rke2_environment.j2
    dest: "/etc/default/rke2-{{ rke2_type }}"
    owner: root
    group: root
    mode: 0644
  when:
    - rke2_environment_options is defined
    - rke2_environment_options|length > 0

 70%|███████   | 70/100 [04:36<03:10,  6.35s/it] 71%|███████   | 71/100 [04:37<02:23,  4.93s/it]
Total input tokens: 3342
___________________________________________LLM Output:___________________________________________ 
Below you will receive task descriptions from which you should generate an Ansible Playbook.

The generated playbook must be valid inside an Ansible Role under the tasks/ directory (e.g., tasks/main.yml).

Do not include hosts:, vars:, or any playbook-level headers. Only output valid task entries or blocks as expected in a role.

Task 1: Download RKE2 installation script
Description Task 1: Download the RKE2 installation script from the provided URL and save it to a specified directory with the correct permissions.

Task 2: Copy local RKE2 installation script
Description Task 2: Copy the RKE2 installation script from a local source path to a specified destination directory with the correct permissions. This task should only run when in airgap mode and when the implementation is set to 'copy'.

Task 3: Create RKE2 artifacts folder
Description Task 3: Create a directory for RKE2 artifacts with the correct permissions. This task should only run when in airgap mode and when the implementation is not set to 'exists'.

Task 4: Download RKE2 checksum and artifacts
Description Task 4: Download the RKE2 checksum and artifacts from the provided URL and save them to a specified directory with the correct permissions. This task should only run when in airgap mode and when the implementation is set to 'download'. If remote downloading fails, it should fall back to local downloading and pushing.

Task 5: Airgap mode - additional images tarballs
Description Task 5: Create a directory for additional images tarballs and copy the RKE2 components to this directory with the correct permissions. This task should only run when in airgap mode and when the implementation is not set to 'exists' and when there are additional tarballs to copy.

Task 6: Airgap mode - ensure artifacts exist and have acceptable permissions
Description Task 6: Ensure the RKE2 artifacts exist and have the correct permissions. This task should only run when in airgap mode and when the implementation is set to 'exists'.

Task 7: Populate service facts
Description Task 7: Populate service facts using the Ansible service_facts module.

Task 8: Get stats of the FS object
Description Task 8: Get the stats of the FS object at the specified path.

Task 9: Check if separate partition
Description Task 9: Check if the specified partition is a separate partition by checking the output of the grep command.

Task 10: Set RKE2 bin path
Description Task 10: Set the RKE2 bin path based on the writeability of the /usr/local directory and the result of the partition check.

Task 11: Check RKE2 version
Description Task 11: Check the RKE2 version by running a shell command that checks the version of the RKE2 binary and the RKE2 service.

Task 12: Set RKE2 versions
Description Task 12: Set the RKE2 versions based on the result of the version check.

Task 13: Prevent accidental RKE2 downgrade
Description Task 13: Prevent accidental RKE2 downgrades by asserting that the running version is greater than or equal to the desired version.

Task 14: Run RKE2 install script
Description Task 14: Run the RKE2 install script with the provided variables. This task should only run when the desired version is not the same as the installed version.

Task 15: Copy Custom Manifests
Description Task 15: Copy custom manifests from the provided source path to the specified destination directory with the correct permissions. This task should only run when custom manifests are provided.

Task 16: Copy Static Pods
Description Task 16: Copy static pods from the provided source path to the specified destination directory with the correct permissions. This task should only run when static pods are provided.

Task 17: Copy RKE2 environment file
Description Task 17: Copy the RKE2 environment file from the provided source path to the specified destination file with the correct permissions. This task should only run when environment options are provided.

Tue Sep 30 18:40:19 2025: /home/studgoetsi5301/documents/ansible_bench/dataset/prompts/ollama_llama3.1:8b_english_exact/benchmark100/ansible-role-rke2/tasks/rke2_prompt.txt Total generation time: 10.18531064299168


Prompt: You are a professional developer. Below you will find a complete Ansible Playbook. This playbook was generated based on a prompt. Your task is to reconstruct the original prompt that could have been used to generate this playbook.

Important: The only output follows the format below. Do not include any explanations or comments before or after.

The reconstructed prompt must exactly follow the structure below:

"Below you will receive task descriptions from which you should generate an Ansible Playbook.  
The generated playbook must be valid inside an Ansible Role under the tasks/ directory (e.g., tasks/main.yml).  
Do not include hosts:, vars:, or any playbook-level headers. Only output valid task entries or blocks as expected in a role.  

Task 1: ...
Description Task 1: ...

Task 2: ...
Description Task 2: ...

Task 3: ...
Description Task 3: ...
..."

Guidelines:
- Each task should be short and clearly describe one specific action.
- The tasks must match the actual tasks in the playbook **both in content and order**.
- Use the exact terminology and labels as used in the playbook (e.g., “install nginx” instead of “install web server”).
- Provide a more detailed description of the task next to each task
- Include the exact names of variables, handlers, etc. used in the playbook.

Here is the Ansible Playbook:
- name: Restore etcd - get all nodes
  ansible.builtin.shell: |
    {{ rke2_data_path }}/bin/kubectl --kubeconfig /etc/rancher/rke2/rke2.yaml \
    get nodes --no-headers -o custom-columns=":metadata.name"
  args:
    executable: /bin/bash
  changed_when: false
  register: node_names

- name: Restore etcd - remove old nodes
  ansible.builtin.shell: |
    {{ rke2_data_path }}/bin/kubectl --kubeconfig /etc/rancher/rke2/rke2.yaml \
    delete node {{ item }} 2>&1 || true
  args:
    executable: /bin/bash
  with_items: "{{ node_names.stdout_lines | difference(groups[rke2_cluster_group_name]) }}"
  changed_when: false


Total input tokens: 460
___________________________________________LLM Output:___________________________________________ 
Below you will receive task descriptions from which you should generate an Ansible Playbook.

Task 1: Restore etcd node names.
Description Task 1: Run a Kubernetes command to get the names of all nodes in the cluster. The output should be stored in the `node_names` variable.

Task 2: Remove old nodes from the cluster.
Description Task 2: For each node that is present in the `node_names` variable but not in the `groups[rke2_cluster_group_name]` group, delete the node using a Kubernetes command. Ignore any errors that may occur.

Tue Sep 30 18:40:21 2025: /home/studgoetsi5301/documents/ansible_bench/dataset/prompts/ollama_llama3.1:8b_english_exact/benchmark100/ansible-role-rke2/tasks/first_server_restore_prompt.txt Total generation time: 1.6250012740056263


Prompt: You are a professional developer. Below you will find a complete Ansible Playbook. This playbook was generated based on a prompt. Your task is to reconstruct the original prompt that could have been used to generate this playbook.

Important: The only output follows the format below. Do not include any explanations or comments before or after.

The reconstructed prompt must exactly follow the structure below:

"Below you will receive task descriptions from which you should generate an Ansible Playbook.  
The generated playbook must be valid inside an Ansible Role under the tasks/ directory (e.g., tasks/main.yml).  
Do not include hosts:, vars:, or any playbook-level headers. Only output valid task entries or blocks as expected in a role.  

Task 1: ...
Description Task 1: ...

Task 2: ...
Description Task 2: ...

Task 3: ...
Description Task 3: ...
..."

Guidelines:
- Each task should be short and clearly describe one specific action.
- The tasks must match the actual tasks in the playbook **both in content and order**.
- Use the exact terminology and labels as used in the playbook (e.g., “install nginx” instead of “install web server”).
- Provide a more detailed description of the task next to each task
- Include the exact names of variables, handlers, etc. used in the playbook.

Here is the Ansible Playbook:
---
- name: Create the RKE2 manifests directory
  ansible.builtin.file:
    state: directory
    path: "{{ rke2_data_path }}/server/manifests"
    owner: root
    group: root
    mode: 0700

- name: Copy ingress-nginx files to first server
  ansible.builtin.template:
    src: "templates/ingress-nginx-config.yml.j2"
    dest: "{{ rke2_data_path }}/server/manifests/rke2-ingress-nginx-config.yaml"
    owner: root
    group: root
    mode: 0664

 72%|███████▏  | 72/100 [04:39<01:49,  3.90s/it]
Total input tokens: 412
___________________________________________LLM Output:___________________________________________ 
Below you will receive task descriptions from which you should generate an Ansible Playbook.

Task 1: Create the RKE2 manifests directory
Description Task 1: Create a directory at the specified path for storing RKE2 manifests, ensuring ownership and permissions are correctly set.

Task 2: Copy ingress-nginx files to first server
Description Task 2: Copy the ingress-nginx template to a specific location within the RKE2 manifests directory, setting the correct ownership and permissions.

Tue Sep 30 18:40:22 2025: /home/studgoetsi5301/documents/ansible_bench/dataset/prompts/ollama_llama3.1:8b_english_exact/benchmark100/ansible-role-rke2/tasks/ingress-nginx_prompt.txt Total generation time: 1.4822899870050605


Prompt: You are a professional developer. Below you will find a complete Ansible Playbook. This playbook was generated based on a prompt. Your task is to reconstruct the original prompt that could have been used to generate this playbook.

Important: The only output follows the format below. Do not include any explanations or comments before or after.

The reconstructed prompt must exactly follow the structure below:

"Below you will receive task descriptions from which you should generate an Ansible Playbook.  
The generated playbook must be valid inside an Ansible Role under the tasks/ directory (e.g., tasks/main.yml).  
Do not include hosts:, vars:, or any playbook-level headers. Only output valid task entries or blocks as expected in a role.  

Task 1: ...
Description Task 1: ...

Task 2: ...
Description Task 2: ...

Task 3: ...
Description Task 3: ...
..."

Guidelines:
- Each task should be short and clearly describe one specific action.
- The tasks must match the actual tasks in the playbook **both in content and order**.
- Use the exact terminology and labels as used in the playbook (e.g., “install nginx” instead of “install web server”).
- Provide a more detailed description of the task next to each task
- Include the exact names of variables, handlers, etc. used in the playbook.

Here is the Ansible Playbook:
---
- name: Create the RKE2 config dir
  ansible.builtin.file:
    state: directory
    path: /etc/rancher/rke2
    owner: root
    group: root
    mode: 0755

- name: Set server taints
  ansible.builtin.set_fact:
    combined_node_taints: "{{ rke2_server_node_taints }}"
  when: rke2_type == 'server'

- name: Copy rke2 config
  ansible.builtin.template:
    src: "{{ rke2_config }}"
    dest: /etc/rancher/rke2/config.yaml
    owner: root
    group: root
    mode: 0600
  notify: "Config file changed"

- name: Copy kubelet config
  ansible.builtin.template:
    src: templates/kubelet-config.yaml.j2
    dest: /etc/rancher/rke2/kubelet-config.yaml
    owner: root
    group: root
    mode: 0600
  when: rke2_kubelet_config | length > 0
  notify: "Config file changed"

- name: Copy Containerd Registry Configuration file
  ansible.builtin.template:
    src: "{{ rke2_custom_registry_path }}"
    dest: /etc/rancher/rke2/registries.yaml
    owner: root
    group: root
    mode: 0600
  when: (rke2_custom_registry_mirrors | length > 0 or rke2_custom_registry_configs | length > 0)
  notify: "Config file changed"

- name: Register if we need to do a etcd restore from file
  ansible.builtin.set_fact:
    do_etcd_restore: true
  when: (rke2_etcd_snapshot_file | length > 0) and ((ansible_facts.services['rke2-server.service'] is not defined) or (ansible_facts.services['rke2-server.service']['status'] == 'disabled'))

- name: Register if we need to do a etcd restore from s3
  ansible.builtin.set_fact:
    do_etcd_restore_from_s3: true
  when:
    - rke2_etcd_snapshot_file | length > 0
    - rke2_etcd_snapshot_s3_options is defined
    - rke2_etcd_snapshot_s3_options.access_key
    - rke2_etcd_snapshot_s3_options.secret_key
    - rke2_etcd_snapshot_s3_options.bucket
    - rke2_etcd_snapshot_s3_options.snapshot_name

- name: Restore etcd from file
  when: do_etcd_restore is defined
  block:
    - name: Create the RKE2 etcd snapshot dir
      ansible.builtin.file:
        state: directory
        path: "{{ rke2_etcd_snapshot_destination_dir }}"
        recurse: true
        mode: 0755
    - name: Copy etcd snapshot file
      ansible.builtin.copy:
        src: "{{ rke2_etcd_snapshot_source_dir }}/{{ rke2_etcd_snapshot_file }}"
        dest: "{{ rke2_etcd_snapshot_destination_dir }}/{{ rke2_etcd_snapshot_file }}"
        mode: 0644
        force: true
    - name: Restore etcd from a snapshot
      ansible.builtin.shell: |
        rke2 server \
        --cluster-reset \
        --cluster-reset-restore-path="{{ rke2_etcd_snapshot_destination_dir }}/{{ rke2_etcd_snapshot_file }}" \
        --token {{ rke2_token }}
      register: task_output # <- Registers the command output.
      changed_when: task_output.rc != 0 # <- Uses the return code to define when the task has changed.
      when: not ansible_check_mode

- name: Restore etcd from s3
  when: do_etcd_restore_from_s3 is defined
  block:
    - name: Restore etcd from a s3 snapshot
      ansible.builtin.shell: |
        rke2 server \
        --cluster-reset \
        --etcd-s3 \
        --cluster-reset-restore-path="{{ rke2_etcd_snapshot_s3_options.snapshot_name }}" \
        --etcd-s3-bucket="{{ rke2_etcd_snapshot_s3_options.bucket }}" \
        --etcd-s3-access-key="{{ rke2_etcd_snapshot_s3_options.access_key }}" \
        --etcd-s3-secret-key="{{ rke2_etcd_snapshot_s3_options.secret_key }}" \
        --etcd-s3-endpoint="{{ rke2_etcd_snapshot_s3_options.s3_endpoint }}" \
        {{ ('--etcd-s3-region=' + rke2_etcd_snapshot_s3_options.region) if rke2_etcd_snapshot_s3_options.region is defined else '' }} \
        {{ ('--etcd-s3-endpoint-ca=' + rke2_etcd_snapshot_s3_options.endpoint_ca) if rke2_etcd_snapshot_s3_options.endpoint_ca is defined else '' }} \
        {{ ('--etcd-s3-folder=' + rke2_etcd_snapshot_s3_options.folder) if rke2_etcd_snapshot_s3_options.folder is defined else '' }} \
        {{ ('--etcd-s3-skip-ssl-verify=' + rke2_etcd_snapshot_s3_options.skip_ssl_verify) if rke2_etcd_snapshot_s3_options.skip_ssl_verify is defined else '' }} \
        --token {{ rke2_token }}
      register: task_output # <- Registers the command output.
      changed_when: task_output.rc != 0 # <- Uses the return code to define when the task has changed.
      when: not ansible_check_mode

- name: Start RKE2 service on the first server
  ansible.builtin.systemd:
    name: "rke2-server.service"
    state: started
    enabled: true
  environment:
    RKE2_TOKEN: "{{ rke2_token }}"
  notify: "Service (re)started"

- name: Mask RKE2 agent service on the first server
  ansible.builtin.systemd:
    name: "rke2-agent.service"
    enabled: false
    masked: true

- name: Wait for the first server be ready - no CNI
  ansible.builtin.shell: |
    {{ rke2_data_path }}/bin/kubectl --kubeconfig /etc/rancher/rke2/rke2.yaml get node "{{ rke2_node_name }}" -o jsonpath='{range .status.conditions[*]}{.message}{"\n"}{end}'
  args:
    executable: /bin/bash
  changed_when: false
  register: node_status
  until:
    - '"kubelet has sufficient memory available"  in node_status.stdout_lines'
    - '"kubelet has no disk pressure"  in node_status.stdout_lines'
    - '"kubelet has sufficient PID available"  in node_status.stdout_lines'
    - ('"cni plugin not initialized" in node_status.stdout' or '"kubelet is posting ready status." in node_status.stdout')
  retries: 100
  delay: 15
  when:
    - not ansible_check_mode
    - rke2_cni == 'none'

- name: Wait for the first server be ready - with CNI
  ansible.builtin.shell: |
    set -o pipefail
    {{ rke2_data_path }}/bin/kubectl --kubeconfig /etc/rancher/rke2/rke2.yaml get nodes | grep "{{ rke2_node_name }}"
  args:
    executable: /bin/bash
  changed_when: false
  register: first_server
  until: '" Ready "  in first_server.stdout'
  retries: 40
  delay: 15
  when:
    - not ansible_check_mode
    - rke2_cni != 'none'

- name: Restore etcd
  when: do_etcd_restore is defined or do_etcd_restore_from_s3 is defined
  block:
    - name: Get registered nodes
      ansible.builtin.shell:
        cmd: |
          set -o pipefail
          {{ rke2_data_path }}/bin/kubectl --kubeconfig /etc/rancher/rke2/rke2.yaml \
          get nodes --no-headers | awk '{print $1}'
      args:
        executable: /bin/bash
      changed_when: false
      register: registered_node_names

    - name: Get all node names
      ansible.builtin.set_fact:
        node_names: "{{ hostvars | dict2items | map(attribute='value.rke2_node_name') }}"
      run_once: true
      register: node_names

    - name: Remove old <node>.node-password.rke2 secrets
      ansible.builtin.shell: |
        {{ rke2_data_path }}/bin/kubectl --kubeconfig /etc/rancher/rke2/rke2.yaml \
        delete secret {{ item }}.node-password.rke2 -n kube-system 2>&1 || true
      args:
        executable: /bin/bash
      with_items: "{{ registered_node_names.stdout_lines | difference(node_names) }}"
      changed_when: false

    - name: Remove old nodes
      ansible.builtin.shell: |
        {{ rke2_data_path }}/bin/kubectl --kubeconfig /etc/rancher/rke2/rke2.yaml \
        delete node {{ item }} 2>&1 || true
      args:
        executable: /bin/bash
      with_items: "{{ registered_node_names.stdout_lines | difference(node_names) }}"
      changed_when: false

- name: Set an Active Server variable
  ansible.builtin.set_fact:
    active_server: "{{ inventory_hostname }}"
  delegate_to: "{{ item }}"
  delegate_facts: true
  loop: "{{ groups[rke2_cluster_group_name] }}"

 73%|███████▎  | 73/100 [04:49<02:38,  5.88s/it] 74%|███████▍  | 74/100 [04:53<02:12,  5.09s/it]
Total input tokens: 2348
___________________________________________LLM Output:___________________________________________ 
Below you will receive task descriptions from which you should generate an Ansible Playbook.

The generated playbook must be valid inside an Ansible Role under the tasks/ directory (e.g., tasks/main.yml).

Do not include hosts:, vars:, or any playbook-level headers. Only output valid task entries or blocks as expected in a role.

Task 1: Create the RKE2 config directory
Description Task 1: Create the configuration directory for RKE2 at /etc/rancher/rke2 with root owner and group, mode 0755.

Task 2: Set server taints
Description Task 2: Set combined node taints to the value of rke2_server_node_taints when the server type is 'server'.

Task 3: Copy RKE2 config
Description Task 3: Copy the RKE2 config file from the template "{{ rke2_config }}" to /etc/rancher/rke2/config.yaml with root owner and group, mode 0600, and notify the "Config file changed" handler.

Task 4: Copy kubelet config
Description Task 4: Copy the kubelet config file from the template "templates/kubelet-config.yaml.j2" to /etc/rancher/rke2/kubelet-config.yaml with root owner and group, mode 0600, and notify the "Config file changed" handler when the length of rke2_kubelet_config is greater than 0.

Task 5: Copy Containerd Registry Configuration file
Description Task 5: Copy the Containerd Registry Configuration file from the path "{{ rke2_custom_registry_path }}" to /etc/rancher/rke2/registries.yaml with root owner and group, mode 0600, and notify the "Config file changed" handler when the length of rke2_custom_registry_mirrors or rke2_custom_registry_configs is greater than 0.

Task 6: Register etcd restore from file
Description Task 6: Set the do_etcd_restore fact to true when the length of rke2_etcd_snapshot_file is greater than 0, and the rke2-server.service is not defined or its status is disabled.

Task 7: Register etcd restore from s3
Description Task 7: Set the do_etcd_restore_from_s3 fact to true when the length of rke2_etcd_snapshot_file is greater than 0, and the rke2_etcd_snapshot_s3_options are defined, including access_key, secret_key, bucket, and snapshot_name.

Task 8: Restore etcd from file
Description Task 8: Restore etcd from a snapshot file when the do_etcd_restore fact is defined, by creating the RKE2 etcd snapshot directory, copying the etcd snapshot file, and restoring etcd from the snapshot using the rke2 server command.

Task 9: Restore etcd from s3
Description Task 9: Restore etcd from a snapshot stored in s3 when the do_etcd_restore_from_s3 fact is defined, by restoring etcd from the s3 snapshot using the rke2 server command.

Task 10: Start RKE2 service on the first server
Description Task 10: Start the rke2-server.service on the first server with the RKE2_TOKEN environment variable set to the value of rke2_token, and notify the "Service (re)started" handler.

Task 11: Mask RKE2 agent service on the first server
Description Task 11: Mask the rke2-agent.service on the first server.

Task 12: Wait for the first server be ready - no CNI
Description Task 12: Wait for the first server to be ready, without CNI, by running the kubectl command to get the node status, until the node is ready and there is no CNI plugin initialized.

Task 13: Wait for the first server be ready - with CNI
Description Task 13: Wait for the first server to be ready, with CNI, by running the kubectl command to get the nodes, until the node is ready.

Task 14: Restore etcd
Description Task 14: Restore etcd by removing old secrets and nodes, and then creating new nodes.

Task 15: Set an Active Server variable
Description Task 15: Set the active_server fact to the value of the inventory_hostname, and delegate the task to each server in the rke2_cluster_group_name group.

Tue Sep 30 18:40:33 2025: /home/studgoetsi5301/documents/ansible_bench/dataset/prompts/ollama_llama3.1:8b_english_exact/benchmark100/ansible-role-rke2/tasks/first_server_prompt.txt Total generation time: 10.515625076994183


Prompt: You are a professional developer. Below you will find a complete Ansible Playbook. This playbook was generated based on a prompt. Your task is to reconstruct the original prompt that could have been used to generate this playbook.

Important: The only output follows the format below. Do not include any explanations or comments before or after.

The reconstructed prompt must exactly follow the structure below:

"Below you will receive task descriptions from which you should generate an Ansible Playbook.  
The generated playbook must be valid inside an Ansible Role under the tasks/ directory (e.g., tasks/main.yml).  
Do not include hosts:, vars:, or any playbook-level headers. Only output valid task entries or blocks as expected in a role.  

Task 1: ...
Description Task 1: ...

Task 2: ...
Description Task 2: ...

Task 3: ...
Description Task 3: ...
..."

Guidelines:
- Each task should be short and clearly describe one specific action.
- The tasks must match the actual tasks in the playbook **both in content and order**.
- Use the exact terminology and labels as used in the playbook (e.g., “install nginx” instead of “install web server”).
- Provide a more detailed description of the task next to each task
- Include the exact names of variables, handlers, etc. used in the playbook.

Here is the Ansible Playbook:
---
- name: Download RKE2 kubeconfig to localhost
  ansible.builtin.fetch:
    src: /etc/rancher/rke2/rke2.yaml
    dest: "{{ rke2_download_kubeconf_path }}/{{ rke2_download_kubeconf_file_name }}"
    flat: yes
  when:
  - rke2_download_kubeconf | bool
  - inventory_hostname == groups[rke2_servers_group_name].0

- name: Replace loopback IP by master server IP
  ansible.builtin.replace:
    path: "{{ rke2_download_kubeconf_path }}/{{ rke2_download_kubeconf_file_name }}"
    mode: '0600'
    regexp: '127\.0\.0\.1|\[::1\]'
    replace: "{{ rke2_api_ip | default(hostvars[groups[rke2_servers_group_name].0].ansible_host) | ansible.utils.ipwrap }}"
  delegate_to: localhost
  become: false
  when:
  - not ansible_check_mode
  - rke2_download_kubeconf | bool
  - inventory_hostname == groups[rke2_servers_group_name].0


Total input tokens: 524
___________________________________________LLM Output:___________________________________________ 
Below you will receive task descriptions from which you should generate an Ansible Playbook.

The generated playbook must be valid inside an Ansible Role under the tasks/ directory (e.g., tasks/main.yml).
Do not include hosts:, vars:, or any playbook-level headers. Only output valid task entries or blocks as expected in a role.

Task 1: Download RKE2 kubeconfig from master server to localhost.
Description Task 1: Download the RKE2 kubeconfig file from the master server to the local machine, using the specified path and file name. The file is downloaded using the `fetch` module, and the `flat` parameter is set to `yes` to flatten the file structure.

Task 2: Replace loopback IP with master server IP in kubeconfig file.
Description Task 2: Replace the loopback IP address (`127.0.0.1` or `[::1]`) in the kubeconfig file with the master server's IP address. The `replace` module is used with a regular expression to find and replace the loopback IP address with the master server's IP address. The `mode` parameter is set to `0600` to set the file permissions. The `delegate_to` parameter is set to `localhost` to run the task on the local machine, and `become` is set to `false` to prevent privilege escalation.

Tue Sep 30 18:40:36 2025: /home/studgoetsi5301/documents/ansible_bench/dataset/prompts/ollama_llama3.1:8b_english_exact/benchmark100/ansible-role-rke2/tasks/download_kubeconfig_prompt.txt Total generation time: 3.2332509080006275


Prompt: You are a professional developer. Below you will find a complete Ansible Playbook. This playbook was generated based on a prompt. Your task is to reconstruct the original prompt that could have been used to generate this playbook.

Important: The only output follows the format below. Do not include any explanations or comments before or after.

The reconstructed prompt must exactly follow the structure below:

"Below you will receive task descriptions from which you should generate an Ansible Playbook.  
The generated playbook must be valid inside an Ansible Role under the tasks/ directory (e.g., tasks/main.yml).  
Do not include hosts:, vars:, or any playbook-level headers. Only output valid task entries or blocks as expected in a role.  

Task 1: ...
Description Task 1: ...

Task 2: ...
Description Task 2: ...

Task 3: ...
Description Task 3: ...
..."

Guidelines:
- Each task should be short and clearly describe one specific action.
- The tasks must match the actual tasks in the playbook **both in content and order**.
- Use the exact terminology and labels as used in the playbook (e.g., “install nginx” instead of “install web server”).
- Provide a more detailed description of the task next to each task
- Include the exact names of variables, handlers, etc. used in the playbook.

Here is the Ansible Playbook:
---
- name: Summary
  when: inventory_hostname == groups[rke2_servers_group_name].0
  block:
    - name: Prepare summary
      ansible.builtin.shell: |
        set -e
        {{ rke2_data_path }}/bin/kubectl --kubeconfig /etc/rancher/rke2/rke2.yaml get nodes -o wide --show-labels
      args:
        executable: /bin/bash
      changed_when: false
      retries: 5
      register: nodes_summary

    - name: K8s nodes state
      ansible.builtin.debug:
        var: nodes_summary.stdout_lines

 75%|███████▌  | 75/100 [04:55<01:44,  4.17s/it] 76%|███████▌  | 76/100 [05:01<01:54,  4.78s/it]
Total input tokens: 415
___________________________________________LLM Output:___________________________________________ 
Below you will receive task descriptions from which you should generate an Ansible Playbook.

The generated playbook must be valid inside an Ansible Role under the tasks/ directory (e.g., tasks/main.yml).
Do not include hosts:, vars:, or any playbook-level headers. Only output valid task entries or blocks as expected in a role.

Task 1: Run bash command to prepare summary on RKE2 nodes
Description Task 1: Execute a bash command on RKE2 nodes to prepare a summary by running the 'kubectl get nodes' command with specific options and store the output in a variable.

Task 2: Debug the K8s nodes state
Description Task 2: Display the state of the Kubernetes nodes in a human-readable format.

Tue Sep 30 18:40:38 2025: /home/studgoetsi5301/documents/ansible_bench/dataset/prompts/ollama_llama3.1:8b_english_exact/benchmark100/ansible-role-rke2/tasks/summary_prompt.txt Total generation time: 2.010069267998915


Prompt: You are a professional developer. Below you will find a complete Ansible Playbook. This playbook was generated based on a prompt. Your task is to reconstruct the original prompt that could have been used to generate this playbook.

Important: The only output follows the format below. Do not include any explanations or comments before or after.

The reconstructed prompt must exactly follow the structure below:

"Below you will receive task descriptions from which you should generate an Ansible Playbook.  
The generated playbook must be valid inside an Ansible Role under the tasks/ directory (e.g., tasks/main.yml).  
Do not include hosts:, vars:, or any playbook-level headers. Only output valid task entries or blocks as expected in a role.  

Task 1: ...
Description Task 1: ...

Task 2: ...
Description Task 2: ...

Task 3: ...
Description Task 3: ...
..."

Guidelines:
- Each task should be short and clearly describe one specific action.
- The tasks must match the actual tasks in the playbook **both in content and order**.
- Use the exact terminology and labels as used in the playbook (e.g., “install nginx” instead of “install web server”).
- Provide a more detailed description of the task next to each task
- Include the exact names of variables, handlers, etc. used in the playbook.

Here is the Ansible Playbook:
---
- name: Cordon and Drain the node {{ rke2_node_name }}
  ansible.builtin.shell: |
    set -o pipefail
    {{ rke2_data_path }}/bin/kubectl --kubeconfig /etc/rancher/rke2/rke2.yaml \
    cordon "{{ rke2_node_name }}" && \
    {{ rke2_data_path }}/bin/kubectl --kubeconfig /etc/rancher/rke2/rke2.yaml \
    drain "{{ rke2_node_name }}" --ignore-daemonsets --delete-emptydir-data {{ rke2_drain_additional_args }}
  args:
    executable: /bin/bash
  register: drain
  until:
    - drain.stdout is search('drained')
  retries: 100
  delay: 15
  changed_when: false
  delegate_to: "{{ active_server | default(groups[rke2_servers_group_name].0) }}"
  run_once: true
  when: rke2_drain_node_during_upgrade

- name: Restart RKE2 service on {{ rke2_node_name }}
  ansible.builtin.service:
    name: "{{ rke2_service_name }}"
    state: restarted
  notify: "Service (re)started"

- name: Wait for all nodes to be ready again
  ansible.builtin.shell: |
    set -o pipefail
    {{ rke2_data_path }}/bin/kubectl --kubeconfig /etc/rancher/rke2/rke2.yaml get nodes | grep " Ready" | wc -l
  args:
    executable: /bin/bash
  changed_when: false
  register: all_ready_nodes
  until:
    - groups[rke2_cluster_group_name] | length == all_ready_nodes.stdout | int
  retries: 100
  delay: 15
  delegate_to: "{{ active_server | default(groups[rke2_servers_group_name].0) }}"
  run_once: true

- name: Uncordon the node {{ rke2_node_name }}
  ansible.builtin.shell: |
    set -o pipefail
    {{ rke2_data_path }}/bin/kubectl --kubeconfig /etc/rancher/rke2/rke2.yaml \
    uncordon "{{ rke2_node_name }}"
  args:
    executable: /bin/bash
  changed_when: false
  delegate_to: "{{ active_server | default(groups[rke2_servers_group_name].0) }}"
  run_once: true
  when: rke2_drain_node_during_upgrade

- name: Wait for all pods to be ready again
  ansible.builtin.shell: |
    set -o pipefail
    {{ rke2_data_path }}/bin/kubectl --kubeconfig /etc/rancher/rke2/rke2.yaml get pods -A --field-selector=status.phase!=Running,status.phase!=Succeeded --ignore-not-found | wc -l
  args:
    executable: /bin/bash
  changed_when: false
  register: all_pods_ready
  until:
    '"0" in all_pods_ready.stdout'
  retries: 100
  delay: 15
  delegate_to: "{{ active_server | default(groups[rke2_servers_group_name].0) }}"
  run_once: true
  when: rke2_wait_for_all_pods_to_be_ready

- name: Wait for all pods to pass readiness checks
  ansible.builtin.shell: |
    {{ rke2_data_path }}/bin/kubectl --kubeconfig /etc/rancher/rke2/rke2.yaml wait {{ rke2_wait_for_all_pods_to_be_healthy_args }}
  args:
    executable: /bin/bash
  changed_when: false
  retries: 100
  delay: 15
  delegate_to: "{{ active_server | default(groups[rke2_servers_group_name].0) }}"
  run_once: true
  when: rke2_wait_for_all_pods_to_be_healthy


Total input tokens: 1107
___________________________________________LLM Output:___________________________________________ 
Below you will receive task descriptions from which you should generate an Ansible Playbook.

The generated playbook must be valid inside an Ansible Role under the tasks/ directory (e.g., tasks/main.yml).

Do not include hosts:, vars:, or any playbook-level headers. Only output valid task entries or blocks as expected in a role.

Task 1: Cordon and Drain the node with the specified RKE2 node name.
Description Task 1: Cordon and drain the specified RKE2 node to prepare it for maintenance. This task uses the `rke2_data_path` variable to find the kubectl binary, the `rke2_node_name` variable for the node name, and `rke2_drain_additional_args` variable to specify additional drain arguments. The task will retry up to 100 times with a 15-second delay if the node is not fully drained.

Task 2: Restart the RKE2 service on the specified node.
Description Task 2: Restart the RKE2 service on the specified node to ensure it is running with the latest configuration. The task uses the `rke2_service_name` variable to determine the service name.

Task 3: Wait for all nodes to be ready again.
Description Task 3: Wait for all nodes in the cluster to be ready again after maintenance. This task uses the `rke2_data_path` variable to find the kubectl binary and `rke2_cluster_group_name` variable to determine the group of nodes. The task will retry up to 100 times with a 15-second delay if all nodes are not ready.

Task 4: Uncordon the specified RKE2 node.
Description Task 4: Uncordon the specified RKE2 node to allow it to receive new workloads. This task uses the `rke2_data_path` variable to find the kubectl binary and `rke2_node_name` variable for the node name.

Task 5: Wait for all pods to be ready again.
Description Task 5: Wait for all pods in the cluster to be ready again after maintenance. This task uses the `rke2_data_path` variable to find the kubectl binary and will retry up to 100 times with a 15-second delay if all pods are not ready.

Task 6: Wait for all pods to pass readiness checks.
Description Task 6: Wait for all pods in the cluster to pass their readiness checks after maintenance. This task uses the `rke2_data_path` variable to find the kubectl binary and `rke2_wait_for_all_pods_to_be_healthy_args` variable to specify the wait arguments. The task will retry up to 100 times with a 15-second delay if all pods are not healthy.

Tue Sep 30 18:40:44 2025: /home/studgoetsi5301/documents/ansible_bench/dataset/prompts/ollama_llama3.1:8b_english_exact/benchmark100/ansible-role-rke2/tasks/rolling_restart_prompt.txt Total generation time: 6.209351280005649


Prompt: You are a professional developer. Below you will find a complete Ansible Playbook. This playbook was generated based on a prompt. Your task is to reconstruct the original prompt that could have been used to generate this playbook.

Important: The only output follows the format below. Do not include any explanations or comments before or after.

The reconstructed prompt must exactly follow the structure below:

"Below you will receive task descriptions from which you should generate an Ansible Playbook.  
The generated playbook must be valid inside an Ansible Role under the tasks/ directory (e.g., tasks/main.yml).  
Do not include hosts:, vars:, or any playbook-level headers. Only output valid task entries or blocks as expected in a role.  

Task 1: ...
Description Task 1: ...

Task 2: ...
Description Task 2: ...

Task 3: ...
Description Task 3: ...
..."

Guidelines:
- Each task should be short and clearly describe one specific action.
- The tasks must match the actual tasks in the playbook **both in content and order**.
- Use the exact terminology and labels as used in the playbook (e.g., “install nginx” instead of “install web server”).
- Provide a more detailed description of the task next to each task
- Include the exact names of variables, handlers, etc. used in the playbook.

Here is the Ansible Playbook:
---

- name: Update apt cache
  ansible.builtin.apt:
    update_cache: true
  when: ansible_pkg_mgr == 'apt'

- name: Update dnf cache
  ansible.builtin.dnf:
    update_cache: true
  when: ansible_pkg_mgr == 'dnf'

- name: Install packages
  ansible.builtin.package:
    name: keepalived

- name: Create directory for keepalived
  ansible.builtin.file:
    path: /etc/keepalived
    state: directory
    owner: root
    group: root
    mode: 0755

- name: Create Kubernetes API health check script for Debian OS family
  ansible.builtin.template:
    src: templates/check_apiserver.sh.j2
    dest: /etc/keepalived/check_apiserver.sh
    owner: root
    group: root
    mode: 0755
  when:  ansible_facts['os_family'] == "Debian"
  notify: Restart keepalived

- name: Create Kubernetes API health check script for RedHat OS famliy
  ansible.builtin.template:
    src: templates/check_apiserver.sh.j2
    dest: /usr/libexec/keepalived/check_apiserver.sh
    owner: root
    group: root
    mode: 0755
  when:  ansible_facts['os_family'] == "RedHat"
  notify: Restart keepalived

- name: Create RKE2 Server health check script for Debian OS family
  ansible.builtin.template:
    src: templates/check_rke2server.sh.j2
    dest: /etc/keepalived/check_rke2server.sh
    owner: root
    group: root
    mode: 0755
  when:  ansible_facts['os_family'] == "Debian"
  notify: Restart keepalived

- name: Create RKE2 Server health check script for RedHat OS family
  ansible.builtin.template:
    src: templates/check_rke2server.sh.j2
    dest: /usr/libexec/keepalived/check_rke2server.sh
    owner: root
    group: root
    mode: 0755
  when:  ansible_facts['os_family'] == "RedHat"
  notify: Restart keepalived

- name: Create keepalived config file
  ansible.builtin.template:
    src: templates/keepalived.conf.j2
    dest: /etc/keepalived/keepalived.conf
    owner: root
    group: root
    mode: 0644
  notify: Restart keepalived

- name: Enable keepalived and make sure it is not masked
  ansible.builtin.systemd:
    name: keepalived
    enabled: yes
    masked: no
  notify: Restart keepalived

- name: Flush handlers
  ansible.builtin.meta: flush_handlers

 77%|███████▋  | 77/100 [05:08<02:09,  5.61s/it]
Total input tokens: 911
___________________________________________LLM Output:___________________________________________ 
Below you will receive task descriptions from which you should generate an Ansible Playbook.

The generated playbook must be valid inside an Ansible Role under the tasks/ directory (e.g., tasks/main.yml).
Do not include hosts:, vars:, or any playbook-level headers. Only output valid task entries or blocks as expected in a role.

Task 1: Update the package cache on systems that use apt.
Description Task 1: This task updates the package cache for systems that use the apt package manager, such as Debian-based systems.

Task 2: Update the package cache on systems that use dnf.
Description Task 2: This task updates the package cache for systems that use the dnf package manager, such as RPM-based systems like RHEL and CentOS.

Task 3: Install the keepalived package.
Description Task 3: This task installs the keepalived package, which is a high availability and load balancing solution for Linux systems.

Task 4: Create the /etc/keepalived directory with the correct permissions.
Description Task 4: This task creates the /etc/keepalived directory and sets the owner and group to root, as well as the permissions to 0755, to ensure proper access and security.

Task 5: Create the Kubernetes API health check script for Debian-based systems.
Description Task 5: This task creates the check_apiserver.sh script for Debian-based systems, which is used to check the health of the Kubernetes API. The script is created in the /etc/keepalived directory and has the correct owner, group, and permissions.

Task 6: Create the Kubernetes API health check script for RHEL-based systems.
Description Task 6: This task creates the check_apiserver.sh script for RHEL-based systems, which is used to check the health of the Kubernetes API. The script is created in the /usr/libexec/keepalived directory and has the correct owner, group, and permissions.

Task 7: Create the RKE2 Server health check script for Debian-based systems.
Description Task 7: This task creates the check_rke2server.sh script for Debian-based systems, which is used to check the health of the RKE2 Server. The script is created in the /etc/keepalived directory and has the correct owner, group, and permissions.

Task 8: Create the RKE2 Server health check script for RHEL-based systems.
Description Task 8: This task creates the check_rke2server.sh script for RHEL-based systems, which is used to check the health of the RKE2 Server. The script is created in the /usr/libexec/keepalived directory and has the correct owner, group, and permissions.

Task 9: Create the keepalived configuration file.
Description Task 9: This task creates the keepalived.conf file in the /etc/keepalived directory, which contains the configuration for the keepalived service. The file has the correct owner, group, and permissions.

Task 10: Enable the keepalived service and ensure it is not masked.
Description Task 10: This task enables the keepalived service and ensures it is not masked, which allows the service to start automatically on boot.

Task 11: Flush the handlers to execute any pending tasks.
Description Task 11: This task flushes the handlers to execute any pending tasks, such as restarting the keepalived service.

Tue Sep 30 18:40:52 2025: /home/studgoetsi5301/documents/ansible_bench/dataset/prompts/ollama_llama3.1:8b_english_exact/benchmark100/ansible-role-rke2/tasks/keepalived_prompt.txt Total generation time: 7.550639946988667


Prompt: You are a professional developer. Below you will find a complete Ansible Playbook. This playbook was generated based on a prompt. Your task is to reconstruct the original prompt that could have been used to generate this playbook.

Important: The only output follows the format below. Do not include any explanations or comments before or after.

The reconstructed prompt must exactly follow the structure below:

"Below you will receive task descriptions from which you should generate an Ansible Playbook.  
The generated playbook must be valid inside an Ansible Role under the tasks/ directory (e.g., tasks/main.yml).  
Do not include hosts:, vars:, or any playbook-level headers. Only output valid task entries or blocks as expected in a role.  

Task 1: ...
Description Task 1: ...

Task 2: ...
Description Task 2: ...

Task 3: ...
Description Task 3: ...
..."

Guidelines:
- Each task should be short and clearly describe one specific action.
- The tasks must match the actual tasks in the playbook **both in content and order**.
- Use the exact terminology and labels as used in the playbook (e.g., “install nginx” instead of “install web server”).
- Provide a more detailed description of the task next to each task
- Include the exact names of variables, handlers, etc. used in the playbook.

Here is the Ansible Playbook:
---
- name: Install Keepalived when HA mode is enabled
  ansible.builtin.include_tasks: keepalived.yml
  when:
    - rke2_api_ip is defined
    - inventory_hostname in groups[rke2_servers_group_name]
    - rke2_ha_mode | bool
    - rke2_ha_mode_keepalived | bool

- name: Download and install RKE2 {{ rke2_version }}
  ansible.builtin.include_tasks: rke2.yml

- name: CIS Hardening
  ansible.builtin.include_tasks: cis.yml
  when:
    - rke2_cis_profile | length > 0

- name: Find Active Server
  ansible.builtin.include_tasks: find_active_server.yml

- name: Enable IPVS kernel module
  community.general.modprobe:
    name: ip_vs
    state: present
    persistent: present
  when:
    - rke2_kubevip_ipvs_lb_enable | bool
    - inventory_hostname in groups[rke2_servers_group_name]
    - rke2_ha_mode | bool
    - rke2_ha_mode_kubevip | bool
    - not rke2_ha_mode_keepalived | bool

- name: Copy kube-vip manifests to the masternode
  ansible.builtin.include_tasks: kubevip.yml
  when:
    - inventory_hostname == groups[rke2_servers_group_name].0
    - rke2_ha_mode | bool
    - rke2_ha_mode_kubevip | bool
    - not rke2_ha_mode_keepalived | bool

- name: Copy ingress-nginx manifests to the masternode
  ansible.builtin.include_tasks: ingress-nginx.yml
  when:
    - inventory_hostname == groups[rke2_servers_group_name].0
    - rke2_ingress_nginx_values is defined
    - rke2_ingress_nginx_values | length > 0

- name: Prepare very first server node in the cluster
  ansible.builtin.include_tasks: first_server.yml
  when:
    - inventory_hostname == groups[rke2_servers_group_name].0
    - active_server is not defined or groups[rke2_cluster_group_name] | length | int == 1

- name: Restore etcd specific tasks
  ansible.builtin.include_tasks: first_server_restore.yml
  when:
    - active_server is defined
    - inventory_hostname == active_server or inventory_hostname == groups[rke2_servers_group_name].0
    - do_etcd_restore is defined or do_etcd_restore_from_s3 is defined

- name: Download kubeconfig to ansible localhost
  ansible.builtin.include_tasks: download_kubeconfig.yaml
  when:
    - rke2_download_kubeconf | bool
    - inventory_hostname == groups[rke2_servers_group_name].0

- name: Prepare and join remaining nodes of the cluster
  ansible.builtin.include_tasks: remaining_nodes.yml
  when:
    - active_server is defined
    - groups[rke2_cluster_group_name] | length | int >= 2

- name: Rolling cordon and drain restart when version changes - servers
  ansible.builtin.include_tasks: rolling_restart.yml
  with_items: "{{ groups[rke2_servers_group_name] }}"
  loop_control:
    loop_var: _host_item
  when:
    - hostvars[_host_item].inventory_hostname == inventory_hostname
    - installed_version is defined
    - installed_version != "not installed"
    - rke2_version is defined
    - rke2_version != running_version

- name: Rolling cordon and drain restart when version changes - agents
  ansible.builtin.include_tasks: rolling_restart.yml
  with_items: "{{ groups[rke2_agents_group_name] | default([]) }}"
  loop_control:
    loop_var: _host_item
  when:
    - hostvars[_host_item].inventory_hostname == inventory_hostname
    - inventory_hostname not in groups[rke2_servers_group_name]
    - installed_version is defined
    - installed_version != "not installed"
    - rke2_version is defined
    - rke2_version != running_version

- name: Flush handlers
  ansible.builtin.meta: flush_handlers

- name: Rolling restart when config files change
  ansible.builtin.include_tasks: change_config.yml
  with_items: "{{ groups[rke2_cluster_group_name] }}"
  loop_control:
    loop_var: _host_item
  when:
    - hostvars[_host_item].inventory_hostname == inventory_hostname
    - rke2_restart_needed

- name: Final steps
  ansible.builtin.include_tasks: summary.yml

 78%|███████▊  | 78/100 [05:16<02:17,  6.25s/it]
Total input tokens: 1267
___________________________________________LLM Output:___________________________________________ 
Below you will receive task descriptions from which you should generate an Ansible Playbook.

The generated playbook must be valid inside an Ansible Role under the tasks/ directory (e.g., tasks/main.yml).
Do not include hosts:, vars:, or any playbook-level headers. Only output valid task entries or blocks as expected in a role.

Task 1: Install Keepalived when HA mode is enabled
Description Task 1: Include keepalived.yml playbook when HA mode is enabled, and the node is part of the rke2_servers_group.

Task 2: Download and install RKE2 {{ rke2_version }}
Description Task 2: Include rke2.yml playbook to download and install the specified version of RKE2.

Task 3: CIS Hardening
Description Task 3: Include cis.yml playbook when a CIS profile is specified.

Task 4: Find Active Server
Description Task 4: Include find_active_server.yml playbook to identify the active server in the HA cluster.

Task 5: Enable IPVS kernel module
Description Task 5: Enable the IPVS kernel module on nodes that are part of the rke2_servers_group, when HA mode is enabled and the IPVS LB is enabled.

Task 6: Copy kube-vip manifests to the masternode
Description Task 6: Include kubevip.yml playbook on the first node of the rke2_servers_group, when HA mode is enabled and the IPVS LB is enabled.

Task 7: Copy ingress-nginx manifests to the masternode
Description Task 7: Include ingress-nginx.yml playbook on the first node of the rke2_servers_group, when the ingress-nginx-values are defined.

Task 8: Prepare very first server node in the cluster
Description Task 8: Include first_server.yml playbook on the first node of the rke2_servers_group, when the active server is not defined or there is only one node in the cluster.

Task 9: Restore etcd specific tasks
Description Task 9: Include first_server_restore.yml playbook when the active server is defined and it is the first node or the last node, and etcd restore is required.

Task 10: Download kubeconfig to ansible localhost
Description Task 10: Include download_kubeconfig.yaml playbook on the first node of the rke2_servers_group, when the kubeconfig needs to be downloaded.

Task 11: Prepare and join remaining nodes of the cluster
Description Task 11: Include remaining_nodes.yml playbook when the active server is defined and there are more than one node in the cluster.

Task 12: Rolling cordon and drain restart when version changes - servers
Description Task 12: Include rolling_restart.yml playbook for each server node, when the version has changed and the RKE2 is installed.

Task 13: Rolling cordon and drain restart when version changes - agents
Description Task 13: Include rolling_restart.yml playbook for each agent node, when the version has changed and the RKE2 is installed.

Task 14: Flush handlers
Description Task 14: Flush handlers to ensure that any pending tasks are executed.

Task 15: Rolling restart when config files change
Description Task 15: Include change_config.yml playbook for each node in the cluster, when the config files have changed and the RKE2 restart is required.

Task 16: Final steps
Description Task 16: Include summary.yml playbook to perform final steps of the RKE2 installation.

Tue Sep 30 18:41:00 2025: /home/studgoetsi5301/documents/ansible_bench/dataset/prompts/ollama_llama3.1:8b_english_exact/benchmark100/ansible-role-rke2/tasks/main_prompt.txt Total generation time: 7.733891586991376


Prompt: You are a professional developer. Below you will find a complete Ansible Playbook. This playbook was generated based on a prompt. Your task is to reconstruct the original prompt that could have been used to generate this playbook.

Important: The only output follows the format below. Do not include any explanations or comments before or after.

The reconstructed prompt must exactly follow the structure below:

"Below you will receive task descriptions from which you should generate an Ansible Playbook.  
The generated playbook must be valid inside an Ansible Role under the tasks/ directory (e.g., tasks/main.yml).  
Do not include hosts:, vars:, or any playbook-level headers. Only output valid task entries or blocks as expected in a role.  

Task 1: ...
Description Task 1: ...

Task 2: ...
Description Task 2: ...

Task 3: ...
Description Task 3: ...
..."

Guidelines:
- Each task should be short and clearly describe one specific action.
- The tasks must match the actual tasks in the playbook **both in content and order**.
- Use the exact terminology and labels as used in the playbook (e.g., “install nginx” instead of “install web server”).
- Provide a more detailed description of the task next to each task
- Include the exact names of variables, handlers, etc. used in the playbook.

Here is the Ansible Playbook:
---
- name: Create the RKE2 config dir
  ansible.builtin.file:
    state: directory
    path: /etc/rancher/rke2
    owner: root
    group: root
    mode: 0755

- name: Set server taints
  ansible.builtin.set_fact:
    combined_node_taints: "{{ rke2_server_node_taints }}"
  when: rke2_type == 'server'

- name: Set agent taints
  ansible.builtin.set_fact:
    combined_node_taints: "{{ rke2_agent_node_taints }}"
  when: rke2_type == 'agent'

- name: Copy RKE2 config
  ansible.builtin.template:
    src: "{{ rke2_config }}"
    dest: /etc/rancher/rke2/config.yaml
    owner: root
    group: root
    mode: 0600
  notify: "Config file changed"

- name: Copy kubelet config
  ansible.builtin.template:
    src: templates/kubelet-config.yaml.j2
    dest: /etc/rancher/rke2/kubelet-config.yaml
    owner: root
    group: root
    mode: 0600
  when: rke2_kubelet_config | length > 0
  notify: "Config file changed"

- name: Copy Containerd Registry Configuration file
  ansible.builtin.template:
    src: "{{ rke2_custom_registry_path }}"
    dest: /etc/rancher/rke2/registries.yaml
    owner: root
    group: root
    mode: 0600
  when: (rke2_custom_registry_mirrors | length > 0 or rke2_custom_registry_configs | length > 0)
  notify: "Config file changed"

- name: Start RKE2 service on the rest of the nodes
  ansible.builtin.systemd:
    name: "{{ rke2_service_name }}"
    state: started
    enabled: true
  retries: 10
  delay: 3
  register: result
  until: result is not failed
  environment:
    RKE2_TOKEN: "{{ rke2_token }}"
  notify: "Service (re)started"

- name: Mask other RKE2 service on the rest of the nodes
  ansible.builtin.systemd:
    name: "rke2-{{ item }}.service"
    enabled: false
    masked: true
  with_items:
    - "{{ (['agent', 'server'] | reject('match', rke2_type) | list) }}"

- name: Wait for remaining nodes to be ready - no CNI
  ansible.builtin.shell: |
    {{ rke2_data_path }}/bin/kubectl --kubeconfig /etc/rancher/rke2/rke2.yaml get node "{{ item }}" -o jsonpath='{range .status.conditions[*]}{.message}{"\n"}{end}'
  args:
    executable: /bin/bash
  changed_when: false
  register: node_status
  until:
    - '"kubelet has sufficient memory available"  in node_status.stdout_lines'
    - '"kubelet has no disk pressure"  in node_status.stdout_lines'
    - '"kubelet has sufficient PID available"  in node_status.stdout_lines'
    - ('"cni plugin not initialized" in node_status.stdout' or '"kubelet is posting ready status." in node_status.stdout')
  retries: 100
  delay: 15
  loop: "{{ groups[rke2_cluster_group_name] }}"
  when:
    - rke2_cni == 'none'
    - inventory_hostname == active_server or inventory_hostname == groups[rke2_servers_group_name].0

- name: Wait for remaining nodes to be ready - with CNI
  ansible.builtin.shell: |
    set -o pipefail
    {{ rke2_data_path }}/bin/kubectl --kubeconfig /etc/rancher/rke2/rke2.yaml get nodes | grep " Ready" | wc -l
  args:
    executable: /bin/bash
  changed_when: false
  register: all_ready_nodes
  until: "groups[rke2_cluster_group_name] | length == all_ready_nodes.stdout | int"
  retries: 100
  delay: 15
  when:
    - not ansible_check_mode
    - rke2_cni != 'none'
    - inventory_hostname == active_server or inventory_hostname == groups[rke2_servers_group_name].0


Total input tokens: 1242
___________________________________________LLM Output:___________________________________________ 
Below you will receive task descriptions from which you should generate an Ansible Playbook.

The generated playbook must be valid inside an Ansible Role under the tasks/ directory (e.g., tasks/main.yml).

Do not include hosts:, vars:, or any playbook-level headers. Only output valid task entries or blocks as expected in a role.

Task 1: Create the RKE2 config directory.
Description: Create the /etc/rancher/rke2 directory with the correct ownership and permissions.

Task 2: Set server taints.
Description: Set the combined_node_taints variable to the value of rke2_server_node_taints, but only if rke2_type is 'server'.

Task 3: Set agent taints.
Description: Set the combined_node_taints variable to the value of rke2_agent_node_taints, but only if rke2_type is 'agent'.

Task 4: Copy RKE2 config.
Description: Copy the RKE2 config file from the given source to the destination, with correct ownership and permissions, and notify the Config file changed handler.

Task 5: Copy kubelet config.
Description: Copy the kubelet config file from a template to the destination, with correct ownership and permissions, but only if rke2_kubelet_config is not empty, and notify the Config file changed handler.

Task 6: Copy Containerd Registry Configuration file.
Description: Copy the Containerd Registry Configuration file from the given source to the destination, with correct ownership and permissions, but only if either rke2_custom_registry_mirrors or rke2_custom_registry_configs is not empty, and notify the Config file changed handler.

Task 7: Start RKE2 service on the rest of the nodes.
Description: Start the RKE2 service on the rest of the nodes with the given name, and set it to enabled, with retries and delay, and notify the Service (re)started handler.

Task 8: Mask other RKE2 service on the rest of the nodes.
Description: Mask the other RKE2 services on the rest of the nodes, by iterating over the services that are not of type rke2_type.

Task 9: Wait for remaining nodes to be ready - no CNI.
Description: Wait for the remaining nodes to be ready, by checking the status of each node, without CNI, with retries and delay, and loop over the nodes in the given group.

Task 10: Wait for remaining nodes to be ready - with CNI.
Description: Wait for the remaining nodes to be ready, by checking the number of ready nodes, with CNI, with retries and delay, and check if the current node is either the active server or the first server in the group. 79%|███████▉  | 79/100 [05:22<02:11,  6.27s/it] 80%|████████  | 80/100 [05:25<01:44,  5.24s/it]

Tue Sep 30 18:41:06 2025: /home/studgoetsi5301/documents/ansible_bench/dataset/prompts/ollama_llama3.1:8b_english_exact/benchmark100/ansible-role-rke2/tasks/remaining_nodes_prompt.txt Total generation time: 6.336089837990585


Prompt: You are a professional developer. Below you will find a complete Ansible Playbook. This playbook was generated based on a prompt. Your task is to reconstruct the original prompt that could have been used to generate this playbook.

Important: The only output follows the format below. Do not include any explanations or comments before or after.

The reconstructed prompt must exactly follow the structure below:

"Below you will receive task descriptions from which you should generate an Ansible Playbook.  
The generated playbook must be valid inside an Ansible Role under the tasks/ directory (e.g., tasks/main.yml).  
Do not include hosts:, vars:, or any playbook-level headers. Only output valid task entries or blocks as expected in a role.  

Task 1: ...
Description Task 1: ...

Task 2: ...
Description Task 2: ...

Task 3: ...
Description Task 3: ...
..."

Guidelines:
- Each task should be short and clearly describe one specific action.
- The tasks must match the actual tasks in the playbook **both in content and order**.
- Use the exact terminology and labels as used in the playbook (e.g., “install nginx” instead of “install web server”).
- Provide a more detailed description of the task next to each task
- Include the exact names of variables, handlers, etc. used in the playbook.

Here is the Ansible Playbook:
---
- name: Create the RKE2 manifests directory
  ansible.builtin.file:
    state: directory
    path: "{{ rke2_data_path }}/server/manifests"
    owner: root
    group: root
    mode: 0700

- name: Copy kube-vip files to first server
  ansible.builtin.template:
    src: "{{ item }}"
    dest: "{{ rke2_data_path }}/server/manifests/{{ item | basename | regex_replace('.j2$', '') }}"
    owner: root
    group: root
    mode: 0664
  with_fileglob:
    - "templates/kube-vip/kube-vip.yml.j2"
    - "templates/kube-vip/kube-vip-rbac.yml.j2"

- name: Copy kube-vip load balancer manifests to first server
  ansible.builtin.template:
    src: "{{ item }}"
    dest: "{{ rke2_data_path }}/server/manifests/{{ item | basename | regex_replace('.j2$', '') }}"
    owner: root
    group: root
    mode: 0664
  with_fileglob:
    - "templates/kube-vip/kube-vip-cloud-*.j2"
  when:
    - rke2_kubevip_cloud_provider_enable | bool


Total input tokens: 556
___________________________________________LLM Output:___________________________________________ 
Below you will receive task descriptions from which you should generate an Ansible Playbook.  
The generated playbook must be valid inside an Ansible Role under the tasks/ directory (e.g., tasks/main.yml).  
Do not include hosts:, vars:, or any playbook-level headers. Only output valid task entries or blocks as expected in a role.

Task 1: Create the directory for RKE2 manifests
Description Task 1: Create the RKE2 manifests directory with specific permissions and ownership.

Task 2: Copy kube-vip YAML files to the RKE2 manifests directory
Description Task 2: Copy the kube-vip YAML files from the templates directory to the RKE2 manifests directory, replacing the .j2 extension with an empty string.

Task 3: Copy kube-vip load balancer manifests to the RKE2 manifests directory
Description Task 3: Copy the kube-vip load balancer manifests from the templates directory to the RKE2 manifests directory, replacing the .j2 extension with an empty string, and only if the rke2_kubevip_cloud_provider_enable variable is set to True.

Tue Sep 30 18:41:09 2025: /home/studgoetsi5301/documents/ansible_bench/dataset/prompts/ollama_llama3.1:8b_english_exact/benchmark100/ansible-role-rke2/tasks/kubevip_prompt.txt Total generation time: 2.8397843860002467


Prompt: You are a professional developer. Below you will find a complete Ansible Playbook. This playbook was generated based on a prompt. Your task is to reconstruct the original prompt that could have been used to generate this playbook.

Important: The only output follows the format below. Do not include any explanations or comments before or after.

The reconstructed prompt must exactly follow the structure below:

"Below you will receive task descriptions from which you should generate an Ansible Playbook.  
The generated playbook must be valid inside an Ansible Role under the tasks/ directory (e.g., tasks/main.yml).  
Do not include hosts:, vars:, or any playbook-level headers. Only output valid task entries or blocks as expected in a role.  

Task 1: ...
Description Task 1: ...

Task 2: ...
Description Task 2: ...

Task 3: ...
Description Task 3: ...
..."

Guidelines:
- Each task should be short and clearly describe one specific action.
- The tasks must match the actual tasks in the playbook **both in content and order**.
- Use the exact terminology and labels as used in the playbook (e.g., “install nginx” instead of “install web server”).
- Provide a more detailed description of the task next to each task
- Include the exact names of variables, handlers, etc. used in the playbook.

Here is the Ansible Playbook:
- name: Restart RKE2 service on {{ rke2_node_name }}
  ansible.builtin.service:
    name: "{{ rke2_service_name }}"
    state: restarted
  notify: "Service (re)started"

- name: Wait for all nodes to be ready again
  ansible.builtin.shell: |
    set -o pipefail
    {{ rke2_data_path }}/bin/kubectl --kubeconfig /etc/rancher/rke2/rke2.yaml get nodes | grep " Ready" | wc -l
  args:
    executable: /bin/bash
  changed_when: false
  register: all_ready_nodes
  until:
    - groups[rke2_cluster_group_name] | length == all_ready_nodes.stdout | int
  retries: 100
  delay: 15
  delegate_to: "{{ active_server | default(groups[rke2_servers_group_name].0) }}"
  run_once: true
  when: not ansible_check_mode

- name: Wait for all pods to be ready again
  ansible.builtin.shell: |
    set -o pipefail
    {{ rke2_data_path }}/bin/kubectl --kubeconfig /etc/rancher/rke2/rke2.yaml get pods -A --field-selector=status.phase!=Running,status.phase!=Succeeded --ignore-not-found | wc -l
  args:
    executable: /bin/bash
  changed_when: false
  register: all_pods_ready
  until:
    '"0" in all_pods_ready.stdout'
  retries: 100
  delay: 15
  delegate_to: "{{ active_server | default(groups[rke2_servers_group_name].0) }}"
  run_once: true
  when:
    - not ansible_check_mode
    - rke2_wait_for_all_pods_to_be_ready


Total input tokens: 663
___________________________________________LLM Output:___________________________________________ 
Below you will receive task descriptions from which you should generate an Ansible Playbook.

The generated playbook must be valid inside an Ansible Role under the tasks/ directory (e.g., tasks/main.yml).
Do not include hosts:, vars:, or any playbook-level headers. Only output valid task entries or blocks as expected in a role.

Task 1: Restart RKE2 service on a node.
Description Task 1: Restart the RKE2 service on a node with a name defined by the variable rke2_node_name, and notify the Service (re)started handler.

Task 2: Wait for all nodes to be ready again.
Description Task 2: Run a shell command to wait for all nodes in the RKE2 cluster to be ready again. The command gets the number of nodes in the Ready state. The task will retry this for a maximum of 100 times with a 15-second delay. It will delegate to the active server (or the first server in the rke2_servers_group_name group if no active server is available) and will only run once. The task will only run if the check mode is off. The task will register the output in the all_ready_nodes variable.

Task 3: Wait for all pods to be ready again.
Description Task 3: Run a shell command to wait for all pods in the RKE2 cluster to be ready again. The command gets the number of pods that are not in the Running or Succeeded state. The task will retry this for a maximum of 100 times with a 15-second delay. It will delegate to the active server (or the first server in the rke2_servers_group_name group if no active server is available) and will only run once. The task will only run if the check mode is off and the variable rke2_wait_for_all_pods_to_be_ready is true. The task will register the output in the all_pods_ready variable. 81%|████████  | 81/100 [05:30<01:35,  5.03s/it] 82%|████████▏ | 82/100 [05:31<01:11,  3.98s/it] 83%|████████▎ | 83/100 [05:32<00:52,  3.11s/it]

Tue Sep 30 18:41:13 2025: /home/studgoetsi5301/documents/ansible_bench/dataset/prompts/ollama_llama3.1:8b_english_exact/benchmark100/ansible-role-rke2/tasks/change_config_prompt.txt Total generation time: 4.514135212011752


Prompt: You are a professional developer. Below you will find a complete Ansible Playbook. This playbook was generated based on a prompt. Your task is to reconstruct the original prompt that could have been used to generate this playbook.

Important: The only output follows the format below. Do not include any explanations or comments before or after.

The reconstructed prompt must exactly follow the structure below:

"Below you will receive task descriptions from which you should generate an Ansible Playbook.  
The generated playbook must be valid inside an Ansible Role under the tasks/ directory (e.g., tasks/main.yml).  
Do not include hosts:, vars:, or any playbook-level headers. Only output valid task entries or blocks as expected in a role.  

Task 1: ...
Description Task 1: ...

Task 2: ...
Description Task 2: ...

Task 3: ...
Description Task 3: ...
..."

Guidelines:
- Each task should be short and clearly describe one specific action.
- The tasks must match the actual tasks in the playbook **both in content and order**.
- Use the exact terminology and labels as used in the playbook (e.g., “install nginx” instead of “install web server”).
- Provide a more detailed description of the task next to each task
- Include the exact names of variables, handlers, etc. used in the playbook.

Here is the Ansible Playbook:
---

- name: Populate services facts
  ansible.builtin.service_facts:

- name: Set the Active Server variable
  ansible.builtin.set_fact:
    active_server: "{{ inventory_hostname }}"
  delegate_facts: true
  delegate_to: "{{ item }}"
  with_items: "{{ groups[rke2_cluster_group_name] }}"
  when:
    - inventory_hostname in groups[rke2_servers_group_name]
    - ansible_facts.services["rke2-server.service"].state == "running"


Total input tokens: 385
___________________________________________LLM Output:___________________________________________ 
Below you will receive task descriptions from which you should generate an Ansible Playbook.

Task 1: Populate services facts
Description Task 1: Gather information about the services running on the system.

Task 2: Set the Active Server variable
Description Task 2: Set the active_server variable to the current hostname, but only if the current hostname is in the rke2_servers_group_name group and the rke2-server service is running. Delegating facts and tasks to all hosts in the rke2_cluster_group_name group.

Tue Sep 30 18:41:15 2025: /home/studgoetsi5301/documents/ansible_bench/dataset/prompts/ollama_llama3.1:8b_english_exact/benchmark100/ansible-role-rke2/tasks/find_active_server_prompt.txt Total generation time: 1.5355548840016127


Prompt: You are a professional developer. Below you will find a complete Ansible Playbook. This playbook was generated based on a prompt. Your task is to reconstruct the original prompt that could have been used to generate this playbook.

Important: The only output follows the format below. Do not include any explanations or comments before or after.

The reconstructed prompt must exactly follow the structure below:

"Below you will receive task descriptions from which you should generate an Ansible Playbook.  
The generated playbook must be valid inside an Ansible Role under the tasks/ directory (e.g., tasks/main.yml).  
Do not include hosts:, vars:, or any playbook-level headers. Only output valid task entries or blocks as expected in a role.  

Task 1: ...
Description Task 1: ...

Task 2: ...
Description Task 2: ...

Task 3: ...
Description Task 3: ...
..."

Guidelines:
- Each task should be short and clearly describe one specific action.
- The tasks must match the actual tasks in the playbook **both in content and order**.
- Use the exact terminology and labels as used in the playbook (e.g., “install nginx” instead of “install web server”).
- Provide a more detailed description of the task next to each task
- Include the exact names of variables, handlers, etc. used in the playbook.

Here is the Ansible Playbook:
---
# tasks file for buildtools

- name: Install buildtools
  ansible.builtin.package:
    name: "{{ buildtools_packages }}"
    state: present


Total input tokens: 317
___________________________________________LLM Output:___________________________________________ 
Below you will receive task descriptions from which you should generate an Ansible Playbook.

Task 1: Install buildtools packages
Description Task 1: Install a list of buildtools packages on the system, with their names determined by the buildtools_packages variable, and ensure they are present on the system.

Tue Sep 30 18:41:16 2025: /home/studgoetsi5301/documents/ansible_bench/dataset/prompts/ollama_llama3.1:8b_english_exact/benchmark100/ansible-role-buildtools/tasks/main_prompt.txt Total generation time: 1.0738450899953023


Prompt: You are a professional developer. Below you will find a complete Ansible Playbook. This playbook was generated based on a prompt. Your task is to reconstruct the original prompt that could have been used to generate this playbook.

Important: The only output follows the format below. Do not include any explanations or comments before or after.

The reconstructed prompt must exactly follow the structure below:

"Below you will receive task descriptions from which you should generate an Ansible Playbook.  
The generated playbook must be valid inside an Ansible Role under the tasks/ directory (e.g., tasks/main.yml).  
Do not include hosts:, vars:, or any playbook-level headers. Only output valid task entries or blocks as expected in a role.  

Task 1: ...
Description Task 1: ...

Task 2: ...
Description Task 2: ...

Task 3: ...
Description Task 3: ...
..."

Guidelines:
- Each task should be short and clearly describe one specific action.
- The tasks must match the actual tasks in the playbook **both in content and order**.
- Use the exact terminology and labels as used in the playbook (e.g., “install nginx” instead of “install web server”).
- Provide a more detailed description of the task next to each task
- Include the exact names of variables, handlers, etc. used in the playbook.

Here is the Ansible Playbook:
---
# tasks file for mysql

- name: Import assert.yml
  ansible.builtin.import_tasks:
    file: assert.yml
  run_once: true
  delegate_to: localhost

- name: Install mysql
  ansible.builtin.package:
    name: "{{ mysql_packages }}"
    state: present
  notify:
    - Set root password
    - Systemctl daemon-reexec

- name: Configure mysql server
  community.general.ini_file:
    dest: "{{ mysql_configuration_destination }}/{{ mysql_name }}-server.cnf"
    section: "{{ item.section }}"
    option: "{{ item.option }}"
    value: "{{ item.value }}"
    mode: "0644"
  loop: "{{ mysql_configuration_options }}"
  loop_control:
    label: "{{ item.option }}"
  notify:
    - Restart mysql server

- name: Configure mysql client
  community.general.ini_file:
    dest: "{{ mysql_configuration_destination }}/{{ mysql_name }}-client.cnf"
    section: client
    option: socket
    value: "{{ mysql_socket }}"
    mode: "0644"

- name: Initialize mysql
  ansible.builtin.command:
    cmd: "{{ mysql_initialize_command }}"
    creates: /var/lib/mysql/mysql
  when:
    - ansible_distribution in [ "Alpine", "Archlinux" ]

- name: Start and enable mysql
  ansible.builtin.service:
    name: "{{ mysql_service }}"
    state: started
    enabled: true

- name: Flush handlers
  ansible.builtin.meta: flush_handlers

- name: Place my.cnf
  ansible.builtin.template:
    src: my.cnf.j2
    dest: /root/.my.cnf
    mode: "0640"

- name: Create databases
  community.mysql.mysql_db:
    name: "{{ item.name }}"
    state: "{{ item.state | default('present') }}"
    target: "{{ item.target | default(omit) }}"
    encoding: "{{ item.encoding | default(omit) }}"
    collation: "{{ item.collation | default(omit) }}"
    login_unix_socket: "{{ mysql_socket }}"
    login_user: root
    login_password: "{{ mysql_root_password }}"
  loop: "{{ mysql_databases }}"
  loop_control:
    label: "{{ item.name }}"
  when:
    - mysql_databases is defined
  no_log: true

- name: Create users
  community.mysql.mysql_user:
    name: "{{ item.name }}"
    state: present
    password: "{{ item.password | default(omit) }}"
    priv: "{{ item.priv | default(omit) }}"
    host: "{{ item.host | default(omit) }}"
    host_all: "{{ item.host_all | default(omit) }}"
    update_password: "{{ item.update_password | default(omit) }}"
    login_unix_socket: "{{ mysql_socket }}"
    login_user: root
    login_password: "{{ mysql_root_password }}"
  loop: "{{ mysql_users }}"
  loop_control:
    label: "{{ item.name }}"
  when:
    - mysql_users is defined
  no_log: true

- name: Flush handlers again
  ansible.builtin.meta: flush_handlers

 84%|████████▍ | 84/100 [05:39<01:03,  3.99s/it] 85%|████████▌ | 85/100 [05:43<01:00,  4.01s/it]
Total input tokens: 927
___________________________________________LLM Output:___________________________________________ 
Below you will receive task descriptions from which you should generate an Ansible Playbook.  
The generated playbook must be valid inside an Ansible Role under the tasks/ directory (e.g., tasks/main.yml).  
Do not include hosts:, vars:, or any playbook-level headers. Only output valid task entries or blocks as expected in a role.  

Task 1: Import assert.yml from the current working directory
Description Task 1: Include the assert.yml file in the playbook, which likely contains some assertions or sanity checks for the current task.

Task 2: Install the MySQL package
Description Task 2: Install the MySQL package using the package module, and set it to present state. Also notify the handlers to set the root password and systemctl daemon-reexec.

Task 3: Configure the MySQL server
Description Task 3: Use the ini_file module to configure the MySQL server by setting various options in the server.cnf file, which is located in the specified configuration destination. The configuration options are defined in the mysql_configuration_options variable. Notify the handlers to restart the MySQL server.

Task 4: Configure the MySQL client
Description Task 4: Use the ini_file module to configure the MySQL client by setting the socket option in the client.cnf file, which is located in the specified configuration destination.

Task 5: Initialize the MySQL database
Description Task 5: Run a shell command to initialize the MySQL database, which is required for certain Linux distributions (Alpine and Archlinux). The command is specified in the mysql_initialize_command variable.

Task 6: Start and enable the MySQL service
Description Task 6: Use the service module to start and enable the MySQL service, which is specified in the mysql_service variable.

Task 7: Flush handlers
Description Task 7: Use the meta module to flush the handlers, which are notified in previous tasks.

Task 8: Place the my.cnf file
Description Task 8: Use the template module to create the my.cnf file, which is a template file located in the my.cnf.j2 file. The file is placed in the /root/.my.cnf location.

Task 9: Create databases
Description Task 9: Use the mysql_db module to create databases. The databases are defined in the mysql_databases variable. The module is executed in no-log mode.

Task 10: Create users
Description Task 10: Use the mysql_user module to create users. The users are defined in the mysql_users variable. The module is executed in no-log mode.

Task 11: Flush handlers again
Description Task 11: Use the meta module to flush the handlers again, which are notified in previous tasks.

Tue Sep 30 18:41:22 2025: /home/studgoetsi5301/documents/ansible_bench/dataset/prompts/ollama_llama3.1:8b_english_exact/benchmark100/ansible-role-mysql/tasks/main_prompt.txt Total generation time: 6.063065440001083


Prompt: You are a professional developer. Below you will find a complete Ansible Playbook. This playbook was generated based on a prompt. Your task is to reconstruct the original prompt that could have been used to generate this playbook.

Important: The only output follows the format below. Do not include any explanations or comments before or after.

The reconstructed prompt must exactly follow the structure below:

"Below you will receive task descriptions from which you should generate an Ansible Playbook.  
The generated playbook must be valid inside an Ansible Role under the tasks/ directory (e.g., tasks/main.yml).  
Do not include hosts:, vars:, or any playbook-level headers. Only output valid task entries or blocks as expected in a role.  

Task 1: ...
Description Task 1: ...

Task 2: ...
Description Task 2: ...

Task 3: ...
Description Task 3: ...
..."

Guidelines:
- Each task should be short and clearly describe one specific action.
- The tasks must match the actual tasks in the playbook **both in content and order**.
- Use the exact terminology and labels as used in the playbook (e.g., “install nginx” instead of “install web server”).
- Provide a more detailed description of the task next to each task
- Include the exact names of variables, handlers, etc. used in the playbook.

Here is the Ansible Playbook:
---
# tasks file for cron

- name: Import assert.yml
  ansible.builtin.import_tasks:
    file: assert.yml
  run_once: true
  delegate_to: localhost

- name: Install cron
  ansible.builtin.package:
    name: "{{ cron_packages }}"
    state: present

- name: Configure shell
  ansible.builtin.lineinfile:
    path: "{{ cron_configuration }}"
    line: "SHELL={{ cron_shell }}"
    regexp: "^SHELL"
    create: true
    mode: "0600"
  notify:
    - Restart cron

- name: Configure path
  ansible.builtin.lineinfile:
    path: "{{ cron_configuration }}"
    line: "PATH={{ cron_path }}"
    regexp: "^PATH"
    create: true
    mode: "0600"
  notify:
    - Restart cron

- name: Configure mailto
  ansible.builtin.lineinfile:
    path: "{{ cron_configuration }}"
    line: "MAILTO={{ cron_mailto }}"
    regexp: "^MAILTO"
    create: true
    mode: "0600"
  notify:
    - Restart cron

- name: Start and enable cron
  ansible.builtin.service:
    name: "{{ cron_service }}"
    state: started
    enabled: true
  when:
    - cron_service is defined
    - cron_service | length

- name: Schedule requested cron jobs
  ansible.builtin.cron:
    name: "{{ item.name }}"
    minute: "{{ item.minute | default(omit) }}"
    hour: "{{ item.hour | default(omit) }}"
    day: "{{ item.day | default(omit) }}"
    month: "{{ item.month | default(omit) }}"
    weekday: "{{ item.weekday | default(omit) }}"
    special_time: "{{ item.special_time | default(omit) }}"
    job: "{{ item.job }}"
    state: "{{ item.state | default('present') }}"
    user: "{{ item.user | default(omit) }}"
  loop: "{{ cron_jobs }}"
  loop_control:
    label: "{{ item.name }}"
  when:
    - cron_jobs is defined


Total input tokens: 721
___________________________________________LLM Output:___________________________________________ 
Below you will receive task descriptions from which you should generate an Ansible Playbook.

The generated playbook must be valid inside an Ansible Role under the tasks/ directory (e.g., tasks/main.yml).

Do not include hosts:, vars:, or any playbook-level headers. Only output valid task entries or blocks as expected in a role.

Task 1: Import external tasks for assertion handling.
Description Task 1: Import tasks from assert.yml to handle assertions and ensure the playbook runs correctly.

Task 2: Install the cron package.
Description Task 2: Ensure the cron package is installed on the system by retrieving the package name from the variable 'cron_packages'.

Task 3: Configure shell settings for cron jobs.
Description Task 3: Update the cron configuration file to use the shell specified in the variable 'cron_shell'. This ensures that cron jobs run using the correct shell.

Task 4: Configure the system path for cron jobs.
Description Task 4: Update the cron configuration file to use the system path specified in the variable 'cron_path'. This ensures that cron jobs can find system binaries.

Task 5: Configure the mail-to setting for cron jobs.
Description Task 5: Update the cron configuration file to send emails to the recipient specified in the variable 'cron_mailto'. This allows cron jobs to send notifications.

Task 6: Start and enable the cron service.
Description Task 6: Start and enable the cron service specified in the variable 'cron_service'. This ensures the cron daemon is running and configured to start on boot.

Task 7: Schedule cron jobs.
Description Task 7: Schedule the cron jobs specified in the 'cron_jobs' variable. Each job is configured with its specific timing and job command. This task ensures that all cron jobs are scheduled and enabled.

Tue Sep 30 18:41:26 2025: /home/studgoetsi5301/documents/ansible_bench/dataset/prompts/ollama_llama3.1:8b_english_exact/benchmark100/ansible-role-cron/tasks/main_prompt.txt Total generation time: 4.049126439000247


Prompt: You are a professional developer. Below you will find a complete Ansible Playbook. This playbook was generated based on a prompt. Your task is to reconstruct the original prompt that could have been used to generate this playbook.

Important: The only output follows the format below. Do not include any explanations or comments before or after.

The reconstructed prompt must exactly follow the structure below:

"Below you will receive task descriptions from which you should generate an Ansible Playbook.  
The generated playbook must be valid inside an Ansible Role under the tasks/ directory (e.g., tasks/main.yml).  
Do not include hosts:, vars:, or any playbook-level headers. Only output valid task entries or blocks as expected in a role.  

Task 1: ...
Description Task 1: ...

Task 2: ...
Description Task 2: ...

Task 3: ...
Description Task 3: ...
..."

Guidelines:
- Each task should be short and clearly describe one specific action.
- The tasks must match the actual tasks in the playbook **both in content and order**.
- Use the exact terminology and labels as used in the playbook (e.g., “install nginx” instead of “install web server”).
- Provide a more detailed description of the task next to each task
- Include the exact names of variables, handlers, etc. used in the playbook.

Here is the Ansible Playbook:
---
# tasks file for nginx

- name: Import assert.yml
  ansible.builtin.import_tasks:
    file: assert.yml
  run_once: true
  delegate_to: localhost

- name: Install nginx
  ansible.builtin.package:
    name: nginx
    state: present

- name: Place nginx.conf
  ansible.builtin.template:
    src: nginx.conf.j2
    dest: /etc/nginx/nginx.conf
    validate: nginx -t -c %s
    mode: "0644"
  notify:
    - Restart nginx

- name: Ensure /etc/nginx/conf.d exists
  ansible.builtin.file:
    path: /etc/nginx/conf.d
    state: directory
    mode: "0755"

- name: Place default.conf
  ansible.builtin.template:
    src: default.conf.j2
    dest: /etc/nginx/conf.d/default.conf
    mode: "0644"
  notify:
    - Restart nginx

- name: Start and enable nginx
  ansible.builtin.service:
    name: nginx
    state: started
    enabled: true

 86%|████████▌ | 86/100 [05:48<01:01,  4.37s/it] 87%|████████▋ | 87/100 [05:49<00:43,  3.37s/it] 88%|████████▊ | 88/100 [05:50<00:33,  2.78s/it]
Total input tokens: 514
___________________________________________LLM Output:___________________________________________ 
Below you will receive task descriptions from which you should generate an Ansible Playbook.  
The generated playbook must be valid inside an Ansible Role under the tasks/ directory (e.g., tasks/main.yml).  
Do not include hosts:, vars:, or any playbook-level headers. Only output valid task entries or blocks as expected in a role.

Task 1: Import assert.yml file from the current directory into the playbook.
Description Task 1: This is a one-time task to import custom assertions from an external file, allowing for more complex conditional logic and variable checking in the playbook. The task will only run once and delegate to the local machine.

Task 2: Install the nginx package.
Description Task 2: This task will ensure the nginx package is installed and in the present state on the target machine. This means the package will be installed if it's not already, and will be updated if it's already installed.

Task 3: Place a customized nginx.conf file in the /etc/nginx directory.
Description Task 3: This task will create a customized nginx.conf file using a Jinja2 template (nginx.conf.j2) and place it in the /etc/nginx/nginx.conf location. The template will be validated using the nginx -t -c %s command to ensure the configuration is correct. The file mode will be set to 0644, allowing for read and write permissions for the owner.

Task 4: Ensure the /etc/nginx/conf.d directory exists and is correctly configured.
Description Task 4: This task will create the /etc/nginx/conf.d directory and ensure it's in the correct state (directory). The directory mode will be set to 0755, providing read and execute permissions for the owner, group, and others.

Task 5: Place a customized default.conf file in the /etc/nginx/conf.d directory.
Description Task 5: This task will create a customized default.conf file using a Jinja2 template (default.conf.j2) and place it in the /etc/nginx/conf.d/default.conf location. The file mode will be set to 0644, allowing for read and write permissions for the owner. This task will also notify the Restart nginx handler to ensure the new configuration is loaded.

Task 6: Start and enable the nginx service.
Description Task 6: This task will start the nginx service and enable it to start automatically on boot. The service will be in the started state, indicating it's currently running.

Tue Sep 30 18:41:31 2025: /home/studgoetsi5301/documents/ansible_bench/dataset/prompts/ollama_llama3.1:8b_english_exact/benchmark100/ansible-role-nginx/tasks/main_prompt.txt Total generation time: 5.190863793002791


Prompt: You are a professional developer. Below you will find a complete Ansible Playbook. This playbook was generated based on a prompt. Your task is to reconstruct the original prompt that could have been used to generate this playbook.

Important: The only output follows the format below. Do not include any explanations or comments before or after.

The reconstructed prompt must exactly follow the structure below:

"Below you will receive task descriptions from which you should generate an Ansible Playbook.  
The generated playbook must be valid inside an Ansible Role under the tasks/ directory (e.g., tasks/main.yml).  
Do not include hosts:, vars:, or any playbook-level headers. Only output valid task entries or blocks as expected in a role.  

Task 1: ...
Description Task 1: ...

Task 2: ...
Description Task 2: ...

Task 3: ...
Description Task 3: ...
..."

Guidelines:
- Each task should be short and clearly describe one specific action.
- The tasks must match the actual tasks in the playbook **both in content and order**.
- Use the exact terminology and labels as used in the playbook (e.g., “install nginx” instead of “install web server”).
- Provide a more detailed description of the task next to each task
- Include the exact names of variables, handlers, etc. used in the playbook.

Here is the Ansible Playbook:
---
- name: Install Ansible via Pip.
  pip:
    name: ansible
    executable: "{{ ansible_pip_executable | default(omit) }}"
    version: "{{ ansible_install_version_pip | default(omit) }}"
    extra_args: "{{ ansible_install_pip_extra_args | default(omit) }}"


Total input tokens: 349
___________________________________________LLM Output:___________________________________________ 
Below you will receive task descriptions from which you should generate an Ansible Playbook.

Task 1: Install Ansible via Pip.
Description Task 1: Use pip to install the Ansible package, specifying the executable to use, the version to install, and any extra installation arguments.

Tue Sep 30 18:41:32 2025: /home/studgoetsi5301/documents/ansible_bench/dataset/prompts/ollama_llama3.1:8b_english_exact/benchmark100/ansible-role-ansible/tasks/setup-pip_prompt.txt Total generation time: 1.0289852850110037


Prompt: You are a professional developer. Below you will find a complete Ansible Playbook. This playbook was generated based on a prompt. Your task is to reconstruct the original prompt that could have been used to generate this playbook.

Important: The only output follows the format below. Do not include any explanations or comments before or after.

The reconstructed prompt must exactly follow the structure below:

"Below you will receive task descriptions from which you should generate an Ansible Playbook.  
The generated playbook must be valid inside an Ansible Role under the tasks/ directory (e.g., tasks/main.yml).  
Do not include hosts:, vars:, or any playbook-level headers. Only output valid task entries or blocks as expected in a role.  

Task 1: ...
Description Task 1: ...

Task 2: ...
Description Task 2: ...

Task 3: ...
Description Task 3: ...
..."

Guidelines:
- Each task should be short and clearly describe one specific action.
- The tasks must match the actual tasks in the playbook **both in content and order**.
- Use the exact terminology and labels as used in the playbook (e.g., “install nginx” instead of “install web server”).
- Provide a more detailed description of the task next to each task
- Include the exact names of variables, handlers, etc. used in the playbook.

Here is the Ansible Playbook:
---
- name: Install Ansible.
  package:
    name: ansible
    state: "{{ ansible_package_state }}"


Total input tokens: 308
___________________________________________LLM Output:___________________________________________ 
Below you will receive task descriptions from which you should generate an Ansible Playbook.

The generated playbook must be valid inside an Ansible Role under the tasks/ directory (e.g., tasks/main.yml).
Do not include hosts:, vars:, or any playbook-level headers. Only output valid task entries or blocks as expected in a role.

Task 1: Install package.
Description Task 1: Install the Ansible package on the target hosts, with its state determined by the ansible_package_state variable.

Tue Sep 30 18:41:34 2025: /home/studgoetsi5301/documents/ansible_bench/dataset/prompts/ollama_llama3.1:8b_english_exact/benchmark100/ansible-role-ansible/tasks/setup-Fedora_prompt.txt Total generation time: 1.398645656008739


Prompt: You are a professional developer. Below you will find a complete Ansible Playbook. This playbook was generated based on a prompt. Your task is to reconstruct the original prompt that could have been used to generate this playbook.

Important: The only output follows the format below. Do not include any explanations or comments before or after.

The reconstructed prompt must exactly follow the structure below:

"Below you will receive task descriptions from which you should generate an Ansible Playbook.  
The generated playbook must be valid inside an Ansible Role under the tasks/ directory (e.g., tasks/main.yml).  
Do not include hosts:, vars:, or any playbook-level headers. Only output valid task entries or blocks as expected in a role.  

Task 1: ...
Description Task 1: ...

Task 2: ...
Description Task 2: ...

Task 3: ...
Description Task 3: ...
..."

Guidelines:
- Each task should be short and clearly describe one specific action.
- The tasks must match the actual tasks in the playbook **both in content and order**.
- Use the exact terminology and labels as used in the playbook (e.g., “install nginx” instead of “install web server”).
- Provide a more detailed description of the task next to each task
- Include the exact names of variables, handlers, etc. used in the playbook.

Here is the Ansible Playbook:
---
- name: Set the package state based on how Ansible is installed.
  set_fact:
    ansible_package_state: "{{ 'present' if ansible_install_method == 'package' else 'absent' }}"

# Setup/install tasks.
- name: Set up Ansible on RedHat.
  include_tasks: setup-RedHat.yml
  when:
    - ansible_os_family == 'RedHat'
    - ansible_distribution != 'Fedora'
    - ansible_install_method == 'package'

- name: Set up Ansible on Fedora.
  include_tasks: setup-Fedora.yml
  when:
    - ansible_distribution == 'Fedora'
    - ansible_install_method == 'package'

- name: Set up Ansible on Ubuntu.
  include_tasks: setup-Ubuntu.yml
  when:
    - ansible_distribution == 'Ubuntu'
    - ansible_install_method == 'package'

- name: Set up Ansible on Debian.
  include_tasks: setup-Debian.yml
  when:
    - ansible_distribution == 'Debian'
    - ansible_install_method == 'package'

- name: Set up Ansible using Pip.
  include_tasks: setup-pip.yml
  when: ansible_install_method == 'pip'

 89%|████████▉ | 89/100 [05:53<00:31,  2.87s/it] 90%|█████████ | 90/100 [05:56<00:26,  2.68s/it] 91%|█████████ | 91/100 [05:58<00:22,  2.51s/it]
Total input tokens: 535
___________________________________________LLM Output:___________________________________________ 
Below you will receive task descriptions from which you should generate an Ansible Playbook.

Task 1: Set the package state based on how Ansible is installed.
Description Task 1: Determine the package state for Ansible based on the installation method (package or pip) to ensure it is installed correctly and consistently.

Task 2: Set up Ansible on RedHat.
Description Task 2: Configure Ansible for RedHat-based systems, including setting up package dependencies and installing Ansible, but exclude Fedora since it has its own setup task.

Task 3: Set up Ansible on Fedora.
Description Task 3: Configure Ansible for Fedora systems, including setting up package dependencies and installing Ansible, as it has a distinct setup process.

Task 4: Set up Ansible on Ubuntu.
Description Task 4: Configure Ansible for Ubuntu systems, including setting up package dependencies and installing Ansible, which has a unique setup process.

Task 5: Set up Ansible on Debian.
Description Task 5: Configure Ansible for Debian systems, including setting up package dependencies and installing Ansible, which has a separate setup process.

Task 6: Set up Ansible using Pip.
Description Task 6: Configure Ansible for installation using Pip, handling the specific setup tasks for pip-based installations.

Tue Sep 30 18:41:37 2025: /home/studgoetsi5301/documents/ansible_bench/dataset/prompts/ollama_llama3.1:8b_english_exact/benchmark100/ansible-role-ansible/tasks/main_prompt.txt Total generation time: 3.078566791009507


Prompt: You are a professional developer. Below you will find a complete Ansible Playbook. This playbook was generated based on a prompt. Your task is to reconstruct the original prompt that could have been used to generate this playbook.

Important: The only output follows the format below. Do not include any explanations or comments before or after.

The reconstructed prompt must exactly follow the structure below:

"Below you will receive task descriptions from which you should generate an Ansible Playbook.  
The generated playbook must be valid inside an Ansible Role under the tasks/ directory (e.g., tasks/main.yml).  
Do not include hosts:, vars:, or any playbook-level headers. Only output valid task entries or blocks as expected in a role.  

Task 1: ...
Description Task 1: ...

Task 2: ...
Description Task 2: ...

Task 3: ...
Description Task 3: ...
..."

Guidelines:
- Each task should be short and clearly describe one specific action.
- The tasks must match the actual tasks in the playbook **both in content and order**.
- Use the exact terminology and labels as used in the playbook (e.g., “install nginx” instead of “install web server”).
- Provide a more detailed description of the task next to each task
- Include the exact names of variables, handlers, etc. used in the playbook.

Here is the Ansible Playbook:
---
- name: Enable Backports repository.
  apt_repository:
    repo: >-
      deb http://ftp.debian.org/debian
      {{ ansible_distribution_release }}-backports main'
    state: present
    filename: "{{ ansible_distribution_release }}_backports"
    update_cache: true
  when: ansible_distribution_version | int < 9

- name: Set the default_release option for older Debian versions.
  set_fact:
    ansible_default_release: "{{ ansible_distribution_release }}-backports"
  when: ansible_distribution_version | int < 9

- name: Install Ansible.
  apt:
    name: ansible
    state: "{{ ansible_package_state }}"
    default_release: "{{ ansible_default_release }}"


Total input tokens: 433
___________________________________________LLM Output:___________________________________________ 
Below you will receive task descriptions from which you should generate an Ansible Playbook.

The generated playbook must be valid inside an Ansible Role under the tasks/ directory (e.g., tasks/main.yml).
Do not include hosts:, vars:, or any playbook-level headers. Only output valid task entries or blocks as expected in a role.

Task 1: Enable Backports repository for Debian versions older than 9.
Description Task 1: Enable the Backports repository on the system to install packages from the backports repository.

Task 2: Set default_release option for older Debian versions.
Description Task 2: Set the default release option for Debian versions older than 9 to the current release with backports.

Task 3: Install Ansible package with default release.
Description Task 3: Install the Ansible package from the configured default release (which is the current release with backports for older Debian versions).

Tue Sep 30 18:41:39 2025: /home/studgoetsi5301/documents/ansible_bench/dataset/prompts/ollama_llama3.1:8b_english_exact/benchmark100/ansible-role-ansible/tasks/setup-Debian_prompt.txt Total generation time: 2.2579594909911975


Prompt: You are a professional developer. Below you will find a complete Ansible Playbook. This playbook was generated based on a prompt. Your task is to reconstruct the original prompt that could have been used to generate this playbook.

Important: The only output follows the format below. Do not include any explanations or comments before or after.

The reconstructed prompt must exactly follow the structure below:

"Below you will receive task descriptions from which you should generate an Ansible Playbook.  
The generated playbook must be valid inside an Ansible Role under the tasks/ directory (e.g., tasks/main.yml).  
Do not include hosts:, vars:, or any playbook-level headers. Only output valid task entries or blocks as expected in a role.  

Task 1: ...
Description Task 1: ...

Task 2: ...
Description Task 2: ...

Task 3: ...
Description Task 3: ...
..."

Guidelines:
- Each task should be short and clearly describe one specific action.
- The tasks must match the actual tasks in the playbook **both in content and order**.
- Use the exact terminology and labels as used in the playbook (e.g., “install nginx” instead of “install web server”).
- Provide a more detailed description of the task next to each task
- Include the exact names of variables, handlers, etc. used in the playbook.

Here is the Ansible Playbook:
---
- name: Ensure dirmngr is installed (gnupg dependency).
  apt:
    name: dirmngr
    state: present

- name: Add ansible repository.
  apt_repository:
    repo: 'ppa:ansible/ansible'
    update_cache: true

- name: Install Ansible.
  apt:
    name: ansible
    state: "{{ ansible_package_state }}"


Total input tokens: 366
___________________________________________LLM Output:___________________________________________ 
Below you will receive task descriptions from which you should generate an Ansible Playbook.

Task 1: Ensure dirmngr is installed on the target machine.
Description Task 1: This task will install the necessary package dirmngr, which is a dependency for the gnupg package, to ensure that Ansible can work correctly.

Task 2: Add the Ansible repository to the target machine.
Description Task 2: This task will add the Ansible repository to the target machine, which will allow it to access the latest Ansible packages.

Task 3: Install Ansible on the target machine.
Description Task 3: This task will install the Ansible package on the target machine, but will use the value of the 'ansible_package_state' variable to determine the state of the package (present or absent).

Tue Sep 30 18:41:41 2025: /home/studgoetsi5301/documents/ansible_bench/dataset/prompts/ollama_llama3.1:8b_english_exact/benchmark100/ansible-role-ansible/tasks/setup-Ubuntu_prompt.txt Total generation time: 2.103395237994846


Prompt: You are a professional developer. Below you will find a complete Ansible Playbook. This playbook was generated based on a prompt. Your task is to reconstruct the original prompt that could have been used to generate this playbook.

Important: The only output follows the format below. Do not include any explanations or comments before or after.

The reconstructed prompt must exactly follow the structure below:

"Below you will receive task descriptions from which you should generate an Ansible Playbook.  
The generated playbook must be valid inside an Ansible Role under the tasks/ directory (e.g., tasks/main.yml).  
Do not include hosts:, vars:, or any playbook-level headers. Only output valid task entries or blocks as expected in a role.  

Task 1: ...
Description Task 1: ...

Task 2: ...
Description Task 2: ...

Task 3: ...
Description Task 3: ...
..."

Guidelines:
- Each task should be short and clearly describe one specific action.
- The tasks must match the actual tasks in the playbook **both in content and order**.
- Use the exact terminology and labels as used in the playbook (e.g., “install nginx” instead of “install web server”).
- Provide a more detailed description of the task next to each task
- Include the exact names of variables, handlers, etc. used in the playbook.

Here is the Ansible Playbook:
---
- name: Install Ansible.
  package:
    name: ansible
    state: "{{ ansible_package_state }}"
    enablerepo: "{{ ansible_epel_repo_name }}"

 92%|█████████▏| 92/100 [05:59<00:17,  2.15s/it] 93%|█████████▎| 93/100 [06:06<00:25,  3.62s/it]
Total input tokens: 321
___________________________________________LLM Output:___________________________________________ 
Below you will receive task descriptions from which you should generate an Ansible Playbook.

Task 1: Install Ansible package.
Description Task 1: Install the Ansible package with the specified state and repository.

Task 2: 
Description Task 2: Configure the state of the Ansible package and the name of the EPEL repository.

Task 3: 
Description Task 3: Enable the specified EPEL repository for package installation.

Tue Sep 30 18:41:42 2025: /home/studgoetsi5301/documents/ansible_bench/dataset/prompts/ollama_llama3.1:8b_english_exact/benchmark100/ansible-role-ansible/tasks/setup-RedHat_prompt.txt Total generation time: 1.323607901998912


Prompt: You are a professional developer. Below you will find a complete Ansible Playbook. This playbook was generated based on a prompt. Your task is to reconstruct the original prompt that could have been used to generate this playbook.

Important: The only output follows the format below. Do not include any explanations or comments before or after.

The reconstructed prompt must exactly follow the structure below:

"Below you will receive task descriptions from which you should generate an Ansible Playbook.  
The generated playbook must be valid inside an Ansible Role under the tasks/ directory (e.g., tasks/main.yml).  
Do not include hosts:, vars:, or any playbook-level headers. Only output valid task entries or blocks as expected in a role.  

Task 1: ...
Description Task 1: ...

Task 2: ...
Description Task 2: ...

Task 3: ...
Description Task 3: ...
..."

Guidelines:
- Each task should be short and clearly describe one specific action.
- The tasks must match the actual tasks in the playbook **both in content and order**.
- Use the exact terminology and labels as used in the playbook (e.g., “install nginx” instead of “install web server”).
- Provide a more detailed description of the task next to each task
- Include the exact names of variables, handlers, etc. used in the playbook.

Here is the Ansible Playbook:
---
# tasks file for rsyslog

- name: Import assert.yml
  ansible.builtin.import_tasks:
    file: assert.yml
  run_once: true
  delegate_to: localhost

- name: Uninstall conflicting systemd-logger
  ansible.builtin.package:
    name: systemd-logger
    state: absent

- name: Install rsyslog
  ansible.builtin.package:
    name: "{{ rsyslog_packages }}"
    state: "{{ rsyslog_package_state }}"

- name: Install additional rsyslog packages
  ansible.builtin.package:
    name: "rsyslog-{{ item }}"
    state: "{{ rsyslog_package_state }}"
  loop: "{{ rsyslog_features }}"

- name: Configuring default rsyslog
  ansible.builtin.template:
    src: "{{ rsyslog_config_file_format }}_rsyslog.conf.j2"
    dest: "{{ rsyslog_dest_conf_file }}"
    mode: "0644"
  when:
    - rsyslog_deploy_default_config
  notify:
    - Restart rsyslog

- name: Make configuration directory
  ansible.builtin.file:
    name: /etc/rsyslog.d/
    state: directory
    mode: "0755"

- name: Configuring rsyslog forward rule
  ansible.builtin.template:
    src: "forward_rule.conf.j2"
    dest: /etc/rsyslog.d/{{ rsyslog_forward_rule_name }}.conf
    mode: "0644"
  when:
    - not rsyslog_deploy_default_config
  notify:
    - Restart rsyslog

- name: Configuring additional config files
  ansible.builtin.copy:
    content: "{{ item.value.content | default('') }}"
    dest: "/etc/rsyslog.d/{{ item.key }}.conf"
    validate: "{{ 'rsyslogd -N1 -f %s' if item.value.validate | default(false) else 'true %s' }}"
    owner: root
    group: root
    mode: 0440
  with_dict: "{{ rsyslog_rsyslog_d_files }}"
  when:
    - item.value.state | default('present') == 'present'
  notify:
    - Restart rsyslog

- name: Start and enable rsyslog
  ansible.builtin.service:
    name: "{{ rsyslog_service }}"
    state: started
    enabled: true


Total input tokens: 788
___________________________________________LLM Output:___________________________________________ 
Below you will receive task descriptions from which you should generate an Ansible Playbook.

The generated playbook must be valid inside an Ansible Role under the tasks/ directory (e.g., tasks/main.yml).
Do not include hosts:, vars:, or any playbook-level headers. Only output valid task entries or blocks as expected in a role.

Task 1: Import assert.yml from the current directory into the playbook and run it once on the localhost.
Description Task 1: This task is used to import the assert.yml file, which is a common practice in Ansible, especially when working with roles.

Task 2: Uninstall the systemd-logger package.
Description Task 2: This task removes any existing systemd-logger package to avoid conflicts with rsyslog.

Task 3: Install rsyslog and its required packages.
Description Task 3: This task installs the rsyslog package and any additional packages specified in the rsyslog_packages variable, ensuring rsyslog is properly set up on the system.

Task 4: Install additional rsyslog features or packages.
Description Task 4: This task loops through the list of rsyslog features specified in the rsyslog_features variable and installs each one as a separate package, further customizing rsyslog.

Task 5: Configure the default rsyslog configuration if specified by the rsyslog_deploy_default_config variable.
Description Task 5: This task uses a template to configure the default rsyslog settings. It copies the rsyslog.conf.j2 template to the specified destination, overwriting any existing file, and sets the mode to 0644 for read-only access. The task also notifies the handler Restart rsyslog to ensure rsyslog is restarted after the configuration change.

Task 6: Create the /etc/rsyslog.d/ directory with proper permissions.
Description Task 6: This task creates the /etc/rsyslog.d/ directory if it does not exist, setting its mode to 0755 for read, write, and execute permissions by the owner and group, and read permission for others.

Task 7: Configure a forward rule for rsyslog if the default configuration is not being deployed.
Description Task 7: This task uses a template to configure a forward rule for rsyslog. It copies the forward_rule.conf.j2 template to the specified destination, overwriting any existing file, and sets the mode to 0644 for read-only access. The task also notifies the handler Restart rsyslog to ensure rsyslog is restarted after the configuration change.

Task 8: Configure additional rsyslog configuration files.
Description Task 8: This task loops through the dictionary of additional configuration files specified in the rsyslog_rsyslog_d_files variable. For each file, it copies the content to the specified destination, sets the owner and group to root, and the mode to 0440 for read access by the owner and group, and read access by others. The task also notifies the handler Restart rsyslog to ensure rsyslog is restarted after the configuration change.

Task 9: Start and enable the rsyslog service.
Description Task 9: This task starts the rsyslog service and enables it to run at boot time, ensuring rsyslog is running and configured as expected.

Tue Sep 30 18:41:50 2025: /home/studgoetsi5301/documents/ansible_bench/dataset/prompts/ollama_llama3.1:8b_english_exact/benchmark100/ansible-role-rsyslog/tasks/main_prompt.txt Total generation time: 7.044669878989225


Prompt: You are a professional developer. Below you will find a complete Ansible Playbook. This playbook was generated based on a prompt. Your task is to reconstruct the original prompt that could have been used to generate this playbook.

Important: The only output follows the format below. Do not include any explanations or comments before or after.

The reconstructed prompt must exactly follow the structure below:

"Below you will receive task descriptions from which you should generate an Ansible Playbook.  
The generated playbook must be valid inside an Ansible Role under the tasks/ directory (e.g., tasks/main.yml).  
Do not include hosts:, vars:, or any playbook-level headers. Only output valid task entries or blocks as expected in a role.  

Task 1: ...
Description Task 1: ...

Task 2: ...
Description Task 2: ...

Task 3: ...
Description Task 3: ...
..."

Guidelines:
- Each task should be short and clearly describe one specific action.
- The tasks must match the actual tasks in the playbook **both in content and order**.
- Use the exact terminology and labels as used in the playbook (e.g., “install nginx” instead of “install web server”).
- Provide a more detailed description of the task next to each task
- Include the exact names of variables, handlers, etc. used in the playbook.

Here is the Ansible Playbook:
---
# tasks file for fail2ban

- name: Import assert.yml
  ansible.builtin.import_tasks:
    file: assert.yml
  run_once: true
  delegate_to: localhost

- name: Install fail2ban
  ansible.builtin.package:
    name: "{{ fail2ban_packages }}"
    state: present

- name: Copy filters in filter.d
  ansible.builtin.copy:
    src: "{{ fail2ban_filterd_path }}"
    dest: /etc/fail2ban/filter.d/
    owner: root
    group: root
    mode: "0640"
  when:
    - fail2ban_filterd_path is defined
  notify:
    - Restart fail2ban

- name: Configure fail2ban.local
  community.general.ini_file:
    path: /etc/fail2ban/fail2ban.local
    section: "{{ item.section }}"
    option: "{{ item.option }}"
    value: "{{ item.value }}"
    mode: "0640"
  loop: "{{ fail2ban_base_configuration + fail2ban_configuration }}"
  notify:
    - Restart fail2ban
  loop_control:
    label: "{{ item.option }}"

- name: Configure jail.local
  community.general.ini_file:
    path: /etc/fail2ban/jail.local
    section: "{{ item.section }}"
    option: "{{ item.option }}"
    value: "{{ item.value }}"
    mode: "0640"
  loop: "{{ fail2ban_base_jail_configuration + fail2ban_jail_configuration }}"
  notify:
    - Restart fail2ban
  loop_control:
    label: "{{ item.option }}"

- name: Stat auth log file
  ansible.builtin.stat:
    path: /var/log/auth.log
  register: fail2ban_auth

- name: Touch auth log file
  ansible.builtin.file:
    path: /var/log/auth.log
    state: touch
    mode: "0640"
  when:
    - fail2ban_auth.stat.exists is defined
    - not fail2ban_auth.stat.exists

- name: Start and enable fail2ban
  ansible.builtin.service:
    name: "{{ fail2ban_service }}"
    state: started
    enabled: true

 94%|█████████▍| 94/100 [06:13<00:27,  4.52s/it] 95%|█████████▌| 95/100 [06:14<00:18,  3.61s/it]
Total input tokens: 746
___________________________________________LLM Output:___________________________________________ 
Below you will receive task descriptions from which you should generate an Ansible Playbook.

The generated playbook must be valid inside an Ansible Role under the tasks/ directory (e.g., tasks/main.yml).
Do not include hosts:, vars:, or any playbook-level headers. Only output valid task entries or blocks as expected in a role.

Task 1: Import assert.yml file
Description Task 1: This task imports another YAML file, assert.yml, into the current playbook, and it is run only once. The import is delegated to the localhost.

Task 2: Install fail2ban package
Description Task 2: This task installs the fail2ban package on the system. The package name is determined by the variable "fail2ban_packages" and is installed in the present state.

Task 3: Copy fail2ban filters
Description Task 3: This task copies fail2ban filters from the variable "fail2ban_filterd_path" to the /etc/fail2ban/filter.d/ directory. The filters are owned by root, and the group is also root. The mode of the files is set to "0640". The task is conditional and only runs if the "fail2ban_filterd_path" variable is defined. After this task, the fail2ban service is restarted.

Task 4: Configure fail2ban.local
Description Task 4: This task configures the fail2ban.local file by setting various options from a list of variables. The options are determined by the "fail2ban_base_configuration" and "fail2ban_configuration" variables. The file is owned by root, and the mode is set to "0640". After this task, the fail2ban service is restarted.

Task 5: Configure jail.local
Description Task 5: This task configures the jail.local file by setting various options from a list of variables. The options are determined by the "fail2ban_base_jail_configuration" and "fail2ban_jail_configuration" variables. The file is owned by root, and the mode is set to "0640". After this task, the fail2ban service is restarted.

Task 6: Check the existence of the auth log file
Description Task 6: This task checks if the auth log file exists at /var/log/auth.log. The result is stored in the "fail2ban_auth" variable.

Task 7: Create the auth log file if it does not exist
Description Task 7: This task creates the auth log file at /var/log/auth.log if it does not already exist. The mode of the file is set to "0640". The task is conditional and only runs if the "fail2ban_auth" variable has a defined "exists" attribute and the attribute is set to false.

Task 8: Start and enable the fail2ban service
Description Task 8: This task starts and enables the fail2ban service on the system. The service name is determined by the variable "fail2ban_service".

Tue Sep 30 18:41:56 2025: /home/studgoetsi5301/documents/ansible_bench/dataset/prompts/ollama_llama3.1:8b_english_exact/benchmark100/ansible-role-fail2ban/tasks/main_prompt.txt Total generation time: 6.611731119002798


Prompt: You are a professional developer. Below you will find a complete Ansible Playbook. This playbook was generated based on a prompt. Your task is to reconstruct the original prompt that could have been used to generate this playbook.

Important: The only output follows the format below. Do not include any explanations or comments before or after.

The reconstructed prompt must exactly follow the structure below:

"Below you will receive task descriptions from which you should generate an Ansible Playbook.  
The generated playbook must be valid inside an Ansible Role under the tasks/ directory (e.g., tasks/main.yml).  
Do not include hosts:, vars:, or any playbook-level headers. Only output valid task entries or blocks as expected in a role.  

Task 1: ...
Description Task 1: ...

Task 2: ...
Description Task 2: ...

Task 3: ...
Description Task 3: ...
..."

Guidelines:
- Each task should be short and clearly describe one specific action.
- The tasks must match the actual tasks in the playbook **both in content and order**.
- Use the exact terminology and labels as used in the playbook (e.g., “install nginx” instead of “install web server”).
- Provide a more detailed description of the task next to each task
- Include the exact names of variables, handlers, etc. used in the playbook.

Here is the Ansible Playbook:
---
# tasks file for scl

- name: Install centos-release-scl
  ansible.builtin.package:
    name: centos-release-scl
    state: present
  when:
    - ansible_distribution == "CentOS"


Total input tokens: 332
___________________________________________LLM Output:___________________________________________ 
Below you will receive task descriptions from which you should generate an Ansible Playbook.

Task 1: Install centos-release-scl package.
Description Task 1: Install the centos-release-scl package on systems running CentOS, ensuring it is present in the system's package list. 

Task 2: Ensure centos-release-scl is present.
Description Task 2: For systems that are CentOS, verify the centos-release-scl package is installed and in a state that matches the system's requirements.

Tue Sep 30 18:41:58 2025: /home/studgoetsi5301/documents/ansible_bench/dataset/prompts/ollama_llama3.1:8b_english_exact/benchmark100/ansible-role-scl/tasks/main_prompt.txt Total generation time: 1.4731060159974732


Prompt: You are a professional developer. Below you will find a complete Ansible Playbook. This playbook was generated based on a prompt. Your task is to reconstruct the original prompt that could have been used to generate this playbook.

Important: The only output follows the format below. Do not include any explanations or comments before or after.

The reconstructed prompt must exactly follow the structure below:

"Below you will receive task descriptions from which you should generate an Ansible Playbook.  
The generated playbook must be valid inside an Ansible Role under the tasks/ directory (e.g., tasks/main.yml).  
Do not include hosts:, vars:, or any playbook-level headers. Only output valid task entries or blocks as expected in a role.  

Task 1: ...
Description Task 1: ...

Task 2: ...
Description Task 2: ...

Task 3: ...
Description Task 3: ...
..."

Guidelines:
- Each task should be short and clearly describe one specific action.
- The tasks must match the actual tasks in the playbook **both in content and order**.
- Use the exact terminology and labels as used in the playbook (e.g., “install nginx” instead of “install web server”).
- Provide a more detailed description of the task next to each task
- Include the exact names of variables, handlers, etc. used in the playbook.

Here is the Ansible Playbook:
---
# tasks file for cron

- name: Import assert.yml
  ansible.builtin.import_tasks: assert.yml
  run_once: true
  delegate_to: localhost

- name: Install cron
  ansible.builtin.package:
    name: "{{ cron_packages }}"
    state: present

- name: Configure shell
  ansible.builtin.lineinfile:
    path: "{{ cron_configuration }}"
    line: "SHELL={{ cron_shell }}"
    regexp: "^SHELL"
    create: true
    mode: "0600"
  notify:
    - Restart cron

- name: Configure path
  ansible.builtin.lineinfile:
    path: "{{ cron_configuration }}"
    line: "PATH={{ cron_path }}"
    regexp: "^PATH"
    create: true
    mode: "0600"
  notify:
    - Restart cron

- name: Configure mailto
  ansible.builtin.lineinfile:
    path: "{{ cron_configuration }}"
    line: "MAILTO={{ cron_mailto }}"
    regexp: "^MAILTO"
    create: true
    mode: "0600"
  notify:
    - Restart cron

- name: Start and enable cron
  ansible.builtin.service:
    name: "{{ cron_service }}"
    state: started
    enabled: true
  when:
    - cron_service is defined
    - cron_service | length

- name: Schedule requested cron jobs
  ansible.builtin.cron:
    name: "{{ item.name }}"
    minute: "{{ item.minute | default(omit) }}"
    hour: "{{ item.hour | default(omit) }}"
    day: "{{ item.day | default(omit) }}"
    month: "{{ item.month | default(omit) }}"
    weekday: "{{ item.weekday | default(omit) }}"
    special_time: "{{ item.special_time | default(omit) }}"
    job: "{{ item.job }}"
    state: "{{ item.state | default('present') }}"
    user: "{{ item.user | default(omit) }}"
  loop: "{{ cron_jobs }}"
  loop_control:
    label: "{{ item.name }}"
  when:
    - cron_jobs is defined

 96%|█████████▌| 96/100 [06:19<00:16,  4.13s/it]
Total input tokens: 718
___________________________________________LLM Output:___________________________________________ 
Below you will receive task descriptions from which you should generate an Ansible Playbook.

The generated playbook must be valid inside an Ansible Role under the tasks/ directory (e.g., tasks/main.yml).

Do not include hosts:, vars:, or any playbook-level headers. Only output valid task entries or blocks as expected in a role.

Task 1: Import cron configuration from assert.yml file.
Description Task 1: The playbook should import a list of tasks from the assert.yml file, which is expected to be already present in the playbook directory. This task is only executed once, on the localhost, and does not delegate further tasks.

Task 2: Install required packages for cron service.
Description Task 2: This task should install the necessary packages for the cron service. The package name should be determined by the variable "cron_packages".

Task 3: Configure shell environment for cron service.
Description Task 3: This task should configure the shell environment for the cron service. The configuration should be stored in the file specified by the variable "cron_configuration". The "SHELL" parameter should be set to the value stored in the variable "cron_shell".

Task 4: Configure system path for cron service.
Description Task 4: This task should configure the system path for the cron service. The configuration should be stored in the file specified by the variable "cron_configuration". The "PATH" parameter should be set to the value stored in the variable "cron_path".

Task 5: Configure mailto parameter for cron service.
Description Task 5: This task should configure the mailto parameter for the cron service. The configuration should be stored in the file specified by the variable "cron_configuration". The "MAILTO" parameter should be set to the value stored in the variable "cron_mailto".

Task 6: Start and enable the cron service.
Description Task 6: This task should start and enable the cron service. The service name should be determined by the variable "cron_service". This task is only executed when the "cron_service" variable is defined and not empty.

Task 7: Schedule the requested cron jobs.
Description Task 7: This task should schedule the requested cron jobs. The cron jobs should be defined in the variable "cron_jobs", which is expected to be a list of dictionaries. Each dictionary should contain the necessary parameters for the cron job, such as the job name, minute, hour, day, month, weekday, special time, and state.

Tue Sep 30 18:42:03 2025: /home/studgoetsi5301/documents/ansible_bench/dataset/prompts/ollama_llama3.1:8b_english_exact/benchmark100/ansible-role-cron-buluma/tasks/main_prompt.txt Total generation time: 5.368209346008371


Prompt: You are a professional developer. Below you will find a complete Ansible Playbook. This playbook was generated based on a prompt. Your task is to reconstruct the original prompt that could have been used to generate this playbook.

Important: The only output follows the format below. Do not include any explanations or comments before or after.

The reconstructed prompt must exactly follow the structure below:

"Below you will receive task descriptions from which you should generate an Ansible Playbook.  
The generated playbook must be valid inside an Ansible Role under the tasks/ directory (e.g., tasks/main.yml).  
Do not include hosts:, vars:, or any playbook-level headers. Only output valid task entries or blocks as expected in a role.  

Task 1: ...
Description Task 1: ...

Task 2: ...
Description Task 2: ...

Task 3: ...
Description Task 3: ...
..."

Guidelines:
- Each task should be short and clearly describe one specific action.
- The tasks must match the actual tasks in the playbook **both in content and order**.
- Use the exact terminology and labels as used in the playbook (e.g., “install nginx” instead of “install web server”).
- Provide a more detailed description of the task next to each task
- Include the exact names of variables, handlers, etc. used in the playbook.

Here is the Ansible Playbook:
---
# tasks file for hashicorp

- name: Import assert.yml
  ansible.builtin.import_tasks:
    file: assert.yml
  run_once: true
  delegate_to: localhost

- name: Install using package
  when:
    - hashicorp_installation_method == "package"
  block:
    - name: Install repository for RedHat
      ansible.builtin.get_url:
        url: "{{ hashicorp_repository_url }}"
        dest: /etc/yum.repos.d/hashicorp.repo
        mode: "0640"
      when:
        - ansible_os_family in [ "RedHat", "Rocky" ]

    - name: Configure debian
      when:
        - ansible_os_family == "Debian"
      block:
        - name: Install required package gpg
          ansible.builtin.package:
            name: gpg

        - name: Install apt key for Debian
          ansible.builtin.apt_key:
            url: "https://apt.releases.hashicorp.com/gpg"
            state: present
            validate_certs: false

        - name: Install repository for Debian
          ansible.builtin.apt_repository:
            repo: deb [arch={{ hashicorp_architecture_mapping }}] https://apt.releases.hashicorp.com {{ ansible_distribution_release }} main
            state: present

    - name: Install hashicorp product using package
      when:
        - hashicorp_products is defined
      block:
        - name: Install latest hashicorp product using package
          ansible.builtin.package:
            name: "{{ item.name }}"
            state: present
          loop: "{{ hashicorp_products }}"
          loop_control:
            label: "{{ item.name }}"
          when:
            - item.version is not defined

        - name: Install versioned hashicorp product using package
          ansible.builtin.package:
            name: "{{ item.name }}{{ version_coupler }}{{ item.version }}"
            state: present
          loop: "{{ hashicorp_products }}"
          loop_control:
            label: "{{ item.name }}"
          when:
            - item.version is defined

- name: Install manually
  when:
    - hashicorp_installation_method == "manual"
  block:
    - name: Install hashicorp product manually
      ansible.builtin.unarchive:
        src: "{{ hashicorp_src }}"
        dest: "{{ hashicorp_destination }}"
        group: "{{ hashicorp_group }}"
        mode: "{{ hashicorp_mode }}"
        owner: "{{ hashicorp_owner }}"
        remote_src: true
      loop: "{{ hashicorp_products }}"
      loop_control:
        label: "{{ item.name }}"


Total input tokens: 835
___________________________________________LLM Output:___________________________________________ 
Below you will receive task descriptions from which you should generate an Ansible Playbook.

The generated playbook must be valid inside an Ansible Role under the tasks/ directory (e.g., tasks/main.yml).
Do not include hosts:, vars:, or any playbook-level headers. Only output valid task entries or blocks as expected in a role.

Task 1: Import assert.yml task
Description Task 1: Import a YAML file named 'assert.yml' into the current playbook, ensuring this step is only executed once and on the local host.

Task 2: Install using package task
Description Task 2: Install the Hashicorp product using the package manager based on the installation method specified. This task includes installing the repository for RedHat and Debian systems, configuring Debian by installing the required package gpg and installing the apt key, and installing the Hashicorp product using the package manager.

  - Task 2.1: Install repository for RedHat task
  Description Task 2.1: Download and install the Hashicorp repository on RedHat and Rocky Linux systems.

  - Task 2.2: Configure Debian task
  Description Task 2.2: Configure the Hashicorp installation for Debian systems by installing the required package gpg, installing the apt key, and configuring the repository.

    - Task 2.2.1: Install required package gpg task
    Description Task 2.2.1: Install the gpg package on Debian systems.

    - Task 2.2.2: Install apt key for Debian task
    Description Task 2.2.2: Install the apt key for Debian systems.

    - Task 2.2.3: Install repository for Debian task
    Description Task 2.2.3: Configure the Debian repository for Hashicorp.

  - Task 2.3: Install hashicorp product using package task
  Description Task 2.3: Install the Hashicorp product using the package manager based on the installation method specified.

    - Task 2.3.1: Install latest hashicorp product using package task
    Description Task 2.3.1: Install the latest version of the Hashicorp product using the package manager.

    - Task 2.3.2: Install versioned hashicorp product using package task
    Description Task 2.3.2: Install a specific version of the Hashicorp product using the package manager.

Task 3: Install manually task
Description Task 3: Install the Hashicorp product manually based on the installation method specified. This task includes downloading and unpacking the Hashicorp product. 97%|█████████▋| 97/100 [06:25<00:13,  4.65s/it] 98%|█████████▊| 98/100 [06:32<00:10,  5.13s/it]

Tue Sep 30 18:42:09 2025: /home/studgoetsi5301/documents/ansible_bench/dataset/prompts/ollama_llama3.1:8b_english_exact/benchmark100/ansible-role-hashicorp/tasks/main_prompt.txt Total generation time: 5.852883119994658


Prompt: You are a professional developer. Below you will find a complete Ansible Playbook. This playbook was generated based on a prompt. Your task is to reconstruct the original prompt that could have been used to generate this playbook.

Important: The only output follows the format below. Do not include any explanations or comments before or after.

The reconstructed prompt must exactly follow the structure below:

"Below you will receive task descriptions from which you should generate an Ansible Playbook.  
The generated playbook must be valid inside an Ansible Role under the tasks/ directory (e.g., tasks/main.yml).  
Do not include hosts:, vars:, or any playbook-level headers. Only output valid task entries or blocks as expected in a role.  

Task 1: ...
Description Task 1: ...

Task 2: ...
Description Task 2: ...

Task 3: ...
Description Task 3: ...
..."

Guidelines:
- Each task should be short and clearly describe one specific action.
- The tasks must match the actual tasks in the playbook **both in content and order**.
- Use the exact terminology and labels as used in the playbook (e.g., “install nginx” instead of “install web server”).
- Provide a more detailed description of the task next to each task
- Include the exact names of variables, handlers, etc. used in the playbook.

Here is the Ansible Playbook:
---
# tasks file for java

- name: Import assert.yml
  ansible.builtin.import_tasks:
    file: assert.yml
  run_once: true
  delegate_to: localhost

- name: Install requirements
  ansible.builtin.package:
    name: bash
    state: present

- name: Install openjdk java (package)
  ansible.builtin.package:
    name: "{{ java_openjdk_package }}"
    state: present
  when:
    java_vendor == "openjdk"
  environment:
    USE: "X -cups -alsa -fontconfig"

- name: Install RPM
  when:
    - java_source == "local"
    - java_format == "rpm"
  block:
    - name: Copy oracle java (rpm)
      ansible.builtin.copy:
        src: "{{ java_package }}"
        dest: "/tmp/{{ java_package }}"
        mode: "0640"

    - name: Install oracle java (rpm) (local)
      ansible.builtin.package:
        name: "/tmp/{{ java_package }}"
        state: present

- name: Install DEB
  when:
    - java_source == "local"
    - java_format == "deb"
  block:
    - name: Copy oracle java (deb)
      ansible.builtin.copy:
        src: "{{ java_package }}"
        dest: "/tmp/{{ java_package }}"
        mode: "0640"

    - name: Install oracle java (deb) (local)
      ansible.builtin.apt:
        deb: "/tmp/{{ java_package }}"
        state: present

- name: Install oracle java (rpm) (repository)
  ansible.builtin.package:
    name: "{{ java_oracle_package }}"
    state: present
  when:
    - java_source == "repository"
    - java_format == "rpm"

- name: Configure oracle targz
  when:
    - java_format == "targz"
    - java_vendor == "oracle"
  block:
    - name: Ensure java_install_directory exists
      ansible.builtin.file:
        path: "{{ java_install_directory }}"
        state: directory
        mode: "0755"

    - name: Install oracle java (targz)
      ansible.builtin.unarchive:
        src: "{{ java_oracle_package }}"
        dest: "{{ java_install_directory }}"
        mode: "0755"

- name: Install oracle java policy software (targz)
  ansible.builtin.unarchive:
    src: jce_policy-8.zip
    dest: "{{ java_install_directory }}"
    mode: "0755"
  when:
    - java_jce
    - java_version == 8
    - java_vendor == "oracle"

- name: Set alternative (targz)
  community.general.alternatives:
    name: java
    link: /usr/bin/java
    path: "{{ java_install_directory }}/{{ java_oracle_directory }}/bin/java"
  when:
    - java_format == "targz"
    - ansible_distribution != "Alpine"
    - java_vendor == "oracle"

- name: Find JAVA_HOME
  ansible.builtin.shell:
    cmd: set -o pipefail && readlink -f /usr/bin/java | sed 's%/bin/java%%'
    executable: /bin/bash
  changed_when: false
  check_mode: false
  register: java_home

- name: Set JAVA_HOME in /etc/environment
  ansible.builtin.lineinfile:
    path: /etc/profile.d/java_home.sh
    regexp: '^export JAVA_HOME='
    line: 'export JAVA_HOME="{{ java_home.stdout }}"'
    create: true
    mode: "0644"


Total input tokens: 1040
___________________________________________LLM Output:___________________________________________ 
Below you will receive task descriptions from which you should generate an Ansible Playbook.

The generated playbook must be valid inside an Ansible Role under the tasks/ directory (e.g., tasks/main.yml).

Do not include hosts:, vars:, or any playbook-level headers. Only output valid task entries or blocks as expected in a role.

Task 1: Import Java Asserts and Setup Local Task Execution
Description Task 1: Import the assert.yml file and run it once on the local machine to set up the environment.

Task 2: Install Bash
Description Task 2: Install the bash package on the target system.

Task 3: Install OpenJDK Java (Package)
Description Task 3: Install the OpenJDK Java package if the java_vendor variable is set to "openjdk" and set the environment variable USE to "X -cups -alsa -fontconfig".

Task 4: Install RPM (Local Java Source)
Description Task 4: If the java_source variable is set to "local" and the java_format variable is set to "rpm", copy the oracle java rpm package to /tmp and install it.

Task 5: Install DEB (Local Java Source)
Description Task 5: If the java_source variable is set to "local" and the java_format variable is set to "deb", copy the oracle java deb package to /tmp and install it using apt.

Task 6: Install Oracle Java (RPM) (Repository)
Description Task 6: Install the Oracle Java RPM package if the java_source variable is set to "repository" and the java_format variable is set to "rpm".

Task 7: Configure Oracle Targz
Description Task 7: If the java_format variable is set to "targz" and the java_vendor variable is set to "oracle", ensure the java_install_directory exists and install the oracle java targz package.

Task 8: Install Oracle Java Policy Software (Targz)
Description Task 8: If the java_jce variable is set to true, the java_version variable is set to 8, and the java_vendor variable is set to "oracle", install the oracle java policy software targz package.

Task 9: Set Alternative (Targz)
Description Task 9: If the java_format variable is set to "targz", the ansible_distribution is not Alpine, and the java_vendor variable is set to "oracle", set the java alternative.

Task 10: Find JAVA_HOME
Description Task 10: Find the JAVA_HOME environment variable by running a shell command to read the link of /usr/bin/java.

Task 11: Set JAVA_HOME in /etc/environment
Description Task 11: Set the JAVA_HOME environment variable in /etc/profile.d/java_home.sh.

Tue Sep 30 18:42:15 2025: /home/studgoetsi5301/documents/ansible_bench/dataset/prompts/ollama_llama3.1:8b_english_exact/benchmark100/ansible-role-java/tasks/main_prompt.txt Total generation time: 6.264321421011118


Prompt: You are a professional developer. Below you will find a complete Ansible Playbook. This playbook was generated based on a prompt. Your task is to reconstruct the original prompt that could have been used to generate this playbook.

Important: The only output follows the format below. Do not include any explanations or comments before or after.

The reconstructed prompt must exactly follow the structure below:

"Below you will receive task descriptions from which you should generate an Ansible Playbook.  
The generated playbook must be valid inside an Ansible Role under the tasks/ directory (e.g., tasks/main.yml).  
Do not include hosts:, vars:, or any playbook-level headers. Only output valid task entries or blocks as expected in a role.  

Task 1: ...
Description Task 1: ...

Task 2: ...
Description Task 2: ...

Task 3: ...
Description Task 3: ...
..."

Guidelines:
- Each task should be short and clearly describe one specific action.
- The tasks must match the actual tasks in the playbook **both in content and order**.
- Use the exact terminology and labels as used in the playbook (e.g., “install nginx” instead of “install web server”).
- Provide a more detailed description of the task next to each task
- Include the exact names of variables, handlers, etc. used in the playbook.

Here is the Ansible Playbook:
---
# tasks file for selinux

- name: Import assert.yml
  ansible.builtin.import_tasks:
    file: assert.yml
  run_once: true
  delegate_to: localhost

- name: Install required packages
  ansible.builtin.package:
    name: "{{ selinux_requirements }}"
    state: present
  notify:
    - Gather facts

- name: Flush handlers
  ansible.builtin.meta: flush_handlers

- name: Configure selinux
  when:
    - ansible_selinux.status is defined
    - ansible_connection not in [ "container", "docker", "community.docker.docker" ]
  block:
    - name: Manage selinux
      ansible.posix.selinux:
        state: "{{ selinux_state }}"
        policy: "{{ selinux_policy }}"
      notify:
        - Reboot

    - name: Manage selinux booleans
      ansible.posix.seboolean:
        name: "{{ item.name }}"
        state: "{{ item.state | default('yes') }}"
        persistent: "{{ item.persistent }}"
      loop: "{{ selinux_booleans }}"
      loop_control:
        label: "{{ item.name }}"
      when:
        - selinux_booleans is defined

 99%|█████████▉| 99/100 [06:36<00:04,  4.77s/it]100%|██████████| 100/100 [06:39<00:00,  4.30s/it]100%|██████████| 100/100 [06:39<00:00,  3.99s/it]

Total input tokens: 527
___________________________________________LLM Output:___________________________________________ 
Below you will receive task descriptions from which you should generate an Ansible Playbook.

Task 1: Import the assert.yml file to include additional tasks.
Description Task 1: This task imports the assert.yml file to include additional tasks that should be executed as part of the playbook. The import is limited to the localhost and only runs once.

Task 2: Install the required packages for selinux.
Description Task 2: This task installs the required packages for selinux using the ansible.builtin.package module. The packages to be installed are specified in the selinux_requirements variable, and the state of the package is set to present. After installation, a handler named Gather facts is notified.

Task 3: Flush the handlers to ensure all pending tasks are executed.
Description Task 3: This task flushes the handlers using the ansible.builtin.meta module to ensure that all pending tasks are executed before the handlers are notified.

Task 4: Configure selinux based on the selinux state and policy.
Description Task 4: This task configures selinux based on the selinux state and policy. The configuration only applies if selinux is enabled and the connection type is not a container or Docker. The selinux configuration is managed using the ansible.posix.selinux module, and the selinux booleans are managed using the ansible.posix.seboolean module. The handlers named Reboot are notified after the configuration is applied.

Task 5: Manage selinux booleans.
Description Task 5: This task manages the selinux booleans specified in the selinux_booleans variable. The booleans are managed using the ansible.posix.seboolean module, and the state and persistence of each boolean are specified in the variable. The configuration only applies if the selinux booleans variable is defined.

Tue Sep 30 18:42:19 2025: /home/studgoetsi5301/documents/ansible_bench/dataset/prompts/ollama_llama3.1:8b_english_exact/benchmark100/ansible-role-selinux-robertdebock/tasks/main_prompt.txt Total generation time: 3.9138047299929895


Prompt: You are a professional developer. Below you will find a complete Ansible Playbook. This playbook was generated based on a prompt. Your task is to reconstruct the original prompt that could have been used to generate this playbook.

Important: The only output follows the format below. Do not include any explanations or comments before or after.

The reconstructed prompt must exactly follow the structure below:

"Below you will receive task descriptions from which you should generate an Ansible Playbook.  
The generated playbook must be valid inside an Ansible Role under the tasks/ directory (e.g., tasks/main.yml).  
Do not include hosts:, vars:, or any playbook-level headers. Only output valid task entries or blocks as expected in a role.  

Task 1: ...
Description Task 1: ...

Task 2: ...
Description Task 2: ...

Task 3: ...
Description Task 3: ...
..."

Guidelines:
- Each task should be short and clearly describe one specific action.
- The tasks must match the actual tasks in the playbook **both in content and order**.
- Use the exact terminology and labels as used in the playbook (e.g., “install nginx” instead of “install web server”).
- Provide a more detailed description of the task next to each task
- Include the exact names of variables, handlers, etc. used in the playbook.

Here is the Ansible Playbook:
---
# tasks file for epel

- name: Install epel
  when:
    - (ansible_distribution == "Amazon" and
      ansible_distribution_major_version == "2") or
      (ansible_os_family == "RedHat" and
      ansible_distribution_major_version in [ "7", "8", "9", "10" ])
  block:
    - name: Install epel gpg key
      ansible.builtin.rpm_key:
        key: "{{ epel_gpg_key }}"
        state: present

    - name: Install epel-release
      ansible.builtin.package:
        name: "{{ epel_url }}"
        state: present
      notify:
        - Update package cache

    - name: Install epel-next-release
      ansible.builtin.package:
        name: "{{ epel_next_url }}"
        state: present
      when:
        - epel_next
      notify:
        - Update package cache


Total input tokens: 476
___________________________________________LLM Output:___________________________________________ 
Below you will receive task descriptions from which you should generate an Ansible Playbook.

Task 1: Install EPEL package repository for Amazon Linux 2 or RedHat-based systems.
Description Task 1: The task checks if the system is either Amazon Linux 2 or a RedHat-based system with version 7, 8, 9, or 10, and installs the EPEL package repository if the conditions are met.

Task 2: Install the EPEL GPG key.
Description Task 2: The task installs the EPEL GPG key using the `ansible.builtin.rpm_key` module, specifying the key from the `epel_gpg_key` variable.

Task 3: Install the EPEL-release package.
Description Task 3: The task installs the EPEL-release package using the `ansible.builtin.package` module, specifying the package name from the `epel_url` variable, and notifies the `Update package cache` handler.

Task 4: Install the EPEL-next-release package (conditional).
Description Task 4: The task installs the EPEL-next-release package using the `ansible.builtin.package` module, specifying the package name from the `epel_next_url` variable, when the `epel_next` variable is truthy, and notifies the `Update package cache` handler.

Tue Sep 30 18:42:22 2025: /home/studgoetsi5301/documents/ansible_bench/dataset/prompts/ollama_llama3.1:8b_english_exact/benchmark100/ansible-role-epel/tasks/main_prompt.txt Total generation time: 3.191148862009868
