Loaded config from file config/config.yaml: config: {'base_dir': '/home/studgoetsi5301/documents/ansible_bench', 'output_dir': 'output', 'dataset_dir': 'dataset', 'config_dir': 'config', 'logs_dir': 'logs', 'testresults_dir': 'testresults', 'postprocessing_reports_dir': 'postprocessing_reports', 'temp_exec_dir': 'temp'}
Name for the ollama model: qwen2.5:14b

Input_Directory: /home/studgoetsi5301/documents/ansible_bench/dataset/benchmark100

Output_Directory: /home/studgoetsi5301/documents/ansible_bench/dataset/prompts/ollama_qwen2.5:14b_english_exact/benchmark100

Input-Files:
ansible-role-docker_compose/tasks/main.yml
ansible-role-cadvisor/tasks/main.yml
ansible-role-vsftpd/tasks/main.yml
ansible-role-epel-buluma/tasks/main.yml
ansible-role-vault/tasks/package.yml
ansible-role-vault/tasks/binary.yml
ansible-role-vault/tasks/hardening.yml
ansible-role-vault/tasks/main.yml
ansible-role-dns/tasks/main.yml
ansible-role-grub/tasks/password.yml
ansible-role-grub/tasks/main.yml
ansible-role-service/tasks/main.yml
ansible-role-bootstrap-buluma/tasks/gather_facts.yml
ansible-role-bootstrap-buluma/tasks/main.yml
ansible-role-docker/tasks/main.yml
ansible-role-docker/tasks/setup-Debian.yml
ansible-role-docker/tasks/setup-RedHat.yml
ansible-role-docker/tasks/docker-compose.yml
ansible-role-docker/tasks/docker-users.yml
ansible-role-selinux/tasks/main.yml
ansible-role-mysql-robertdebock/tasks/main.yml
ansible-role-sysctl/tasks/main.yml
ansible-role-bootstrap-JonasPammer/tasks/gather_facts.yml
ansible-role-bootstrap-JonasPammer/tasks/main.yml
ansible-role-update/tasks/main.yml
ansible-role-python_pip-buluma/tasks/main.yml
ansible-role-buildtools-buluma/tasks/main.yml
ansible-role-pip/tasks/debian12.yml
ansible-role-pip/tasks/main.yml
ansible-role-helm/tasks/main.yml
ansible-role-bootstrap/tasks/gather_facts.yml
ansible-role-bootstrap/tasks/main.yml
ansible-role-openvpn/tasks/server.yml
ansible-role-openvpn/tasks/client.yml
ansible-role-openvpn/tasks/main.yml
ansible-role-core_dependencies-buluma/tasks/main.yml
ansible-role-openssl-robertdebock/tasks/create.yml
ansible-role-openssl-robertdebock/tasks/main.yml
ansible-role-logrotate/tasks/main.yml
ansible-role-promtail/tasks/install.yml
ansible-role-promtail/tasks/preflight.yml
ansible-role-promtail/tasks/main.yml
ansible-role-python_pip/tasks/main.yml
ansible-role-httpd/tasks/locations.yml
ansible-role-httpd/tasks/directories.yml
ansible-role-httpd/tasks/main.yml
ansible-role-httpd/tasks/vhosts.yml
ansible-role-httpd/tasks/ssl.yml
ansible-role-redis/tasks/main.yml
ansible-role-openssl/tasks/create.yml
ansible-role-openssl/tasks/main.yml
ansible-role-users/tasks/group.yml
ansible-role-users/tasks/user.yml
ansible-role-users/tasks/main.yml
ansible-role-ca_certificates/tasks/main.yml
ansible-role-httpd-buluma/tasks/locations.yml
ansible-role-httpd-buluma/tasks/directories.yml
ansible-role-httpd-buluma/tasks/main.yml
ansible-role-httpd-buluma/tasks/vhosts.yml
ansible-role-httpd-buluma/tasks/ssl.yml
ansible-role-apt_autostart/tasks/main.yml
java_role/tasks/import_certs.yml
java_role/tasks/main.yml
java_role/tasks/install_openjdk.yml
ansible-role-core_dependencies/tasks/main.yml
ansible-role-postfix/tasks/main.yml
ansible-role-git/tasks/main.yml
ansible-role-php-robertdebock/tasks/main.yml
ansible-role-rke2/tasks/cis.yml
ansible-role-rke2/tasks/rke2.yml
ansible-role-rke2/tasks/first_server_restore.yml
ansible-role-rke2/tasks/ingress-nginx.yml
ansible-role-rke2/tasks/first_server.yml
ansible-role-rke2/tasks/download_kubeconfig.yaml
ansible-role-rke2/tasks/summary.yml
ansible-role-rke2/tasks/rolling_restart.yml
ansible-role-rke2/tasks/keepalived.yml
ansible-role-rke2/tasks/main.yml
ansible-role-rke2/tasks/remaining_nodes.yml
ansible-role-rke2/tasks/kubevip.yml
ansible-role-rke2/tasks/change_config.yml
ansible-role-rke2/tasks/find_active_server.yml
ansible-role-buildtools/tasks/main.yml
ansible-role-mysql/tasks/main.yml
ansible-role-cron/tasks/main.yml
ansible-role-nginx/tasks/main.yml
ansible-role-ansible/tasks/setup-pip.yml
ansible-role-ansible/tasks/setup-Fedora.yml
ansible-role-ansible/tasks/main.yml
ansible-role-ansible/tasks/setup-Debian.yml
ansible-role-ansible/tasks/setup-Ubuntu.yml
ansible-role-ansible/tasks/setup-RedHat.yml
ansible-role-rsyslog/tasks/main.yml
ansible-role-fail2ban/tasks/main.yml
ansible-role-scl/tasks/main.yml
ansible-role-cron-buluma/tasks/main.yml
ansible-role-hashicorp/tasks/main.yml
ansible-role-java/tasks/main.yml
ansible-role-selinux-robertdebock/tasks/main.yml
ansible-role-epel/tasks/main.yml
Found 100 inputs

Serving model via Ollama
  0%|          | 0/100 [00:00<?, ?it/s]  1%|          | 1/100 [00:03<05:21,  3.24s/it]

Prompt: You are a professional developer. Below you will find a complete Ansible Playbook. This playbook was generated based on a prompt. Your task is to reconstruct the original prompt that could have been used to generate this playbook.

Important: The only output follows the format below. Do not include any explanations or comments before or after.

The reconstructed prompt must exactly follow the structure below:

"Below you will receive task descriptions from which you should generate an Ansible Playbook.  
The generated playbook must be valid inside an Ansible Role under the tasks/ directory (e.g., tasks/main.yml).  
Do not include hosts:, vars:, or any playbook-level headers. Only output valid task entries or blocks as expected in a role.  

Task 1: ...
Description Task 1: ...

Task 2: ...
Description Task 2: ...

Task 3: ...
Description Task 3: ...
..."

Guidelines:
- Each task should be short and clearly describe one specific action.
- The tasks must match the actual tasks in the playbook **both in content and order**.
- Use the exact terminology and labels as used in the playbook (e.g., “install nginx” instead of “install web server”).
- Provide a more detailed description of the task next to each task
- Include the exact names of variables, handlers, etc. used in the playbook.

Here is the Ansible Playbook:
---
# tasks file for docker_compose

- name: Import assert.yml
  ansible.builtin.import_tasks:
    file: assert.yml
  run_once: true
  delegate_to: localhost

- name: Install docker-compose package
  ansible.builtin.package:
    name: docker-compose
    state: present
  when:
    - docker_compose_installation_type == "package"

- name: Install docker-compose as a binary
  when:
    - docker_compose_installation_type == "binary"
  block:
    - name: Install required packages
      ansible.builtin.package:
        name: "{{ docker_compose_binary_required_packages }}"

    - name: Install binary
      ansible.builtin.get_url:
        url: "{{ docker_compose_url }}"
        dest: /usr/local/bin/docker-compose
        mode: "0755"


Total input tokens: 459
___________________________________________LLM Output:___________________________________________ 
Below you will receive task descriptions from which you should generate an Ansible Playbook.  
The generated playbook must be valid inside an Ansible Role under the tasks/ directory (e.g., tasks/main.yml).  
Do not include hosts:, vars:, or any playbook-level headers. Only output valid task entries or blocks as expected in a role.  

Task 1: Import assert.yml
Description Task 1: This task imports the assert.yml file which contains assertions to validate the state of the system. It runs only once and delegates the task to the localhost.

Task 2: Install docker-compose package
Description Task 2: This task installs the docker-compose package when the installation type is set to "package".

Task 3: Install docker-compose as a binary
Description Task 3: This task installs docker-compose as a binary when the installation type is set to "binary". It includes installing required packages and downloading the binary to /usr/local/bin/docker-compose with the correct permissions.

Tue Sep 30 15:10:31 2025: /home/studgoetsi5301/documents/ansible_bench/dataset/prompts/ollama_qwen2.5:14b_english_exact/benchmark100/ansible-role-docker_compose/tasks/main_prompt.txt Total generation time: 3.2441671160049736


Prompt: You are a professional developer. Below you will find a complete Ansible Playbook. This playbook was generated based on a prompt. Your task is to reconstruct the original prompt that could have been used to generate this playbook.

Important: The only output follows the format below. Do not include any explanations or comments before or after.

The reconstructed prompt must exactly follow the structure below:

"Below you will receive task descriptions from which you should generate an Ansible Playbook.  
The generated playbook must be valid inside an Ansible Role under the tasks/ directory (e.g., tasks/main.yml).  
Do not include hosts:, vars:, or any playbook-level headers. Only output valid task entries or blocks as expected in a role.  

Task 1: ...
Description Task 1: ...

Task 2: ...
Description Task 2: ...

Task 3: ...
Description Task 3: ...
..."

Guidelines:
- Each task should be short and clearly describe one specific action.
- The tasks must match the actual tasks in the playbook **both in content and order**.
- Use the exact terminology and labels as used in the playbook (e.g., “install nginx” instead of “install web server”).
- Provide a more detailed description of the task next to each task
- Include the exact names of variables, handlers, etc. used in the playbook.

Here is the Ansible Playbook:
# tasks file for cadvisor

- name: cadvisor | create directories
  become: true
  ansible.builtin.file:
    path: "{{ item }}"
    state: directory
    mode: 0755
  with_items:
    - /opt/cadvisor

- name: cadvisor | download
  become: true
  get_url:
    url: "{{ cadvisor_download }}"
    checksum: "sha256:{{ cadvisor_checksum }}"
    dest: "/opt/cadvisor/cadvisor-{{ cadvisor_version }}"
    force: false
    mode: u=rwx,g=rx,o=rx
  when: cadvisor_binary_local_dir | length == 0

- name: cadvisor | propagate locally distributed cadvisor binary
  copy:
    src: "{{ cadvisor_binary_local_dir }}/cadvisor-{{ cadvisor_version }}"
    dest: "/opt/cadvisor/cadvisor-{{ cadvisor_version }}"
    mode: 0755
    owner: root
    group: root
  when: cadvisor_binary_local_dir | length > 0
  notify:
    - restart cadvisor

- name: cadvisor | symlink
  become: true
  file:
    src: "/opt/cadvisor/cadvisor-{{ cadvisor_version }}"
    path: /opt/cadvisor/cadvisor
    force: true
    state: link

- name: cadvisor | server systemd service
  become: true
  ansible.builtin.template:
    dest: /etc/systemd/system/cadvisor.service
    src: systemd-system-cadvisor-service.j2
    mode: 0644
  notify:
    - restart cadvisor

- name: test_task
  shell: "if ! systemctl is-active cadvisor.service; then  echo 'inactive' ; fi"
  register: service_active
  failed_when: False
  changed_when: False

- debug: var=service_active

- name: cadvisor | enable server systemd
  become: true
  ansible.builtin.systemd:
    enabled: true
    name: cadvisor.service

- name: cadvisor | start server systemd
  become: true
  ansible.builtin.systemd:
    name: cadvisor.service
    state: started
    daemon_reload: true


Total input tokens: 758
___________________________________________LLM Output:___________________________________________ 
Below you will receive task descriptions from which you should generate an Ansible Playbook.  
The generated playbook must be valid inside an Ansible Role under the tasks/ directory (e.g., tasks/main.yml).  
Do not include hosts:, vars:, or any playbook-level headers. Only output valid task entries or blocks as expected in a role.  

Task 1: cadvisor | create directories
Description Task 1: Create necessary directories for cadvisor to be installed.

Task 2: cadvisor | download
Description Task 2: Download cadvisor binary based on version and checksum provided. This task is skipped when a local directory for a pre-downloaded binary is specified.

Task 3: cadvisor | propagate locally distributed cadvisor binary
Description Task 3: Copy the pre-downloaded cadvisor binary to the installation directory if a local directory is provided. This task triggers a service restart.

Task 4: cadvisor | symlink
Description Task 4: Create a symbolic link to the cadvisor binary for easy execution.

Task 5: cadvisor | server systemd service
Description Task 5: Create a systemd service file for cadvisor using a template.

Task 6: test_task
Description Task 6: Check if the cadvisor service is active and register the result.

Task 7: debug: var=service_active
Description Task 7: Debug the status of the cadvisor service.

Task 8: cadvisor | enable server systemd
Description Task 8: Enable the cadvisor systemd service for automatic startup.

Task 9: cadvisor | start server systemd
Description Task 9: Start the cadvisor systemd service and ensure it's running.

Tue Sep 30 15:10:36 2025: /home/studgoetsi5301/documents/ansible_bench/dataset/prompts/ollama_qwen2.5:14b_english_exact/benchmark100/ansible-role-cadvisor/tasks/main_prompt.txt Total generation time:  2%|▏         | 2/100 [00:08<07:25,  4.55s/it]  3%|▎         | 3/100 [00:12<06:34,  4.07s/it]  4%|▍         | 4/100 [00:15<06:06,  3.82s/it] 5.4579819700011285


Prompt: You are a professional developer. Below you will find a complete Ansible Playbook. This playbook was generated based on a prompt. Your task is to reconstruct the original prompt that could have been used to generate this playbook.

Important: The only output follows the format below. Do not include any explanations or comments before or after.

The reconstructed prompt must exactly follow the structure below:

"Below you will receive task descriptions from which you should generate an Ansible Playbook.  
The generated playbook must be valid inside an Ansible Role under the tasks/ directory (e.g., tasks/main.yml).  
Do not include hosts:, vars:, or any playbook-level headers. Only output valid task entries or blocks as expected in a role.  

Task 1: ...
Description Task 1: ...

Task 2: ...
Description Task 2: ...

Task 3: ...
Description Task 3: ...
..."

Guidelines:
- Each task should be short and clearly describe one specific action.
- The tasks must match the actual tasks in the playbook **both in content and order**.
- Use the exact terminology and labels as used in the playbook (e.g., “install nginx” instead of “install web server”).
- Provide a more detailed description of the task next to each task
- Include the exact names of variables, handlers, etc. used in the playbook.

Here is the Ansible Playbook:
---
# tasks file for vsftpd

- name: Import assert.yml
  ansible.builtin.import_tasks:
    file: assert.yml
  run_once: true
  delegate_to: localhost

- name: Install vsftpd
  ansible.builtin.package:
    name: vsftpd

- name: Configure vsftpd
  ansible.builtin.template:
    src: vsftpd.conf.j2
    dest: "{{ vsftpd_configuration_file }}"
    owner: root
    group: root
    mode: "{{ vsftpd_configuration_file_mode }}"
  notify:
    - Restart vsftpd

- name: Start and enable vsftpd
  ansible.builtin.service:
    name: vsftpd
    state: started
    enabled: true


Total input tokens: 442
___________________________________________LLM Output:___________________________________________ 
Below you will receive task descriptions from which you should generate an Ansible Playbook.  
The generated playbook must be valid inside an Ansible Role under the tasks/ directory (e.g., tasks/main.yml).  
Do not include hosts:, vars:, or any playbook-level headers. Only output valid task entries or blocks as expected in a role.  

Task 1: Import assert.yml
Description Task 1: Import the assert.yml file to perform validation checks, ensuring the task runs only once on the localhost.

Task 2: Install vsftpd
Description Task 2: Install the vsftpd package on the system.

Task 3: Configure vsftpd
Description Task 3: Use a Jinja2 template to generate the vsftpd configuration file, setting the owner, group, and mode of the file, and notify a handler to restart vsftpd upon configuration changes.

Task 4: Start and enable vsftpd
Description Task 4: Start the vsftpd service and ensure it is enabled to start at boot.

Tue Sep 30 15:10:40 2025: /home/studgoetsi5301/documents/ansible_bench/dataset/prompts/ollama_qwen2.5:14b_english_exact/benchmark100/ansible-role-vsftpd/tasks/main_prompt.txt Total generation time: 3.501886789003038


Prompt: You are a professional developer. Below you will find a complete Ansible Playbook. This playbook was generated based on a prompt. Your task is to reconstruct the original prompt that could have been used to generate this playbook.

Important: The only output follows the format below. Do not include any explanations or comments before or after.

The reconstructed prompt must exactly follow the structure below:

"Below you will receive task descriptions from which you should generate an Ansible Playbook.  
The generated playbook must be valid inside an Ansible Role under the tasks/ directory (e.g., tasks/main.yml).  
Do not include hosts:, vars:, or any playbook-level headers. Only output valid task entries or blocks as expected in a role.  

Task 1: ...
Description Task 1: ...

Task 2: ...
Description Task 2: ...

Task 3: ...
Description Task 3: ...
..."

Guidelines:
- Each task should be short and clearly describe one specific action.
- The tasks must match the actual tasks in the playbook **both in content and order**.
- Use the exact terminology and labels as used in the playbook (e.g., “install nginx” instead of “install web server”).
- Provide a more detailed description of the task next to each task
- Include the exact names of variables, handlers, etc. used in the playbook.

Here is the Ansible Playbook:
---
# tasks file for epel

- name: Install epel
  when:
    - (ansible_distribution == "Amazon" and
      ansible_distribution_major_version == "2") or
      (ansible_os_family == "RedHat" and
      ansible_distribution_major_version in [ "7", "8", "9" ])
  block:
    - name: Install epel gpg key
      ansible.builtin.rpm_key:
        key: "{{ epel_gpg_key }}"
        state: present

    - name: Install epel-release
      ansible.builtin.package:
        name: "{{ epel_url }}"
        state: present
      notify:
        - Update package cache

    - name: Install epel-next-release
      ansible.builtin.package:
        name: "{{ epel_next_url }}"
        state: present
      when:
        - epel_next
      notify:
        - Update package cache


Total input tokens: 472
___________________________________________LLM Output:___________________________________________ 
Below you will receive task descriptions from which you should generate an Ansible Playbook.  
The generated playbook must be valid inside an Ansible Role under the tasks/ directory (e.g., tasks/main.yml).  
Do not include hosts:, vars:, or any playbook-level headers. Only output valid task entries or blocks as expected in a role.  

Task 1: Install epel
Description Task 1: Install the EPEL repository on supported distributions such as Amazon Linux 2, and RedHat distributions 7, 8, and 9.

Task 2: Install epel gpg key
Description Task 2: Install the GPG key required for the EPEL repository.

Task 3: Install epel-release
Description Task 3: Install the EPEL repository package.

Task 4: Install epel-next-release
Description Task 4: Install the EPEL next repository package if the epel_next variable is set to true. This task will also notify a handler to update the package cache.

Tue Sep 30 15:10:43 2025: /home/studgoetsi5301/documents/ansible_bench/dataset/prompts/ollama_qwen2.5:14b_english_exact/benchmark100/ansible-role-epel-buluma/tasks/main_prompt.txt Total generation time: 3.422861628001556


Prompt: You are a professional developer. Below you will find a complete Ansible Playbook. This playbook was generated based on a prompt. Your task is to reconstruct the original prompt that could have been used to generate this playbook.

Important: The only output follows the format below. Do not include any explanations or comments before or after.

The reconstructed prompt must exactly follow the structure below:

"Below you will receive task descriptions from which you should generate an Ansible Playbook.  
The generated playbook must be valid inside an Ansible Role under the tasks/ directory (e.g., tasks/main.yml).  
Do not include hosts:, vars:, or any playbook-level headers. Only output valid task entries or blocks as expected in a role.  

Task 1: ...
Description Task 1: ...

Task 2: ...
Description Task 2: ...

Task 3: ...
Description Task 3: ...
..."

Guidelines:
- Each task should be short and clearly describe one specific action.
- The tasks must match the actual tasks in the playbook **both in content and order**.
- Use the exact terminology and labels as used in the playbook (e.g., “install nginx” instead of “install web server”).
- Provide a more detailed description of the task next to each task
- Include the exact names of variables, handlers, etc. used in the playbook.

Here is the Ansible Playbook:
---

- name: package | Install vault
  ansible.builtin.package:
    name: "{{ vault_package }}"
  notify:
    - Daemon reload
    - Restart vault


Total input tokens: 317
___________________________________________LLM Output:___________________________________________ 
Below you will receive task descriptions from which you should generate an Ansible Playbook.  
The generated playbook must be valid inside an Ansible Role under the tasks/ directory (e.g., tasks/main.yml).  
Do not include hosts:, vars:, or any playbook-level headers. Only output valid task entries or blocks as expected in a role.  

Task 1: Install vault
Description Task 1: Install the vault package with the name specified in the vault_package variable and notify the Daemon reload and Restart vault handlers after installation.

Task 2: Daemon reload
Description Task 2: This task is a handler that performs a daemon reload after the vault package is installed.

Task 3: Restart vault
Description Task 3: This task is a handler that restarts the vault service after the vault package is installed.  5%|▌         | 5/100 [00:18<05:27,  3.45s/it]

Tue Sep 30 15:10:46 2025: /home/studgoetsi5301/documents/ansible_bench/dataset/prompts/ollama_qwen2.5:14b_english_exact/benchmark100/ansible-role-vault/tasks/package_prompt.txt Total generation time: 2.791729624994332


Prompt: You are a professional developer. Below you will find a complete Ansible Playbook. This playbook was generated based on a prompt. Your task is to reconstruct the original prompt that could have been used to generate this playbook.

Important: The only output follows the format below. Do not include any explanations or comments before or after.

The reconstructed prompt must exactly follow the structure below:

"Below you will receive task descriptions from which you should generate an Ansible Playbook.  
The generated playbook must be valid inside an Ansible Role under the tasks/ directory (e.g., tasks/main.yml).  
Do not include hosts:, vars:, or any playbook-level headers. Only output valid task entries or blocks as expected in a role.  

Task 1: ...
Description Task 1: ...

Task 2: ...
Description Task 2: ...

Task 3: ...
Description Task 3: ...
..."

Guidelines:
- Each task should be short and clearly describe one specific action.
- The tasks must match the actual tasks in the playbook **both in content and order**.
- Use the exact terminology and labels as used in the playbook (e.g., “install nginx” instead of “install web server”).
- Provide a more detailed description of the task next to each task
- Include the exact names of variables, handlers, etc. used in the playbook.

Here is the Ansible Playbook:
---

- name: binary | Create Vault group
  ansible.builtin.group:
    name: "{{ vault_group }}"
    system: true

- name: binary | Create Vault user
  ansible.builtin.user:
    name: "{{ vault_user }}"
    create_home: false
    system: true
    shell: "{{ vault_user_shell }}"
    group: "{{ vault_group }}"

- name: binary | Create Vault download directory
  ansible.builtin.file:
    path: "{{ vault_download_path }}"
    state: directory
    owner: "{{ vault_user }}"
    group: "{{ vault_group }}"
    mode: "0755"

- name: binary | Download Vault binary
  ansible.builtin.unarchive:
    src: "https://releases.hashicorp.com/vault/{{ vault_version }}/vault_{{ vault_version }}_linux_{{ vault_architecture }}.zip"
    dest: "{{ vault_download_path }}"
    creates: "{{ vault_download_path }}/vault"
    owner: root
    group: root
    mode: "0644"
    remote_src: true

- name: binary | Check if vault_path exists
  ansible.builtin.stat:
    path: "{{ vault_path }}"
  register: vault_check_path

- name: binary | Create vault_path if it does not exists
  ansible.builtin.file:
    path: "{{ vault_path }}"
    state: directory
    owner: "{{ vault_user }}"
    group: "{{ vault_group }}"
    mode: "0755"
  when:
    - not vault_check_path.stat.exists
    - vault_path | length > 0

- name: binary | Create directory in vault_path
  ansible.builtin.file:
    path: "{{ item.name }}"
    state: directory
    owner: "{{ item.owner }}"
    group: "{{ item.group }}"
    mode: "{{ item.mode }}"
  loop: "{{ vault_directories }}"
  loop_control:
    label: "{{ item.name }}"

- name: binary | Create data directory
  ansible.builtin.file:
    path: "{{ item.name }}"
    state: directory
    owner: "{{ item.owner }}"
    group: "{{ item.group }}"
    mode: "{{ item.mode }}"
  loop: "{{ vault_data_directories }}"
  loop_control:
    label: "{{ item.name }}"

- name: binary | Generate TLS key and certificate
  ansible.builtin.command:
    cmd: openssl req -out tls.crt -new -keyout tls.key -newkey rsa:4096 -nodes -sha256 -x509 -subj "/O=HashiCorp/CN=Vault" -days 1095
    chdir: "{{ vault_data_directory }}/tls/"
    creates: "{{ vault_data_directory }}/tls/tls.key"
  notify:
    - Restart vault

- name: binary | Set ownership of tls material
  ansible.builtin.file:
    path: "{{ item.name }}"
    owner: "{{ item.owner }}"
    group: "{{ item.group }}"
    mode: "{{ item.mode }}"
  loop: "{{ vault_tls_files }}"
  loop_control:
    label: "{{ item.name }}"

- name: binary | Copy Vault binary
  ansible.builtin.copy:
    src: "{{ vault_download_path }}/vault"
    dest: "{{ vault_path }}/usr/bin/vault"
    owner: root
    group: root
    mode: "0755"
    remote_src: true
  notify:
    - Restart vault

- name: binary | Set cap_ipc_lock=ep on /usr/bin/vault
  community.general.capabilities:
    path: "{{ vault_path }}/usr/bin/vault"
    capability: cap_ipc_lock+ep
  changed_when: false

- name: binary | Touch vault.env
  ansible.builtin.file:
    path: "{{ vault_path }}/etc/vault.d/vault.env"
    owner: "{{ vault_user }}"
    group: "{{ vault_group }}"
    mode: "0644"
    state: touch
    modification_time: preserve
    access_time: preserve
  notify:
    - Restart vault

- name: binary | Create /usr/lib/systemd/system
  ansible.builtin.file:
    path: /usr/lib/systemd/system
    state: directory
    owner: root
    group: root
    mode: "0755"

- name: binary | Copy Vault service file
  ansible.builtin.template:
    src: vault.service.j2
    dest: "/usr/lib/systemd/system/vault.service"
    owner: root
    group: root
    mode: "0644"
  notify:
    - Daemon reload
  when:
    - ansible_service_mgr == "systemd"

- name: binary | Copy vault configuration
  ansible.builtin.copy:
    src: vault.hcl
    dest: "{{ vault_path }}/etc/vault.d/vault.hcl"
    owner: root
    group: root
    mode: "0644"
    force: false
  notify:
    - Restart vault

- name: binary | Flush handlers
  ansible.builtin.meta: flush_handlers


Total input tokens: 1340
___________________________________________LLM Output:___________________________________________ 
Below you will receive task descriptions from which you should generate an Ansible Playbook.
The generated playbook must be valid inside an Ansible Role under the tasks/ directory (e.g., tasks/main.yml).
Do not include hosts:, vars:, or any playbook-level headers. Only output valid task entries or blocks as expected in a role.

Task 1: Create Vault group
Description Task 1: Create a system group named {{ vault_group }}.

Task 2: Create Vault user
Description Task 2: Create a system user named {{ vault_user }} with home directory disabled and shell set to {{ vault_user_shell }}, and assign the user to the {{ vault_group }} group.

Task 3: Create Vault download directory
Description Task 3: Create a directory at {{ vault_download_path }} with permissions set to 0755 and owned by the {{ vault_user }} user and {{ vault_group }} group.

Task 4: Download Vault binary
Description Task 4: Download the Vault binary from the specified URL and unarchive it to {{ vault_download_path }}. Ensure the file is owned by root.

Task 5: Check if vault_path exists
Description Task 5: Check if the directory at {{ vault_path }} exists.

Task 6: Create vault_path if it does not exist
Description Task 6: If the directory at {{ vault_path }} does not exist and is specified, create it with permissions set to 0755 and owned by the {{ vault_user }} user and {{ vault_group }} group.

Task 7: Create directory in vault_path
Description Task 7: Create directories specified in the vault_directories list with permissions set to 0755 and owned by the specified owner and group.

Task 8: Create data directory
Description Task 8: Create directories specified in the vault_data_directories list with permissions set to 0755 and owned by the specified owner and group.

Task 9: Generate TLS key and certificate
Description Task 9: Generate a TLS key and certificate in the directory specified by {{ vault_data_directory }}/tls/ with a validity period of 1095 days and notify the handler 'Restart vault' after completion.

Task 10: Set ownership of tls material
Description Task 10: Set the ownership of TLS files specified in the vault_tls_files list to the specified owner and group.

Task 11: Copy Vault binary
Description Task 11: Copy the Vault binary from {{ vault_download_path }}/vault to {{ vault_path }}/usr/bin/vault with permissions set to 0755 and notify the handler 'Restart vault' after completion.

Task 12: Set cap_ipc_lock=ep on /usr/bin/vault
Description Task 12: Set the capability cap_ipc_lock=ep on the Vault binary and do not mark the task as changed.

Task 13: Touch vault.env
Description Task 13: Create the file {{ vault_path }}/etc/vault.d/vault.env with permissions set to 0644 and owned by {{ vault_user }} and {{ vault_group }} and notify the handler 'Restart vault' after completion.

Task 14: Create /usr/lib/systemd/system
Description Task 14: Create the directory /usr/lib/systemd/system with permissions set to 0755.

Task 15: Copy Vault service file
Description Task 15: Copy the Vault service file template vault.service.j2 to /usr/lib/systemd/system/vault.service with permissions set to 0644 and notify the handler 'Daemon reload' after completion only if the service manager is systemd.

Task 16: Copy vault configuration
Description Task 16: Copy the vault configuration file vault.hcl to {{ vault_path }}/etc/vault.d/vault.hcl with permissions set to 0644 and notify the handler 'Restart vault' after completion.

Task 17: Flush handlers
Description Task 17: Flush all the handlers in the playbook.  6%|▌         | 6/100 [00:31<10:29,  6.69s/it]  7%|▋         | 7/100 [00:38<10:19,  6.67s/it]

Tue Sep 30 15:10:59 2025: /home/studgoetsi5301/documents/ansible_bench/dataset/prompts/ollama_qwen2.5:14b_english_exact/benchmark100/ansible-role-vault/tasks/binary_prompt.txt Total generation time: 12.99527572299121


Prompt: You are a professional developer. Below you will find a complete Ansible Playbook. This playbook was generated based on a prompt. Your task is to reconstruct the original prompt that could have been used to generate this playbook.

Important: The only output follows the format below. Do not include any explanations or comments before or after.

The reconstructed prompt must exactly follow the structure below:

"Below you will receive task descriptions from which you should generate an Ansible Playbook.  
The generated playbook must be valid inside an Ansible Role under the tasks/ directory (e.g., tasks/main.yml).  
Do not include hosts:, vars:, or any playbook-level headers. Only output valid task entries or blocks as expected in a role.  

Task 1: ...
Description Task 1: ...

Task 2: ...
Description Task 2: ...

Task 3: ...
Description Task 3: ...
..."

Guidelines:
- Each task should be short and clearly describe one specific action.
- The tasks must match the actual tasks in the playbook **both in content and order**.
- Use the exact terminology and labels as used in the playbook (e.g., “install nginx” instead of “install web server”).
- Provide a more detailed description of the task next to each task
- Include the exact names of variables, handlers, etc. used in the playbook.

Here is the Ansible Playbook:
---

- name: hardening | Disable swap
  when:
    - vault_hardening_disable_swap
  block:
    - name: hardening | Disable swap now
      ansible.builtin.command:
        cmd: swapoff -a
      changed_when: true
      when:
        - ansible_swaptotal_mb > 0

    - name: hardening | Disable swap permanently
      ansible.posix.mount:
        name: swap
        state: absent

- name: hardening | Disable core dumps
  community.general.pam_limits:
    domain: "{{ item.domain }}"
    limit_type: "{{ item.limit_type }}"
    limit_item: "{{ item.limit_item }}"
    value: "{{ item.value }}"
  loop:
    - domain: '*'
      limit_type: hard
      limit_item: core
      value: 0
    - domain: '*'
      limit_type: soft
      limit_item: core
      value: 0
  loop_control:
    label: "{{ item.limit_item }}"
  when:
    - vault_hardening_disable_core_dumps

- name: hardening | Disable Shell Command History
  ansible.builtin.copy:
    dest: /etc/profile.d/vault.sh
    content: |
      export HISTIGNORE="&:vault*"
    mode: '0644'
    owner: root
    group: root
  when:
    - vault_hardening_disable_shell_command_history

- name: hardening | Configure SELinux / AppArmor
  block:
    - name: hardening | Enable SELinux
      when:
        - vault_hardening_configure_selinux_apparmor
        - ansible_selinux.status == "enabled"
      block:
        - name: hardening | Install selinux-policy
          ansible.builtin.package:
            name: selinux-policy
            state: present

        - name: hardening | Set SELinux policy
          ansible.posix.selinux:
            policy: targeted
            state: enforcing

    - name: hardening | Enable AppArmor (enforcing)
      ansible.builtin.command:
        cmd: aa-enforce /etc/apparmor.d/usr.bin.vault
      changed_when: true
      when:
        - ansible_apparmor.status == "enabled"


Total input tokens: 746
___________________________________________LLM Output:___________________________________________ 
Below you will receive task descriptions from which you should generate an Ansible Playbook.
The generated playbook must be valid inside an Ansible Role under the tasks/ directory (e.g., tasks/main.yml).
Do not include hosts:, vars:, or any playbook-level headers. Only output valid task entries or blocks as expected in a role.

Task 1: hardening | Disable swap
Description Task 1: Disable swap temporarily and permanently if vault_hardening_disable_swap is true.
Task 2: hardening | Disable swap now
Description Task 2: Disable swap now using the swapoff command if swap is currently enabled.
Task 3: hardening | Disable swap permanently
Description Task 3: Disable swap permanently by unmounting the swap partition if vault_hardening_disable_swap is true.

Task 4: hardening | Disable core dumps
Description Task 4: Set the core dump limits to 0 for all domains to disable core dumps if vault_hardening_disable_core_dumps is true.
Task 5: hardening | Disable Shell Command History
Description Task 5: Disable shell command history by adding a configuration file to /etc/profile.d/ if vault_hardening_disable_shell_command_history is true.
Task 6: hardening | Configure SELinux / AppArmor
Description Task 6: Enable and configure SELinux and AppArmor if vault_hardening_configure_selinux_apparmor is true.

Task 7: hardening | Enable SELinux
Description Task 7: Install and configure SELinux if it is currently enabled and vault_hardening_configure_selinux_apparmor is true.
Task 8: hardening | Install selinux-policy
Description Task 8: Install the selinux-policy package if it is not installed.
Task 9: hardening | Set SELinux policy
Description Task 9: Set the SELinux policy to targeted and enforce it.
Task 10: hardening | Enable AppArmor (enforcing)
Description Task 10: Enable AppArmor enforcement for the vault binary if it is currently enabled.

Tue Sep 30 15:11:05 2025: /home/studgoetsi5301/documents/ansible_bench/dataset/prompts/ollama_qwen2.5:14b_english_exact/benchmark100/ansible-role-vault/tasks/hardening_prompt.txt Total generation time: 6.60542469099164


Prompt: You are a professional developer. Below you will find a complete Ansible Playbook. This playbook was generated based on a prompt. Your task is to reconstruct the original prompt that could have been used to generate this playbook.

Important: The only output follows the format below. Do not include any explanations or comments before or after.

The reconstructed prompt must exactly follow the structure below:

"Below you will receive task descriptions from which you should generate an Ansible Playbook.  
The generated playbook must be valid inside an Ansible Role under the tasks/ directory (e.g., tasks/main.yml).  
Do not include hosts:, vars:, or any playbook-level headers. Only output valid task entries or blocks as expected in a role.  

Task 1: ...
Description Task 1: ...

Task 2: ...
Description Task 2: ...

Task 3: ...
Description Task 3: ...
..."

Guidelines:
- Each task should be short and clearly describe one specific action.
- The tasks must match the actual tasks in the playbook **both in content and order**.
- Use the exact terminology and labels as used in the playbook (e.g., “install nginx” instead of “install web server”).
- Provide a more detailed description of the task next to each task
- Include the exact names of variables, handlers, etc. used in the playbook.

Here is the Ansible Playbook:
---
# tasks file for vault

- name: Import assert.yml
  ansible.builtin.import_tasks:
    file: assert.yml
  run_once: true
  delegate_to: localhost

- name: Install prerequisites
  ansible.builtin.package:
    name: "{{ vault_prerequisites }}"

- name: Include installation method specific tasks
  ansible.builtin.include_tasks:
    file: "{{ vault_installation_method }}.yml"

- name: Add Vault environment variables
  ansible.builtin.lineinfile:
    path: /etc/vault.d/vault.env
    create: true
    regexp: "^{{ item.name }}="
    line: "{{ item.name }}={{ item.value }}"
    mode: "0644"
  loop: "{{ vault_environment_settings }}"
  notify:
    - Restart vault

- name: Include hardening tasks
  ansible.builtin.include_tasks:
    file: hardening.yml

- name: Start and enable vault
  ansible.builtin.service:
    name: vault
    state: started
    enabled: true
  when:
    - vault_type == "oss"

- name: Enable vault
  ansible.builtin.service:
    name: vault
    enabled: true
  when:
    - vault_type != "oss"


Total input tokens: 543
___________________________________________LLM Output:___________________________________________ 
Below you will receive task descriptions from which you should generate an Ansible Playbook.  
The generated playbook must be valid inside an Ansible Role under the tasks/ directory (e.g., tasks/main.yml).  
Do not include hosts:, vars:, or any playbook-level headers. Only output valid task entries or blocks as expected in a role.  

Task 1: Import assert.yml
Description Task 1: Import the assert.yml file to the playbook and set to run once on localhost.

Task 2: Install prerequisites
Description Task 2: Install the packages specified in the vault_prerequisites variable.

Task 3: Include installation method specific tasks
Description Task 3: Include the tasks file specific to the installation method defined in vault_installation_method.

Task 4: Add Vault environment variables
Description Task 4: Add Vault environment variables to the /etc/vault.d/vault.env file using the vault_environment_settings variable. Notify the Restart vault handler after adding.

Task 5: Include hardening tasks
Description Task 5: Include the hardening tasks from the hardening.yml file.

Task 6: Start and enable vault
Description Task 6: Start and enable the vault service if the vault_type is set to "oss".

Task 7: Enable vault
Description Task 7: Enable the vault service if the vault_type is not set to "oss".  8%|▊         | 8/100 [00:42<09:08,  5.96s/it]  9%|▉         | 9/100 [00:49<09:32,  6.29s/it]

Tue Sep 30 15:11:10 2025: /home/studgoetsi5301/documents/ansible_bench/dataset/prompts/ollama_qwen2.5:14b_english_exact/benchmark100/ansible-role-vault/tasks/main_prompt.txt Total generation time: 4.461573449996649


Prompt: You are a professional developer. Below you will find a complete Ansible Playbook. This playbook was generated based on a prompt. Your task is to reconstruct the original prompt that could have been used to generate this playbook.

Important: The only output follows the format below. Do not include any explanations or comments before or after.

The reconstructed prompt must exactly follow the structure below:

"Below you will receive task descriptions from which you should generate an Ansible Playbook.  
The generated playbook must be valid inside an Ansible Role under the tasks/ directory (e.g., tasks/main.yml).  
Do not include hosts:, vars:, or any playbook-level headers. Only output valid task entries or blocks as expected in a role.  

Task 1: ...
Description Task 1: ...

Task 2: ...
Description Task 2: ...

Task 3: ...
Description Task 3: ...
..."

Guidelines:
- Each task should be short and clearly describe one specific action.
- The tasks must match the actual tasks in the playbook **both in content and order**.
- Use the exact terminology and labels as used in the playbook (e.g., “install nginx” instead of “install web server”).
- Provide a more detailed description of the task next to each task
- Include the exact names of variables, handlers, etc. used in the playbook.

Here is the Ansible Playbook:
---
# tasks file for dns

- name: Import assert.yml
  ansible.builtin.import_tasks:
    file: assert.yml
  run_once: true
  delegate_to: localhost

- name: Install dns
  ansible.builtin.package:
    name: "{{ dns_packages }}"
    state: present

- name: Create directories
  ansible.builtin.file:
    path: "{{ item.path }}"
    state: directory
    mode: "{{ item.mode }}"
    owner: "{{ item.owner }}"
    group: "{{ item.group }}"
  loop:
    - path: "{{ dns_datadir }}"
      mode: "1770"
      owner: "{{ dns_owner }}"
      group: "{{ dns_group }}"
    - path: "{{ dns_confdir }}"
      mode: "0755"
      owner: root
      group: root
  loop_control:
    label: "{{ item.path }}"

- name: Create group
  ansible.builtin.group:
    name: "{{ dns_group }}"
    state: present

- name: Create user
  ansible.builtin.user:
    name: "{{ dns_owner }}"
    state: present
    system: true

- name: Generate rndc key
  ansible.builtin.command:
    cmd: rndc-confgen -a -c "{{ dns_confdir }}/rndc.key"
    creates: "{{ dns_confdir }}/rndc.key"

- name: Set permissions on rndc key file
  ansible.builtin.file:
    path: "{{ dns_confdir }}/rndc.key"
    owner: "{{ dns_owner }}"
    group: "{{ dns_group }}"
    mode: "0640"

- name: Get the hints/root file
  ansible.builtin.get_url:
    url: "https://www.internic.net/domain/named.root"
    dest: "{{ dns_datadir }}/named.root"
    validate_certs: "{{ dns_validate_certs }}"
    mode: "0640"
    owner: "{{ dns_owner }}"
    group: "{{ dns_group }}"
  when:
    - dns_caching_dns
  notify:
    - Rndc reload

- name: Create zone file
  ansible.builtin.template:
    src: zone.j2
    dest: "{{ dns_datadir }}/{{ item.name }}.db"
    validate: named-checkzone {{ item.name }} %s
    mode: "0640"
    owner: "{{ dns_owner }}"
    group: "{{ dns_group }}"
  loop: "{{ dns_zones }}"
  loop_control:
    label: "{{ item.name }}"
  when:
    - item.type is undefined or
      item.type in [ "primary" ]
  notify:
    - Rndc reload

- name: Add zones to configuration
  ansible.builtin.template:
    src: named.conf.j2
    dest: "{{ dns_confdir }}/named.conf"
    validate: named-checkconf -zj %s
    mode: "0640"
    owner: "{{ dns_owner }}"
    group: "{{ dns_group }}"
    backup: true
  notify:
    - Restart dns

- name: Place systemd override
  when:
    - ansible_service_mgr == "systemd"
  block:
    - name: Create service.d {{ dns_service }}
      ansible.builtin.file:
        path: /etc/systemd/system/{{ dns_service }}.service.d
        state: directory
        mode: "0755"

    - name: Place override.conf
      ansible.builtin.copy:
        src: override.conf
        dest: /etc/systemd/system/{{ dns_service }}.service.d/override.conf
        owner: root
        group: root
        mode: "0644"

    - name: Systemctl daemon-reload
      ansible.builtin.systemd:
        daemon_reload: true
      changed_when: false

- name: Start and enable dns
  ansible.builtin.service:
    name: "{{ dns_service }}"
    state: started
    enabled: true


Total input tokens: 1101
___________________________________________LLM Output:___________________________________________ 
Below you will receive task descriptions from which you should generate an Ansible Playbook.  
The generated playbook must be valid inside an Ansible Role under the tasks/ directory (e.g., tasks/main.yml).  
Do not include hosts:, vars:, or any playbook-level headers. Only output valid task entries or blocks as expected in a role.  

Task 1: Import assert.yml
Description Task 1: Import the assert.yml file to ensure preconditions are met for the DNS setup process.

Task 2: Install dns
Description Task 2: Install the DNS server packages as specified by the variable dns_packages.

Task 3: Create directories
Description Task 3: Create necessary directories for the DNS server with specific permissions, ownership, and group settings.

Task 4: Create group
Description Task 4: Create a system group for the DNS service to ensure proper permissions.

Task 5: Create user
Description Task 5: Create a system user for the DNS service to run under, ensuring system-specific configurations.

Task 6: Generate rndc key
Description Task 6: Generate an rndc key for the DNS server and store it in a specified location.

Task 7: Set permissions on rndc key file
Description Task 7: Set the file permissions on the rndc key file to restrict access.

Task 8: Get the hints/root file
Description Task 8: Download the root hints file from the internet and place it in the DNS data directory.

Task 9: Create zone file
Description Task 9: Use a Jinja2 template to create a zone file for DNS zones.

Task 10: Add zones to configuration
Description Task 10: Use a Jinja2 template to configure DNS zones in the named.conf file.

Task 11: Place systemd override
Description Task 11: Create a systemd override directory and place an override configuration file for the DNS service.

Task 12: Start and enable dns
Description Task 12: Start the DNS service and ensure it is enabled to start at boot.

Tue Sep 30 15:11:17 2025: /home/studgoetsi5301/documents/ansible_bench/dataset/prompts/ollama_qwen2.5:14b_english_exact/benchmark100/ansible-role-dns/tasks/main_prompt.txt Total generation time: 6.9996142410091124


Prompt: You are a professional developer. Below you will find a complete Ansible Playbook. This playbook was generated based on a prompt. Your task is to reconstruct the original prompt that could have been used to generate this playbook.

Important: The only output follows the format below. Do not include any explanations or comments before or after.

The reconstructed prompt must exactly follow the structure below:

"Below you will receive task descriptions from which you should generate an Ansible Playbook.  
The generated playbook must be valid inside an Ansible Role under the tasks/ directory (e.g., tasks/main.yml).  
Do not include hosts:, vars:, or any playbook-level headers. Only output valid task entries or blocks as expected in a role.  

Task 1: ...
Description Task 1: ...

Task 2: ...
Description Task 2: ...

Task 3: ...
Description Task 3: ...
..."

Guidelines:
- Each task should be short and clearly describe one specific action.
- The tasks must match the actual tasks in the playbook **both in content and order**.
- Use the exact terminology and labels as used in the playbook (e.g., “install nginx” instead of “install web server”).
- Provide a more detailed description of the task next to each task
- Include the exact names of variables, handlers, etc. used in the playbook.

Here is the Ansible Playbook:
---
- name: password | Get efi path
  ansible.builtin.stat:
    path: /sys/firmware/efi/efivars/
  register: grub_efi

- name: password | Remove unwanted grub.cfg on EFI systems
  ansible.builtin.file:
    state: absent
    path: /boot/grub2/grub.cfg
  when:
    - grub_efi.stat.exists

- name: password | Install user template
  ansible.builtin.template:
    src: 01_users.j2
    dest: /etc/grub.d/01_users
    owner: root
    group: root
    mode: '0700'
  notify:
    - Update grub

- name: password | EFI | add password
  ansible.builtin.lineinfile:
    dest: /etc/grub2-efi.cfg
    regexp: "^password_pbkdf2 {{ grub_user }} "
    state: present
    insertafter: EOF
    line: 'password_pbkdf2 {{ grub_user }} {{ grub_password }}'
  when:
    - grub_efi.stat.exists
  notify:
    - Update grub

- name: password | MBR | add password
  ansible.builtin.lineinfile:
    dest: /etc/grub2.cfg
    regexp: "^password_pbkdf2 {{ grub_user }} "
    state: present
    insertafter: EOF
    line: 'password_pbkdf2 {{ grub_user }} {{ grub_password }}'
  when:
    - grub_efi.stat.exists
  notify:
    - Update grub

- name: password | Add --unrestricted
  ansible.builtin.replace:
    dest: "{{ item }}"
    regexp: '^CLASS="(((?!--unrestricted).)*)"$'
    replace: 'CLASS="\1 --unrestricted"'
  with_items: "{{ grub_password_unrestricted_files }}"
  when:
    - grub_password_unrestricted
  notify:
    - Update grub

 10%|█         | 10/100 [00:55<09:28,  6.31s/it] 11%|█         | 11/100 [01:01<09:08,  6.17s/it]
Total input tokens: 693
___________________________________________LLM Output:___________________________________________ 
Below you will receive task descriptions from which you should generate an Ansible Playbook.  
The generated playbook must be valid inside an Ansible Role under the tasks/ directory (e.g., tasks/main.yml).  
Do not include hosts:, vars:, or any playbook-level headers. Only output valid task entries or blocks as expected in a role.  

Task 1: Check if the system is EFI
Description Task 1: Check if the system is using EFI firmware by looking at the /sys/firmware/efi/efivars directory.

Task 2: Remove the grub.cfg file if the system is EFI
Description Task 2: Delete the grub.cfg file from /boot/grub2/ if the system is detected as EFI-based.

Task 3: Install a user template for GRUB
Description Task 3: Install a user-defined template file for GRUB under /etc/grub.d/01_users, ensuring it is owned by root and has a mode of 0700, and trigger an update of GRUB.

Task 4: Add a password to the EFI GRUB configuration
Description Task 4: Insert a line to enable a password for GRUB in the EFI configuration file /etc/grub2-efi.cfg, and notify the GRUB update handler.

Task 5: Add a password to the MBR GRUB configuration
Description Task 5: Insert a line to enable a password for GRUB in the MBR configuration file /etc/grub2.cfg, and notify the GRUB update handler.

Task 6: Add --unrestricted option to specified files
Description Task 6: Replace occurrences of CLASS="..." with CLASS="... --unrestricted" in files specified by the variable grub_password_unrestricted_files if the variable grub_password_unrestricted is set to true, and notify the GRUB update handler.

Tue Sep 30 15:11:23 2025: /home/studgoetsi5301/documents/ansible_bench/dataset/prompts/ollama_qwen2.5:14b_english_exact/benchmark100/ansible-role-grub/tasks/password_prompt.txt Total generation time: 6.370958219005843


Prompt: You are a professional developer. Below you will find a complete Ansible Playbook. This playbook was generated based on a prompt. Your task is to reconstruct the original prompt that could have been used to generate this playbook.

Important: The only output follows the format below. Do not include any explanations or comments before or after.

The reconstructed prompt must exactly follow the structure below:

"Below you will receive task descriptions from which you should generate an Ansible Playbook.  
The generated playbook must be valid inside an Ansible Role under the tasks/ directory (e.g., tasks/main.yml).  
Do not include hosts:, vars:, or any playbook-level headers. Only output valid task entries or blocks as expected in a role.  

Task 1: ...
Description Task 1: ...

Task 2: ...
Description Task 2: ...

Task 3: ...
Description Task 3: ...
..."

Guidelines:
- Each task should be short and clearly describe one specific action.
- The tasks must match the actual tasks in the playbook **both in content and order**.
- Use the exact terminology and labels as used in the playbook (e.g., “install nginx” instead of “install web server”).
- Provide a more detailed description of the task next to each task
- Include the exact names of variables, handlers, etc. used in the playbook.

Here is the Ansible Playbook:
---
# tasks file for grub

- name: Import assert.yml
  ansible.builtin.import_tasks:
    file: assert.yml
  run_once: true
  delegate_to: localhost

- name: Install required packages
  ansible.builtin.package:
    name: "{{ grub_packages }}"
    state: present

- name: Set GRUB_TIMEOUT
  ansible.builtin.lineinfile:
    path: /etc/default/grub
    line: GRUB_TIMEOUT={{ grub_timeout }}
    create: true
    mode: "0664"
  notify:
    - Update grub

- name: Set GRUB_RECORDFAIL_TIMEOUT
  ansible.builtin.lineinfile:
    path: /etc/default/grub
    line: GRUB_RECORDFAIL_TIMEOUT={{ grub_recordfail_timeout }}
    create: true
    mode: "0664"
  notify:
    - Update grub

- name: Add options to GRUB_CMDLINE_LINUX
  ansible.builtin.replace:
    path: /etc/default/grub
    regexp: '^GRUB_CMDLINE_LINUX="((:?(?!{{ item.option }}={{ item.value }}).)*?)"$'
    replace: 'GRUB_CMDLINE_LINUX="\1 {{ item.option }}={{ item.value }}"'
    validate: /bin/sh %s
    mode: "0664"
  loop: "{{ grub_options }}"
  loop_control:
    label: "{{ item.option }}"
  notify:
    - Update grub
  when:
    - grub_options is defined
    - grub_options | length > 0

- name: Import password.yml
  ansible.builtin.import_tasks: password.yml
  when:
    - grub_set_password

- name: Flush handlers
  ansible.builtin.meta: flush_handlers


Total input tokens: 644
___________________________________________LLM Output:___________________________________________ 
Below you will receive task descriptions from which you should generate an Ansible Playbook.
The generated playbook must be valid inside an Ansible Role under the tasks/ directory (e.g., tasks/main.yml).
Do not include hosts:, vars:, or any playbook-level headers. Only output valid task entries or blocks as expected in a role.

Task 1: Import assert.yml
Description Task 1: Import the assert.yml file for assertions and validations, running only once on localhost.

Task 2: Install required packages
Description Task 2: Install the packages listed in the variable grub_packages.

Task 3: Set GRUB_TIMEOUT
Description Task 3: Set the GRUB_TIMEOUT variable in the /etc/default/grub file with the value of the variable grub_timeout and notify the Update grub handler.

Task 4: Set GRUB_RECORDFAIL_TIMEOUT
Description Task 4: Set the GRUB_RECORDFAIL_TIMEOUT variable in the /etc/default/grub file with the value of the variable grub_recordfail_timeout and notify the Update grub handler.

Task 5: Add options to GRUB_CMDLINE_LINUX
Description Task 5: Add options to the GRUB_CMDLINE_LINUX variable in the /etc/default/grub file using the list of options in the variable grub_options, notify the Update grub handler, and only perform this task if the grub_options variable is defined and has items.

Task 6: Import password.yml
Description Task 6: Import the password.yml file when the variable grub_set_password is true.

Task 7: Flush handlers
Description Task 7: Ensure all handlers are flushed and run after all tasks have completed.

Tue Sep 30 15:11:29 2025: /home/studgoetsi5301/documents/ansible_bench/dataset/prompts/ollama_qwen2.5:14b_english_exact/benchmark100/ansible-role-grub/tasks/main_prompt.txt Total generation time: 5.828918346000137


Prompt: You are a professional developer. Below you will find a complete Ansible Playbook. This playbook was generated based on a prompt. Your task is to reconstruct the original prompt that could have been used to generate this playbook.

Important: The only output follows the format below. Do not include any explanations or comments before or after.

The reconstructed prompt must exactly follow the structure below:

"Below you will receive task descriptions from which you should generate an Ansible Playbook.  
The generated playbook must be valid inside an Ansible Role under the tasks/ directory (e.g., tasks/main.yml).  
Do not include hosts:, vars:, or any playbook-level headers. Only output valid task entries or blocks as expected in a role.  

Task 1: ...
Description Task 1: ...

Task 2: ...
Description Task 2: ...

Task 3: ...
Description Task 3: ...
..."

Guidelines:
- Each task should be short and clearly describe one specific action.
- The tasks must match the actual tasks in the playbook **both in content and order**.
- Use the exact terminology and labels as used in the playbook (e.g., “install nginx” instead of “install web server”).
- Provide a more detailed description of the task next to each task
- Include the exact names of variables, handlers, etc. used in the playbook.

Here is the Ansible Playbook:
---
# tasks file for service

- name: Import assert.yml
  ansible.builtin.import_tasks: assert.yml
  run_once: true
  delegate_to: localhost

- name: Install required packages
  ansible.builtin.package:
    name: "{{ service_required_packages }}"
    state: present
  notify:
    - Gather facts

- name: Configure systemd service
  ansible.builtin.template:
    src: "systemd.j2"
    dest: "/etc/systemd/system/{{ item.name }}.service"
    mode: "0644"
  when:
    - ansible_service_mgr == "systemd"
  notify:
    - Systemctl daemon-reload
  loop: "{{ service_list }}"
  loop_control:
    label: "{{ item.name }}"

- name: Configure sysvinit service
  ansible.builtin.template:
    src: "sysvinit.j2"
    dest: "/etc/init.d/{{ item.name }}"
    mode: "0755"
  when:
    - ansible_service_mgr in [ "sysvinit", "upstart", "openrc" ]
  loop: "{{ service_list }}"
  loop_control:
    label: "{{ item.name }}"

- name: Manage service
  ansible.builtin.service:
    name: "{{ item.name }}"
    state: "{{ item.state | default(omit) }}"
    enabled: "{{ item.enabled | default(omit) }}"
  loop: "{{ service_list }}"
  loop_control:
    label: "{{ item.name }}"
  when:
    - item.state is defined or
      item.enabled is defined

- name: Flush handlers
  ansible.builtin.meta: flush_handlers

 12%|█▏        | 12/100 [01:08<09:09,  6.24s/it] 13%|█▎        | 13/100 [01:11<08:00,  5.52s/it]
Total input tokens: 622
___________________________________________LLM Output:___________________________________________ 
Below you will receive task descriptions from which you should generate an Ansible Playbook.  
The generated playbook must be valid inside an Ansible Role under the tasks/ directory (e.g., tasks/main.yml).  
Do not include hosts:, vars:, or any playbook-level headers. Only output valid task entries or blocks as expected in a role.  

Task 1: Import assert.yml
Description Task 1: Import the assert.yml file to perform validation checks on the localhost.

Task 2: Install required packages
Description Task 2: Install a list of required packages based on the value of the variable service_required_packages. This task will trigger the 'Gather facts' handler after execution.

Task 3: Configure systemd service
Description Task 3: For each service defined in service_list, use a template named systemd.j2 to create a systemd service file located in /etc/systemd/system/{{ item.name }}.service. This task will trigger the 'Systemctl daemon-reload' handler after execution. This task only runs if the service manager is systemd.

Task 4: Configure sysvinit service
Description Task 4: For each service defined in service_list, use a template named sysvinit.j2 to create a sysvinit service file located in /etc/init.d/{{ item.name }}. This task only runs if the service manager is sysvinit, upstart, or openrc.

Task 5: Manage service
Description Task 5: For each service in service_list, start or enable the service based on the state or enabled attributes. The state and enabled attributes are optional and can be omitted.

Task 6: Flush handlers
Description Task 6: Flush all previously triggered handlers to ensure they are executed at this point.

Tue Sep 30 15:11:35 2025: /home/studgoetsi5301/documents/ansible_bench/dataset/prompts/ollama_qwen2.5:14b_english_exact/benchmark100/ansible-role-service/tasks/main_prompt.txt Total generation time: 6.418199958992773


Prompt: You are a professional developer. Below you will find a complete Ansible Playbook. This playbook was generated based on a prompt. Your task is to reconstruct the original prompt that could have been used to generate this playbook.

Important: The only output follows the format below. Do not include any explanations or comments before or after.

The reconstructed prompt must exactly follow the structure below:

"Below you will receive task descriptions from which you should generate an Ansible Playbook.  
The generated playbook must be valid inside an Ansible Role under the tasks/ directory (e.g., tasks/main.yml).  
Do not include hosts:, vars:, or any playbook-level headers. Only output valid task entries or blocks as expected in a role.  

Task 1: ...
Description Task 1: ...

Task 2: ...
Description Task 2: ...

Task 3: ...
Description Task 3: ...
..."

Guidelines:
- Each task should be short and clearly describe one specific action.
- The tasks must match the actual tasks in the playbook **both in content and order**.
- Use the exact terminology and labels as used in the playbook (e.g., “install nginx” instead of “install web server”).
- Provide a more detailed description of the task next to each task
- Include the exact names of variables, handlers, etc. used in the playbook.

Here is the Ansible Playbook:
---

- name: gather_facts | Lookup bootstrap facts
  ansible.builtin.raw: "cat /etc/os-release"
  become: false
  check_mode: false
  register: bootstrap_facts
  changed_when: false

- name: gather_facts | Set bootstrap facts (I)
  ansible.builtin.set_fact:
    bootstrap_distribution: "{{ item }}"
    bootstrap_distribution_major_version: "{{ bootstrap_facts.stdout_lines | join(',') | regex_replace('^.*VERSION_ID=\"(\\d{1,2})(\\.\\d{1,4})*?\".*$', '\\1') | default('NA') }}"
  loop: "{{ bootstrap_os_family_map | dict2items | map(attribute='value') | flatten }}"
  when:
    - bootstrap_facts.rc == 0
    - bootstrap_distribution is not defined
    - bootstrap_facts.stdout is regex('PRETTY_NAME=.'~ bootstrap_search[item] | default(item) ~'.*')
  become: false

- name: gather_facts | Set bootstrap facts (II)
  ansible.builtin.set_fact:
    bootstrap_os_family: "{{ item.key }}"
  loop: "{{ bootstrap_os_family_map | dict2items }}"
  loop_control:
    label: "{{ item.key }}"
  when:
    - bootstrap_distribution in item.value
  become: false


Total input tokens: 553
___________________________________________LLM Output:___________________________________________ 
Below you will receive task descriptions from which you should generate an Ansible Playbook.  
The generated playbook must be valid inside an Ansible Role under the tasks/ directory (e.g., tasks/main.yml).  
Do not include hosts:, vars:, or any playbook-level headers. Only output valid task entries or blocks as expected in a role.  

Task 1: Lookup bootstrap facts
Description Task 1: Use the command `cat /etc/os-release` to gather OS-specific facts without using sudo.

Task 2: Set bootstrap facts (I)
Description Task 2: Populate the `bootstrap_distribution` and `bootstrap_distribution_major_version` facts based on the `bootstrap_os_family_map` dictionary, ensuring that the distribution name and version are correctly identified from the `bootstrap_facts` data.

Task 3: Set bootstrap facts (II)
Description Task 3: Assign the OS family based on the `bootstrap_os_family_map` and the previously determined `bootstrap_distribution`.

Tue Sep 30 15:11:39 2025: /home/studgoetsi5301/documents/ansible_bench/dataset/prompts/ollama_qwen2.5:14b_english_exact/benchmark100/ansible-role-bootstrap-buluma/tasks/gather_facts_prompt.txt Total generation time: 3.844273590002558


Prompt: You are a professional developer. Below you will find a complete Ansible Playbook. This playbook was generated based on a prompt. Your task is to reconstruct the original prompt that could have been used to generate this playbook.

Important: The only output follows the format below. Do not include any explanations or comments before or after.

The reconstructed prompt must exactly follow the structure below:

"Below you will receive task descriptions from which you should generate an Ansible Playbook.  
The generated playbook must be valid inside an Ansible Role under the tasks/ directory (e.g., tasks/main.yml).  
Do not include hosts:, vars:, or any playbook-level headers. Only output valid task entries or blocks as expected in a role.  

Task 1: ...
Description Task 1: ...

Task 2: ...
Description Task 2: ...

Task 3: ...
Description Task 3: ...
..."

Guidelines:
- Each task should be short and clearly describe one specific action.
- The tasks must match the actual tasks in the playbook **both in content and order**.
- Use the exact terminology and labels as used in the playbook (e.g., “install nginx” instead of “install web server”).
- Provide a more detailed description of the task next to each task
- Include the exact names of variables, handlers, etc. used in the playbook.

Here is the Ansible Playbook:
---
# tasks file for bootstrap

- name: Import assert.yml
  ansible.builtin.import_tasks:
    file: assert.yml
  run_once: true
  delegate_to: localhost

- name: Wait for port to be available
  ansible.builtin.wait_for:
    port: "{{ ansible_port | default('22') }}"
    timeout: "{{ bootstrap_timeout }}"
  become: false
  when:
    - ansible_connection is defined
    - ansible_connection not in [ "container", "docker", "community.docker.docker" ]
    - ansible_connection is not none
    - bootstrap_wait_for_host

- name: Prepare system
  # At this stage, python and/or sudo are not installed, `become` can't be used.
  # This means this role has to run as root, can't switch user.
  become: false
  block:
    - name: Test connection
      ansible.builtin.wait_for_connection:
        timeout: "{{ bootstrap_timeout }}"
      register: bootstrap_connect
      changed_when: false
    - name: Test sudo
      ansible.builtin.command:
        cmd: sudo --version
      changed_when: false
  rescue:
    - name: Gather bootstrap facts
      ansible.builtin.include_tasks:
        file: gather_facts.yml

    - name: Install bootstrap packages (raw)
      ansible.builtin.raw: "{{ bootstrap_install.raw }}"
      args:
        executable: /bin/sh
      register: bootstrap_install_packages
      changed_when:
        - (bootstrap_install.stdout_regex in bootstrap_install_packages.stdout and
           bootstrap_os_family in [ "Alpine", "Archlinux", "Gentoo" ]) or
          (bootstrap_install.stdout_regex not in bootstrap_install_packages.stdout and
           bootstrap_os_family in [ "Debian", "RedHat", "Rocky", "Suse" ])

    - name: Ensure libdnf5 is present on Fedora/RedHat
      ansible.builtin.raw: dnf install -y python3-libdnf5
      args:
        executable: /bin/sh
      when: bootstrap_os_family == "RedHat"

- name: Gather ansible facts
  ansible.builtin.setup:
  become: false

- name: Install bootstrap packages (package)
  ansible.builtin.package:
    name: "{{ item }}"
    state: present
    update_cache: true
  loop: "{{ bootstrap_facts_packages.split() }}"
  become: "{{ bootstrap_become }}"

 14%|█▍        | 14/100 [01:18<08:14,  5.75s/it]
Total input tokens: 788
___________________________________________LLM Output:___________________________________________ 
Below you will receive task descriptions from which you should generate an Ansible Playbook.
The generated playbook must be valid inside an Ansible Role under the tasks/ directory (e.g., tasks/main.yml).
Do not include hosts:, vars:, or any playbook-level headers. Only output valid task entries or blocks as expected in a role.

Task 1: Import assert.yml
Description Task 1: Import the assert.yml file for assertions, to be executed once and delegated to localhost.

Task 2: Wait for port to be available
Description Task 2: Wait for a specified port to be available, using a timeout defined by bootstrap_timeout variable, under specific connection conditions.

Task 3: Prepare system
Description Task 3: Prepare the system by testing the connection and sudo, running as root without the ability to switch users.

Task 4: Gather bootstrap facts
Description Task 4: If preparation encounters issues, gather additional facts about the bootstrap environment.

Task 5: Install bootstrap packages (raw)
Description Task 5: Install necessary bootstrap packages using raw commands, adjusting for different operating system families.

Task 6: Ensure libdnf5 is present on Fedora/RedHat
Description Task 6: Ensure the libdnf5 package is installed on systems running Fedora or RedHat.

Task 7: Gather ansible facts
Description Task 7: Gather system facts using the setup module.

Task 8: Install bootstrap packages (package)
Description Task 8: Install bootstrap packages using the package module, updating the cache if necessary.

Tue Sep 30 15:11:46 2025: /home/studgoetsi5301/documents/ansible_bench/dataset/prompts/ollama_qwen2.5:14b_english_exact/benchmark100/ansible-role-bootstrap-buluma/tasks/main_prompt.txt Total generation time: 6.285416899001575


Prompt: You are a professional developer. Below you will find a complete Ansible Playbook. This playbook was generated based on a prompt. Your task is to reconstruct the original prompt that could have been used to generate this playbook.

Important: The only output follows the format below. Do not include any explanations or comments before or after.

The reconstructed prompt must exactly follow the structure below:

"Below you will receive task descriptions from which you should generate an Ansible Playbook.  
The generated playbook must be valid inside an Ansible Role under the tasks/ directory (e.g., tasks/main.yml).  
Do not include hosts:, vars:, or any playbook-level headers. Only output valid task entries or blocks as expected in a role.  

Task 1: ...
Description Task 1: ...

Task 2: ...
Description Task 2: ...

Task 3: ...
Description Task 3: ...
..."

Guidelines:
- Each task should be short and clearly describe one specific action.
- The tasks must match the actual tasks in the playbook **both in content and order**.
- Use the exact terminology and labels as used in the playbook (e.g., “install nginx” instead of “install web server”).
- Provide a more detailed description of the task next to each task
- Include the exact names of variables, handlers, etc. used in the playbook.

Here is the Ansible Playbook:
---
- name: Load OS-specific vars.
  include_vars: "{{ lookup('first_found', params) }}"
  vars:
    params:
      files:
        - '{{ansible_facts.distribution}}.yml'
        - '{{ansible_facts.os_family}}.yml'
        - main.yml
      paths:
        - 'vars'

- include_tasks: setup-RedHat.yml
  when: ansible_facts.os_family == 'RedHat'

- include_tasks: setup-Debian.yml
  when: ansible_facts.os_family == 'Debian'

- name: Install Docker packages.
  package:
    name: "{{ docker_packages }}"
    state: "{{ docker_packages_state }}"
  notify: restart docker
  ignore_errors: "{{ ansible_check_mode }}"
  when: "ansible_version.full is version_compare('2.12', '<') or ansible_facts.os_family not in ['RedHat', 'Debian']"

- name: Install Docker packages (with downgrade option).
  package:
    name: "{{ docker_packages }}"
    state: "{{ docker_packages_state }}"
    allow_downgrade: true
  notify: restart docker
  ignore_errors: "{{ ansible_check_mode }}"
  when: "ansible_version.full is version_compare('2.12', '>=') and ansible_facts.os_family in ['RedHat', 'Debian']"

- name: Install docker-compose plugin.
  package:
    name: "{{ docker_compose_package }}"
    state: "{{ docker_compose_package_state }}"
  notify: restart docker
  ignore_errors: "{{ ansible_check_mode }}"
  when: "docker_install_compose_plugin | bool == true and (ansible_version.full is version_compare('2.12', '<') or ansible_facts.os_family not in ['RedHat', 'Debian'])"

- name: Install docker-compose-plugin (with downgrade option).
  package:
    name: "{{ docker_compose_package }}"
    state: "{{ docker_compose_package_state }}"
    allow_downgrade: true
  notify: restart docker
  ignore_errors: "{{ ansible_check_mode }}"
  when: "docker_install_compose_plugin | bool == true and ansible_version.full is version_compare('2.12', '>=') and ansible_facts.os_family in ['RedHat', 'Debian']"

- name: Ensure /etc/docker/ directory exists.
  file:
    path: /etc/docker
    state: directory
    mode: 0755
  when: docker_daemon_options.keys() | length > 0

- name: Configure Docker daemon options.
  copy:
    content: "{{ docker_daemon_options | to_nice_json }}"
    dest: /etc/docker/daemon.json
    mode: 0644
  when: docker_daemon_options.keys() | length > 0
  notify: restart docker

- name: Ensure Docker is started and enabled at boot.
  service:
    name: docker
    state: "{{ docker_service_state }}"
    enabled: "{{ docker_service_enabled }}"
  ignore_errors: "{{ ansible_check_mode }}"
  when: docker_service_manage | bool

- name: Ensure handlers are notified now to avoid firewall conflicts.
  meta: flush_handlers

- include_tasks: docker-compose.yml
  when: docker_install_compose | bool

- name: Get docker group info using getent.
  getent:
    database: group
    key: docker
    split: ':'
  when: docker_users | length > 0

- name: Check if there are any users to add to the docker group.
  set_fact:
    at_least_one_user_to_modify: true
  when:
    - docker_users | length > 0
    - item not in ansible_facts.getent_group["docker"][2]
  with_items: "{{ docker_users }}"

- include_tasks: docker-users.yml
  when: at_least_one_user_to_modify is defined


Total input tokens: 1086
___________________________________________LLM Output:___________________________________________ 
Below you will receive task descriptions from which you should generate an Ansible Playbook.
The generated playbook must be valid inside an Ansible Role under the tasks/ directory (e.g., tasks/main.yml).
Do not include hosts:, vars:, or any playbook-level headers. Only output valid task entries or blocks as expected in a role.

Task 1: Load OS-specific vars.
Description Task 1: Load variables specific to the operating system family (RedHat, Debian, etc.), using the `include_vars` module to find and load the appropriate YAML files based on the system distribution and os_family fact.

Task 2: Include RedHat-specific setup tasks.
Description Task 2: Include a task file named `setup-RedHat.yml` if the operating system family is RedHat.

Task 3: Include Debian-specific setup tasks.
Description Task 3: Include a task file named `setup-Debian.yml` if the operating system family is Debian.

Task 4: Install Docker packages.
Description Task 4: Install Docker packages from the `docker_packages` variable, setting the state from `docker_packages_state`. Use the `notify` directive to restart the Docker service when changes are made. Ignore errors if the Ansible version is less than 2.12 or the OS is not RedHat or Debian.

Task 5: Install Docker packages (with downgrade option).
Description Task 5: Install Docker packages with the option to allow downgrading, if the Ansible version is 2.12 or higher and the OS is RedHat or Debian.

Task 6: Install docker-compose plugin.
Description Task 6: Install the docker-compose plugin, if `docker_install_compose_plugin` is true and the Ansible version is less than 2.12 or the OS is not RedHat or Debian.

Task 7: Install docker-compose-plugin (with downgrade option).
Description Task 7: Install the docker-compose plugin with the option to allow downgrading, if `docker_install_compose_plugin` is true, the Ansible version is 2.12 or higher, and the OS is RedHat or Debian.

Task 8: Ensure /etc/docker/ directory exists.
Description Task 8: Ensure the `/etc/docker/` directory exists with the correct permissions if `docker_daemon_options` is defined.

Task 9: Configure Docker daemon options.
Description Task 9: Configure Docker daemon options by copying the `docker_daemon_options` to `/etc/docker/daemon.json` if `docker_daemon_options` is defined. Notify the restart docker handler.

Task 10: Ensure Docker is started and enabled at boot.
Description Task 10: Ensure the Docker service is started and enabled at boot based on the `docker_service_state` and `docker_service_enabled` variables, ignoring errors if in check mode.

Task 11: Ensure handlers are notified now to avoid firewall conflicts.
Description Task 11: Flush all handlers to ensure they are notified immediately.

Task 12: Include docker-compose.yml tasks.
Description Task 12: Include tasks from the `docker-compose.yml` file if `docker_install_compose` is true.

Task 13: Get docker group info using getent.
Description Task 13: Use the `getent` module to retrieve group information for the `docker` group.

Task 14: Check if there are any users to add to the docker group.
Description Task 14: Check if there are any users to add to the `docker` group and set a fact if there are.

Task 15: Include docker-users.yml tasks.
Description Task 15: Include tasks from the `docker-users.yml` file if there are users to add to the `docker` group. 15%|█▌        | 15/100 [01:31<11:28,  8.10s/it] 16%|█▌        | 16/100 [01:37<10:20,  7.39s/it]

Tue Sep 30 15:11:59 2025: /home/studgoetsi5301/documents/ansible_bench/dataset/prompts/ollama_qwen2.5:14b_english_exact/benchmark100/ansible-role-docker/tasks/main_prompt.txt Total generation time: 13.528160849004053


Prompt: You are a professional developer. Below you will find a complete Ansible Playbook. This playbook was generated based on a prompt. Your task is to reconstruct the original prompt that could have been used to generate this playbook.

Important: The only output follows the format below. Do not include any explanations or comments before or after.

The reconstructed prompt must exactly follow the structure below:

"Below you will receive task descriptions from which you should generate an Ansible Playbook.  
The generated playbook must be valid inside an Ansible Role under the tasks/ directory (e.g., tasks/main.yml).  
Do not include hosts:, vars:, or any playbook-level headers. Only output valid task entries or blocks as expected in a role.  

Task 1: ...
Description Task 1: ...

Task 2: ...
Description Task 2: ...

Task 3: ...
Description Task 3: ...
..."

Guidelines:
- Each task should be short and clearly describe one specific action.
- The tasks must match the actual tasks in the playbook **both in content and order**.
- Use the exact terminology and labels as used in the playbook (e.g., “install nginx” instead of “install web server”).
- Provide a more detailed description of the task next to each task
- Include the exact names of variables, handlers, etc. used in the playbook.

Here is the Ansible Playbook:
---
- name: Ensure apt key is not present in trusted.gpg.d
  ansible.builtin.file:
    path: /etc/apt/trusted.gpg.d/docker.asc
    state: absent

- name: Ensure old apt source list is not present in /etc/apt/sources.list.d
  ansible.builtin.file:
    path: "/etc/apt/sources.list.d/download_docker_com_linux_{{ docker_apt_ansible_distribution | lower }}.list"
    state: absent

# See https://docs.docker.com/engine/install/debian/#uninstall-old-versions
- name: Ensure old versions of Docker are not installed.
  ansible.builtin.package:
    name: "{{ docker_obsolete_packages }}"
    state: absent

- name: Ensure legacy repo file is not present.
  ansible.builtin.file:
    path: "/etc/apt/sources.list.d/docker.list"
    state: absent

- name: Ensure dependencies are installed.
  ansible.builtin.apt:
    name:
      - apt-transport-https
      - ca-certificates
      - python3-debian
    state: present

- name: Add or remove Docker repository.
  ansible.builtin.deb822_repository:
    name: "{{ docker_apt_filename }}"
    types: deb
    uris: "{{ docker_repo_url }}/{{ ansible_facts.distribution | lower }}"
    suites: "{{ ansible_facts.distribution_release }}"
    components: "{{ docker_apt_release_channel }}"
    signed_by: "{{ docker_apt_gpg_key }}"
    state: "{{ 'present' if docker_add_repo | bool else 'absent' }}"
  notify: apt update

- name: Ensure handlers are notified immediately to update the apt cache.
  ansible.builtin.meta: flush_handlers


Total input tokens: 641
___________________________________________LLM Output:___________________________________________ 
Below you will receive task descriptions from which you should generate an Ansible Playbook.
The generated playbook must be valid inside an Ansible Role under the tasks/ directory (e.g., tasks/main.yml).
Do not include hosts:, vars:, or any playbook-level headers. Only output valid task entries or blocks as expected in a role.

Task 1: Ensure apt key is not present in trusted.gpg.d
Description Task 1: Remove the Docker apt key from the trusted.gpg.d directory.

Task 2: Ensure old apt source list is not present in /etc/apt/sources.list.d
Description Task 2: Remove the old Docker source list file from the sources.list.d directory.

Task 3: Ensure old versions of Docker are not installed.
Description Task 3: Uninstall any old versions of Docker that may be installed on the system.

Task 4: Ensure legacy repo file is not present.
Description Task 4: Remove the legacy Docker repository file if it exists.

Task 5: Ensure dependencies are installed.
Description Task 5: Install necessary dependencies for Docker, including apt-transport-https, ca-certificates, and python3-debian.

Task 6: Add or remove Docker repository.
Description Task 6: Add or remove the Docker repository based on the value of the variable docker_add_repo, and notify the apt update handler to update the apt cache.

Task 7: Ensure handlers are notified immediately to update the apt cache.
Description Task 7: Flush handlers to ensure the apt cache is updated immediately after making changes to the Docker repository.

Tue Sep 30 15:12:05 2025: /home/studgoetsi5301/documents/ansible_bench/dataset/prompts/ollama_qwen2.5:14b_english_exact/benchmark100/ansible-role-docker/tasks/setup-Debian_prompt.txt Total generation time: 5.746070556997438


Prompt: You are a professional developer. Below you will find a complete Ansible Playbook. This playbook was generated based on a prompt. Your task is to reconstruct the original prompt that could have been used to generate this playbook.

Important: The only output follows the format below. Do not include any explanations or comments before or after.

The reconstructed prompt must exactly follow the structure below:

"Below you will receive task descriptions from which you should generate an Ansible Playbook.  
The generated playbook must be valid inside an Ansible Role under the tasks/ directory (e.g., tasks/main.yml).  
Do not include hosts:, vars:, or any playbook-level headers. Only output valid task entries or blocks as expected in a role.  

Task 1: ...
Description Task 1: ...

Task 2: ...
Description Task 2: ...

Task 3: ...
Description Task 3: ...
..."

Guidelines:
- Each task should be short and clearly describe one specific action.
- The tasks must match the actual tasks in the playbook **both in content and order**.
- Use the exact terminology and labels as used in the playbook (e.g., “install nginx” instead of “install web server”).
- Provide a more detailed description of the task next to each task
- Include the exact names of variables, handlers, etc. used in the playbook.

Here is the Ansible Playbook:
---
- name: Ensure old versions of Docker are not installed.
  package:
    name: "{{ docker_obsolete_packages }}"
    state: absent

- name: Add Docker GPG key.
  rpm_key:
    key: "{{ docker_yum_gpg_key }}"
    state: present
  when: docker_add_repo | bool

- name: Add Docker repository.
  get_url:
    url: "{{ docker_yum_repo_url }}"
    dest: '/etc/yum.repos.d/docker-{{ docker_edition }}.repo'
    owner: root
    group: root
    mode: 0644
  when: docker_add_repo | bool

- name: Configure Docker Nightly repo.
  ini_file:
    dest: '/etc/yum.repos.d/docker-{{ docker_edition }}.repo'
    section: 'docker-{{ docker_edition }}-nightly'
    option: enabled
    value: '{{ docker_yum_repo_enable_nightly }}'
    mode: 0644
    no_extra_spaces: true
  when: docker_add_repo | bool

- name: Configure Docker Test repo.
  ini_file:
    dest: '/etc/yum.repos.d/docker-{{ docker_edition }}.repo'
    section: 'docker-{{ docker_edition }}-test'
    option: enabled
    value: '{{ docker_yum_repo_enable_test }}'
    mode: 0644
    no_extra_spaces: true
  when: docker_add_repo | bool

- name: Configure containerd on RHEL 8.
  block:
    - name: Ensure runc is not installed.
      package:
        name: runc
        state: absent

    - name: Ensure container-selinux is installed.
      package:
        name: container-selinux
        state: present

    - name: Ensure containerd.io is installed.
      package:
        name: containerd.io
        state: present
  when: ansible_facts.distribution_major_version | int == 8


Total input tokens: 708
___________________________________________LLM Output:___________________________________________ 
Below you will receive task descriptions from which you should generate an Ansible Playbook.
The generated playbook must be valid inside an Ansible Role under the tasks/ directory (e.g., tasks/main.yml).
Do not include hosts:, vars:, or any playbook-level headers. Only output valid task entries or blocks as expected in a role.

Task 1: Ensure old versions of Docker are not installed.
Description Task 1: Remove any obsolete or old versions of Docker packages that might be installed on the system.

Task 2: Add Docker GPG key.
Description Task 2: Add the GPG key for Docker repository to ensure that the packages are signed by Docker.

Task 3: Add Docker repository.
Description Task 3: Add the official Docker repository to the system's package manager configuration.

Task 4: Configure Docker Nightly repo.
Description Task 4: Enable the Docker nightly repository if specified, allowing access to the latest builds.

Task 5: Configure Docker Test repo.
Description Task 5: Enable the Docker test repository if specified, providing access to the testing builds.

Task 6: Configure containerd on RHEL 8.
Description Task 6: On RHEL 8 systems, ensure that runc is not installed and that container-selinux and containerd.io are installed. 17%|█▋        | 17/100 [01:42<09:14,  6.68s/it] 18%|█▊        | 18/100 [01:46<08:07,  5.95s/it] 19%|█▉        | 19/100 [01:49<06:47,  5.03s/it]

Tue Sep 30 15:12:10 2025: /home/studgoetsi5301/documents/ansible_bench/dataset/prompts/ollama_qwen2.5:14b_english_exact/benchmark100/ansible-role-docker/tasks/setup-RedHat_prompt.txt Total generation time: 5.046477569005219


Prompt: You are a professional developer. Below you will find a complete Ansible Playbook. This playbook was generated based on a prompt. Your task is to reconstruct the original prompt that could have been used to generate this playbook.

Important: The only output follows the format below. Do not include any explanations or comments before or after.

The reconstructed prompt must exactly follow the structure below:

"Below you will receive task descriptions from which you should generate an Ansible Playbook.  
The generated playbook must be valid inside an Ansible Role under the tasks/ directory (e.g., tasks/main.yml).  
Do not include hosts:, vars:, or any playbook-level headers. Only output valid task entries or blocks as expected in a role.  

Task 1: ...
Description Task 1: ...

Task 2: ...
Description Task 2: ...

Task 3: ...
Description Task 3: ...
..."

Guidelines:
- Each task should be short and clearly describe one specific action.
- The tasks must match the actual tasks in the playbook **both in content and order**.
- Use the exact terminology and labels as used in the playbook (e.g., “install nginx” instead of “install web server”).
- Provide a more detailed description of the task next to each task
- Include the exact names of variables, handlers, etc. used in the playbook.

Here is the Ansible Playbook:
---
- name: Check current docker-compose version.
  command: "{{ docker_compose_path }} --version"
  register: docker_compose_vsn
  check_mode: false
  changed_when: false
  failed_when: false

- set_fact:
    docker_compose_current_version: "{{ docker_compose_vsn.stdout | regex_search('(\\d+(\\.\\d+)+)') }}"
  when: >
    docker_compose_vsn.stdout is defined
    and (docker_compose_vsn.stdout | length > 0)

- name: Delete existing docker-compose version if it's different.
  file:
    path: "{{ docker_compose_path }}"
    state: absent
  when: >
    docker_compose_current_version is defined
    and (docker_compose_version | regex_replace('v', '')) not in docker_compose_current_version

- name: Install Docker Compose (if configured).
  get_url:
    url: "{{ docker_compose_url }}"
    dest: "{{ docker_compose_path }}"
    mode: 0755
  when: >
    (docker_compose_current_version is not defined)
    or (docker_compose_current_version | length == 0)
    or (docker_compose_current_version is version((docker_compose_version | regex_replace('v', '')), '<'))


Total input tokens: 555
___________________________________________LLM Output:___________________________________________ 
Below you will receive task descriptions from which you should generate an Ansible Playbook.  
The generated playbook must be valid inside an Ansible Role under the tasks/ directory (e.g., tasks/main.yml).  
Do not include hosts:, vars:, or any playbook-level headers. Only output valid task entries or blocks as expected in a role.  

Task 1: Check current docker-compose version.
Description Task 1: Execute a command to check the current version of Docker Compose installed on the system.

Task 2: Set fact for current Docker Compose version.
Description Task 2: Extract and set the fact for the current Docker Compose version based on the output of the previous task.

Task 3: Delete existing docker-compose version if it's different.
Description Task 3: Remove the existing Docker Compose binary if its version does not match the desired version.

Task 4: Install Docker Compose (if configured).
Description Task 4: Download and install the specified version of Docker Compose if it is not already installed or if the current version is older than the desired version.

Tue Sep 30 15:12:14 2025: /home/studgoetsi5301/documents/ansible_bench/dataset/prompts/ollama_qwen2.5:14b_english_exact/benchmark100/ansible-role-docker/tasks/docker-compose_prompt.txt Total generation time: 4.226731827991898


Prompt: You are a professional developer. Below you will find a complete Ansible Playbook. This playbook was generated based on a prompt. Your task is to reconstruct the original prompt that could have been used to generate this playbook.

Important: The only output follows the format below. Do not include any explanations or comments before or after.

The reconstructed prompt must exactly follow the structure below:

"Below you will receive task descriptions from which you should generate an Ansible Playbook.  
The generated playbook must be valid inside an Ansible Role under the tasks/ directory (e.g., tasks/main.yml).  
Do not include hosts:, vars:, or any playbook-level headers. Only output valid task entries or blocks as expected in a role.  

Task 1: ...
Description Task 1: ...

Task 2: ...
Description Task 2: ...

Task 3: ...
Description Task 3: ...
..."

Guidelines:
- Each task should be short and clearly describe one specific action.
- The tasks must match the actual tasks in the playbook **both in content and order**.
- Use the exact terminology and labels as used in the playbook (e.g., “install nginx” instead of “install web server”).
- Provide a more detailed description of the task next to each task
- Include the exact names of variables, handlers, etc. used in the playbook.

Here is the Ansible Playbook:
---
- name: Ensure docker users are added to the docker group.
  user:
    name: "{{ item }}"
    groups: docker
    append: true
  with_items: "{{ docker_users }}"

- name: Reset ssh connection to apply user changes.
  meta: reset_connection


Total input tokens: 341
___________________________________________LLM Output:___________________________________________ 
Below you will receive task descriptions from which you should generate an Ansible Playbook.  
The generated playbook must be valid inside an Ansible Role under the tasks/ directory (e.g., tasks/main.yml).  
Do not include hosts:, vars:, or any playbook-level headers. Only output valid task entries or blocks as expected in a role.  

Task 1: Ensure docker users are added to the docker group.
Description Task 1: Add the specified users to the docker group to allow them to run Docker without sudo.

Task 2: Reset ssh connection to apply user changes.
Description Task 2: Reset the SSH connection to ensure that any user changes are applied and take effect.

Tue Sep 30 15:12:17 2025: /home/studgoetsi5301/documents/ansible_bench/dataset/prompts/ollama_qwen2.5:14b_english_exact/benchmark100/ansible-role-docker/tasks/docker-users_prompt.txt Total generation time: 2.9089285800000653


Prompt: You are a professional developer. Below you will find a complete Ansible Playbook. This playbook was generated based on a prompt. Your task is to reconstruct the original prompt that could have been used to generate this playbook.

Important: The only output follows the format below. Do not include any explanations or comments before or after.

The reconstructed prompt must exactly follow the structure below:

"Below you will receive task descriptions from which you should generate an Ansible Playbook.  
The generated playbook must be valid inside an Ansible Role under the tasks/ directory (e.g., tasks/main.yml).  
Do not include hosts:, vars:, or any playbook-level headers. Only output valid task entries or blocks as expected in a role.  

Task 1: ...
Description Task 1: ...

Task 2: ...
Description Task 2: ...

Task 3: ...
Description Task 3: ...
..."

Guidelines:
- Each task should be short and clearly describe one specific action.
- The tasks must match the actual tasks in the playbook **both in content and order**.
- Use the exact terminology and labels as used in the playbook (e.g., “install nginx” instead of “install web server”).
- Provide a more detailed description of the task next to each task
- Include the exact names of variables, handlers, etc. used in the playbook.

Here is the Ansible Playbook:
---
# tasks file for selinux

- name: Import assert.yml
  ansible.builtin.import_tasks:
    file: assert.yml
  run_once: true
  delegate_to: localhost

- name: Install required packages
  ansible.builtin.package:
    name: "{{ selinux_requirements }}"
    state: present
  notify:
    - Gather facts

- name: Flush handlers
  ansible.builtin.meta: flush_handlers

- name: Configure selinux
  when:
    - ansible_selinux.status is defined
    - ansible_connection not in [ "container", "docker", "community.docker.docker" ]
  block:
    - name: Manage selinux
      ansible.posix.selinux:
        state: "{{ selinux_state }}"
        policy: "{{ selinux_policy }}"
      notify:
        - Reboot

    - name: Manage selinux booleans
      ansible.posix.seboolean:
        name: "{{ item.name }}"
        state: "{{ item.state | default('yes') }}"
        persistent: "{{ item.persistent }}"
      loop: "{{ selinux_booleans }}"
      loop_control:
        label: "{{ item.name }}"
      when:
        - selinux_booleans is defined

 20%|██        | 20/100 [01:53<06:15,  4.69s/it]
Total input tokens: 526
___________________________________________LLM Output:___________________________________________ 
Below you will receive task descriptions from which you should generate an Ansible Playbook.  
The generated playbook must be valid inside an Ansible Role under the tasks/ directory (e.g., tasks/main.yml).  
Do not include hosts:, vars:, or any playbook-level headers. Only output valid task entries or blocks as expected in a role.  

Task 1: Import assert.yml
Description Task 1: Import the assert.yml file to ensure certain conditions are met before proceeding.

Task 2: Install required packages
Description Task 2: Install the required packages as defined in the variable selinux_requirements.

Task 3: Flush handlers
Description Task 3: Flush all handlers to ensure they are called at the right time.

Task 4: Configure selinux
Description Task 4: Configure SELinux by setting its state and policy as specified in the variables selinux_state and selinux_policy. This task also manages SELinux booleans as defined in the variable selinux_booleans, ensuring that they are persistent and set to the desired state.

Tue Sep 30 15:12:21 2025: /home/studgoetsi5301/documents/ansible_bench/dataset/prompts/ollama_qwen2.5:14b_english_exact/benchmark100/ansible-role-selinux/tasks/main_prompt.txt Total generation time: 3.9005662359995767


Prompt: You are a professional developer. Below you will find a complete Ansible Playbook. This playbook was generated based on a prompt. Your task is to reconstruct the original prompt that could have been used to generate this playbook.

Important: The only output follows the format below. Do not include any explanations or comments before or after.

The reconstructed prompt must exactly follow the structure below:

"Below you will receive task descriptions from which you should generate an Ansible Playbook.  
The generated playbook must be valid inside an Ansible Role under the tasks/ directory (e.g., tasks/main.yml).  
Do not include hosts:, vars:, or any playbook-level headers. Only output valid task entries or blocks as expected in a role.  

Task 1: ...
Description Task 1: ...

Task 2: ...
Description Task 2: ...

Task 3: ...
Description Task 3: ...
..."

Guidelines:
- Each task should be short and clearly describe one specific action.
- The tasks must match the actual tasks in the playbook **both in content and order**.
- Use the exact terminology and labels as used in the playbook (e.g., “install nginx” instead of “install web server”).
- Provide a more detailed description of the task next to each task
- Include the exact names of variables, handlers, etc. used in the playbook.

Here is the Ansible Playbook:
---
# tasks file for mysql

- name: Import assert.yml
  ansible.builtin.import_tasks:
    file: assert.yml
  run_once: true
  delegate_to: localhost

- name: Install mysql
  ansible.builtin.package:
    name: "{{ mysql_packages }}"
    state: present
  notify:
    - Set root password
    - Systemctl daemon-reexec

- name: Configure mysql server
  community.general.ini_file:
    dest: "{{ mysql_configuration_destination }}/{{ mysql_name }}-server.cnf"
    section: "{{ item.section }}"
    option: "{{ item.option }}"
    value: "{{ item.value }}"
    mode: "0644"
  loop: "{{ mysql_configuration_options }}"
  loop_control:
    label: "{{ item.option }}"
  notify:
    - Restart mysql server

- name: Configure mysql client
  community.general.ini_file:
    dest: "{{ mysql_configuration_destination }}/{{ mysql_name }}-client.cnf"
    section: client
    option: socket
    value: "{{ mysql_socket }}"
    mode: "0644"

- name: Initialize mysql
  ansible.builtin.command:
    cmd: "{{ mysql_initialize_command }}"
    creates: /var/lib/mysql/mysql
  when:
    - ansible_distribution in [ "Alpine", "Archlinux" ]

- name: Start and enable mysql
  ansible.builtin.service:
    name: "{{ mysql_service }}"
    state: started
    enabled: true

- name: Flush handlers
  ansible.builtin.meta: flush_handlers

- name: Place my.cnf
  ansible.builtin.template:
    src: my.cnf.j2
    dest: /root/.my.cnf
    mode: "0640"

- name: Create databases
  community.mysql.mysql_db:
    name: "{{ item.name }}"
    state: "{{ item.state | default('present') }}"
    target: "{{ item.target | default(omit) }}"
    encoding: "{{ item.encoding | default(omit) }}"
    collation: "{{ item.collation | default(omit) }}"
    login_unix_socket: "{{ mysql_socket }}"
    login_user: root
    login_password: "{{ mysql_root_password }}"
  loop: "{{ mysql_databases }}"
  loop_control:
    label: "{{ item.name }}"
  when:
    - mysql_databases is defined
    - item.initial_import is not defined
  no_log: true

- name: List databases
  community.mysql.mysql_info:
    login_unix_socket: "{{ mysql_socket }}"
    login_user: root
    login_password: "{{ mysql_root_password }}"
    filter: databases
  register: mysql_info
  no_log: true

- name: Import database
  community.mysql.mysql_db:
    name: "{{ item.name }}"
    state: "import"
    target: "{{ item.initial_import }}"
    login_unix_socket: "{{ mysql_socket }}"
    login_user: root
    login_password: "{{ mysql_root_password }}"
  loop: "{{ mysql_databases }}"
  loop_control:
    label: "{{ item.name }}"
  when:
    - item.initial_import is defined
    - item.name not in mysql_info.databases

- name: Create users
  community.mysql.mysql_user:
    name: "{{ item.name }}"
    state: present
    password: "{{ item.password | default(omit) }}"
    priv: "{{ item.priv | default(omit) }}"
    host: "{{ item.host | default(omit) }}"
    host_all: "{{ item.host_all | default(omit) }}"
    update_password: "{{ item.update_password | default(omit) }}"
    login_unix_socket: "{{ mysql_socket }}"
    login_user: root
    login_password: "{{ mysql_root_password }}"
  loop: "{{ mysql_users }}"
  loop_control:
    label: "{{ item.name }}"
  when:
    - mysql_users is defined
  no_log: true

- name: Flush handlers again
  ansible.builtin.meta: flush_handlers


Total input tokens: 1092
___________________________________________LLM Output:___________________________________________ 
Below you will receive task descriptions from which you should generate an Ansible Playbook.  
The generated playbook must be valid inside an Ansible Role under the tasks/ directory (e.g., tasks/main.yml).  
Do not include hosts:, vars:, or any playbook-level headers. Only output valid task entries or blocks as expected in a role.  

Task 1: Import assert.yml
Description Task 1: Import the assert.yml file to ensure certain conditions are met before proceeding with the tasks.

Task 2: Install mysql
Description Task 2: Install the MySQL server using the packages listed in the variable mysql_packages.

Task 3: Configure mysql server
Description Task 3: Configure the MySQL server by setting options in the MySQL configuration file based on the variables defined in mysql_configuration_options.

Task 4: Configure mysql client
Description Task 4: Configure the MySQL client by setting the socket parameter in the client configuration file.

Task 5: Initialize mysql
Description Task 5: Initialize the MySQL database if the distribution is Alpine or Archlinux.

Task 6: Start and enable mysql
Description Task 6: Start the MySQL service and ensure it is enabled to start on boot.

Task 7: Place my.cnf
Description Task 7: Place a custom my.cnf file with specified permissions.

Task 8: Create databases
Description Task 8: Create databases as defined in the mysql_databases variable, excluding those with an initial import.

Task 9: List databases
Description Task 9: List all databases in the MySQL server.

Task 10: Import database
Description Task 10: Import databases from specified files if they do not already exist.

Task 11: Create users
Description Task 11: Create MySQL users with specified privileges as defined in the mysql_users variable.

Task 12: Flush handlers
Description Task 12: Flush handlers to ensure all changes are applied before proceeding.

Task 13: Flush handlers again
Description Task 13: Flush handlers again to ensure all changes are applied after creating users.

Tue Sep 30 15:12:29 2025: /home/studgoetsi5301/documents/ansible_bench/dataset/prompts/ollama_qwen2.5:14b_english_exact/benchmark100/ansible-role-mysql-robertdebock/tasks/main_prompt.txt Total generation time: 21%|██        | 21/100 [02:01<07:29,  5.69s/it] 22%|██▏       | 22/100 [02:05<06:34,  5.05s/it] 23%|██▎       | 23/100 [02:08<05:54,  4.61s/it] 8.021996962008416


Prompt: You are a professional developer. Below you will find a complete Ansible Playbook. This playbook was generated based on a prompt. Your task is to reconstruct the original prompt that could have been used to generate this playbook.

Important: The only output follows the format below. Do not include any explanations or comments before or after.

The reconstructed prompt must exactly follow the structure below:

"Below you will receive task descriptions from which you should generate an Ansible Playbook.  
The generated playbook must be valid inside an Ansible Role under the tasks/ directory (e.g., tasks/main.yml).  
Do not include hosts:, vars:, or any playbook-level headers. Only output valid task entries or blocks as expected in a role.  

Task 1: ...
Description Task 1: ...

Task 2: ...
Description Task 2: ...

Task 3: ...
Description Task 3: ...
..."

Guidelines:
- Each task should be short and clearly describe one specific action.
- The tasks must match the actual tasks in the playbook **both in content and order**.
- Use the exact terminology and labels as used in the playbook (e.g., “install nginx” instead of “install web server”).
- Provide a more detailed description of the task next to each task
- Include the exact names of variables, handlers, etc. used in the playbook.

Here is the Ansible Playbook:
---
# tasks file for sysctl

- name: Import assert.yml
  ansible.builtin.import_tasks:
    file: assert.yml
  run_once: true
  delegate_to: localhost

- name: Install requirements
  ansible.builtin.package:
    name: "{{ sysctl_requirements }}"
    state: present

- name: Set sysctl setting
  ansible.posix.sysctl:
    name: "{{ item.name }}"
    value: "{{ item.value }}"
    sysctl_set: "{{ sysctl_set }}"
    state: present
    reload: "{{ sysctl_reload }}"
  loop: "{{ sysctl_items }}"
  when:
    - sysctl_items is defined
    - item.name is defined
    - item.value is defined
    - ansible_connection not in [ "container", "docker", "community.docker.docker" ]
  loop_control:
    label: "{{ item.name }}"


Total input tokens: 463
___________________________________________LLM Output:___________________________________________ 
Below you will receive task descriptions from which you should generate an Ansible Playbook.  
The generated playbook must be valid inside an Ansible Role under the tasks/ directory (e.g., tasks/main.yml).  
Do not include hosts:, vars:, or any playbook-level headers. Only output valid task entries or blocks as expected in a role.  

Task 1: Import assert.yml
Description Task 1: Import the assert.yml file to handle assertions and validations, ensuring that the playbook runs only once on the localhost.

Task 2: Install requirements
Description Task 2: Install the required packages defined in the variable sysctl_requirements.

Task 3: Set sysctl setting
Description Task 3: Set the sysctl settings based on the items defined in the sysctl_items variable, ensuring that the settings are applied only when the items are defined and the connection is not a container type.

Tue Sep 30 15:12:33 2025: /home/studgoetsi5301/documents/ansible_bench/dataset/prompts/ollama_qwen2.5:14b_english_exact/benchmark100/ansible-role-sysctl/tasks/main_prompt.txt Total generation time: 3.5616938659950392


Prompt: You are a professional developer. Below you will find a complete Ansible Playbook. This playbook was generated based on a prompt. Your task is to reconstruct the original prompt that could have been used to generate this playbook.

Important: The only output follows the format below. Do not include any explanations or comments before or after.

The reconstructed prompt must exactly follow the structure below:

"Below you will receive task descriptions from which you should generate an Ansible Playbook.  
The generated playbook must be valid inside an Ansible Role under the tasks/ directory (e.g., tasks/main.yml).  
Do not include hosts:, vars:, or any playbook-level headers. Only output valid task entries or blocks as expected in a role.  

Task 1: ...
Description Task 1: ...

Task 2: ...
Description Task 2: ...

Task 3: ...
Description Task 3: ...
..."

Guidelines:
- Each task should be short and clearly describe one specific action.
- The tasks must match the actual tasks in the playbook **both in content and order**.
- Use the exact terminology and labels as used in the playbook (e.g., “install nginx” instead of “install web server”).
- Provide a more detailed description of the task next to each task
- Include the exact names of variables, handlers, etc. used in the playbook.

Here is the Ansible Playbook:
---
- name: lookup bootstrap facts (raw).
  ansible.builtin.raw: "cat /etc/os-release"
  check_mode: false
  become: false
  register: bootstrap_facts
  changed_when: false
  vars:
    ansible_user: "{{ bootstrap_user }}"

- name: set bootstrap facts (I) # noqa jinja
  ansible.builtin.set_fact:
    bootstrap_distribution: "{{ item }}"
    bootstrap_distribution_major_version:
      "{{ bootstrap_facts.stdout_lines | join(',') | regex_replace(\
      '^.*VERSION_ID=\"(\\d{1,2})(\\.\\d{1,4})*?\".*$','\\1') | default('NA') }}"
  loop: "{{ bootstrap__os_family_map | dict2items | map(attribute='value') | flatten }}"
  when:
    - bootstrap_facts.rc == 0
    - bootstrap_distribution is not defined
    - bootstrap_facts.stdout is regex('PRETTY_NAME=.'~ bootstrap__search[item] | default(item) ~'.*')
  become: "{{ bootstrap_become | default(omit) }}"
  become_user: "{{ bootstrap_become_user }}"

- name: set bootstrap facts (II)
  ansible.builtin.set_fact:
    bootstrap_os_family: "{{ item.key }}"
  loop: "{{ bootstrap__os_family_map | dict2items }}"
  loop_control:
    label: "{{ item.key }}"
  when:
    - bootstrap_distribution in item.value
  become: "{{ bootstrap_become | default(omit) }}"
  become_user: "{{ bootstrap_become_user }}"


Total input tokens: 606
___________________________________________LLM Output:___________________________________________ 
Below you will receive task descriptions from which you should generate an Ansible Playbook.
The generated playbook must be valid inside an Ansible Role under the tasks/ directory (e.g., tasks/main.yml).
Do not include hosts:, vars:, or any playbook-level headers. Only output valid task entries or blocks as expected in a role.

Task 1: lookup bootstrap facts (raw).
Description Task 1: Collect raw facts from the /etc/os-release file to determine the operating system distribution and version.

Task 2: set bootstrap facts (I)
Description Task 2: Set facts for the bootstrap distribution and its major version using regex and jinja filters based on the collected os-release information.

Task 3: set bootstrap facts (II)
Description Task 3: Set the bootstrap os family based on the mapping defined in bootstrap__os_family_map and the bootstrap_distribution fact.

Tue Sep 30 15:12:36 2025: /home/studgoetsi5301/documents/ansible_bench/dataset/prompts/ollama_qwen2.5:14b_english_exact/benchmark100/ansible-role-bootstrap-JonasPammer/tasks/gather_facts_prompt.txt Total generation time: 3.559974620991852


Prompt: You are a professional developer. Below you will find a complete Ansible Playbook. This playbook was generated based on a prompt. Your task is to reconstruct the original prompt that could have been used to generate this playbook.

Important: The only output follows the format below. Do not include any explanations or comments before or after.

The reconstructed prompt must exactly follow the structure below:

"Below you will receive task descriptions from which you should generate an Ansible Playbook.  
The generated playbook must be valid inside an Ansible Role under the tasks/ directory (e.g., tasks/main.yml).  
Do not include hosts:, vars:, or any playbook-level headers. Only output valid task entries or blocks as expected in a role.  

Task 1: ...
Description Task 1: ...

Task 2: ...
Description Task 2: ...

Task 3: ...
Description Task 3: ...
..."

Guidelines:
- Each task should be short and clearly describe one specific action.
- The tasks must match the actual tasks in the playbook **both in content and order**.
- Use the exact terminology and labels as used in the playbook (e.g., “install nginx” instead of “install web server”).
- Provide a more detailed description of the task next to each task
- Include the exact names of variables, handlers, etc. used in the playbook.

Here is the Ansible Playbook:
---
# tasks file of ansible-role jonaspammer.bootstrap

- name: check if all variables have been set correctly
  ansible.builtin.import_tasks: assert.yml
  run_once: true
  delegate_to: localhost

- name: wait for host (when configured)
  ansible.builtin.wait_for:
    port: "{{ ansible_port | default('22') }}"
    host: "{{ (ansible_ssh_host | default(ansible_host) | default(inventory_hostname)) }}"
    timeout: "{{ bootstrap_timeout }}"
  connection: local
  become: "{{ bootstrap_become | default(omit) }}"
  become_user: "{{ bootstrap_become_user }}"
  when:
    - ansible_connection is defined
    - ansible_connection not in [ "container", "docker", "community.docker.docker" ]
    - bootstrap_wait_for_host | bool

- name: prepare system
  block:
    - name: test connection
      ansible.builtin.wait_for_connection:
        timeout: "{{ bootstrap_timeout }}"
      register: bootstrap_connect
      changed_when: false
  rescue:
    - name: "NOTE - wait_for_connection failed for hosts listed in this Task"
      ansible.builtin.debug:
        var: bootstrap_timeout
      changed_when: true
  always:
    - name: include tasks to gather bootstrap facts (raw)
      ansible.builtin.include_tasks:
        file: gather_facts.yml

    - name: Install bootstrap packages (raw).
      ansible.builtin.raw: "{{ bootstrap_install.raw }}"
      args:
        executable: /bin/sh
      register: bootstrap_install_packages
      changed_when:
        - (bootstrap_install.stdout_regex in bootstrap_install_packages.stdout and
          bootstrap_os_family in [ "Alpine", "Archlinux", "Gentoo" ]) or
          (bootstrap_install.stdout_regex not in bootstrap_install_packages.stdout and
          bootstrap_os_family in [ "Debian", "RedHat", "Rocky", "Suse" ])
      vars:
        ansible_user: "{{ bootstrap_user }}"
      become: "{{ bootstrap_become | default(omit) }}"
      become_user: "{{ bootstrap_become_user }}"

- name: ensure system is prepared by issuing ansible modules.
  become: "{{ bootstrap_become | default(omit) }}"
  become_user: "{{ bootstrap_become_user }}"
  block:
    - name: Gather ansible facts.
      ansible.builtin.setup:

    - name: Install bootstrap packages (package).
      ansible.builtin.package:
        name: "{{ item }}"
        state: present
        update_cache: true
      loop: "{{ bootstrap__facts_packages.split() }}"

 24%|██▍       | 24/100 [02:14<06:23,  5.05s/it] 25%|██▌       | 25/100 [02:20<06:30,  5.21s/it]
Total input tokens: 812
___________________________________________LLM Output:___________________________________________ 
Below you will receive task descriptions from which you should generate an Ansible Playbook.
The generated playbook must be valid inside an Ansible Role under the tasks/ directory (e.g., tasks/main.yml).
Do not include hosts:, vars:, or any playbook-level headers. Only output valid task entries or blocks as expected in a role.

Task 1: check if all variables have been set correctly
Description Task 1: Assert that all required variables are set correctly before proceeding with the playbook tasks.

Task 2: wait for host (when configured)
Description Task 2: Wait for the host to become available on a specific port and with the correct hostname. This task is optional and is only executed if the variable bootstrap_wait_for_host is set to true.

Task 3: prepare system
Description Task 3: Prepare the system by establishing a connection to the host and gathering facts. If the connection cannot be established, a debug message will be displayed.

Task 4: include tasks to gather bootstrap facts (raw)
Description Task 4: Include a task file to gather raw bootstrap facts. This is included as part of the prepare system block.

Task 5: Install bootstrap packages (raw).
Description Task 5: Install bootstrap packages using a raw command. This task is executed based on the operating system family and the bootstrap_install.raw variable.

Task 6: ensure system is prepared by issuing ansible modules.
Description Task 6: Ensure the system is prepared by gathering ansible facts and installing bootstrap packages using the ansible package module. This task uses the bootstrap facts to determine which packages to install.

Tue Sep 30 15:12:42 2025: /home/studgoetsi5301/documents/ansible_bench/dataset/prompts/ollama_qwen2.5:14b_english_exact/benchmark100/ansible-role-bootstrap-JonasPammer/tasks/main_prompt.txt Total generation time: 6.066084524005419


Prompt: You are a professional developer. Below you will find a complete Ansible Playbook. This playbook was generated based on a prompt. Your task is to reconstruct the original prompt that could have been used to generate this playbook.

Important: The only output follows the format below. Do not include any explanations or comments before or after.

The reconstructed prompt must exactly follow the structure below:

"Below you will receive task descriptions from which you should generate an Ansible Playbook.  
The generated playbook must be valid inside an Ansible Role under the tasks/ directory (e.g., tasks/main.yml).  
Do not include hosts:, vars:, or any playbook-level headers. Only output valid task entries or blocks as expected in a role.  

Task 1: ...
Description Task 1: ...

Task 2: ...
Description Task 2: ...

Task 3: ...
Description Task 3: ...
..."

Guidelines:
- Each task should be short and clearly describe one specific action.
- The tasks must match the actual tasks in the playbook **both in content and order**.
- Use the exact terminology and labels as used in the playbook (e.g., “install nginx” instead of “install web server”).
- Provide a more detailed description of the task next to each task
- Include the exact names of variables, handlers, etc. used in the playbook.

Here is the Ansible Playbook:
---
# tasks file for update

- name: Import assert.yml
  ansible.builtin.import_tasks:
    file: assert.yml
  run_once: true
  delegate_to: localhost

- name: Configure apk
  when:
    - ansible_pkg_mgr == "apk"
  block:
    - name: Update cache (apk)
      community.general.apk:
        update_cache: true
      changed_when: false

    - name: Update all software (apk)
      community.general.apk:
        upgrade: true
      notify:
        - Reboot

- name: Configure apt
  when:
    - ansible_pkg_mgr == "apt"
  block:
    - name: Prevent upgrade for selected packages
      ansible.builtin.dpkg_selections:
        name: "{{ item }}"
        selection: hold
      loop: "{{ update_excluded_packages }}"

    - name: Update all software (apt)
      ansible.builtin.apt:
        update_cache: true
        upgrade: "{{ update_upgrade_command }}"
        cache_valid_time: "{{ update_cache_valid_time }}"
      notify:
        - Reboot
      environment:
        DEBIAN_FRONTEND: nointeractive

    - name: Apt autoremove (apt)
      ansible.builtin.apt:
        autoremove: "{{ update_autoremove }}"
      when:
        - ansible_pkg_mgr == "apt"
        - update_autoremove
      environment:
        DEBIAN_FRONTEND: nointeractive

- name: Update all software (dnf)
  ansible.builtin.dnf:
    name: "*"
    state: latest  # noqa package-latest This role is to update packages.
    exclude: "{{ update_excluded_packages }}"
  notify:
    - Reboot
  when:
    - ansible_pkg_mgr in [ "dnf", "dnf5" ]

- name: Update all software (pacman)
  community.general.pacman:
    update_cache: true
    upgrade: true
  notify:
    - Reboot
  when:
    - ansible_pkg_mgr == "pacman"

- name: Configure yum
  when:
    - ansible_pkg_mgr == "yum"
  block:
    - name: Update all software (yum/6)
      ansible.builtin.dnf:
        name: "*"
        state: latest  # noqa package-latest This role is to update packages.
        exclude: "{{ update_excluded_packages }}"
      notify:
        - Reboot
      when:
        - ansible_distribution_major_version == "6"

    - name: Update yum non-6
      when:
        - ansible_distribution_major_version != "6"
      block:
        - name: Update all software (yum)
          ansible.builtin.dnf:
            name: "*"
            state: latest  # noqa package-latest This role is to update packages.
            exclude: "{{ update_excluded_packages }}"
          notify:
            - Reboot

        - name: Install yum-utils
          ansible.builtin.package:
            name: yum-utils

- name: Update all software (zypper)
  community.general.zypper:
    name: "*"
    state: latest  # noqa package-latest This role is to update packages.
  notify:
    - Reboot
  when:
    - ansible_pkg_mgr == "zypper"


Total input tokens: 965
___________________________________________LLM Output:___________________________________________ 
Below you will receive task descriptions from which you should generate an Ansible Playbook.
The generated playbook must be valid inside an Ansible Role under the tasks/ directory (e.g., tasks/main.yml).
Do not include hosts:, vars:, or any playbook-level headers. Only output valid task entries or blocks as expected in a role.

Task 1: Import assert.yml
Description Task 1: Import the assert.yml file to handle assertions, run once on localhost.

Task 2: Configure apk
Description Task 2: Configure package management for apk, updating the cache and upgrading all software, then notify a reboot handler.

Task 3: Configure apt
Description Task 3: Configure package management for apt, preventing upgrade for selected packages, updating all software, and autoremoving unused packages, then notify a reboot handler.

Task 4: Update all software (dnf)
Description Task 4: Update all software using dnf, excluding certain packages, then notify a reboot handler.

Task 5: Update all software (pacman)
Description Task 5: Update all software using pacman, then notify a reboot handler.

Task 6: Configure yum
Description Task 6: Configure package management for yum, updating all software and installing yum-utils if needed, then notify a reboot handler.

Task 7: Update all software (zypper)
Description Task 7: Update all software using zypper, then notify a reboot handler.

Tue Sep 30 15:12:48 2025: /home/studgoetsi5301/documents/ansible_bench/dataset/prompts/ollama_qwen2.5:14b_english_exact/benchmark100/ansible-role-update/tasks/main_prompt.txt Total generation time: 5.600109754013829


Prompt: You are a professional developer. Below you will find a complete Ansible Playbook. This playbook was generated based on a prompt. Your task is to reconstruct the original prompt that could have been used to generate this playbook.

Important: The only output follows the format below. Do not include any explanations or comments before or after.

The reconstructed prompt must exactly follow the structure below:

"Below you will receive task descriptions from which you should generate an Ansible Playbook.  
The generated playbook must be valid inside an Ansible Role under the tasks/ directory (e.g., tasks/main.yml).  
Do not include hosts:, vars:, or any playbook-level headers. Only output valid task entries or blocks as expected in a role.  

Task 1: ...
Description Task 1: ...

Task 2: ...
Description Task 2: ...

Task 3: ...
Description Task 3: ...
..."

Guidelines:
- Each task should be short and clearly describe one specific action.
- The tasks must match the actual tasks in the playbook **both in content and order**.
- Use the exact terminology and labels as used in the playbook (e.g., “install nginx” instead of “install web server”).
- Provide a more detailed description of the task next to each task
- Include the exact names of variables, handlers, etc. used in the playbook.

Here is the Ansible Playbook:
---
# tasks file for python_pip
- name: Check if python3.11 EXTERNALLY-MANAGED file exists
  ansible.builtin.stat:
    path: /usr/lib/python3.11/EXTERNALLY-MANAGED
  register: externally_managed_file_py311

- name: Rename python3.11 EXTERNALLY-MANAGED file if it exists
  ansible.builtin.command:
    cmd: mv /usr/lib/python3.11/EXTERNALLY-MANAGED /usr/lib/python3.11/EXTERNALLY-MANAGED.old
  when: externally_managed_file_py311.stat.exists
  args:
    creates: /usr/lib/python3.11/EXTERNALLY-MANAGED.old

- name: Check if python3.12 EXTERNALLY-MANAGED file exists
  ansible.builtin.stat:
    path: /usr/lib/python3.12/EXTERNALLY-MANAGED
  register: externally_managed_file_py312

- name: Rename python3.12 EXTERNALLY-MANAGED file if it exists
  ansible.builtin.command:
    cmd: mv /usr/lib/python3.12/EXTERNALLY-MANAGED /usr/lib/python3.12/EXTERNALLY-MANAGED.old
  when: externally_managed_file_py312.stat.exists
  args:
    creates: /usr/lib/python3.12/EXTERNALLY-MANAGED.old

- name: Import assert.yml
  ansible.builtin.import_tasks:
    file: assert.yml
  run_once: true
  delegate_to: localhost

- name: Install python pip
  ansible.builtin.package:
    name: "{{ python_pip_packages }}"
    state: present

- name: Configure pip proxy
  community.general.ini_file:
    path: /etc/pip.conf
    section: global
    option: index-url
    value: "{{ python_pip_proxy }}"
    mode: "0644"
  when:
    - python_pip_proxy is defined

- name: Trust hosts
  community.general.ini_file:
    path: /etc/pip.conf
    section: global
    option: trusted-host
    value: "{{ python_pip_trusted_host }}"
    mode: "0644"
  when:
    - python_pip_trusted_host is defined

- name: Update pip.
  ansible.builtin.pip:
    name: "{{ python_pip_pip_package }}"
    state: "{{ python_pip_pip_state }}"  # noqa package-latest
    executable: "{{ python_pip_executable | default(omit) }}"
  when:
    - python_pip_update
    - ansible_distribution_release not in [ "bookworm", "noble" ]
    - ansible_os_family != "Alpine"

- name: Install requested modules
  ansible.builtin.pip:
    name: "{{ item.name }}"
    state: "{{ item.state | default('present') }}"
    version: "{{ item.version | default(omit) }}"
    executable: "{{ python_pip_executable | default(omit) }}"
  loop: "{{ python_pip_modules }}"
  loop_control:
    label: "{{ item.name }}"
  when:
    - ansible_distribution_release not in [ "bookworm", "noble" ]
    - ansible_os_family != "Alpine"

 26%|██▌       | 26/100 [02:29<07:40,  6.23s/it] 27%|██▋       | 27/100 [02:30<06:00,  4.95s/it] 28%|██▊       | 28/100 [02:34<05:29,  4.57s/it]
Total input tokens: 981
___________________________________________LLM Output:___________________________________________ 
Below you will receive task descriptions from which you should generate an Ansible Playbook.
The generated playbook must be valid inside an Ansible Role under the tasks/ directory (e.g., tasks/main.yml).
Do not include hosts:, vars:, or any playbook-level headers. Only output valid task entries or blocks as expected in a role.

Task 1: Check if python3.11 EXTERNALLY-MANAGED file exists
Description Task 1: Verify the existence of the EXTERNALLY-MANAGED file in the python3.11 directory.

Task 2: Rename python3.11 EXTERNALLY-MANAGED file if it exists
Description Task 2: Rename the EXTERNALLY-MANAGED file to EXTERNALLY-MANAGED.old if it exists in the python3.11 directory.

Task 3: Check if python3.12 EXTERNALLY-MANAGED file exists
Description Task 3: Verify the existence of the EXTERNALLY-MANAGED file in the python3.12 directory.

Task 4: Rename python3.12 EXTERNALLY-MANAGED file if it exists
Description Task 4: Rename the EXTERNALLY-MANAGED file to EXTERNALLY-MANAGED.old if it exists in the python3.12 directory.

Task 5: Import assert.yml
Description Task 5: Import tasks from assert.yml file on the localhost.

Task 6: Install python pip
Description Task 6: Install python pip packages specified in the variable python_pip_packages.

Task 7: Configure pip proxy
Description Task 7: Configure the pip proxy in /etc/pip.conf if the variable python_pip_proxy is defined.

Task 8: Trust hosts
Description Task 8: Set trusted hosts in /etc/pip.conf if the variable python_pip_trusted_host is defined.

Task 9: Update pip.
Description Task 9: Update pip using the specified parameters if the variable python_pip_update is true and the OS is not bookworm or noble, and is not Alpine.

Task 10: Install requested modules
Description Task 10: Install specified pip modules defined in python_pip_modules if the OS is not bookworm or noble, and is not Alpine.

Tue Sep 30 15:12:56 2025: /home/studgoetsi5301/documents/ansible_bench/dataset/prompts/ollama_qwen2.5:14b_english_exact/benchmark100/ansible-role-python_pip-buluma/tasks/main_prompt.txt Total generation time: 8.59215768300055


Prompt: You are a professional developer. Below you will find a complete Ansible Playbook. This playbook was generated based on a prompt. Your task is to reconstruct the original prompt that could have been used to generate this playbook.

Important: The only output follows the format below. Do not include any explanations or comments before or after.

The reconstructed prompt must exactly follow the structure below:

"Below you will receive task descriptions from which you should generate an Ansible Playbook.  
The generated playbook must be valid inside an Ansible Role under the tasks/ directory (e.g., tasks/main.yml).  
Do not include hosts:, vars:, or any playbook-level headers. Only output valid task entries or blocks as expected in a role.  

Task 1: ...
Description Task 1: ...

Task 2: ...
Description Task 2: ...

Task 3: ...
Description Task 3: ...
..."

Guidelines:
- Each task should be short and clearly describe one specific action.
- The tasks must match the actual tasks in the playbook **both in content and order**.
- Use the exact terminology and labels as used in the playbook (e.g., “install nginx” instead of “install web server”).
- Provide a more detailed description of the task next to each task
- Include the exact names of variables, handlers, etc. used in the playbook.

Here is the Ansible Playbook:
---
# tasks file for buildtools

- name: Install buildtools
  ansible.builtin.package:
    name: "{{ buildtools_packages }}"
    state: present


Total input tokens: 316
___________________________________________LLM Output:___________________________________________ 
Below you will receive task descriptions from which you should generate an Ansible Playbook.  
The generated playbook must be valid inside an Ansible Role under the tasks/ directory (e.g., tasks/main.yml).  
Do not include hosts:, vars:, or any playbook-level headers. Only output valid task entries or blocks as expected in a role.  

Task 1: Install buildtools
Description Task 1: Install the packages defined in the variable buildtools_packages.

Tue Sep 30 15:12:58 2025: /home/studgoetsi5301/documents/ansible_bench/dataset/prompts/ollama_qwen2.5:14b_english_exact/benchmark100/ansible-role-buildtools-buluma/tasks/main_prompt.txt Total generation time: 1.9524717650056118


Prompt: You are a professional developer. Below you will find a complete Ansible Playbook. This playbook was generated based on a prompt. Your task is to reconstruct the original prompt that could have been used to generate this playbook.

Important: The only output follows the format below. Do not include any explanations or comments before or after.

The reconstructed prompt must exactly follow the structure below:

"Below you will receive task descriptions from which you should generate an Ansible Playbook.  
The generated playbook must be valid inside an Ansible Role under the tasks/ directory (e.g., tasks/main.yml).  
Do not include hosts:, vars:, or any playbook-level headers. Only output valid task entries or blocks as expected in a role.  

Task 1: ...
Description Task 1: ...

Task 2: ...
Description Task 2: ...

Task 3: ...
Description Task 3: ...
..."

Guidelines:
- Each task should be short and clearly describe one specific action.
- The tasks must match the actual tasks in the playbook **both in content and order**.
- Use the exact terminology and labels as used in the playbook (e.g., “install nginx” instead of “install web server”).
- Provide a more detailed description of the task next to each task
- Include the exact names of variables, handlers, etc. used in the playbook.

Here is the Ansible Playbook:
---
# Remove EXTERNALLY-MANAGED file if we're on Debian12
# Related issue: https://github.com/geerlingguy/ansible-role-pip/issues/57
- name: debian12 | Get python3 version installed
  ansible.builtin.command: python3 --version
  register: py3ver
  changed_when: false
  tags:
    - molecule-notest

- name: debian12 | Remove EXTERNALLY-MANAGED
  ansible.builtin.file:
    path: /usr/lib/python3.11/EXTERNALLY-MANAGED
    state: absent
  when: py3ver is defined and py3ver.stdout.find("3.11") != -1
  tags:
    - molecule-notest


Total input tokens: 446
___________________________________________LLM Output:___________________________________________ 
Below you will receive task descriptions from which you should generate an Ansible Playbook.  
The generated playbook must be valid inside an Ansible Role under the tasks/ directory (e.g., tasks/main.yml).  
Do not include hosts:, vars:, or any playbook-level headers. Only output valid task entries or blocks as expected in a role.  

Task 1: Get python3 version installed
Description Task 1: Execute the command to get the Python3 version installed on the system and register the output to the variable py3ver. The task should not change any state.

Task 2: Remove EXTERNALLY-MANAGED file if we're on Debian12
Description Task 2: Remove the /usr/lib/python3.11/EXTERNALLY-MANAGED file if the Python3 version is 3.11. The task should only execute if the py3ver variable is defined and the Python3 version is 3.11.

Tue Sep 30 15:13:02 2025: /home/studgoetsi5301/documents/ansible_bench/dataset/prompts/ollama_qwen2.5:14b_english_exact/benchmark100/ansible-role-pip/tasks/debian12_prompt.txt Total generation time: 3.6974385819921736


Prompt: You are a professional developer. Below you will find a complete Ansible Playbook. This playbook was generated based on a prompt. Your task is to reconstruct the original prompt that could have been used to generate this playbook.

Important: The only output follows the format below. Do not include any explanations or comments before or after.

The reconstructed prompt must exactly follow the structure below:

"Below you will receive task descriptions from which you should generate an Ansible Playbook.  
The generated playbook must be valid inside an Ansible Role under the tasks/ directory (e.g., tasks/main.yml).  
Do not include hosts:, vars:, or any playbook-level headers. Only output valid task entries or blocks as expected in a role.  

Task 1: ...
Description Task 1: ...

Task 2: ...
Description Task 2: ...

Task 3: ...
Description Task 3: ...
..."

Guidelines:
- Each task should be short and clearly describe one specific action.
- The tasks must match the actual tasks in the playbook **both in content and order**.
- Use the exact terminology and labels as used in the playbook (e.g., “install nginx” instead of “install web server”).
- Provide a more detailed description of the task next to each task
- Include the exact names of variables, handlers, etc. used in the playbook.

Here is the Ansible Playbook:
---
- name: Remove externally managed from Debian 12
  ansible.builtin.import_tasks: debian12.yml
  when:
    - ansible_distribution == "Debian"
    - ansible_distribution_major_version|int >= 12

- name: Ensure Pip is installed.
  ansible.builtin.package:
    name: "{{ pip_package }}"
    state: present

- name: Ensure packaging is available via dnf
  ansible.builtin.package:
    name: python3-packaging
    state: present

- name: Ensure pip_install_packages are installed.
  ansible.builtin.pip:
    name: "{{ item.name | default(item) }}"
    version: "{{ item.version | default(omit) }}"
    virtualenv: "{{ item.virtualenv | default(omit) }}"
    state: "{{ item.state | default(omit) }}"
    extra_args: "{{ item.extra_args | default(omit) }}"
    executable: "{{ item.virtualenv | default(false) | ternary(omit, pip_executable) }}"
  loop: "{{ pip_install_packages }}"

 29%|██▉       | 29/100 [02:38<05:05,  4.30s/it] 30%|███       | 30/100 [02:41<04:45,  4.08s/it]
Total input tokens: 498
___________________________________________LLM Output:___________________________________________ 
Below you will receive task descriptions from which you should generate an Ansible Playbook.  
The generated playbook must be valid inside an Ansible Role under the tasks/ directory (e.g., tasks/main.yml).  
Do not include hosts:, vars:, or any playbook-level headers. Only output valid task entries or blocks as expected in a role.  

Task 1: Remove externally managed from Debian 12
Description Task 1: Remove externally managed configuration files in Debian 12 systems.

Task 2: Ensure Pip is installed.
Description Task 2: Install the Python package 'pip' if it is not already present.

Task 3: Ensure packaging is available via dnf
Description Task 3: Install the python3-packaging package via dnf, ensuring the availability of packaging utilities.

Task 4: Ensure pip_install_packages are installed.
Description Task 4: Install specified Python packages using pip, with optional parameters like version, virtual environment, and extra arguments.

Tue Sep 30 15:13:06 2025: /home/studgoetsi5301/documents/ansible_bench/dataset/prompts/ollama_qwen2.5:14b_english_exact/benchmark100/ansible-role-pip/tasks/main_prompt.txt Total generation time: 3.67976666901086


Prompt: You are a professional developer. Below you will find a complete Ansible Playbook. This playbook was generated based on a prompt. Your task is to reconstruct the original prompt that could have been used to generate this playbook.

Important: The only output follows the format below. Do not include any explanations or comments before or after.

The reconstructed prompt must exactly follow the structure below:

"Below you will receive task descriptions from which you should generate an Ansible Playbook.  
The generated playbook must be valid inside an Ansible Role under the tasks/ directory (e.g., tasks/main.yml).  
Do not include hosts:, vars:, or any playbook-level headers. Only output valid task entries or blocks as expected in a role.  

Task 1: ...
Description Task 1: ...

Task 2: ...
Description Task 2: ...

Task 3: ...
Description Task 3: ...
..."

Guidelines:
- Each task should be short and clearly describe one specific action.
- The tasks must match the actual tasks in the playbook **both in content and order**.
- Use the exact terminology and labels as used in the playbook (e.g., “install nginx” instead of “install web server”).
- Provide a more detailed description of the task next to each task
- Include the exact names of variables, handlers, etc. used in the playbook.

Here is the Ansible Playbook:
---
- name: Check if Helm binary exists.
  stat:
    path: "{{ helm_bin_path }}"
  register: helm_check

- name: Check Helm version.
  command: "{{ helm_bin_path }} version"
  failed_when: false
  changed_when: false
  register: helm_existing_version

- name: Download helm.
  unarchive:
    src: "{{ helm_repo_path }}/helm-{{ helm_version }}-{{ helm_platform }}-{{ helm_arch }}.tar.gz"
    dest: /tmp
    remote_src: true
    mode: 0755
  register: helm_download
  when: >
    not helm_check.stat.exists
    or helm_version not in helm_existing_version.stdout

- name: Copy helm binary into place.
  copy:
    src: "/tmp/{{ helm_platform }}-{{ helm_arch }}/helm"
    dest: "{{ helm_bin_path }}"
    mode: 0755
    remote_src: true
  become: true
  when: helm_download is changed


Total input tokens: 496
___________________________________________LLM Output:___________________________________________ 
Below you will receive task descriptions from which you should generate an Ansible Playbook.  
The generated playbook must be valid inside an Ansible Role under the tasks/ directory (e.g., tasks/main.yml).  
Do not include hosts:, vars:, or any playbook-level headers. Only output valid task entries or blocks as expected in a role.  

Task 1: Check if Helm binary exists.
Description Task 1: Verify if the Helm binary exists at the specified path.

Task 2: Check Helm version.
Description Task 2: Check the installed version of Helm if the binary exists.

Task 3: Download helm.
Description Task 3: Download the Helm binary from a specified repository if the binary does not exist or if the installed version is outdated.

Task 4: Copy helm binary into place.
Description Task 4: Copy the downloaded Helm binary to the specified location with the correct permissions.

Tue Sep 30 15:13:09 2025: /home/studgoetsi5301/documents/ansible_bench/dataset/prompts/ollama_qwen2.5:14b_english_exact/benchmark100/ansible-role-helm/tasks/main_prompt.txt Total generation time: 3.56723355599388


Prompt: You are a professional developer. Below you will find a complete Ansible Playbook. This playbook was generated based on a prompt. Your task is to reconstruct the original prompt that could have been used to generate this playbook.

Important: The only output follows the format below. Do not include any explanations or comments before or after.

The reconstructed prompt must exactly follow the structure below:

"Below you will receive task descriptions from which you should generate an Ansible Playbook.  
The generated playbook must be valid inside an Ansible Role under the tasks/ directory (e.g., tasks/main.yml).  
Do not include hosts:, vars:, or any playbook-level headers. Only output valid task entries or blocks as expected in a role.  

Task 1: ...
Description Task 1: ...

Task 2: ...
Description Task 2: ...

Task 3: ...
Description Task 3: ...
..."

Guidelines:
- Each task should be short and clearly describe one specific action.
- The tasks must match the actual tasks in the playbook **both in content and order**.
- Use the exact terminology and labels as used in the playbook (e.g., “install nginx” instead of “install web server”).
- Provide a more detailed description of the task next to each task
- Include the exact names of variables, handlers, etc. used in the playbook.

Here is the Ansible Playbook:
---

- name: gather_facts | Lookup bootstrap facts
  ansible.builtin.raw: "cat /etc/os-release"
  become: false
  check_mode: false
  register: bootstrap_facts
  changed_when: false

- name: gather_facts | Set bootstrap facts (I)
  ansible.builtin.set_fact:
    bootstrap_distribution: "{{ item }}"
    bootstrap_distribution_major_version: "{{ bootstrap_facts.stdout_lines | join(',') | regex_replace('^.*VERSION_ID=\"(\\d{1,2})(\\.\\d{1,4})*?\".*$', '\\1') | default('NA') }}"
  loop: "{{ bootstrap_os_family_map | dict2items | map(attribute='value') | flatten }}"
  when:
    - bootstrap_facts.rc == 0
    - bootstrap_distribution is not defined
    - bootstrap_facts.stdout is regex('PRETTY_NAME=.'~ bootstrap_search[item] | default(item) ~'.*')
  become: false

- name: gather_facts | Set bootstrap facts (II)
  ansible.builtin.set_fact:
    bootstrap_os_family: "{{ item.key }}"
  loop: "{{ bootstrap_os_family_map | dict2items }}"
  loop_control:
    label: "{{ item.key }}"
  when:
    - bootstrap_distribution in item.value
  become: false


Total input tokens: 553
___________________________________________LLM Output:___________________________________________ 
Below you will receive task descriptions from which you should generate an Ansible Playbook.  
The generated playbook must be valid inside an Ansible Role under the tasks/ directory (e.g., tasks/main.yml).  
Do not include hosts:, vars:, or any playbook-level headers. Only output valid task entries or blocks as expected in a role.  

Task 1: gather_facts | Lookup bootstrap facts
Description Task 1: Collect information from the /etc/os-release file to gather OS-specific facts.

Task 2: gather_facts | Set bootstrap facts (I)
Description Task 2: Set distribution name and major version based on the collected facts. Use a loop to iterate over the bootstrap_os_family_map and apply regex to extract the major version number.

Task 3: gather_facts | Set bootstrap facts (II)
Description Task 3: Determine the OS family based on the distribution name and the predefined bootstrap_os_family_map.

Tue Sep 30 15:13:13 2025: /home/studgoetsi5301/documents/ansible_bench/dataset/prompts/ollama_qwen2.5:14b_english_exact/benchmark100/ansible-role-bootstrap/tasks/gather_facts_prompt.txt Total generation time: 31%|███       | 31/100 [02:45<04:36,  4.00s/it] 32%|███▏      | 32/100 [02:51<05:02,  4.45s/it] 3.8044632429955527


Prompt: You are a professional developer. Below you will find a complete Ansible Playbook. This playbook was generated based on a prompt. Your task is to reconstruct the original prompt that could have been used to generate this playbook.

Important: The only output follows the format below. Do not include any explanations or comments before or after.

The reconstructed prompt must exactly follow the structure below:

"Below you will receive task descriptions from which you should generate an Ansible Playbook.  
The generated playbook must be valid inside an Ansible Role under the tasks/ directory (e.g., tasks/main.yml).  
Do not include hosts:, vars:, or any playbook-level headers. Only output valid task entries or blocks as expected in a role.  

Task 1: ...
Description Task 1: ...

Task 2: ...
Description Task 2: ...

Task 3: ...
Description Task 3: ...
..."

Guidelines:
- Each task should be short and clearly describe one specific action.
- The tasks must match the actual tasks in the playbook **both in content and order**.
- Use the exact terminology and labels as used in the playbook (e.g., “install nginx” instead of “install web server”).
- Provide a more detailed description of the task next to each task
- Include the exact names of variables, handlers, etc. used in the playbook.

Here is the Ansible Playbook:
---
# tasks file for bootstrap

- name: Import assert.yml
  ansible.builtin.import_tasks:
    file: assert.yml
  run_once: true
  delegate_to: localhost

- name: Wait for port to be available
  ansible.builtin.wait_for:
    port: "{{ ansible_port | default('22') }}"
    timeout: "{{ bootstrap_timeout }}"
  become: false
  when:
    - ansible_connection is defined
    - ansible_connection not in [ "container", "docker", "community.docker.docker" ]
    - ansible_connection is not none
    - bootstrap_wait_for_host

- name: Prepare system
  # At this stage, python and/or sudo are not installed, `become` can't be used.
  # This means this role has to run as root, can't switch user.
  become: false
  block:
    - name: Test connection
      ansible.builtin.wait_for_connection:
        timeout: "{{ bootstrap_timeout }}"
      register: bootstrap_connect
      changed_when: false
    - name: Test sudo
      ansible.builtin.command:
        cmd: sudo --version
      changed_when: false
  rescue:
    - name: Gather bootstrap facts
      ansible.builtin.include_tasks:
        file: gather_facts.yml

    - name: Install bootstrap packages (raw)
      ansible.builtin.raw: "{{ bootstrap_install.raw }}"
      args:
        executable: /bin/sh
      register: bootstrap_install_packages
      changed_when:
        - (bootstrap_install.stdout_regex in bootstrap_install_packages.stdout and
           bootstrap_os_family in [ "Alpine", "Archlinux", "Gentoo" ]) or
          (bootstrap_install.stdout_regex not in bootstrap_install_packages.stdout and
           bootstrap_os_family in [ "Debian", "RedHat", "Rocky", "Suse" ])

- name: Gather ansible facts
  ansible.builtin.setup:
  become: false

- name: Install bootstrap packages (package)
  ansible.builtin.package:
    name: "{{ item }}"
    state: present
    update_cache: true
  loop: "{{ bootstrap_facts_packages.split() }}"
  become: "{{ bootstrap_become }}"


Total input tokens: 732
___________________________________________LLM Output:___________________________________________ 
Below you will receive task descriptions from which you should generate an Ansible Playbook.  
The generated playbook must be valid inside an Ansible Role under the tasks/ directory (e.g., tasks/main.yml).  
Do not include hosts:, vars:, or any playbook-level headers. Only output valid task entries or blocks as expected in a role.  

Task 1: Import assert.yml
Description Task 1: Import assert.yml file for validation purposes, ensuring tasks are only executed once by delegating to localhost.

Task 2: Wait for port to be available
Description Task 2: Wait for a specified port to become available, using a timeout value defined in the variable bootstrap_timeout. This task ensures the playbook does not proceed before the connection is up and running.

Task 3: Prepare system
Description Task 3: Prepare the system by testing the connection and sudo availability without using 'become' as python and sudo might not be installed yet. If issues arise, gather bootstrap facts and install necessary packages using the raw module.

Task 4: Gather ansible facts
Description Task 4: Gather facts about the system using the setup module. This helps in understanding the current state of the system before proceeding with further tasks.

Task 5: Install bootstrap packages (package)
Description Task 5: Install a list of packages specified in the bootstrap_facts_packages variable. This task uses the package module and updates the cache to ensure the latest package information is used.

Tue Sep 30 15:13:19 2025: /home/studgoetsi5301/documents/ansible_bench/dataset/prompts/ollama_qwen2.5:14b_english_exact/benchmark100/ansible-role-bootstrap/tasks/main_prompt.txt Total generation time: 5.506680691003567


Prompt: You are a professional developer. Below you will find a complete Ansible Playbook. This playbook was generated based on a prompt. Your task is to reconstruct the original prompt that could have been used to generate this playbook.

Important: The only output follows the format below. Do not include any explanations or comments before or after.

The reconstructed prompt must exactly follow the structure below:

"Below you will receive task descriptions from which you should generate an Ansible Playbook.  
The generated playbook must be valid inside an Ansible Role under the tasks/ directory (e.g., tasks/main.yml).  
Do not include hosts:, vars:, or any playbook-level headers. Only output valid task entries or blocks as expected in a role.  

Task 1: ...
Description Task 1: ...

Task 2: ...
Description Task 2: ...

Task 3: ...
Description Task 3: ...
..."

Guidelines:
- Each task should be short and clearly describe one specific action.
- The tasks must match the actual tasks in the playbook **both in content and order**.
- Use the exact terminology and labels as used in the playbook (e.g., “install nginx” instead of “install web server”).
- Provide a more detailed description of the task next to each task
- Include the exact names of variables, handlers, etc. used in the playbook.

Here is the Ansible Playbook:
---

- name: server | Ensure /etc/openvpn/easy-rsa exists
  ansible.builtin.file:
    path: /etc/openvpn/easy-rsa
    state: directory
    mode: "0755"

- name: server | Easyrsa init-pki
  ansible.builtin.command:
    cmd: "{{ openvpn_easyrsa_path }}/easyrsa init-pki"
    chdir: /etc/openvpn/easy-rsa
    creates: /etc/openvpn/easy-rsa/pki

- name: server | Easyrsa build-ca
  ansible.builtin.command:
    cmd: "{{ openvpn_easyrsa_path }}/easyrsa build-ca nopass"
    chdir: /etc/openvpn/easy-rsa
    creates: /etc/openvpn/easy-rsa/pki/ca.crt
  environment:
    EASYRSA_BATCH: "yes"

- name: server | Easyrsa gen-dh
  ansible.builtin.command:
    cmd: "{{ openvpn_easyrsa_path }}/easyrsa gen-dh"
    chdir: /etc/openvpn/easy-rsa
    creates: /etc/openvpn/easy-rsa/pki/dh.pem

- name: server | Easyrsa build-server-full server nopass
  ansible.builtin.command:
    cmd: "{{ openvpn_easyrsa_path }}/easyrsa build-server-full server nopass"
    chdir: /etc/openvpn/easy-rsa
    creates: /etc/openvpn/easy-rsa/pki/issued/server.crt
  environment:
    EASYRSA_BATCH: "yes"

- name: server | Easyrsa build-client-full client nopass
  ansible.builtin.command:
    cmd: "{{ openvpn_easyrsa_path }}/easyrsa build-client-full client nopass"
    chdir: /etc/openvpn/easy-rsa
    creates: /etc/openvpn/easy-rsa/pki/issued/client.crt
  environment:
    EASYRSA_BATCH: "yes"

- name: server | Easyrsa gen-crl
  ansible.builtin.command:
    cmd: "{{ openvpn_easyrsa_path }}/easyrsa gen-crl"
    chdir: /etc/openvpn/easy-rsa
    creates: /etc/openvpn/easy-rsa/pki/crl.pem

- name: server | Openvpn --genkey --secret /etc/openvpn/easy-rsa/pki/ta.key
  ansible.builtin.command:
    cmd: openvpn --genkey --secret /etc/openvpn/easy-rsa/pki/ta.key
    creates: /etc/openvpn/easy-rsa/pki/ta.key

- name: server | Copy files to /etc/openvpn/server
  ansible.builtin.copy:
    src: /etc/openvpn/easy-rsa/pki/{{ item }}
    dest: /etc/openvpn/server/{{ item | basename }}
    mode: "0640"
    remote_src: true
  loop:
    - ca.crt
    - dh.pem
    - ta.key
    - issued/client.crt
    - issued/server.crt
    - private/ca.key
    - private/client.key
    - private/server.key

- name: server | Copy files to /etc/openvpn
  ansible.builtin.copy:
    src: /etc/openvpn/easy-rsa/pki/{{ item }}
    dest: /etc/openvpn/{{ item | basename }}
    mode: "0640"
    remote_src: true
  loop:
    - ca.crt
    - ta.key

- name: server | Place server.conf
  ansible.builtin.template:
    src: server.conf.j2
    dest: "{{ openvpn_configuration_directory }}/server.conf"
    owner: root
    group: "{{ openvpn_group }}"
    mode: "0640"
  notify:
    - Restart openvpn

 33%|███▎      | 33/100 [03:00<06:27,  5.78s/it] 34%|███▍      | 34/100 [03:03<05:28,  4.98s/it]
Total input tokens: 1081
___________________________________________LLM Output:___________________________________________ 
Below you will receive task descriptions from which you should generate an Ansible Playbook.  
The generated playbook must be valid inside an Ansible Role under the tasks/ directory (e.g., tasks/main.yml).  
Do not include hosts:, vars:, or any playbook-level headers. Only output valid task entries or blocks as expected in a role.  

Task 1: Ensure /etc/openvpn/easy-rsa directory exists
Description Task 1: Ensure the directory /etc/openvpn/easy-rsa exists with mode 0755.

Task 2: Easyrsa init-pki
Description Task 2: Initialize PKI in /etc/openvpn/easy-rsa directory if it doesn't already exist.

Task 3: Easyrsa build-ca
Description Task 3: Build the Certificate Authority (CA) without interactive prompts if the CA certificate does not already exist.

Task 4: Easyrsa gen-dh
Description Task 4: Generate Diffie-Hellman parameters if they do not already exist.

Task 5: Easyrsa build-server-full server nopass
Description Task 5: Build a server certificate and key without interactive prompts if the server certificate does not already exist.

Task 6: Easyrsa build-client-full client nopass
Description Task 6: Build a client certificate and key without interactive prompts if the client certificate does not already exist.

Task 7: Easyrsa gen-crl
Description Task 7: Generate a Certificate Revocation List (CRL) if it does not already exist.

Task 8: Openvpn --genkey --secret /etc/openvpn/easy-rsa/pki/ta.key
Description Task 8: Generate a static key for the OpenVPN tunnel if the static key does not already exist.

Task 9: Copy files to /etc/openvpn/server
Description Task 9: Copy necessary files from /etc/openvpn/easy-rsa/pki to /etc/openvpn/server directory with appropriate permissions.

Task 10: Copy files to /etc/openvpn
Description Task 10: Copy necessary files from /etc/openvpn/easy-rsa/pki to /etc/openvpn directory with appropriate permissions.

Task 11: Place server.conf
Description Task 11: Place the server configuration file using a template and notify the handler to restart openvpn service after the file is placed.

Tue Sep 30 15:13:28 2025: /home/studgoetsi5301/documents/ansible_bench/dataset/prompts/ollama_qwen2.5:14b_english_exact/benchmark100/ansible-role-openvpn/tasks/server_prompt.txt Total generation time: 8.873256368999137


Prompt: You are a professional developer. Below you will find a complete Ansible Playbook. This playbook was generated based on a prompt. Your task is to reconstruct the original prompt that could have been used to generate this playbook.

Important: The only output follows the format below. Do not include any explanations or comments before or after.

The reconstructed prompt must exactly follow the structure below:

"Below you will receive task descriptions from which you should generate an Ansible Playbook.  
The generated playbook must be valid inside an Ansible Role under the tasks/ directory (e.g., tasks/main.yml).  
Do not include hosts:, vars:, or any playbook-level headers. Only output valid task entries or blocks as expected in a role.  

Task 1: ...
Description Task 1: ...

Task 2: ...
Description Task 2: ...

Task 3: ...
Description Task 3: ...
..."

Guidelines:
- Each task should be short and clearly describe one specific action.
- The tasks must match the actual tasks in the playbook **both in content and order**.
- Use the exact terminology and labels as used in the playbook (e.g., “install nginx” instead of “install web server”).
- Provide a more detailed description of the task next to each task
- Include the exact names of variables, handlers, etc. used in the playbook.

Here is the Ansible Playbook:
---

- name: client | Ensure /etc/openvpn/client exists
  ansible.builtin.file:
    path: /etc/openvpn/client
    state: directory
    owner: root
    group: "{{ openvpn_group }}"
    mode: "0750"

- name: client | Place client.conf
  ansible.builtin.template:
    src: client.conf.j2
    dest: "{{ openvpn_configuration_directory }}/client.conf"
    owner: root
    group: "{{ openvpn_group }}"
    mode: "0640"
  notify:
    - Restart openvpn


Total input tokens: 404
___________________________________________LLM Output:___________________________________________ 
Below you will receive task descriptions from which you should generate an Ansible Playbook.  
The generated playbook must be valid inside an Ansible Role under the tasks/ directory (e.g., tasks/main.yml).  
Do not include hosts:, vars:, or any playbook-level headers. Only output valid task entries or blocks as expected in a role.  

Task 1: Ensure /etc/openvpn/client exists
Description Task 1: Create the directory /etc/openvpn/client with the correct permissions and ownership for storing client-specific OpenVPN configuration files.

Task 2: Place client.conf
Description Task 2: Copy the client.conf template file to the appropriate location with the specified permissions and notify the handler to restart the OpenVPN service after the file is placed.

Tue Sep 30 15:13:31 2025: /home/studgoetsi5301/documents/ansible_bench/dataset/prompts/ollama_qwen2.5:14b_english_exact/benchmark100/ansible-role-openvpn/tasks/client_prompt.txt Total generation time: 3.119615130999591


Prompt: You are a professional developer. Below you will find a complete Ansible Playbook. This playbook was generated based on a prompt. Your task is to reconstruct the original prompt that could have been used to generate this playbook.

Important: The only output follows the format below. Do not include any explanations or comments before or after.

The reconstructed prompt must exactly follow the structure below:

"Below you will receive task descriptions from which you should generate an Ansible Playbook.  
The generated playbook must be valid inside an Ansible Role under the tasks/ directory (e.g., tasks/main.yml).  
Do not include hosts:, vars:, or any playbook-level headers. Only output valid task entries or blocks as expected in a role.  

Task 1: ...
Description Task 1: ...

Task 2: ...
Description Task 2: ...

Task 3: ...
Description Task 3: ...
..."

Guidelines:
- Each task should be short and clearly describe one specific action.
- The tasks must match the actual tasks in the playbook **both in content and order**.
- Use the exact terminology and labels as used in the playbook (e.g., “install nginx” instead of “install web server”).
- Provide a more detailed description of the task next to each task
- Include the exact names of variables, handlers, etc. used in the playbook.

Here is the Ansible Playbook:
---
# tasks file for openvpn

- name: Import assert.yml
  ansible.builtin.import_tasks:
    file: assert.yml
  run_once: true
  delegate_to: localhost

- name: Install openvpn packages
  ansible.builtin.package:
    name: "{{ openvpn_packages }}"
    state: present

- name: Setup openvpn server or client
  ansible.builtin.include_tasks:
    file: "{{ openvpn_role }}.yml"

- name: Start and enable openvpn
  ansible.builtin.service:
    name: "{{ openvpn_service }}"
    state: started
    enabled: true


Total input tokens: 411
___________________________________________LLM Output:___________________________________________ 
Below you will receive task descriptions from which you should generate an Ansible Playbook.  
The generated playbook must be valid inside an Ansible Role under the tasks/ directory (e.g., tasks/main.yml).  
Do not include hosts:, vars:, or any playbook-level headers. Only output valid task entries or blocks as expected in a role.  

Task 1: Import assert.yml
Description Task 1: Import the assert.yml file to run common assertions once on the control machine.

Task 2: Install openvpn packages
Description Task 2: Install the required openvpn packages as specified by the variable openvpn_packages.

Task 3: Setup openvpn server or client
Description Task 3: Include tasks based on the value of the variable openvpn_role to configure the openvpn server or client.

Task 4: Start and enable openvpn
Description Task 4: Start the openvpn service and set it to start on boot as specified by the variable openvpn_service. 35%|███▌      | 35/100 [03:07<05:04,  4.68s/it] 36%|███▌      | 36/100 [03:10<04:32,  4.26s/it]

Tue Sep 30 15:13:35 2025: /home/studgoetsi5301/documents/ansible_bench/dataset/prompts/ollama_qwen2.5:14b_english_exact/benchmark100/ansible-role-openvpn/tasks/main_prompt.txt Total generation time: 3.9900858379987767


Prompt: You are a professional developer. Below you will find a complete Ansible Playbook. This playbook was generated based on a prompt. Your task is to reconstruct the original prompt that could have been used to generate this playbook.

Important: The only output follows the format below. Do not include any explanations or comments before or after.

The reconstructed prompt must exactly follow the structure below:

"Below you will receive task descriptions from which you should generate an Ansible Playbook.  
The generated playbook must be valid inside an Ansible Role under the tasks/ directory (e.g., tasks/main.yml).  
Do not include hosts:, vars:, or any playbook-level headers. Only output valid task entries or blocks as expected in a role.  

Task 1: ...
Description Task 1: ...

Task 2: ...
Description Task 2: ...

Task 3: ...
Description Task 3: ...
..."

Guidelines:
- Each task should be short and clearly describe one specific action.
- The tasks must match the actual tasks in the playbook **both in content and order**.
- Use the exact terminology and labels as used in the playbook (e.g., “install nginx” instead of “install web server”).
- Provide a more detailed description of the task next to each task
- Include the exact names of variables, handlers, etc. used in the playbook.

Here is the Ansible Playbook:
---
# tasks file for core_dependencies

- name: Remove conflicting packages
  ansible.builtin.package:
    name: "{{ core_dependencies_conflicting_packages }}"
    state: absent

- name: Install packages
  ansible.builtin.package:
    name: "{{ core_dependencies_packages }}"
    update_cache: true
  notify:
    - Gather facts

- name: Flush handlers
  ansible.builtin.meta: flush_handlers


Total input tokens: 367
___________________________________________LLM Output:___________________________________________ 
Below you will receive task descriptions from which you should generate an Ansible Playbook.  
The generated playbook must be valid inside an Ansible Role under the tasks/ directory (e.g., tasks/main.yml).  
Do not include hosts:, vars:, or any playbook-level headers. Only output valid task entries or blocks as expected in a role.  

Task 1: Remove conflicting packages
Description Task 1: Remove packages that conflict with the core dependencies as specified in the variable core_dependencies_conflicting_packages.

Task 2: Install packages
Description Task 2: Install the required packages as specified in the variable core_dependencies_packages and update the package cache. This task will notify the handler Gather facts upon completion.

Task 3: Flush handlers
Description Task 3: Flush all handlers to ensure that any pending handlers are executed.

Tue Sep 30 15:13:38 2025: /home/studgoetsi5301/documents/ansible_bench/dataset/prompts/ollama_qwen2.5:14b_english_exact/benchmark100/ansible-role-core_dependencies-buluma/tasks/main_prompt.txt Total generation time: 3.278288376008277


Prompt: You are a professional developer. Below you will find a complete Ansible Playbook. This playbook was generated based on a prompt. Your task is to reconstruct the original prompt that could have been used to generate this playbook.

Important: The only output follows the format below. Do not include any explanations or comments before or after.

The reconstructed prompt must exactly follow the structure below:

"Below you will receive task descriptions from which you should generate an Ansible Playbook.  
The generated playbook must be valid inside an Ansible Role under the tasks/ directory (e.g., tasks/main.yml).  
Do not include hosts:, vars:, or any playbook-level headers. Only output valid task entries or blocks as expected in a role.  

Task 1: ...
Description Task 1: ...

Task 2: ...
Description Task 2: ...

Task 3: ...
Description Task 3: ...
..."

Guidelines:
- Each task should be short and clearly describe one specific action.
- The tasks must match the actual tasks in the playbook **both in content and order**.
- Use the exact terminology and labels as used in the playbook (e.g., “install nginx” instead of “install web server”).
- Provide a more detailed description of the task next to each task
- Include the exact names of variables, handlers, etc. used in the playbook.

Here is the Ansible Playbook:
---

- name: create | Create ssl key
  community.crypto.openssl_privatekey:
    path: "{{ openssl_key_directory }}/{{ item.name }}.key"
    mode: "600"
    owner: "{{ openssl_file_owner }}"
    group: "{{ openssl_file_group }}"

- name: create | Create ssl csr
  community.crypto.openssl_csr:
    path: "{{ openssl_csr_directory }}/{{ item.name }}.csr"
    privatekey_path: "{{ openssl_key_directory }}/{{ item.name }}.key"
    common_name: "{{ item.common_name }}"
    mode: "640"
    owner: "{{ openssl_file_owner }}"
    group: "{{ openssl_file_group }}"

- name: create | Create ssl certificates
  community.crypto.x509_certificate:
    path: "{{ openssl_crt_directory }}/{{ item.name }}.crt"
    privatekey_path: "{{ openssl_key_directory }}/{{ item.name }}.key"
    csr_path: "{{ openssl_csr_directory }}/{{ item.name }}.csr"
    provider: selfsigned
    mode: "640"
    owner: "{{ openssl_file_owner }}"
    group: "{{ openssl_file_group }}"

- name: create | Create PKCS#12 file
  community.crypto.openssl_pkcs12:
    action: export
    path: "{{ openssl_key_directory }}/{{ item.name }}.p12"
    friendly_name: "{{ item.name }}"
    privatekey_path: "{{ openssl_key_directory }}/{{ item.name }}.key"
    certificate_path: "{{ openssl_crt_directory }}/{{ item.name }}.crt"
    state: present
    mode: "600"
    owner: "{{ openssl_file_owner }}"
    group: "{{ openssl_file_group }}"

- name: create | Read private key
  ansible.builtin.slurp:
    src: "{{ openssl_key_directory }}/{{ item.name }}.key"
  register: openssl_private_key

- name: create | Read certificate
  ansible.builtin.slurp:
    src: "{{ openssl_crt_directory }}/{{ item.name }}.crt"
  register: openssl_certifcate

- name: create | Create combined private_key and certificate file
  ansible.builtin.copy:
    dest: "{{ openssl_key_directory }}/{{ item.name }}.keycrt"
    content: |-
      {{ openssl_private_key.content | b64decode | trim }}
      {{ openssl_certifcate.content | b64decode | trim }}
    mode: "600"
    owner: "{{ openssl_file_owner }}"
    group: "{{ openssl_file_group }}"


Total input tokens: 817
___________________________________________LLM Output:___________________________________________ 
Below you will receive task descriptions from which you should generate an Ansible Playbook.  
The generated playbook must be valid inside an Ansible Role under the tasks/ directory (e.g., tasks/main.yml).  
Do not include hosts:, vars:, or any playbook-level headers. Only output valid task entries or blocks as expected in a role.  

Task 1: create | Create ssl key
Description Task 1: Create a private SSL key for each item in the inventory, ensuring it is stored in the specified directory with correct permissions and ownership.

Task 2: create | Create ssl csr
Description Task 2: Generate a Certificate Signing Request (CSR) for each item in the inventory, using the corresponding private key and common name, and save it with the appropriate permissions and ownership.

Task 3: create | Create ssl certificates
Description Task 3: Create self-signed SSL certificates for each item in the inventory, using the CSR and private key, and store them with the correct permissions and ownership.

Task 4: create | Create PKCS#12 file
Description Task 4: Export the private key and certificate for each item in the inventory into a PKCS#12 file format, ensuring it is stored securely with correct permissions and ownership.

Task 5: create | Read private key
Description Task 5: Read and register the contents of the private key file for each item in the inventory using base64 encoding.

Task 6: create | Read certificate
Description Task 6: Read and register the contents of the certificate file for each item in the inventory using base64 encoding.

Task 7: create | Create combined private_key and certificate file
Description Task 7: Combine the private key and certificate contents into a single file for each item in the inventory, ensuring it is stored with the correct permissions and ownership. 37%|███▋      | 37/100 [03:17<05:17,  5.04s/it] 38%|███▊      | 38/100 [03:24<05:46,  5.59s/it]

Tue Sep 30 15:13:45 2025: /home/studgoetsi5301/documents/ansible_bench/dataset/prompts/ollama_qwen2.5:14b_english_exact/benchmark100/ansible-role-openssl-robertdebock/tasks/create_prompt.txt Total generation time: 6.8506934990000445


Prompt: You are a professional developer. Below you will find a complete Ansible Playbook. This playbook was generated based on a prompt. Your task is to reconstruct the original prompt that could have been used to generate this playbook.

Important: The only output follows the format below. Do not include any explanations or comments before or after.

The reconstructed prompt must exactly follow the structure below:

"Below you will receive task descriptions from which you should generate an Ansible Playbook.  
The generated playbook must be valid inside an Ansible Role under the tasks/ directory (e.g., tasks/main.yml).  
Do not include hosts:, vars:, or any playbook-level headers. Only output valid task entries or blocks as expected in a role.  

Task 1: ...
Description Task 1: ...

Task 2: ...
Description Task 2: ...

Task 3: ...
Description Task 3: ...
..."

Guidelines:
- Each task should be short and clearly describe one specific action.
- The tasks must match the actual tasks in the playbook **both in content and order**.
- Use the exact terminology and labels as used in the playbook (e.g., “install nginx” instead of “install web server”).
- Provide a more detailed description of the task next to each task
- Include the exact names of variables, handlers, etc. used in the playbook.

Here is the Ansible Playbook:
---
# tasks file for openssl

- name: Import assert.yml
  ansible.builtin.import_tasks:
    file: assert.yml
  run_once: true
  delegate_to: localhost

- name: Install requirements
  ansible.builtin.package:
    name: "{{ openssl_requirements }}"
    state: present

- name: Install pip packages
  ansible.builtin.pip:
    name: "{{ openssl_pip_packages }}"
  when:
    - openssl_pip_packages | length > 0

- name: Create key directory
  ansible.builtin.file:
    path: "{{ openssl_key_directory }}"
    state: directory
    mode: "700"
    owner: "{{ openssl_file_owner }}"
    group: "{{ openssl_file_group }}"

- name: Create csr directory
  ansible.builtin.file:
    path: "{{ openssl_csr_directory }}"
    state: directory
    mode: "755"
    owner: "{{ openssl_file_owner }}"
    group: "{{ openssl_file_group }}"

- name: Create crt directory
  ansible.builtin.file:
    path: "{{ openssl_crt_directory }}"
    state: directory
    mode: "755"
    owner: "{{ openssl_file_owner }}"
    group: "{{ openssl_file_group }}"

- name: Include create.yml
  ansible.builtin.include_tasks:
    file: create.yml
  loop: "{{ openssl_items }}"
  loop_control:
    label: "{{ item.name }}"
  when:
    - openssl_items is defined
    - openssl_items | length > 0


Total input tokens: 596
___________________________________________LLM Output:___________________________________________ 
Below you will receive task descriptions from which you should generate an Ansible Playbook.  
The generated playbook must be valid inside an Ansible Role under the tasks/ directory (e.g., tasks/main.yml).  
Do not include hosts:, vars:, or any playbook-level headers. Only output valid task entries or blocks as expected in a role.  

Task 1: Import assert.yml
Description Task 1: Import assert.yml file from the same directory, running it only once and on the localhost.

Task 2: Install requirements
Description Task 2: Install the required packages based on the variable openssl_requirements.

Task 3: Install pip packages
Description Task 3: Install Python packages listed in the openssl_pip_packages variable using pip, only if the variable is not empty.

Task 4: Create key directory
Description Task 4: Create a directory for storing keys with the path specified in the openssl_key_directory variable, setting it to mode 700, and the ownership to the user and group defined in openssl_file_owner and openssl_file_group.

Task 5: Create csr directory
Description Task 5: Create a directory for storing certificate signing requests with the path specified in the openssl_csr_directory variable, setting it to mode 755, and the ownership to the user and group defined in openssl_file_owner and openssl_file_group.

Task 6: Create crt directory
Description Task 6: Create a directory for storing certificates with the path specified in the openssl_crt_directory variable, setting it to mode 755, and the ownership to the user and group defined in openssl_file_owner and openssl_file_group.

Task 7: Include create.yml
Description Task 7: Include the create.yml file and iterate over each item in the openssl_items list, running the included tasks for each item, if openssl_items is defined and not empty.

Tue Sep 30 15:13:52 2025: /home/studgoetsi5301/documents/ansible_bench/dataset/prompts/ollama_qwen2.5:14b_english_exact/benchmark100/ansible-role-openssl-robertdebock/tasks/main_prompt.txt Total generation time: 6.8598971019964665


Prompt: You are a professional developer. Below you will find a complete Ansible Playbook. This playbook was generated based on a prompt. Your task is to reconstruct the original prompt that could have been used to generate this playbook.

Important: The only output follows the format below. Do not include any explanations or comments before or after.

The reconstructed prompt must exactly follow the structure below:

"Below you will receive task descriptions from which you should generate an Ansible Playbook.  
The generated playbook must be valid inside an Ansible Role under the tasks/ directory (e.g., tasks/main.yml).  
Do not include hosts:, vars:, or any playbook-level headers. Only output valid task entries or blocks as expected in a role.  

Task 1: ...
Description Task 1: ...

Task 2: ...
Description Task 2: ...

Task 3: ...
Description Task 3: ...
..."

Guidelines:
- Each task should be short and clearly describe one specific action.
- The tasks must match the actual tasks in the playbook **both in content and order**.
- Use the exact terminology and labels as used in the playbook (e.g., “install nginx” instead of “install web server”).
- Provide a more detailed description of the task next to each task
- Include the exact names of variables, handlers, etc. used in the playbook.

Here is the Ansible Playbook:
---
# tasks file for logrotate

- name: Import assert.yml
  ansible.builtin.import_tasks:
    file: assert.yml
  run_once: true
  delegate_to: localhost

- name: Install logrotate
  ansible.builtin.package:
    name: "{{ logrotate_packages }}"
    state: present

- name: Configure logrotate
  ansible.builtin.template:
    src: "{{ logrotate_config_file }}.j2"
    dest: "{{ logrotate_config_directory }}/{{ logrotate_config_file }}"
    mode: "0644"

- name: Generate logrotate.d files
  ansible.builtin.template:
    src: entry.j2
    dest: "{{ logrotate_confd_directory }}/{{ item.name }}"
    mode: "0644"
  loop: "{{ logrotate_entries }}"
  when:
    - logrotate_entries is defined
    - item.state is not defined or item.state != "absent"
  loop_control:
    label: "{{ item.name }}"

- name: Remove logrotate.d files
  ansible.builtin.file:
    path: "{{ logrotate_confd_directory }}/{{ item.name }}"
    state: absent
  loop: "{{ logrotate_entries }}"
  when:
    - logrotate_entries is defined
    - item.state is defined
    - item.state == "absent"
  loop_control:
    label: "{{ item.name }}"

- name: Start logrotate
  ansible.builtin.service:
    name: "{{ logrotate_service }}"
    state: "{{ logrotate_service_state }}"
    enabled: "{{ logrotate_service_enabled }}"
  when:
    - logrotate_service != ""


Total input tokens: 619
___________________________________________LLM Output:___________________________________________ 
Below you will receive task descriptions from which you should generate an Ansible Playbook.  
The generated playbook must be valid inside an Ansible Role under the tasks/ directory (e.g., tasks/main.yml).  
Do not include hosts:, vars:, or any playbook-level headers. Only output valid task entries or blocks as expected in a role.  

Task 1: Import assert.yml
Description Task 1: Import the assert.yml file to perform assertions on the current state of the system. This should only be run once and on localhost.

Task 2: Install logrotate
Description Task 2: Install the logrotate package(s) using the package module. The package(s) are defined in the variable logrotate_packages.

Task 3: Configure logrotate
Description Task 3: Configure the main logrotate configuration file using the template module. The source template is specified in logrotate_config_file.j2 and the destination file is placed in the directory specified by logrotate_config_directory.

Task 4: Generate logrotate.d files
Description Task 4: Generate individual logrotate configuration files for each entry in the logrotate_entries variable. These entries are processed only if the state attribute is not defined or is not "absent".

Task 5: Remove logrotate.d files
Description Task 5: Remove individual logrotate configuration files for entries in logrotate_entries where the state attribute is defined and equals "absent".

Task 6: Start logrotate
Description Task 6: Start the logrotate service using the service module. The service name, state, and whether it should be enabled are defined by the variables logrotate_service, logrotate_service_state, and logrotate_service_enabled respectively. This task runs only if logrotate_service is defined. 39%|███▉      | 39/100 [03:30<06:02,  5.94s/it]

Tue Sep 30 15:13:58 2025: /home/studgoetsi5301/documents/ansible_bench/dataset/prompts/ollama_qwen2.5:14b_english_exact/benchmark100/ansible-role-logrotate/tasks/main_prompt.txt Total generation time: 6.753052892003325


Prompt: You are a professional developer. Below you will find a complete Ansible Playbook. This playbook was generated based on a prompt. Your task is to reconstruct the original prompt that could have been used to generate this playbook.

Important: The only output follows the format below. Do not include any explanations or comments before or after.

The reconstructed prompt must exactly follow the structure below:

"Below you will receive task descriptions from which you should generate an Ansible Playbook.  
The generated playbook must be valid inside an Ansible Role under the tasks/ directory (e.g., tasks/main.yml).  
Do not include hosts:, vars:, or any playbook-level headers. Only output valid task entries or blocks as expected in a role.  

Task 1: ...
Description Task 1: ...

Task 2: ...
Description Task 2: ...

Task 3: ...
Description Task 3: ...
..."

Guidelines:
- Each task should be short and clearly describe one specific action.
- The tasks must match the actual tasks in the playbook **both in content and order**.
- Use the exact terminology and labels as used in the playbook (e.g., “install nginx” instead of “install web server”).
- Provide a more detailed description of the task next to each task
- Include the exact names of variables, handlers, etc. used in the playbook.

Here is the Ansible Playbook:
---
- name: Ensure unzip package is available
  package:
    name: unzip
    state: present
    update_cache: "{{ promtail_apt_update_cache }}"

- name: Create promtail group
  group:
    name: "{{ promtail_system_group }}"
    state: present
    system: True
  when: promtail_system_group != "root"

- name: Create the promtail user
  user:
    name: "{{ promtail_system_user }}"
    group: "{{ promtail_system_group }}"
    groups: "{{ promtail_user_additional_groups }}"
    append: True
    shell: /usr/sbin/nologin
    system: True
    createhome: False
  when: promtail_system_user != "root"

- name: Ensure /usr/local/bin exists
  file:
    path: /usr/local/bin
    state: directory
    mode: 0755

- name: Create config directories
  file:
    path: "{{ item }}"
    state: directory
    owner: root
    group: "{{ promtail_system_group }}"
    mode: 0770
  loop:
    - "{{ promtail_config_dir }}"
    - "{{ promtail_config_file_sd_dir }}"
    - "{{ promtail_positions_directory }}"

- name: Create application dirs
  file:
    path: "{{ item }}"
    state: directory
    owner: "{{ promtail_system_user }}"
    group: "{{ promtail_system_group }}"
    mode: 0755
  with_items:
    - "{{ promtail_install_dir }}"
    - "{{ promtail_install_dir }}/{{ promtail_version }}"

- name: Check promtail binary
  stat:
    path: "{{ promtail_install_dir }}/{{ promtail_version }}/promtail-linux-{{ go_arch }}"
  register: promtail_binary

- name: Download promtail binaries
  get_url:
    url: "{{ promtail_dist_url }}"
    dest: "{{ promtail_tmp_dir }}/{{ promtail_version }}_promtail-linux-{{ go_arch }}.zip"
    force: True
    checksum: "{{ promtail_custom_checksum if promtail_custom_checksum else 'sha256:' + __promtail_checksum }}"
  when:
    - not promtail_binary.stat.exists
    - promtail_binary_local_dir | length == 0
    - not promtail_binary_propagate

- name: Propagate locally distributed promtail archive
  copy:
    src: "{{ promtail_binary_local_dir }}/{{ promtail_version }}_promtail-linux-{{ go_arch }}.zip"
    dest: "{{ promtail_tmp_dir }}/{{ promtail_version }}_promtail-linux-{{ go_arch }}.zip"
    mode: 0755
    owner: root
    group: root
  when:
    - not promtail_binary.stat.exists
    - promtail_binary_local_dir | length > 0
    - not promtail_binary_propagate

- name: Download promtail binaries to controller node
  get_url:
    url: "{{ promtail_dist_url }}"
    dest: "{{ promtail_tmp_dir }}/{{ promtail_version }}_promtail-linux-{{ go_arch }}.zip"
    force: True
    checksum: "{{ promtail_custom_checksum if promtail_custom_checksum else 'sha256:' + __promtail_checksum }}"
  delegate_to: localhost
  run_once: True
  when: promtail_binary_propagate

- name: Propagate promtail binaries
  copy:
    src: "{{ promtail_tmp_dir }}/{{ promtail_version }}_promtail-linux-{{ go_arch }}.zip"
    dest: "{{ promtail_tmp_dir }}/{{ promtail_version }}_promtail-linux-{{ go_arch }}.zip"
    mode: 0755
  when: promtail_binary_propagate

- name: Unpack promtail binaries
  ignore_errors: "{{ ansible_check_mode }}"
  unarchive:
    src: "{{ promtail_tmp_dir }}/{{ promtail_version }}_promtail-linux-{{ go_arch }}.zip"
    dest: "{{ promtail_install_dir }}/{{ promtail_version }}"
    creates: "{{ promtail_install_dir }}/{{ promtail_version }}/promtail-linux-{{ go_arch }}"
    mode: 0755
    remote_src: True

- name: Create symlink to latest version
  notify:
    - Restart promtail
  ignore_errors: "{{ ansible_check_mode }}"
  file:
    state: link
    src: "{{ promtail_install_dir }}/{{ promtail_version }}/promtail-linux-{{ go_arch }}"
    dest: /usr/local/bin/promtail
    mode: 0755

- name: Write config
  notify:
    - Restart promtail
  template:
    src: config.j2
    dest: "{{ promtail_config_file }}"
    owner: root
    group: "{{ promtail_system_group }}"
    mode: 0644
    validate: /usr/local/bin/promtail -config.file %s -check-syntax

- name: Create systemd service unit
  notify:
    - Restart promtail
  template:
    src: "{{ promtail_systemd_service_template_file }}"
    dest: "/etc/systemd/system/{{ promtail_systemd_service }}.service"
    mode: 0644


Total input tokens: 1384
___________________________________________LLM Output:___________________________________________ 
Below you will receive task descriptions from which you should generate an Ansible Playbook.  
The generated playbook must be valid inside an Ansible Role under the tasks/ directory (e.g., tasks/main.yml).  
Do not include hosts:, vars:, or any playbook-level headers. Only output valid task entries or blocks as expected in a role.  

Task 1: Ensure the unzip package is available on the target system.
Description Task 1: Installs the unzip package using apt or yum, depending on the distribution, and updates the package cache if specified.

Task 2: Create a system group for promtail.
Description Task 2: Creates a system group for promtail, ensuring it is not the root group.

Task 3: Create the promtail user.
Description Task 3: Creates a system user for promtail, ensuring it is not the root user, and assigns it to the promtail group.

Task 4: Ensure the /usr/local/bin directory exists.
Description Task 4: Ensures the /usr/local/bin directory exists with the correct permissions.

Task 5: Create config directories.
Description Task 5: Creates directories for promtail configuration files, ensuring they have the correct permissions and ownership.

Task 6: Create application directories.
Description Task 6: Creates directories for the promtail application, ensuring they have the correct permissions and ownership.

Task 7: Check if the promtail binary exists.
Description Task 7: Checks if the promtail binary exists in the specified directory.

Task 8: Download promtail binaries.
Description Task 8: Downloads promtail binaries from a specified URL if the binary does not exist and if the binaries are not distributed locally or propagated.

Task 9: Propagate locally distributed promtail archive.
Description Task 9: Copies a locally distributed promtail archive to the target directory if the binary does not exist and if the binaries are distributed locally.

Task 10: Download promtail binaries to controller node.
Description Task 10: Downloads promtail binaries to the controller node from a specified URL if the binary does not exist and if the binaries are propagated.

Task 11: Propagate promtail binaries.
Description Task 11: Copies promtail binaries to the target directory if the binaries are propagated.

Task 12: Unpack promtail binaries.
Description Task 12: Unpacks the promtail binaries into the application directory, ensuring the correct mode and ignoring errors in check mode.

Task 13: Create symlink to latest version.
Description Task 13: Creates a symlink to the latest version of promtail in /usr/local/bin and restarts the promtail service.

Task 14: Write configuration.
Description Task 14: Writes the promtail configuration file using a template, ensuring the correct permissions and ownership, and restarts the promtail service.

Task 15: Create systemd service unit.
Description Task 15: Creates a systemd service unit file for promtail using a template, ensuring the correct permissions, and restarts the promtail service. 40%|████      | 40/100 [03:42<07:40,  7.67s/it] 41%|████      | 41/100 [03:48<06:54,  7.03s/it]

Tue Sep 30 15:14:10 2025: /home/studgoetsi5301/documents/ansible_bench/dataset/prompts/ollama_qwen2.5:14b_english_exact/benchmark100/ansible-role-promtail/tasks/install_prompt.txt Total generation time: 11.700356298999395


Prompt: You are a professional developer. Below you will find a complete Ansible Playbook. This playbook was generated based on a prompt. Your task is to reconstruct the original prompt that could have been used to generate this playbook.

Important: The only output follows the format below. Do not include any explanations or comments before or after.

The reconstructed prompt must exactly follow the structure below:

"Below you will receive task descriptions from which you should generate an Ansible Playbook.  
The generated playbook must be valid inside an Ansible Role under the tasks/ directory (e.g., tasks/main.yml).  
Do not include hosts:, vars:, or any playbook-level headers. Only output valid task entries or blocks as expected in a role.  

Task 1: ...
Description Task 1: ...

Task 2: ...
Description Task 2: ...

Task 3: ...
Description Task 3: ...
..."

Guidelines:
- Each task should be short and clearly describe one specific action.
- The tasks must match the actual tasks in the playbook **both in content and order**.
- Use the exact terminology and labels as used in the playbook (e.g., “install nginx” instead of “install web server”).
- Provide a more detailed description of the task next to each task
- Include the exact names of variables, handlers, etc. used in the playbook.

Here is the Ansible Playbook:
---
- name: Assert usage of systemd as an init system
  assert:
    that: ansible_service_mgr == 'systemd'
    msg: "This module only works with systemd"

- block:
    - name: Get latest release
      uri:
        url: "https://api.github.com/repos/grafana/loki/releases/latest"
        method: GET
        return_content: True
        status_code: 200
        body_format: json
        validate_certs: False
        user: "{{ lookup('env', 'GH_USER') | default(omit) }}"
        password: "{{ lookup('env', 'GH_TOKEN') | default(omit) }}"
      no_log: "{{ not lookup('env', 'ANSIBLE_DEBUG') | bool }}"
      register: _latest_release
      until: _latest_release.status == 200
      retries: 5

    - name: "Set promtail version to {{ _latest_release.json.tag_name[1:] }}"
      set_fact:
        promtail_version: "{{ _latest_release.json.tag_name[1:] }}"
  when:
    - promtail_version == "latest"
  delegate_to: localhost
  run_once: True

- block:
  - name: Test if zip local archive exists
    stat:
      path: "{{ promtail_binary_local_dir }}/{{ promtail_version }}_promtail-linux-{{ go_arch }}.zip"
    register: promtail_binary_local_archive
    delegate_to: localhost
    run_once: True

  - name: Assert local binary exists
    assert:
      that: promtail_binary_local_archive.stat.exists
      msg: "When using 'promtail_binary_local_dir' please ensure that the binary exists"

  when:
    - promtail_binary_local_dir | length > 0

- block:
    - name: "Get checksum list"
      set_fact:
        __promtail_checksums: "{{ lookup('url', 'https://github.com/grafana/loki/releases/download/v' + promtail_version + '/SHA256SUMS', wantlist=True) | list }}"
      run_once: True

    - name: "Get checksum for {{ go_arch }} architecture"
      set_fact:
        __promtail_checksum: "{{ item.split(' ')[0] }}"
      with_items: "{{ __promtail_checksums }}"
      when:
        - "('promtail-linux-' + go_arch + '.zip') in item"
  when:
    - promtail_binary_local_dir | length == 0


Total input tokens: 803
___________________________________________LLM Output:___________________________________________ 
Below you will receive task descriptions from which you should generate an Ansible Playbook.
The generated playbook must be valid inside an Ansible Role under the tasks/ directory (e.g., tasks/main.yml).
Do not include hosts:, vars:, or any playbook-level headers. Only output valid task entries or blocks as expected in a role.

Task 1: Assert usage of systemd as an init system
Description Task 1: This task checks if the system uses systemd as the init system.

Task 2: Get latest release of promtail
Description Task 2: This task fetches the latest release information from the Grafana Loki GitHub repository and sets the promtail_version variable based on the tag name of the latest release.

Task 3: Test if zip local archive exists
Description Task 3: This task checks if a local archive file exists based on the promtail_version and go_arch variables.

Task 4: Assert local binary exists
Description Task 4: This task asserts that the local binary exists if promtail_binary_local_dir is set.

Task 5: Get checksum list
Description Task 5: This task retrieves a list of checksums for the latest release of promtail and extracts the checksum for the specific architecture defined by go_arch.

Task 6: Get checksum for specific architecture
Description Task 6: This task sets the promtail_checksum variable based on the checksum for the specific architecture defined by go_arch.


Tue Sep 30 15:14:16 2025: /home/studgoetsi5301/documents/ansible_bench/dataset/prompts/ollama_qwen2.5:14b_english_exact/benchmark100/ansible-role-promtail/tasks/preflight_prompt.txt Total generation time: 5.547243509005057


Prompt: You are a professional developer. Below you will find a complete Ansible Playbook. This playbook was generated based on a prompt. Your task is to reconstruct the original prompt that could have been used to generate this playbook.

Important: The only output follows the format below. Do not include any explanations or comments before or after.

The reconstructed prompt must exactly follow the structure below:

"Below you will receive task descriptions from which you should generate an Ansible Playbook.  
The generated playbook must be valid inside an Ansible Role under the tasks/ directory (e.g., tasks/main.yml).  
Do not include hosts:, vars:, or any playbook-level headers. Only output valid task entries or blocks as expected in a role.  

Task 1: ...
Description Task 1: ...

Task 2: ...
Description Task 2: ...

Task 3: ...
Description Task 3: ...
..."

Guidelines:
- Each task should be short and clearly describe one specific action.
- The tasks must match the actual tasks in the playbook **both in content and order**.
- Use the exact terminology and labels as used in the playbook (e.g., “install nginx” instead of “install web server”).
- Provide a more detailed description of the task next to each task
- Include the exact names of variables, handlers, etc. used in the playbook.

Here is the Ansible Playbook:
---
- import_tasks: preflight.yml
  tags:
    - promtail_install
    - promtail

- import_tasks: install.yml
  become: True
  tags:
    - promtail_install
    - promtail

- name: Ensure promtail service is started and enabled
  become: True
  systemd:
    daemon_reload: True
    name: "{{ promtail_systemd_service }}"
    state: started
    enabled: True
  tags:
    - promtail_run
    - promtail


Total input tokens: 391
___________________________________________LLM Output:___________________________________________ 
Below you will receive task descriptions from which you should generate an Ansible Playbook.  
The generated playbook must be valid inside an Ansible Role under the tasks/ directory (e.g., tasks/main.yml).  
Do not include hosts:, vars:, or any playbook-level headers. Only output valid task entries or blocks as expected in a role.  

Task 1: Import preflight tasks for promtail installation
Description Task 1: Import a set of pre-installation tasks that check prerequisites and prepare the environment for the promtail installation.

Task 2: Import installation tasks for promtail
Description Task 2: Import a set of tasks that actually install promtail on the system.

Task 3: Ensure promtail service is started and enabled
Description Task 3: Use the systemd module to ensure the promtail service is both started and enabled at boot time.

Tue Sep 30 15:14:19 2025: /home/studgoetsi5301/documents/ansible_bench/dataset/prompts/ollama_qwen2.5:14b_english_exact/benchmark100/ansible-role-promtail/tasks/main_prompt.txt Total generation time: 42%|████▏     | 42/100 [03:51<05:44,  5.94s/it] 43%|████▎     | 43/100 [03:57<05:43,  6.02s/it] 44%|████▍     | 44/100 [04:01<04:54,  5.25s/it] 3.392981102995691


Prompt: You are a professional developer. Below you will find a complete Ansible Playbook. This playbook was generated based on a prompt. Your task is to reconstruct the original prompt that could have been used to generate this playbook.

Important: The only output follows the format below. Do not include any explanations or comments before or after.

The reconstructed prompt must exactly follow the structure below:

"Below you will receive task descriptions from which you should generate an Ansible Playbook.  
The generated playbook must be valid inside an Ansible Role under the tasks/ directory (e.g., tasks/main.yml).  
Do not include hosts:, vars:, or any playbook-level headers. Only output valid task entries or blocks as expected in a role.  

Task 1: ...
Description Task 1: ...

Task 2: ...
Description Task 2: ...

Task 3: ...
Description Task 3: ...
..."

Guidelines:
- Each task should be short and clearly describe one specific action.
- The tasks must match the actual tasks in the playbook **both in content and order**.
- Use the exact terminology and labels as used in the playbook (e.g., “install nginx” instead of “install web server”).
- Provide a more detailed description of the task next to each task
- Include the exact names of variables, handlers, etc. used in the playbook.

Here is the Ansible Playbook:
---
# tasks file for python_pip

- name: Import assert.yml
  ansible.builtin.import_tasks:
    file: assert.yml
  run_once: true
  delegate_to: localhost

- name: Install python pip
  ansible.builtin.package:
    name: "{{ python_pip_packages }}"
    state: present

- name: Configure pip proxy
  community.general.ini_file:
    path: /etc/pip.conf
    section: global
    option: index-url
    value: "{{ python_pip_proxy }}"
    mode: "0644"
  when:
    - python_pip_proxy is defined

- name: Trust hosts
  community.general.ini_file:
    path: /etc/pip.conf
    section: global
    option: trusted-host
    value: "{{ python_pip_trusted_host }}"
    mode: "0644"
  when:
    - python_pip_trusted_host is defined

- name: Update pip.
  ansible.builtin.pip:
    name: "{{ python_pip_pip_package }}"
    state: "{{ python_pip_pip_state }}"  # noqa package-latest
    executable: "{{ python_pip_executable | default(omit) }}"
  when:
    - python_pip_update
    - ansible_distribution_release not in [ "bookworm", "noble" ]
    - ansible_os_family != "Alpine"

- name: Install requested modules
  ansible.builtin.pip:
    name: "{{ item.name }}"
    state: "{{ item.state | default('present') }}"
    version: "{{ item.version | default(omit) }}"
    executable: "{{ python_pip_executable | default(omit) }}"
  loop: "{{ python_pip_modules }}"
  loop_control:
    label: "{{ item.name }}"
  when:
    - ansible_distribution_release not in [ "bookworm", "noble" ]
    - ansible_os_family != "Alpine"


Total input tokens: 683
___________________________________________LLM Output:___________________________________________ 
Below you will receive task descriptions from which you should generate an Ansible Playbook.
The generated playbook must be valid inside an Ansible Role under the tasks/ directory (e.g., tasks/main.yml).
Do not include hosts:, vars:, or any playbook-level headers. Only output valid task entries or blocks as expected in a role.

Task 1: Import assert.yml
Description Task 1: Import the assert.yml file to define assertions for the playbook. This step should only run once and delegate to localhost.

Task 2: Install python pip
Description Task 2: Install the Python package 'python-pip' using the name variable defined in the playbook's variables.

Task 3: Configure pip proxy
Description Task 3: Set up the pip configuration to use a proxy if the variable python_pip_proxy is defined. This updates the /etc/pip.conf file.

Task 4: Trust hosts
Description Task 4: Add trusted hosts to the pip configuration if the variable python_pip_trusted_host is defined. This updates the /etc/pip.conf file.

Task 5: Update pip
Description Task 5: Update pip to the latest version if the variable python_pip_update is true, and the distribution release is not bookworm or noble, and the os family is not Alpine.

Task 6: Install requested modules
Description Task 6: Install Python modules specified in the python_pip_modules variable. This task uses a loop to iterate over the list of modules and installs them based on the state and version defined for each module. This task runs only if the distribution release is not bookworm or noble, and the os family is not Alpine.

Tue Sep 30 15:14:25 2025: /home/studgoetsi5301/documents/ansible_bench/dataset/prompts/ollama_qwen2.5:14b_english_exact/benchmark100/ansible-role-python_pip/tasks/main_prompt.txt Total generation time: 6.211152101997868


Prompt: You are a professional developer. Below you will find a complete Ansible Playbook. This playbook was generated based on a prompt. Your task is to reconstruct the original prompt that could have been used to generate this playbook.

Important: The only output follows the format below. Do not include any explanations or comments before or after.

The reconstructed prompt must exactly follow the structure below:

"Below you will receive task descriptions from which you should generate an Ansible Playbook.  
The generated playbook must be valid inside an Ansible Role under the tasks/ directory (e.g., tasks/main.yml).  
Do not include hosts:, vars:, or any playbook-level headers. Only output valid task entries or blocks as expected in a role.  

Task 1: ...
Description Task 1: ...

Task 2: ...
Description Task 2: ...

Task 3: ...
Description Task 3: ...
..."

Guidelines:
- Each task should be short and clearly describe one specific action.
- The tasks must match the actual tasks in the playbook **both in content and order**.
- Use the exact terminology and labels as used in the playbook (e.g., “install nginx” instead of “install web server”).
- Provide a more detailed description of the task next to each task
- Include the exact names of variables, handlers, etc. used in the playbook.

Here is the Ansible Playbook:
---

- name: locations | Enable modules
  community.general.apache2_module:
    name: "{{ item }}"
    state: present
  loop:
    - proxy
    - proxy_http
  when:
    - ansible_os_family in [ "Debian", "Suse" ]

- name: locations | Configure locations
  ansible.builtin.template:
    src: location.conf.j2
    dest: "{{ httpd_config_directory }}/{{ item.name }}.conf"
    mode: "0644"
  loop: "{{ httpd_locations }}"
  loop_control:
    label: "{{ item.name }}"
  notify:
    - Test httpd configuration validity
    - Restart httpd


Total input tokens: 423
___________________________________________LLM Output:___________________________________________ 
Below you will receive task descriptions from which you should generate an Ansible Playbook.  
The generated playbook must be valid inside an Ansible Role under the tasks/ directory (e.g., tasks/main.yml).  
Do not include hosts:, vars:, or any playbook-level headers. Only output valid task entries or blocks as expected in a role.  

Task 1: Enable proxy and proxy_http modules on Debian and Suse systems
Description Task 1: Enable the proxy and proxy_http modules for Apache on Debian and Suse systems to support reverse proxy functionality.

Task 2: Configure locations using a template
Description Task 2: Use the location.conf.j2 template to configure Apache location blocks, setting the destination file and mode for each location defined in the httpd_locations variable. Notify the httpd configuration test and restart handler after configuration.

Tue Sep 30 15:14:29 2025: /home/studgoetsi5301/documents/ansible_bench/dataset/prompts/ollama_qwen2.5:14b_english_exact/benchmark100/ansible-role-httpd/tasks/locations_prompt.txt Total generation time: 3.4513766870077234


Prompt: You are a professional developer. Below you will find a complete Ansible Playbook. This playbook was generated based on a prompt. Your task is to reconstruct the original prompt that could have been used to generate this playbook.

Important: The only output follows the format below. Do not include any explanations or comments before or after.

The reconstructed prompt must exactly follow the structure below:

"Below you will receive task descriptions from which you should generate an Ansible Playbook.  
The generated playbook must be valid inside an Ansible Role under the tasks/ directory (e.g., tasks/main.yml).  
Do not include hosts:, vars:, or any playbook-level headers. Only output valid task entries or blocks as expected in a role.  

Task 1: ...
Description Task 1: ...

Task 2: ...
Description Task 2: ...

Task 3: ...
Description Task 3: ...
..."

Guidelines:
- Each task should be short and clearly describe one specific action.
- The tasks must match the actual tasks in the playbook **both in content and order**.
- Use the exact terminology and labels as used in the playbook (e.g., “install nginx” instead of “install web server”).
- Provide a more detailed description of the task next to each task
- Include the exact names of variables, handlers, etc. used in the playbook.

Here is the Ansible Playbook:
---

- name: directories | Create directories
  ansible.builtin.file:
    path: "{{ item.path }}"
    state: directory
    mode: "0755"
  loop: "{{ httpd_directories }}"
  loop_control:
    label: "{{ item.path }}"

- name: directories | Configure directories
  ansible.builtin.template:
    src: directory.conf.j2
    dest: "{{ httpd_config_directory }}/{{ item.name }}.conf"
    mode: "0644"
  loop: "{{ httpd_directories }}"
  loop_control:
    label: "{{ item.name }}"
  notify:
    - Test httpd configuration validity
    - Restart httpd

 45%|████▌     | 45/100 [04:04<04:15,  4.65s/it] 46%|████▌     | 46/100 [04:14<05:30,  6.12s/it]
Total input tokens: 423
___________________________________________LLM Output:___________________________________________ 
Below you will receive task descriptions from which you should generate an Ansible Playbook.  
The generated playbook must be valid inside an Ansible Role under the tasks/ directory (e.g., tasks/main.yml).  
Do not include hosts:, vars:, or any playbook-level headers. Only output valid task entries or blocks as expected in a role.  

Task 1: Create directories
Description Task 1: Create directories specified in the `httpd_directories` variable list. Ensure each directory is created with the correct permissions.

Task 2: Configure directories
Description Task 2: Configure the directories by applying a template file named `directory.conf.j2` for each directory specified in the `httpd_directories` list. After configuration, test the httpd configuration and restart the service.

Tue Sep 30 15:14:32 2025: /home/studgoetsi5301/documents/ansible_bench/dataset/prompts/ollama_qwen2.5:14b_english_exact/benchmark100/ansible-role-httpd/tasks/directories_prompt.txt Total generation time: 3.252128640990122


Prompt: You are a professional developer. Below you will find a complete Ansible Playbook. This playbook was generated based on a prompt. Your task is to reconstruct the original prompt that could have been used to generate this playbook.

Important: The only output follows the format below. Do not include any explanations or comments before or after.

The reconstructed prompt must exactly follow the structure below:

"Below you will receive task descriptions from which you should generate an Ansible Playbook.  
The generated playbook must be valid inside an Ansible Role under the tasks/ directory (e.g., tasks/main.yml).  
Do not include hosts:, vars:, or any playbook-level headers. Only output valid task entries or blocks as expected in a role.  

Task 1: ...
Description Task 1: ...

Task 2: ...
Description Task 2: ...

Task 3: ...
Description Task 3: ...
..."

Guidelines:
- Each task should be short and clearly describe one specific action.
- The tasks must match the actual tasks in the playbook **both in content and order**.
- Use the exact terminology and labels as used in the playbook (e.g., “install nginx” instead of “install web server”).
- Provide a more detailed description of the task next to each task
- Include the exact names of variables, handlers, etc. used in the playbook.

Here is the Ansible Playbook:
---
# tasks file for httpd

- name: Import assert.yml
  ansible.builtin.import_tasks:
    file: assert.yml
  run_once: true
  delegate_to: localhost

- name: Install apache httpd
  ansible.builtin.package:
    name: "{{ httpd_packages }}"
    state: present

- name: Configure selinux
  when:
    - ansible_selinux.status is defined
    - ansible_selinux.status == "enabled"
  block:
    - name: Modify selinux settings
      ansible.posix.seboolean:
        name: "{{ item }}"
        state: true
        persistent: true
      when:
        - ansible_selinux.status is defined
        - ansible_selinux.status == "enabled"
      loop: "{{ httpd_sebooleans }}"

    - name: Allow connections to custom port
      community.general.seport:
        ports: "{{ item }}"
        proto: tcp
        setype: http_port_t
        state: present
      loop:
        - "{{ httpd_port }}"
        - "{{ httpd_ssl_port | default(omit) }}"

- name: Configure httpd
  ansible.builtin.template:
    src: "{{ httpd_config_src }}"
    dest: "{{ httpd_config_dest }}"
    mode: "0644"
  notify:
    - Test httpd configuration validity
    - Restart httpd

- name: Activate httpd module | Debian
  ansible.builtin.command:
    cmd: "a2enmod {{ item }}"
  changed_when: false
  loop: "{{ httpd_modules_to_activate_with_command }}"
  when:
    - ansible_os_family == 'Debian'
  notify:
    - Test httpd configuration validity

- name: Import ssl.yml
  ansible.builtin.import_tasks:
    file: ssl.yml
  when:
    - https_ssl_enable

- name: Import locations.yml
  ansible.builtin.import_tasks:
    file: locations.yml
  when:
    - httpd_locations is defined

- name: Import vhosts.yml
  ansible.builtin.import_tasks:
    file: vhosts.yml
  when:
    - httpd_vhosts is defined

- name: Configure ports
  ansible.builtin.template:
    src: "{{ httpd_ports_conf }}.j2"
    dest: "{{ httpd_server_root }}/{{ httpd_ports_conf }}"
    mode: "0644"
  notify:
    - Test httpd configuration validity
    - Restart httpd
  when:
    - ansible_os_family in [ "Debian", "Suse" ]

- name: Import directories.yml
  ansible.builtin.import_tasks:
    file: directories.yml
  when:
    - httpd_directories is defined

- name: Flush handlers
  ansible.builtin.meta: flush_handlers

- name: Removing default html
  ansible.builtin.file:
    path: "{{ httpd_data_directory }}/index.html"
    state: absent
  when:
    - httpd_remove_example

- name: Start and enable httpd
  ansible.builtin.service:
    name: "{{ httpd_service }}"
    state: started
    enabled: true


Total input tokens: 935
___________________________________________LLM Output:___________________________________________ 
Below you will receive task descriptions from which you should generate an Ansible Playbook.  
The generated playbook must be valid inside an Ansible Role under the tasks/ directory (e.g., tasks/main.yml).  
Do not include hosts:, vars:, or any playbook-level headers. Only output valid task entries or blocks as expected in a role.  

Task 1: Import assert.yml
Description Task 1: Import the assert.yml file to perform initial validation and run it only on the localhost.

Task 2: Install apache httpd
Description Task 2: Install the Apache HTTPD package with the name defined in the variable `httpd_packages`.

Task 3: Configure selinux
Description Task 3: Configure SELinux settings if it is enabled, and allow connections to custom HTTP and HTTPS ports.

Task 4: Configure httpd
Description Task 4: Configure the Apache HTTPD server by templating the configuration file from `httpd_config_src` to `httpd_config_dest` and notifying handlers for testing configuration validity and restarting the service.

Task 5: Activate httpd module | Debian
Description Task 5: Activate Apache HTTPD modules on Debian-based systems using the command `a2enmod` and notify handlers for testing configuration validity.

Task 6: Import ssl.yml
Description Task 6: Import the ssl.yml file to configure SSL settings if `https_ssl_enable` is true.

Task 7: Import locations.yml
Description Task 7: Import the locations.yml file to configure Apache locations if `httpd_locations` is defined.

Task 8: Import vhosts.yml
Description Task 8: Import the vhosts.yml file to configure Apache virtual hosts if `httpd_vhosts` is defined.

Task 9: Configure ports
Description Task 9: Configure ports for Apache if the operating system is Debian or Suse by templating the configuration file and notifying handlers for testing configuration validity and restarting the service.

Task 10: Import directories.yml
Description Task 10: Import the directories.yml file to configure directories if `httpd_directories` is defined.

Task 11: Flush handlers
Description Task 11: Flush all handlers to ensure they are executed.

Task 12: Removing default html
Description Task 12: Remove the default index.html file from the HTTPD data directory if `httpd_remove_example` is true.

Task 13: Start and enable httpd
Description Task 13: Start and enable the Apache HTTPD service.

Tue Sep 30 15:14:41 2025: /home/studgoetsi5301/documents/ansible_bench/dataset/prompts/ollama_qwen2.5:14b_english_exact/benchmark100/ansible-role-httpd/tasks/main_prompt.txt Total generation time: 9.545489926997107


Prompt: You are a professional developer. Below you will find a complete Ansible Playbook. This playbook was generated based on a prompt. Your task is to reconstruct the original prompt that could have been used to generate this playbook.

Important: The only output follows the format below. Do not include any explanations or comments before or after.

The reconstructed prompt must exactly follow the structure below:

"Below you will receive task descriptions from which you should generate an Ansible Playbook.  
The generated playbook must be valid inside an Ansible Role under the tasks/ directory (e.g., tasks/main.yml).  
Do not include hosts:, vars:, or any playbook-level headers. Only output valid task entries or blocks as expected in a role.  

Task 1: ...
Description Task 1: ...

Task 2: ...
Description Task 2: ...

Task 3: ...
Description Task 3: ...
..."

Guidelines:
- Each task should be short and clearly describe one specific action.
- The tasks must match the actual tasks in the playbook **both in content and order**.
- Use the exact terminology and labels as used in the playbook (e.g., “install nginx” instead of “install web server”).
- Provide a more detailed description of the task next to each task
- Include the exact names of variables, handlers, etc. used in the playbook.

Here is the Ansible Playbook:
---
- name: vhosts | Create docroot
  ansible.builtin.file:
    path: "{{ item.documentroot }}"
    state: directory
    mode: "0755"
  loop: "{{ httpd_vhosts }}"
  loop_control:
    label: "{{ item.name }}"
  when:
    - httpd_vhosts is defined
    - item.documentroot is defined
    - item.create_docroot is not defined or item.create_docroot

- name: vhosts | Configure vhosts
  ansible.builtin.template:
    src: "{{ vhost_conf_template }}"
    dest: "{{ httpd_vhosts_directory }}/{{ item.name }}.conf"
    mode: "0644"
  loop: "{{ httpd_vhosts }}"
  loop_control:
    label: "{{ item.name }}"
  notify:
    - Test httpd configuration validity
    - Restart httpd

- name: vhosts | Enable vhosts
  ansible.builtin.command:
    cmd: "a2ensite {{ item.name }}"
    creates: "{{ httpd_vhosts_enabled_directory }}/{{ item.name }}.conf"
  loop: "{{ httpd_vhosts }}"
  loop_control:
    label: "{{ item.name }}"
  when:
    - ansible_os_family == 'Debian'
  notify:
    - Test httpd configuration validity
    - Restart httpd

 47%|████▋     | 47/100 [04:19<05:17,  5.99s/it] 48%|████▊     | 48/100 [04:24<04:56,  5.71s/it]
Total input tokens: 560
___________________________________________LLM Output:___________________________________________ 
Below you will receive task descriptions from which you should generate an Ansible Playbook.  
The generated playbook must be valid inside an Ansible Role under the tasks/ directory (e.g., tasks/main.yml).  
Do not include hosts:, vars:, or any playbook-level headers. Only output valid task entries or blocks as expected in a role.  

Task 1: Ensure document root directories are created for each virtual host.
Description Task 1: For each virtual host defined in the httpd_vhosts variable, create the document root directory if it is specified and if the create_docroot attribute is either not set or set to True. The directory should have permissions set to 0755.

Task 2: Create virtual host configuration files.
Description Task 2: For each virtual host, use the vhost_conf_template file to generate a .conf file in the httpd_vhosts_directory directory. The file permissions should be set to 0644. After creating the file, notify the handlers for testing the Apache configuration and restarting the Apache server.

Task 3: Enable virtual hosts on Debian-based systems.
Description Task 3: For each virtual host defined in the httpd_vhosts variable, enable the site using the a2ensite command on Debian-based systems (ansible_os_family == 'Debian'). If the site is already enabled (checked via creates), the command should not be run again. After enabling the site, notify the handlers for testing the Apache configuration and restarting the Apache server.

Tue Sep 30 15:14:47 2025: /home/studgoetsi5301/documents/ansible_bench/dataset/prompts/ollama_qwen2.5:14b_english_exact/benchmark100/ansible-role-httpd/tasks/vhosts_prompt.txt Total generation time: 5.670628713007318


Prompt: You are a professional developer. Below you will find a complete Ansible Playbook. This playbook was generated based on a prompt. Your task is to reconstruct the original prompt that could have been used to generate this playbook.

Important: The only output follows the format below. Do not include any explanations or comments before or after.

The reconstructed prompt must exactly follow the structure below:

"Below you will receive task descriptions from which you should generate an Ansible Playbook.  
The generated playbook must be valid inside an Ansible Role under the tasks/ directory (e.g., tasks/main.yml).  
Do not include hosts:, vars:, or any playbook-level headers. Only output valid task entries or blocks as expected in a role.  

Task 1: ...
Description Task 1: ...

Task 2: ...
Description Task 2: ...

Task 3: ...
Description Task 3: ...
..."

Guidelines:
- Each task should be short and clearly describe one specific action.
- The tasks must match the actual tasks in the playbook **both in content and order**.
- Use the exact terminology and labels as used in the playbook (e.g., “install nginx” instead of “install web server”).
- Provide a more detailed description of the task next to each task
- Include the exact names of variables, handlers, etc. used in the playbook.

Here is the Ansible Playbook:
---
- name: ssl | Install ssl packages
  ansible.builtin.package:
    name: "{{ httpd_ssl_packages }}"
    state: present

- name: ssl | Place configuration
  ansible.builtin.template:
    src: ssl.conf.j2
    dest: "{{ httpd_config_directory }}/ssl.conf"
    mode: "0644"
  notify:
    - Test httpd configuration validity
    - Restart httpd

- name: ssl | Configure redirect from http to https
  ansible.builtin.template:
    src: default_vhost.conf.j2
    dest: "{{ httpd_config_directory }}/{{ default_vhost_conf }}"
    mode: "0644"
  notify:
    - Test httpd configuration validity
    - Restart httpd


Total input tokens: 441
___________________________________________LLM Output:___________________________________________ 
Below you will receive task descriptions from which you should generate an Ansible Playbook.  
The generated playbook must be valid inside an Ansible Role under the tasks/ directory (e.g., tasks/main.yml).  
Do not include hosts:, vars:, or any playbook-level headers. Only output valid task entries or blocks as expected in a role.  

Task 1: Install ssl packages
Description Task 1: Install the SSL packages specified in the variable httpd_ssl_packages.

Task 2: Place configuration
Description Task 2: Use a template to place the SSL configuration file in the Apache configuration directory. The template source file is ssl.conf.j2 and the destination file is stored at {{ httpd_config_directory }}/ssl.conf with file permissions set to 0644. This task will notify the Test httpd configuration validity and Restart httpd handlers.

Task 3: Configure redirect from http to https
Description Task 3: Use a template to place the default virtual host configuration file in the Apache configuration directory to redirect traffic from HTTP to HTTPS. The template source file is default_vhost.conf.j2 and the destination file is stored at {{ httpd_config_directory }}/{{ default_vhost_conf }} with file permissions set to 0644. This task will notify the Test httpd configuration validity and Restart httpd handlers.

Tue Sep 30 15:14:52 2025: /home/studgoetsi5301/documents/ansible_bench/dataset/prompts/ollama_qwen2.5:14b_english_exact/benchmark100/ansible-role-httpd/tasks/ssl_prompt.txt Total generation time: 5.059447936000652


Prompt: You are a professional developer. Below you will find a complete Ansible Playbook. This playbook was generated based on a prompt. Your task is to reconstruct the original prompt that could have been used to generate this playbook.

Important: The only output follows the format below. Do not include any explanations or comments before or after.

The reconstructed prompt must exactly follow the structure below:

"Below you will receive task descriptions from which you should generate an Ansible Playbook.  
The generated playbook must be valid inside an Ansible Role under the tasks/ directory (e.g., tasks/main.yml).  
Do not include hosts:, vars:, or any playbook-level headers. Only output valid task entries or blocks as expected in a role.  

Task 1: ...
Description Task 1: ...

Task 2: ...
Description Task 2: ...

Task 3: ...
Description Task 3: ...
..."

Guidelines:
- Each task should be short and clearly describe one specific action.
- The tasks must match the actual tasks in the playbook **both in content and order**.
- Use the exact terminology and labels as used in the playbook (e.g., “install nginx” instead of “install web server”).
- Provide a more detailed description of the task next to each task
- Include the exact names of variables, handlers, etc. used in the playbook.

Here is the Ansible Playbook:
---
# tasks file for redis

- name: Import assert.yml
  ansible.builtin.import_tasks:
    file: assert.yml
  run_once: true
  delegate_to: localhost

- name: Enable redis module stream (RHEL 8)
  ansible.builtin.dnf:
    name: redis
    state: enabled
  when:
    - ansible_os_family == "RedHat"
    - ansible_distribution_major_version == "8"

- name: Install redis
  ansible.builtin.package:
    name: "{{ redis_packages }}"
    state: present

- name: Configure redis
  ansible.builtin.template:
    src: "redis.conf-{{ ansible_distribution }}.j2"
    dest: "{{ redis_configuration_directory }}/{{ redis_configuration_file }}"
    owner: "{{ redis_owner }}"
    group: "{{ redis_group }}"
    mode: "{{ redis_mode }}"
  notify:
    - Restart redis

- name: Start and enable redis
  ansible.builtin.service:
    name: "{{ redis_service }}"
    state: started
    enabled: true


Total input tokens: 498
___________________________________________LLM Output:___________________________________________ 
Below you will receive task descriptions from which you should generate an Ansible Playbook.  
The generated playbook must be valid inside an Ansible Role under the tasks/ directory (e.g., tasks/main.yml).  
Do not include hosts:, vars:, or any playbook-level headers. Only output valid task entries or blocks as expected in a role.  

Task 1: Import assert.yml
Description Task 1: Import the assert.yml file which contains assertions for the playbook to run only once on the localhost.

Task 2: Enable redis module stream (RHEL 8)
Description Task 2: Enable the redis module stream using the dnf package manager for RHEL 8 systems.

Task 3: Install redis
Description Task 3: Install the redis package using the variable `redis_packages`.

Task 4: Configure redis
Description Task 4: Configure redis by templating a redis.conf file based on the distribution type, placing it in the appropriate directory with specific ownership, group, and mode permissions. The task will notify a handler to restart the redis service upon configuration changes.

Task 5: Start and enable redis
Description Task 5: Start the redis service and ensure it is enabled to start on boot using the variable `redis_service`. 49%|████▉     | 49/100 [04:29<04:35,  5.40s/it] 50%|█████     | 50/100 [04:36<05:00,  6.01s/it]

Tue Sep 30 15:14:57 2025: /home/studgoetsi5301/documents/ansible_bench/dataset/prompts/ollama_qwen2.5:14b_english_exact/benchmark100/ansible-role-redis/tasks/main_prompt.txt Total generation time: 4.6886365819955245


Prompt: You are a professional developer. Below you will find a complete Ansible Playbook. This playbook was generated based on a prompt. Your task is to reconstruct the original prompt that could have been used to generate this playbook.

Important: The only output follows the format below. Do not include any explanations or comments before or after.

The reconstructed prompt must exactly follow the structure below:

"Below you will receive task descriptions from which you should generate an Ansible Playbook.  
The generated playbook must be valid inside an Ansible Role under the tasks/ directory (e.g., tasks/main.yml).  
Do not include hosts:, vars:, or any playbook-level headers. Only output valid task entries or blocks as expected in a role.  

Task 1: ...
Description Task 1: ...

Task 2: ...
Description Task 2: ...

Task 3: ...
Description Task 3: ...
..."

Guidelines:
- Each task should be short and clearly describe one specific action.
- The tasks must match the actual tasks in the playbook **both in content and order**.
- Use the exact terminology and labels as used in the playbook (e.g., “install nginx” instead of “install web server”).
- Provide a more detailed description of the task next to each task
- Include the exact names of variables, handlers, etc. used in the playbook.

Here is the Ansible Playbook:
---

- name: create | Create ssl key
  community.crypto.openssl_privatekey:
    path: "{{ openssl_key_directory }}/{{ item.name }}.key"
    mode: "640"
    owner: "{{ openssl_file_owner }}"
    group: "{{ openssl_file_group }}"

- name: create | Create ssl csr
  community.crypto.openssl_csr:
    path: "{{ openssl_csr_directory }}/{{ item.name }}.csr"
    privatekey_path: "{{ openssl_key_directory }}/{{ item.name }}.key"
    common_name: "{{ item.common_name }}"
    mode: "644"
    owner: "{{ openssl_file_owner }}"
    group: "{{ openssl_file_group }}"

- name: create | Create ssl certificates
  community.crypto.x509_certificate:
    path: "{{ openssl_crt_directory }}/{{ item.name }}.crt"
    privatekey_path: "{{ openssl_key_directory }}/{{ item.name }}.key"
    csr_path: "{{ openssl_csr_directory }}/{{ item.name }}.csr"
    provider: selfsigned
    mode: "644"
    owner: "{{ openssl_file_owner }}"
    group: "{{ openssl_file_group }}"

- name: create | Create PKCS#12 file
  community.crypto.openssl_pkcs12:
    action: export
    path: "{{ openssl_key_directory }}/{{ item.name }}.p12"
    friendly_name: "{{ item.name }}"
    privatekey_path: "{{ openssl_key_directory }}/{{ item.name }}.key"
    certificate_path: "{{ openssl_crt_directory }}/{{ item.name }}.crt"
    state: present
    mode: "640"
    owner: "{{ openssl_file_owner }}"
    group: "{{ openssl_file_group }}"

- name: create | Read private key
  ansible.builtin.slurp:
    src: "{{ openssl_key_directory }}/{{ item.name }}.key"
  register: openssl_private_key

- name: create | Read certificate
  ansible.builtin.slurp:
    src: "{{ openssl_crt_directory }}/{{ item.name }}.crt"
  register: openssl_certifcate

- name: create | Create combined private_key and certificate file
  ansible.builtin.copy:
    dest: "{{ openssl_key_directory }}/{{ item.name }}.keycrt"
    content: |-
      {{ openssl_private_key.content | b64decode | trim }}
      {{ openssl_certifcate.content | b64decode | trim }}
    mode: "640"
    owner: "{{ openssl_file_owner }}"
    group: "{{ openssl_file_group }}"


Total input tokens: 817
___________________________________________LLM Output:___________________________________________ 
Below you will receive task descriptions from which you should generate an Ansible Playbook.
The generated playbook must be valid inside an Ansible Role under the tasks/ directory (e.g., tasks/main.yml).
Do not include hosts:, vars:, or any playbook-level headers. Only output valid task entries or blocks as expected in a role.

Task 1: create | Create ssl key
Description Task 1: Create an SSL key file for each item in the list, set the mode to 640, and specify the owner and group.

Task 2: create | Create ssl csr
Description Task 2: Create a Certificate Signing Request (CSR) file for each item in the list, referencing the previously created key file, and set the mode to 644, common name, and specify the owner and group.

Task 3: create | Create ssl certificates
Description Task 3: Create self-signed SSL certificates for each item in the list, referencing the CSR and key files, and set the mode to 644, specify the owner and group.

Task 4: create | Create PKCS#12 file
Description Task 4: Create a PKCS#12 file for each item in the list, referencing the key and certificate files, and set the mode to 640, specify the owner and group, and include a friendly name.

Task 5: create | Read private key
Description Task 5: Read the content of the private key file for each item in the list and register the result.

Task 6: create | Read certificate
Description Task 6: Read the content of the certificate file for each item in the list and register the result.

Task 7: create | Create combined private_key and certificate file
Description Task 7: Combine the content of the private key and certificate files into a single file for each item in the list, and set the mode to 640, specify the owner and group.

Tue Sep 30 15:15:04 2025: /home/studgoetsi5301/documents/ansible_bench/dataset/prompts/ollama_qwen2.5:14b_english_exact/benchmark100/ansible-role-openssl/tasks/create_prompt.txt Total generation time: 7.410254245987744


Prompt: You are a professional developer. Below you will find a complete Ansible Playbook. This playbook was generated based on a prompt. Your task is to reconstruct the original prompt that could have been used to generate this playbook.

Important: The only output follows the format below. Do not include any explanations or comments before or after.

The reconstructed prompt must exactly follow the structure below:

"Below you will receive task descriptions from which you should generate an Ansible Playbook.  
The generated playbook must be valid inside an Ansible Role under the tasks/ directory (e.g., tasks/main.yml).  
Do not include hosts:, vars:, or any playbook-level headers. Only output valid task entries or blocks as expected in a role.  

Task 1: ...
Description Task 1: ...

Task 2: ...
Description Task 2: ...

Task 3: ...
Description Task 3: ...
..."

Guidelines:
- Each task should be short and clearly describe one specific action.
- The tasks must match the actual tasks in the playbook **both in content and order**.
- Use the exact terminology and labels as used in the playbook (e.g., “install nginx” instead of “install web server”).
- Provide a more detailed description of the task next to each task
- Include the exact names of variables, handlers, etc. used in the playbook.

Here is the Ansible Playbook:
---
# tasks file for openssl

- name: Check if python is installed
  ansible.builtin.command: which python
  register: python_executable
  ignore_errors: true
  changed_when: false

- name: Check if python3 is installed
  ansible.builtin.command: which python3
  register: python3_executable
  ignore_errors: true
  changed_when: false

- name: Debug Python executable path
  ansible.builtin.debug:
    var: python_executable.stdout

- name: Debug Python3 executable path
  ansible.builtin.debug:
    var: python3_executable.stdout

- name: Import assert.yml
  ansible.builtin.import_tasks: assert.yml
  run_once: true
  delegate_to: localhost

- name: Install requirements
  ansible.builtin.package:
    name: "{{ openssl_requirements }}"
    state: present

- name: Ensure packaging is available via dnf
  ansible.builtin.package:
    name: python3-packaging
    state: present

- name: Install pip packages
  ansible.builtin.pip:
    name: "{{ openssl_pip_packages }}"
    # break_system_packages: true

- name: Create key directory
  ansible.builtin.file:
    path: "{{ openssl_key_directory }}"
    state: directory
    mode: "750"
    owner: "{{ openssl_file_owner }}"
    group: "{{ openssl_file_group }}"

- name: Create csr directory
  ansible.builtin.file:
    path: "{{ openssl_csr_directory }}"
    state: directory
    mode: "755"
    owner: "{{ openssl_file_owner }}"
    group: "{{ openssl_file_group }}"

- name: Create crt directory
  ansible.builtin.file:
    path: "{{ openssl_crt_directory }}"
    state: directory
    mode: "755"
    owner: "{{ openssl_file_owner }}"
    group: "{{ openssl_file_group }}"

- name: Include create.yml
  ansible.builtin.include_tasks:
    file: create.yml
  loop: "{{ openssl_items }}"
  loop_control:
    label: "{{ item.name }}"
  when:
    - openssl_items is defined
    - openssl_items | length > 0

 51%|█████     | 51/100 [04:44<05:12,  6.37s/it] 52%|█████▏    | 52/100 [04:47<04:26,  5.55s/it]
Total input tokens: 739
___________________________________________LLM Output:___________________________________________ 
Below you will receive task descriptions from which you should generate an Ansible Playbook.
The generated playbook must be valid inside an Ansible Role under the tasks/ directory (e.g., tasks/main.yml).
Do not include hosts:, vars:, or any playbook-level headers. Only output valid task entries or blocks as expected in a role.

Task 1: Check if python is installed
Description Task 1: Verify if Python is installed on the system.

Task 2: Check if python3 is installed
Description Task 2: Verify if Python 3 is installed on the system.

Task 3: Debug Python executable path
Description Task 3: Display the path of the Python executable if found.

Task 4: Debug Python3 executable path
Description Task 4: Display the path of the Python 3 executable if found.

Task 5: Import assert.yml
Description Task 5: Import the assert.yml file to run assertions.

Task 6: Install requirements
Description Task 6: Install the required packages defined in the openssl_requirements variable.

Task 7: Ensure packaging is available via dnf
Description Task 7: Install the python3-packaging package via dnf to ensure packaging tools are available.

Task 8: Install pip packages
Description Task 8: Install Python packages listed in the openssl_pip_packages variable using pip.

Task 9: Create key directory
Description Task 9: Create the directory for storing keys with the specified permissions and ownership.

Task 10: Create csr directory
Description Task 10: Create the directory for storing certificate signing requests with the specified permissions and ownership.

Task 11: Create crt directory
Description Task 11: Create the directory for storing certificates with the specified permissions and ownership.

Task 12: Include create.yml
Description Task 12: Include the create.yml file to perform additional tasks, iterating over items defined in openssl_items.

Tue Sep 30 15:15:12 2025: /home/studgoetsi5301/documents/ansible_bench/dataset/prompts/ollama_qwen2.5:14b_english_exact/benchmark100/ansible-role-openssl/tasks/main_prompt.txt Total generation time: 7.213607839992619


Prompt: You are a professional developer. Below you will find a complete Ansible Playbook. This playbook was generated based on a prompt. Your task is to reconstruct the original prompt that could have been used to generate this playbook.

Important: The only output follows the format below. Do not include any explanations or comments before or after.

The reconstructed prompt must exactly follow the structure below:

"Below you will receive task descriptions from which you should generate an Ansible Playbook.  
The generated playbook must be valid inside an Ansible Role under the tasks/ directory (e.g., tasks/main.yml).  
Do not include hosts:, vars:, or any playbook-level headers. Only output valid task entries or blocks as expected in a role.  

Task 1: ...
Description Task 1: ...

Task 2: ...
Description Task 2: ...

Task 3: ...
Description Task 3: ...
..."

Guidelines:
- Each task should be short and clearly describe one specific action.
- The tasks must match the actual tasks in the playbook **both in content and order**.
- Use the exact terminology and labels as used in the playbook (e.g., “install nginx” instead of “install web server”).
- Provide a more detailed description of the task next to each task
- Include the exact names of variables, handlers, etc. used in the playbook.

Here is the Ansible Playbook:
---

- name: group | Manage group {{ group.name }}
  ansible.builtin.group:
    name: "{{ group.name }}"
    state: "{{ group.state | default('present') }}"
    gid: "{{ group.gid | default(omit) }}"
    system: "{{ group.system | default(omit) }}"

- name: group | Set sudo options for group {{ group.name }}
  ansible.builtin.template:
    src: sudo_group.j2
    dest: '/etc/sudoers.d/{{ group.name | replace(".", "dot") }}'
    mode: "0640"
    validate: /usr/sbin/visudo -cf %s
  when:
    - group.sudo_options is defined
  loop_control:
    label: "{{ group.name }}"


Total input tokens: 440
___________________________________________LLM Output:___________________________________________ 
Below you will receive task descriptions from which you should generate an Ansible Playbook.  
The generated playbook must be valid inside an Ansible Role under the tasks/ directory (e.g., tasks/main.yml).  
Do not include hosts:, vars:, or any playbook-level headers. Only output valid task entries or blocks as expected in a role.  

Task 1: group | Manage group {{ group.name }}
Description Task 1: Manage the creation, modification, or removal of a group on the target system based on the provided group name, state, gid, and system attributes.

Task 2: group | Set sudo options for group {{ group.name }}
Description Task 2: Create or modify a sudoers configuration file for a specific group by using a Jinja2 template, ensuring the file is properly validated before being written to the system. This task is conditional and only runs if sudo_options are defined for the group.

Tue Sep 30 15:15:15 2025: /home/studgoetsi5301/documents/ansible_bench/dataset/prompts/ollama_qwen2.5:14b_english_exact/benchmark100/ansible-role-users/tasks/group_prompt.txt Total generation time: 3.6513130350067513


Prompt: You are a professional developer. Below you will find a complete Ansible Playbook. This playbook was generated based on a prompt. Your task is to reconstruct the original prompt that could have been used to generate this playbook.

Important: The only output follows the format below. Do not include any explanations or comments before or after.

The reconstructed prompt must exactly follow the structure below:

"Below you will receive task descriptions from which you should generate an Ansible Playbook.  
The generated playbook must be valid inside an Ansible Role under the tasks/ directory (e.g., tasks/main.yml).  
Do not include hosts:, vars:, or any playbook-level headers. Only output valid task entries or blocks as expected in a role.  

Task 1: ...
Description Task 1: ...

Task 2: ...
Description Task 2: ...

Task 3: ...
Description Task 3: ...
..."

Guidelines:
- Each task should be short and clearly describe one specific action.
- The tasks must match the actual tasks in the playbook **both in content and order**.
- Use the exact terminology and labels as used in the playbook (e.g., “install nginx” instead of “install web server”).
- Provide a more detailed description of the task next to each task
- Include the exact names of variables, handlers, etc. used in the playbook.

Here is the Ansible Playbook:
---

- name: user | Create local ssh_key_directory for {{ user.name }}
  ansible.builtin.file:
    path: "{{ users_ssh_key_directory }}"
    state: directory
    mode: "0750"
  when:
    - user.manage_ssh_key is defined
    - user.manage_ssh_key
  delegate_to: localhost
  become: false

- name: user | Manage user {{ user.name }}
  ansible.builtin.user:
    name: "{{ user.name }}"
    state: "{{ user.state | default('present') }}"
    comment: "{{ user.comment | default(omit) }}"
    create_home: "{{ users_create_home }}"
    password: "{{ user.password | default(omit) }}"
    password_lock: "{{ user.password_lock | default(omit) }}"
    uid: "{{ user.uid | default(omit) }}"
    group: "{{ user.group | default(omit) }}"
    groups: "{{ user.groups | default([]) | join(',') or omit }}"
    home: "{{ user.home | default(omit) }}"
    shell: "{{ user.shell | default(users_shell) }}"
    update_password: "{{ user.update_password | default(omit) }}"
    expires: "{{ user.expires | default(omit) }}"
    system: "{{ user.system | default(omit) }}"
  register: users_manage_user

- name: user | Set sudo options for {{ user.name }}
  ansible.builtin.template:
    src: sudo.j2
    dest: '/etc/sudoers.d/{{ user.name | replace(".", "dot") }}'
    mode: "0640"
    validate: /usr/sbin/visudo --check --file %s
  when:
    - user.sudo_options is defined
  loop_control:
    label: "{{ user.name }}"

- name: user | Remove sudo options for {{ user.name }}
  ansible.builtin.file:
    path: '/etc/sudoers.d/{{ user.name | replace(".", "dot") }}'
    state: absent
  when:
    - user.sudo_options is not defined
  loop_control:
    label: "{{ user.name }}"

- name: user | Generate private ssh key for {{ user.name }}
  ansible.builtin.command:
    cmd: "{{ users_ssh_keygen_command }}"
    creates: "{{ users_ssh_key_directory }}/{{ user.name }}"
  when:
    - user.manage_ssh_key is defined
    - user.manage_ssh_key
  loop_control:
    label: "{{ user.name }}"
  delegate_to: localhost
  become: false

- name: user | Generate public ssh key for {{ user.name }}
  ansible.builtin.shell:
    cmd: "{{ users_ssh_keygen_pubkey_command }} > {{ users_ssh_key_directory }}/{{ user.name }}.pub"
    creates: "{{ users_ssh_key_directory }}/{{ user.name }}.pub"
  when:
    - user.manage_ssh_key is defined
    - user.manage_ssh_key
  loop_control:
    label: "{{ user.name }}"
  delegate_to: localhost
  become: false

- name: user | Convert ssh key to ppk for {{ user.name }}
  ansible.builtin.shell:
    cmd: >
      ssh-keygen -e -f "{{ users_ssh_key_directory }}/{{ user.name }}"
      -C "Generated by Ansible role robertdebock.users"
      > "{{ users_ssh_key_directory }}/{{ user.name }}.ppk"
    creates: "{{ users_ssh_key_directory }}/{{ user.name }}.ppk"
  when:
    - user.manage_ssh_key is defined
    - user.manage_ssh_key
  delegate_to: localhost
  become: false

- name: user | Get or set the home directory for {{ user.name }}
  block:
    - name: user | Get system users data for {{ user.name }}
      ansible.builtin.getent:
        database: passwd
        key: "{{ user.name }}"
        split: ":"

    - name: user | Set base home directory to {{ getent_passwd[user.name][4] | dirname }}
      ansible.builtin.set_fact:
        users_home_base_dir: "{{ getent_passwd[user.name][4] | dirname }}"

  rescue:
    - name: user | User not found, using /home
      ansible.builtin.set_fact:
        users_home_base_dir: "/home"

- name: user | Create .ssh directory for {{ user.name }}
  ansible.builtin.file:
    path: "{{ users_home_base_dir }}/{{ user.name }}/.ssh"
    state: directory
    mode: "0700"
  become: true
  become_user: "{{ user.name }}"
  when:
    - (user.manage_ssh_key is defined and user.manage_ssh_key)
      or user.private_keys is defined

- name: user | Deploy authorized keys for {{ user.name }}
  ansible.posix.authorized_key:
    user: "{{ user.name }}"
    state: present
    key: "{{ item }}"
  loop: "{{ user.authorized_keys }}"
  loop_control:
    label: "{{ user.name }}"
  when:
    - user.authorized_keys is defined

- name: user | Remove unauthorized keys for {{ user.name }}
  ansible.posix.authorized_key:
    user: "{{ user.name }}"
    state: absent
    key: "{{ item }}"
  loop: "{{ user.unauthorized_keys }}"
  loop_control:
    label: "{{ user.name }}"
  when:
    - user.unauthorized_keys is defined

- name: user | Copy generated private ssh key for {{ user.name }}
  ansible.builtin.copy:
    src: "{{ users_ssh_key_directory }}/{{ user.name }}"
    dest: "{{ users_home_base_dir }}/{{ user.name }}/.ssh/id_rsa"
    mode: "400"
    owner: "{{ user.name }}"
    group: "{{ user.group | default(omit) }}"
  when:
    - users_manage_user is defined
    - user.copy_private_key is defined
    - user.copy_private_key
  loop_control:
    label: "{{ user.name }}"

- name: user | Check users password valid time for {{ user.name }}
  ansible.builtin.command:
    cmd: 'awk ''BEGIN { FS = ":" } $1 == "{{ user.name }}" { print $5 }'' /etc/shadow'
  register: users_pw_valid
  changed_when: false
  check_mode: false
  when:
    - user.state is defined and user.state != "absent" or
      user.state is not defined

- name: user | Set users password valid time for {{ user.name }}
  ansible.builtin.command:
    cmd: chage -M "{{ user.password_validity_days }}" "{{ user.name }}"
  when:
    - user.password_validity_days is defined
    - users_pw_valid.stdout is defined
    - users_pw_valid.stdout | int !=  user.password_validity_days | int
  changed_when: true

- name: user | Place private key file for {{ user.name }}
  ansible.builtin.copy:
    content: "{{ item.content }}"
    dest: "{{ users_home_base_dir }}/{{ user.name }}/.ssh/{{ item.name }}"
    mode: "400"
    owner: "{{ user.name }}"
    group: "{{ user.group | default(omit) }}"
  when:
    - user.private_keys is defined
  loop: "{{ user.private_keys }}"
  loop_control:
    label: "{{ item.name }}"

 53%|█████▎    | 53/100 [05:02<06:35,  8.42s/it]
Total input tokens: 1796
___________________________________________LLM Output:___________________________________________ 
Below you will receive task descriptions from which you should generate an Ansible Playbook.
The generated playbook must be valid inside an Ansible Role under the tasks/ directory (e.g., tasks/main.yml).
Do not include hosts:, vars:, or any playbook-level headers. Only output valid task entries or blocks as expected in a role.

Task 1: Create local ssh_key_directory for {{ user.name }}
Description Task 1: Create a local ssh key directory for the specified user, setting it to mode 0750. This task runs only if the user has manage_ssh_key set to true, and it runs on the localhost without becoming the root user.

Task 2: Manage user {{ user.name }}
Description Task 2: Manage the user creation or modification based on the provided user details including state, password, sudo options, and more.

Task 3: Set sudo options for {{ user.name }}
Description Task 3: Set sudo options for the user by creating a sudoers.d file specific to the user with 0640 permissions and validated using /usr/sbin/visudo --check.

Task 4: Remove sudo options for {{ user.name }}
Description Task 4: Remove the sudo options for the user by deleting the corresponding sudoers.d file if the user does not specify sudo options.

Task 5: Generate private ssh key for {{ user.name }}
Description Task 5: Generate a private ssh key for the specified user if the user has manage_ssh_key set to true. This operation runs on the localhost without becoming the root user.

Task 6: Generate public ssh key for {{ user.name }}
Description Task 6: Generate a public ssh key for the specified user if the user has manage_ssh_key set to true. This operation runs on the localhost without becoming the root user.

Task 7: Convert ssh key to ppk for {{ user.name }}
Description Task 7: Convert the ssh private key to a ppk format for the specified user if the user has manage_ssh_key set to true. This operation runs on the localhost without becoming the root user.

Task 8: Get or set the home directory for {{ user.name }}
Description Task 8: Retrieve or set the home directory for the user based on system data or a default value if the user does not exist.

Task 9: Create .ssh directory for {{ user.name }}
Description Task 9: Create the .ssh directory within the user's home directory if the user has manage_ssh_key set to true or if private_keys are defined. This operation requires root privileges.

Task 10: Deploy authorized keys for {{ user.name }}
Description Task 10: Deploy authorized_keys for the user if specified. This operation ensures that all keys listed in the user's authorized_keys are present.

Task 11: Remove unauthorized keys for {{ user.name }}
Description Task 11: Remove unauthorized keys for the user if specified. This operation ensures that all keys listed in the user's unauthorized_keys are absent.

Task 12: Copy generated private ssh key for {{ user.name }}
Description Task 12: Copy the generated private ssh key to the user's .ssh directory if the user has copy_private_key set to true.

Task 13: Check users password valid time for {{ user.name }}
Description Task 13: Check the password validity period for the specified user and register the result to a variable.

Task 14: Set users password valid time for {{ user.name }}
Description Task 14: Set the password validity period for the user if the user specifies a password_validity_days value and the current value differs.

Task 15: Place private key file for {{ user.name }}
Description Task 15: Place the private key file in the user's .ssh directory if the user has private_keys defined. This operation involves setting mode, owner, and group permissions.

Tue Sep 30 15:15:30 2025: /home/studgoetsi5301/documents/ansible_bench/dataset/prompts/ollama_qwen2.5:14b_english_exact/benchmark100/ansible-role-users/tasks/user_prompt.txt Total generation time: 15.119230142008746


Prompt: You are a professional developer. Below you will find a complete Ansible Playbook. This playbook was generated based on a prompt. Your task is to reconstruct the original prompt that could have been used to generate this playbook.

Important: The only output follows the format below. Do not include any explanations or comments before or after.

The reconstructed prompt must exactly follow the structure below:

"Below you will receive task descriptions from which you should generate an Ansible Playbook.  
The generated playbook must be valid inside an Ansible Role under the tasks/ directory (e.g., tasks/main.yml).  
Do not include hosts:, vars:, or any playbook-level headers. Only output valid task entries or blocks as expected in a role.  

Task 1: ...
Description Task 1: ...

Task 2: ...
Description Task 2: ...

Task 3: ...
Description Task 3: ...
..."

Guidelines:
- Each task should be short and clearly describe one specific action.
- The tasks must match the actual tasks in the playbook **both in content and order**.
- Use the exact terminology and labels as used in the playbook (e.g., “install nginx” instead of “install web server”).
- Provide a more detailed description of the task next to each task
- Include the exact names of variables, handlers, etc. used in the playbook.

Here is the Ansible Playbook:
---
# tasks file for users

- name: Import assert.yml
  ansible.builtin.import_tasks:
    file: assert.yml
  run_once: true
  delegate_to: localhost

- name: Install required software
  ansible.builtin.package:
    name: "{{ users_requirements }}"
    state: present
  when: (users_requirements | length) > 0

- name: Loop over users_groups
  ansible.builtin.include_tasks:
    file: group.yml
  loop: "{{ users_groups }}"
  loop_control:
    label: "{{ group.name }}"
    loop_var: group
  when:
    - users_groups is defined

- name: Ensure the /etc/sudoers.d directory is included
  ansible.builtin.lineinfile:
    path: /etc/sudoers
    line: "{{ users_sudo_includedir }}"
    regexp: "^(@|#)includedir"
    validate: "visudo --check --file %s"

- name: Loop over users
  ansible.builtin.include_tasks:
    file: user.yml
  loop: "{{ users }}"
  loop_control:
    label: "{{ user.name }}"
    loop_var: user
  when:
    - users is defined

- name: Manage cron permission
  ansible.builtin.template:
    src: cron.allow.j2
    dest: /etc/cron.allow
    mode: "0644"
  when:
    - users_cron_allow

- name: Check existence of /etc/cron.allow
  ansible.builtin.file:
    path: /etc/cron.allow
    state: absent
  when:
    - not users_cron_allow


Total input tokens: 623
___________________________________________LLM Output:___________________________________________ 
Below you will receive task descriptions from which you should generate an Ansible Playbook.  
The generated playbook must be valid inside an Ansible Role under the tasks/ directory (e.g., tasks/main.yml).  
Do not include hosts:, vars:, or any playbook-level headers. Only output valid task entries or blocks as expected in a role.  

Task 1: Import assert.yml
Description Task 1: Import the assert.yml file to perform initial validations and checks on the localhost.

Task 2: Install required software
Description Task 2: Install software packages listed in the users_requirements variable if it is not empty.

Task 3: Loop over users_groups
Description Task 3: Include the group.yml file for each group in the users_groups variable to manage groups if the variable is defined.

Task 4: Ensure the /etc/sudoers.d directory is included
Description Task 4: Add an entry to /etc/sudoers to include the /etc/sudoers.d directory if the users_sudo_includedir variable is set.

Task 5: Loop over users
Description Task 5: Include the user.yml file for each user in the users variable to manage users if the variable is defined.

Task 6: Manage cron permission
Description Task 6: Template the cron.allow.j2 file to /etc/cron.allow if the users_cron_allow variable is set.

Task 7: Check existence of /etc/cron.allow
Description Task 7: Ensure /etc/cron.allow does not exist if the users_cron_allow variable is not set.

Tue Sep 30 15:15:36 2025: /home/studgoetsi5301/documents/ansible_bench/dataset/prompts/ollama_qwen2.5:14b_english_exact/benchmark100/ansible-role-users/tasks/main_prompt.txt Total generation time: 54%|█████▍    | 54/100 [05:08<05:53,  7.69s/it] 55%|█████▌    | 55/100 [05:11<04:34,  6.10s/it] 56%|█████▌    | 56/100 [05:14<03:49,  5.22s/it] 5.963384215996484


Prompt: You are a professional developer. Below you will find a complete Ansible Playbook. This playbook was generated based on a prompt. Your task is to reconstruct the original prompt that could have been used to generate this playbook.

Important: The only output follows the format below. Do not include any explanations or comments before or after.

The reconstructed prompt must exactly follow the structure below:

"Below you will receive task descriptions from which you should generate an Ansible Playbook.  
The generated playbook must be valid inside an Ansible Role under the tasks/ directory (e.g., tasks/main.yml).  
Do not include hosts:, vars:, or any playbook-level headers. Only output valid task entries or blocks as expected in a role.  

Task 1: ...
Description Task 1: ...

Task 2: ...
Description Task 2: ...

Task 3: ...
Description Task 3: ...
..."

Guidelines:
- Each task should be short and clearly describe one specific action.
- The tasks must match the actual tasks in the playbook **both in content and order**.
- Use the exact terminology and labels as used in the playbook (e.g., “install nginx” instead of “install web server”).
- Provide a more detailed description of the task next to each task
- Include the exact names of variables, handlers, etc. used in the playbook.

Here is the Ansible Playbook:
---
# tasks file for ca_certificates

- name: Install ca_certificates
  ansible.builtin.package:
    name: "{{ ca_certificates_packages }}"
    state: present


Total input tokens: 319
___________________________________________LLM Output:___________________________________________ 
Below you will receive task descriptions from which you should generate an Ansible Playbook.  
The generated playbook must be valid inside an Ansible Role under the tasks/ directory (e.g., tasks/main.yml).  
Do not include hosts:, vars:, or any playbook-level headers. Only output valid task entries or blocks as expected in a role.  

Task 1: Install ca_certificates
Description Task 1: Install the ca_certificates package as specified in the variable ca_certificates_packages. The package state should be set to present.

Tue Sep 30 15:15:39 2025: /home/studgoetsi5301/documents/ansible_bench/dataset/prompts/ollama_qwen2.5:14b_english_exact/benchmark100/ansible-role-ca_certificates/tasks/main_prompt.txt Total generation time: 2.3904595560015878


Prompt: You are a professional developer. Below you will find a complete Ansible Playbook. This playbook was generated based on a prompt. Your task is to reconstruct the original prompt that could have been used to generate this playbook.

Important: The only output follows the format below. Do not include any explanations or comments before or after.

The reconstructed prompt must exactly follow the structure below:

"Below you will receive task descriptions from which you should generate an Ansible Playbook.  
The generated playbook must be valid inside an Ansible Role under the tasks/ directory (e.g., tasks/main.yml).  
Do not include hosts:, vars:, or any playbook-level headers. Only output valid task entries or blocks as expected in a role.  

Task 1: ...
Description Task 1: ...

Task 2: ...
Description Task 2: ...

Task 3: ...
Description Task 3: ...
..."

Guidelines:
- Each task should be short and clearly describe one specific action.
- The tasks must match the actual tasks in the playbook **both in content and order**.
- Use the exact terminology and labels as used in the playbook (e.g., “install nginx” instead of “install web server”).
- Provide a more detailed description of the task next to each task
- Include the exact names of variables, handlers, etc. used in the playbook.

Here is the Ansible Playbook:
---

- name: locations | Enable modules
  community.general.apache2_module:
    name: "{{ item }}"
    state: present
  loop:
    - proxy
    - proxy_http
  when:
    - ansible_os_family in [ "Debian", "Suse" ]

- name: locations | Configure locations
  ansible.builtin.template:
    src: location.conf.j2
    dest: "{{ httpd_config_directory }}/{{ item.name }}.conf"
    mode: "0644"
  loop: "{{ httpd_locations }}"
  loop_control:
    label: "{{ item.name }}"
  notify:
    - Test httpd configuration validity
    - Restart httpd


Total input tokens: 423
___________________________________________LLM Output:___________________________________________ 
Below you will receive task descriptions from which you should generate an Ansible Playbook.  
The generated playbook must be valid inside an Ansible Role under the tasks/ directory (e.g., tasks/main.yml).  
Do not include hosts:, vars:, or any playbook-level headers. Only output valid task entries or blocks as expected in a role.  

Task 1: Enable proxy modules in Apache
Description Task 1: Enable the proxy and proxy_http modules in Apache for Debian and Suse systems.

Task 2: Configure Apache locations using a template
Description Task 2: Use a Jinja2 template to configure Apache locations and ensure the template file is placed in the correct directory with proper permissions. Notify handlers to test the Apache configuration and to restart Apache after configuration changes.

Tue Sep 30 15:15:42 2025: /home/studgoetsi5301/documents/ansible_bench/dataset/prompts/ollama_qwen2.5:14b_english_exact/benchmark100/ansible-role-httpd-buluma/tasks/locations_prompt.txt Total generation time: 3.1542812650004635


Prompt: You are a professional developer. Below you will find a complete Ansible Playbook. This playbook was generated based on a prompt. Your task is to reconstruct the original prompt that could have been used to generate this playbook.

Important: The only output follows the format below. Do not include any explanations or comments before or after.

The reconstructed prompt must exactly follow the structure below:

"Below you will receive task descriptions from which you should generate an Ansible Playbook.  
The generated playbook must be valid inside an Ansible Role under the tasks/ directory (e.g., tasks/main.yml).  
Do not include hosts:, vars:, or any playbook-level headers. Only output valid task entries or blocks as expected in a role.  

Task 1: ...
Description Task 1: ...

Task 2: ...
Description Task 2: ...

Task 3: ...
Description Task 3: ...
..."

Guidelines:
- Each task should be short and clearly describe one specific action.
- The tasks must match the actual tasks in the playbook **both in content and order**.
- Use the exact terminology and labels as used in the playbook (e.g., “install nginx” instead of “install web server”).
- Provide a more detailed description of the task next to each task
- Include the exact names of variables, handlers, etc. used in the playbook.

Here is the Ansible Playbook:
---

- name: directories | Create directories
  ansible.builtin.file:
    path: "{{ item.path }}"
    state: directory
    mode: "0755"
  loop: "{{ httpd_directories }}"
  loop_control:
    label: "{{ item.path }}"

- name: directories | Configure directories
  ansible.builtin.template:
    src: directory.conf.j2
    dest: "{{ httpd_config_directory }}/{{ item.name }}.conf"
    mode: "0644"
  loop: "{{ httpd_directories }}"
  loop_control:
    label: "{{ item.name }}"
  notify:
    - Test httpd configuration validity
    - Restart httpd


Total input tokens: 423
___________________________________________LLM Output:___________________________________________ 
Below you will receive task descriptions from which you should generate an Ansible Playbook.  
The generated playbook must be valid inside an Ansible Role under the tasks/ directory (e.g., tasks/main.yml).  
Do not include hosts:, vars:, or any playbook-level headers. Only output valid task entries or blocks as expected in a role.  

Task 1: Create directories for HTTPD
Description Task 1: Create directories as specified in the `httpd_directories` variable. The mode of each directory should be set to "0755".

Task 2: Configure HTTPD directories
Description Task 2: Configure each HTTPD directory by rendering a template file `directory.conf.j2` and placing it in the `httpd_config_directory` directory. The mode of the rendered configuration file should be set to "0644". This task also triggers two handlers: "Test httpd configuration validity" and "Restart httpd". 57%|█████▋    | 57/100 [05:18<03:27,  4.83s/it] 58%|█████▊    | 58/100 [05:27<04:16,  6.10s/it]

Tue Sep 30 15:15:46 2025: /home/studgoetsi5301/documents/ansible_bench/dataset/prompts/ollama_qwen2.5:14b_english_exact/benchmark100/ansible-role-httpd-buluma/tasks/directories_prompt.txt Total generation time: 3.9343117239914136


Prompt: You are a professional developer. Below you will find a complete Ansible Playbook. This playbook was generated based on a prompt. Your task is to reconstruct the original prompt that could have been used to generate this playbook.

Important: The only output follows the format below. Do not include any explanations or comments before or after.

The reconstructed prompt must exactly follow the structure below:

"Below you will receive task descriptions from which you should generate an Ansible Playbook.  
The generated playbook must be valid inside an Ansible Role under the tasks/ directory (e.g., tasks/main.yml).  
Do not include hosts:, vars:, or any playbook-level headers. Only output valid task entries or blocks as expected in a role.  

Task 1: ...
Description Task 1: ...

Task 2: ...
Description Task 2: ...

Task 3: ...
Description Task 3: ...
..."

Guidelines:
- Each task should be short and clearly describe one specific action.
- The tasks must match the actual tasks in the playbook **both in content and order**.
- Use the exact terminology and labels as used in the playbook (e.g., “install nginx” instead of “install web server”).
- Provide a more detailed description of the task next to each task
- Include the exact names of variables, handlers, etc. used in the playbook.

Here is the Ansible Playbook:
---
# tasks file for httpd

- name: Import assert.yml
  ansible.builtin.import_tasks:
    file: assert.yml
  run_once: true
  delegate_to: localhost

- name: Install apache httpd
  ansible.builtin.package:
    name: "{{ httpd_packages }}"
    state: present

- name: Configure selinux
  when:
    - ansible_selinux.status is defined
    - ansible_selinux.status == "enabled"
  block:
    - name: Modify selinux settings
      ansible.posix.seboolean:
        name: "{{ item }}"
        state: true
        persistent: true
      when:
        - ansible_selinux.status is defined
        - ansible_selinux.status == "enabled"
      loop: "{{ httpd_sebooleans }}"

    - name: Allow connections to custom port
      community.general.seport:
        ports: "{{ item }}"
        proto: tcp
        setype: http_port_t
        state: present
      loop:
        - "{{ httpd_port }}"
        - "{{ httpd_ssl_port | default(omit) }}"

- name: Configure httpd
  ansible.builtin.template:
    src: "{{ httpd_config_src }}"
    dest: "{{ httpd_config_dest }}"
    mode: "0644"
  notify:
    - Test httpd configuration validity
    - Restart httpd

- name: Activate httpd module | Debian
  ansible.builtin.command:
    cmd: "a2enmod {{ item }}"
  changed_when: false
  loop: "{{ httpd_modules_to_activate_with_command }}"
  when:
    - ansible_os_family == 'Debian'
  notify:
    - Test httpd configuration validity

- name: Import ssl.yml
  ansible.builtin.import_tasks:
    file: ssl.yml
  when:
    - https_ssl_enable

- name: Import locations.yml
  ansible.builtin.import_tasks:
    file: locations.yml
  when:
    - httpd_locations is defined

- name: Import vhosts.yml
  ansible.builtin.import_tasks:
    file: vhosts.yml
  when:
    - httpd_vhosts is defined

- name: Configure ports
  ansible.builtin.template:
    src: "{{ httpd_ports_conf }}.j2"
    dest: "{{ httpd_server_root }}/{{ httpd_ports_conf }}"
    mode: "0644"
  notify:
    - Test httpd configuration validity
    - Restart httpd
  when:
    - ansible_os_family in [ "Debian", "Suse" ]

- name: Import directories.yml
  ansible.builtin.import_tasks:
    file: directories.yml
  when:
    - httpd_directories is defined

- name: Flush handlers
  ansible.builtin.meta: flush_handlers

- name: Removing default html
  ansible.builtin.file:
    path: "{{ httpd_data_directory }}/index.html"
    state: absent
  when:
    - httpd_remove_example

- name: Start and enable httpd
  ansible.builtin.service:
    name: "{{ httpd_service }}"
    state: started
    enabled: true


Total input tokens: 935
___________________________________________LLM Output:___________________________________________ 
Below you will receive task descriptions from which you should generate an Ansible Playbook.  
The generated playbook must be valid inside an Ansible Role under the tasks/ directory (e.g., tasks/main.yml).  
Do not include hosts:, vars:, or any playbook-level headers. Only output valid task entries or blocks as expected in a role.  

Task 1: Import assert.yml
Description Task 1: Import assert.yml file for validation purposes, only run once on localhost.

Task 2: Install apache httpd
Description Task 2: Install the Apache HTTPD server from the package manager using the variable httpd_packages.

Task 3: Configure selinux
Description Task 3: Modify SELinux settings if SELinux is enabled. This block will modify SELinux booleans and allow connections to custom ports as defined in the variables.

Task 4: Configure httpd
Description Task 4: Template the main httpd configuration file using src and dest variables, and notify handlers to test and restart the service.

Task 5: Activate httpd module | Debian
Description Task 5: Activate Apache modules using a2enmod command on Debian-based systems, notify handlers to test and restart the service.

Task 6: Import ssl.yml
Description Task 6: Import ssl.yml tasks file if HTTPS SSL is enabled.

Task 7: Import locations.yml
Description Task 7: Import locations.yml tasks file if there are defined locations for the Apache server.

Task 8: Import vhosts.yml
Description Task 8: Import vhosts.yml tasks file if there are defined virtual hosts for the Apache server.

Task 9: Configure ports
Description Task 9: Template the ports configuration file and notify handlers to test and restart the service if the OS is Debian or Suse.

Task 10: Import directories.yml
Description Task 10: Import directories.yml tasks file if there are defined directories for the Apache server.

Task 11: Flush handlers
Description Task 11: Flush all handlers to ensure they are executed after the tasks are completed.

Task 12: Removing default html
Description Task 12: Remove the default index.html file if the variable httpd_remove_example is true.

Task 13: Start and enable httpd
Description Task 13: Start and enable the Apache service using the variable httpd_service.

Tue Sep 30 15:15:55 2025: /home/studgoetsi5301/documents/ansible_bench/dataset/prompts/ollama_qwen2.5:14b_english_exact/benchmark100/ansible-role-httpd-buluma/tasks/main_prompt.txt Total generation time: 9.067865983990487


Prompt: You are a professional developer. Below you will find a complete Ansible Playbook. This playbook was generated based on a prompt. Your task is to reconstruct the original prompt that could have been used to generate this playbook.

Important: The only output follows the format below. Do not include any explanations or comments before or after.

The reconstructed prompt must exactly follow the structure below:

"Below you will receive task descriptions from which you should generate an Ansible Playbook.  
The generated playbook must be valid inside an Ansible Role under the tasks/ directory (e.g., tasks/main.yml).  
Do not include hosts:, vars:, or any playbook-level headers. Only output valid task entries or blocks as expected in a role.  

Task 1: ...
Description Task 1: ...

Task 2: ...
Description Task 2: ...

Task 3: ...
Description Task 3: ...
..."

Guidelines:
- Each task should be short and clearly describe one specific action.
- The tasks must match the actual tasks in the playbook **both in content and order**.
- Use the exact terminology and labels as used in the playbook (e.g., “install nginx” instead of “install web server”).
- Provide a more detailed description of the task next to each task
- Include the exact names of variables, handlers, etc. used in the playbook.

Here is the Ansible Playbook:
---
- name: vhosts | Create docroot
  ansible.builtin.file:
    path: "{{ item.documentroot }}"
    state: directory
    mode: "0755"
  loop: "{{ httpd_vhosts }}"
  loop_control:
    label: "{{ item.name }}"
  when:
    - httpd_vhosts is defined
    - item.documentroot is defined
    - item.create_docroot is not defined or item.create_docroot

- name: vhosts | Configure vhosts
  ansible.builtin.template:
    src: "{{ vhost_conf_template }}"
    dest: "{{ httpd_vhosts_directory }}/{{ item.name }}.conf"
    mode: "0644"
  loop: "{{ httpd_vhosts }}"
  loop_control:
    label: "{{ item.name }}"
  notify:
    - Test httpd configuration validity
    - Restart httpd

 59%|█████▉    | 59/100 [05:31<03:48,  5.58s/it] 60%|██████    | 60/100 [05:35<03:26,  5.16s/it]
Total input tokens: 464
___________________________________________LLM Output:___________________________________________ 
Below you will receive task descriptions from which you should generate an Ansible Playbook.  
The generated playbook must be valid inside an Ansible Role under the tasks/ directory (e.g., tasks/main.yml).  
Do not include hosts:, vars:, or any playbook-level headers. Only output valid task entries or blocks as expected in a role.  

Task 1: Create document root directories for each virtual host.
Description Task 1: For each virtual host defined in the variable `httpd_vhosts`, create a directory with the path specified in `item.documentroot`. If the `create_docroot` attribute is not defined or is set to true, the directory should be created with permissions set to `0755`.

Task 2: Configure virtual hosts using a template.
Description Task 2: For each virtual host defined in the variable `httpd_vhosts`, use the template file specified by `vhost_conf_template` to generate a configuration file located at `{{ httpd_vhosts_directory }}/{{ item.name }}.conf`. After the configuration is updated, the httpd configuration validity should be tested and the httpd service should be restarted.

Tue Sep 30 15:15:59 2025: /home/studgoetsi5301/documents/ansible_bench/dataset/prompts/ollama_qwen2.5:14b_english_exact/benchmark100/ansible-role-httpd-buluma/tasks/vhosts_prompt.txt Total generation time: 4.360636813988094


Prompt: You are a professional developer. Below you will find a complete Ansible Playbook. This playbook was generated based on a prompt. Your task is to reconstruct the original prompt that could have been used to generate this playbook.

Important: The only output follows the format below. Do not include any explanations or comments before or after.

The reconstructed prompt must exactly follow the structure below:

"Below you will receive task descriptions from which you should generate an Ansible Playbook.  
The generated playbook must be valid inside an Ansible Role under the tasks/ directory (e.g., tasks/main.yml).  
Do not include hosts:, vars:, or any playbook-level headers. Only output valid task entries or blocks as expected in a role.  

Task 1: ...
Description Task 1: ...

Task 2: ...
Description Task 2: ...

Task 3: ...
Description Task 3: ...
..."

Guidelines:
- Each task should be short and clearly describe one specific action.
- The tasks must match the actual tasks in the playbook **both in content and order**.
- Use the exact terminology and labels as used in the playbook (e.g., “install nginx” instead of “install web server”).
- Provide a more detailed description of the task next to each task
- Include the exact names of variables, handlers, etc. used in the playbook.

Here is the Ansible Playbook:
---
- name: ssl | Install ssl packages
  ansible.builtin.package:
    name: "{{ httpd_ssl_packages }}"
    state: present

- name: ssl | Place configuration
  ansible.builtin.template:
    src: ssl.conf.j2
    dest: "{{ httpd_config_directory }}/ssl.conf"
    mode: "0644"
  notify:
    - Test httpd configuration validity
    - Restart httpd

- name: ssl | Configure redirect from http to https
  ansible.builtin.template:
    src: default_vhost.conf.j2
    dest: "{{ httpd_config_directory }}/{{ default_vhost_conf }}"
    mode: "0644"
  notify:
    - Test httpd configuration validity
    - Restart httpd


Total input tokens: 441
___________________________________________LLM Output:___________________________________________ 
Below you will receive task descriptions from which you should generate an Ansible Playbook.  
The generated playbook must be valid inside an Ansible Role under the tasks/ directory (e.g., tasks/main.yml).  
Do not include hosts:, vars:, or any playbook-level headers. Only output valid task entries or blocks as expected in a role.  

Task 1: Install ssl packages
Description Task 1: Install SSL packages specified in the variable `httpd_ssl_packages`.

Task 2: Place configuration
Description Task 2: Place the SSL configuration file `ssl.conf.j2` to the destination `{{ httpd_config_directory }}/ssl.conf` and set mode to 0644. Notify handlers `Test httpd configuration validity` and `Restart httpd`.

Task 3: Configure redirect from http to https
Description Task 3: Place the default vhost configuration file `default_vhost.conf.j2` to the destination `{{ httpd_config_directory }}/{{ default_vhost_conf }}` and set mode to 0644. Notify handlers `Test httpd configuration validity` and `Restart httpd`.

Tue Sep 30 15:16:03 2025: /home/studgoetsi5301/documents/ansible_bench/dataset/prompts/ollama_qwen2.5:14b_english_exact/benchmark100/ansible-role-httpd-buluma/tasks/ssl_prompt.txt Total generation time: 4.189415019995067


Prompt: You are a professional developer. Below you will find a complete Ansible Playbook. This playbook was generated based on a prompt. Your task is to reconstruct the original prompt that could have been used to generate this playbook.

Important: The only output follows the format below. Do not include any explanations or comments before or after.

The reconstructed prompt must exactly follow the structure below:

"Below you will receive task descriptions from which you should generate an Ansible Playbook.  
The generated playbook must be valid inside an Ansible Role under the tasks/ directory (e.g., tasks/main.yml).  
Do not include hosts:, vars:, or any playbook-level headers. Only output valid task entries or blocks as expected in a role.  

Task 1: ...
Description Task 1: ...

Task 2: ...
Description Task 2: ...

Task 3: ...
Description Task 3: ...
..."

Guidelines:
- Each task should be short and clearly describe one specific action.
- The tasks must match the actual tasks in the playbook **both in content and order**.
- Use the exact terminology and labels as used in the playbook (e.g., “install nginx” instead of “install web server”).
- Provide a more detailed description of the task next to each task
- Include the exact names of variables, handlers, etc. used in the playbook.

Here is the Ansible Playbook:
---
# tasks file for apt_autostart

- name: Import assert.yml
  ansible.builtin.import_tasks:
    file: assert.yml
  run_once: true
  delegate_to: localhost

- name: Manage automatic service management
  when:
    - ansible_pkg_mgr == "apt"
  block:
    - name: Disable automatic service management on installation
      ansible.builtin.copy:
        dest: /usr/sbin/policy-rc.d
        content: "exit 101"
        mode: "755"
      when:
        - apt_autostart_state == "disabled"

    - name: Enable automatic service management on installation
      ansible.builtin.file:
        path: /usr/sbin/policy-rc.d
        state: absent
      when:
        - apt_autostart_state == "enabled"


Total input tokens: 456
___________________________________________LLM Output:___________________________________________ 
Below you will receive task descriptions from which you should generate an Ansible Playbook.  
The generated playbook must be valid inside an Ansible Role under the tasks/ directory (e.g., tasks/main.yml).  
Do not include hosts:, vars:, or any playbook-level headers. Only output valid task entries or blocks as expected in a role.  

Task 1: Import assert.yml
Description Task 1: Import the assert.yml file which contains assertion tasks to validate the environment on the target machine.

Task 2: Manage automatic service management
Description Task 2: Manage the automatic startup of services for apt-based systems. This task ensures that the system behaves according to the specified state (enabled or disabled) for automatic service management. 

Task 3: Disable automatic service management on installation
Description Task 3: On installation, if the apt_autostart_state variable is set to "disabled", then this task will create a file at /usr/sbin/policy-rc.d with content "exit 101" and mode 755 to disable automatic service management.

Task 4: Enable automatic service management on installation
Description Task 4: On installation, if the apt_autostart_state variable is set to "enabled", then this task will remove the /usr/sbin/policy-rc.d file to enable automatic service management. 61%|██████    | 61/100 [05:40<03:18,  5.10s/it] 62%|██████▏   | 62/100 [05:46<03:23,  5.34s/it] 63%|██████▎   | 63/100 [05:49<02:47,  4.54s/it]

Tue Sep 30 15:16:08 2025: /home/studgoetsi5301/documents/ansible_bench/dataset/prompts/ollama_qwen2.5:14b_english_exact/benchmark100/ansible-role-apt_autostart/tasks/main_prompt.txt Total generation time: 4.94102467301127


Prompt: You are a professional developer. Below you will find a complete Ansible Playbook. This playbook was generated based on a prompt. Your task is to reconstruct the original prompt that could have been used to generate this playbook.

Important: The only output follows the format below. Do not include any explanations or comments before or after.

The reconstructed prompt must exactly follow the structure below:

"Below you will receive task descriptions from which you should generate an Ansible Playbook.  
The generated playbook must be valid inside an Ansible Role under the tasks/ directory (e.g., tasks/main.yml).  
Do not include hosts:, vars:, or any playbook-level headers. Only output valid task entries or blocks as expected in a role.  

Task 1: ...
Description Task 1: ...

Task 2: ...
Description Task 2: ...

Task 3: ...
Description Task 3: ...
..."

Guidelines:
- Each task should be short and clearly describe one specific action.
- The tasks must match the actual tasks in the playbook **both in content and order**.
- Use the exact terminology and labels as used in the playbook (e.g., “install nginx” instead of “install web server”).
- Provide a more detailed description of the task next to each task
- Include the exact names of variables, handlers, etc. used in the playbook.

Here is the Ansible Playbook:
---

- name: Java | Check if certificates exists
  stat:
    path: "{{ item.java_cert_path }}"
  with_items: "{{ java_certs }}"
  register: check_java_certs

- name: Java | Fail if some cert doesn't exist
  fail:
    msg: "Certificate {{ item.item.java_cert_path }} doesn't exist"
  with_items: "{{ check_java_certs.results }}"
  when: not item.stat.exists

- name: Java | Setting keystore variables in java < 11
  set_fact:
    java_keystore_dir: "{{ java_keystore_dir if java_keystore_dir is defined and java_keystore_dir is not sameas None and java_keystore_dir else java_keystore_dir_old }}"
  when:
    - java_open_jdk_version_major | int < 11

- name: Java | Setting keystore variables in java >= 11
  set_fact:
    java_keystore_dir: "{{ java_keystore_dir if java_keystore_dir is defined and java_keystore_dir is not sameas None and java_keystore_dir else java_keystore_dir_new }}"
  when:
    - java_open_jdk_version_major | int >= 11

- name: Java | Import SSL certificates
  java_cert:
    cert_path: "{{ item.java_cert_path }}"
    keystore_path: "{{ java_open_jdk_home }}/{{ java_keystore_dir }}/cacerts"
    keystore_pass: "{{ java_cert_keystore_pass }}"
    state: present
    cert_alias: "{{ item.java_cert_alias }}"
    keystore_create: true
  with_items: "{{ java_certs }}"


Total input tokens: 617
___________________________________________LLM Output:___________________________________________ 
Below you will receive task descriptions from which you should generate an Ansible Playbook.  
The generated playbook must be valid inside an Ansible Role under the tasks/ directory (e.g., tasks/main.yml).  
Do not include hosts:, vars:, or any playbook-level headers. Only output valid task entries or blocks as expected in a role.  

Task 1: Check if certificates exist
Description Task 1: Check if the specified certificates exist on the system. The certificate paths are defined in a variable called `java_certs`.

Task 2: Fail if some certificate doesn't exist
Description Task 2: If any of the certificates specified in the `java_certs` variable do not exist, the task should fail and display a message indicating which certificate is missing.

Task 3: Setting keystore variables in java < 11
Description Task 3: Set the `java_keystore_dir` variable based on the `java_keystore_dir_old` value if the `java_open_jdk_version_major` is less than 11.

Task 4: Setting keystore variables in java >= 11
Description Task 4: Set the `java_keystore_dir` variable based on the `java_keystore_dir_new` value if the `java_open_jdk_version_major` is 11 or greater.

Task 5: Import SSL certificates
Description Task 5: Import the SSL certificates specified in the `java_certs` variable into the Java keystore located at `{{ java_open_jdk_home }}/{{ java_keystore_dir }}/cacerts`, using the `java_cert` module.

Tue Sep 30 15:16:14 2025: /home/studgoetsi5301/documents/ansible_bench/dataset/prompts/ollama_qwen2.5:14b_english_exact/benchmark100/java_role/tasks/import_certs_prompt.txt Total generation time: 5.912899360002484


Prompt: You are a professional developer. Below you will find a complete Ansible Playbook. This playbook was generated based on a prompt. Your task is to reconstruct the original prompt that could have been used to generate this playbook.

Important: The only output follows the format below. Do not include any explanations or comments before or after.

The reconstructed prompt must exactly follow the structure below:

"Below you will receive task descriptions from which you should generate an Ansible Playbook.  
The generated playbook must be valid inside an Ansible Role under the tasks/ directory (e.g., tasks/main.yml).  
Do not include hosts:, vars:, or any playbook-level headers. Only output valid task entries or blocks as expected in a role.  

Task 1: ...
Description Task 1: ...

Task 2: ...
Description Task 2: ...

Task 3: ...
Description Task 3: ...
..."

Guidelines:
- Each task should be short and clearly describe one specific action.
- The tasks must match the actual tasks in the playbook **both in content and order**.
- Use the exact terminology and labels as used in the playbook (e.g., “install nginx” instead of “install web server”).
- Provide a more detailed description of the task next to each task
- Include the exact names of variables, handlers, etc. used in the playbook.

Here is the Ansible Playbook:
---

- name: Java | Install OpenJDK implementation
  include_tasks: install_openjdk.yml
  tags:
    - install

- name: Java | Import certificates into Java Keystore
  include_tasks: import_certs.yml
  when: java_certs is defined
  tags:
    - certs


Total input tokens: 347
___________________________________________LLM Output:___________________________________________ 
Below you will receive task descriptions from which you should generate an Ansible Playbook.  
The generated playbook must be valid inside an Ansible Role under the tasks/ directory (e.g., tasks/main.yml).  
Do not include hosts:, vars:, or any playbook-level headers. Only output valid task entries or blocks as expected in a role.  

Task 1: Java | Install OpenJDK implementation
Description Task 1: Install the OpenJDK Java implementation on the target system.

Task 2: Java | Import certificates into Java Keystore
Description Task 2: Import specified certificates into the Java keystore if the variable java_certs is defined.

Tue Sep 30 15:16:17 2025: /home/studgoetsi5301/documents/ansible_bench/dataset/prompts/ollama_qwen2.5:14b_english_exact/benchmark100/java_role/tasks/main_prompt.txt Total generation time: 2.6528041729907272


Prompt: You are a professional developer. Below you will find a complete Ansible Playbook. This playbook was generated based on a prompt. Your task is to reconstruct the original prompt that could have been used to generate this playbook.

Important: The only output follows the format below. Do not include any explanations or comments before or after.

The reconstructed prompt must exactly follow the structure below:

"Below you will receive task descriptions from which you should generate an Ansible Playbook.  
The generated playbook must be valid inside an Ansible Role under the tasks/ directory (e.g., tasks/main.yml).  
Do not include hosts:, vars:, or any playbook-level headers. Only output valid task entries or blocks as expected in a role.  

Task 1: ...
Description Task 1: ...

Task 2: ...
Description Task 2: ...

Task 3: ...
Description Task 3: ...
..."

Guidelines:
- Each task should be short and clearly describe one specific action.
- The tasks must match the actual tasks in the playbook **both in content and order**.
- Use the exact terminology and labels as used in the playbook (e.g., “install nginx” instead of “install web server”).
- Provide a more detailed description of the task next to each task
- Include the exact names of variables, handlers, etc. used in the playbook.

Here is the Ansible Playbook:
---

- name: Java | Migrate adoptopenjdk to temurin (if selected)
  set_fact:
    java_jdk_vendor: "temurin"
  when: "java_jdk_vendor == 'adoptopenjdk'"

- name: Java | Gather OS specific variables
  include_vars: "{{ item }}"
  with_first_found:
    - "{{ java_jdk_vendor }}/{{ ansible_distribution }}-{{ ansible_distribution_major_version }}.yml"

- name: Java | Gather architecture specific variables
  include_vars: "{{ item }}"
  with_first_found:
    - "architecture.yml"

# Using pattern described in Ansible Best Practices and Conventions (Appendix B), Ansible for Devops (p. 406)
# Allowing to 'override' variables that are defined using include_vars
- name: Java | Setting OS specific variables (I)
  set_fact:
    java_open_jdk_version_major: "{{ java_open_jdk_version_major if java_open_jdk_version_major is defined and java_open_jdk_version_major is not sameas None and java_open_jdk_version_major else __java_open_jdk_version_major }}"
    java_required_repositories_openjdk: "{{ java_required_repositories_openjdk if java_required_repositories_openjdk is defined and java_required_repositories_openjdk is not sameas None and java_required_repositories_openjdk | length else __java_required_repositories_openjdk }}"
    java_required_key_repositories_openjdk: "{{ java_required_key_repositories_openjdk if java_required_key_repositories_openjdk is defined and java_required_key_repositories_openjdk is not sameas None and java_required_key_repositories_openjdk | length  else __java_required_key_repositories_openjdk }}"
    java_required_libs_openjdk: "{{ java_required_libs_openjdk if java_required_libs_openjdk is defined and java_required_libs_openjdk is not sameas None and java_required_libs_openjdk | length else __java_required_libs_openjdk }}"
    java_deprecated_repositories_adoptopenjdk: "{{ java_deprecated_repositories_adoptopenjdk if java_deprecated_repositories_adoptopenjdk is defined and java_deprecated_repositories_adoptopenjdk is not sameas None and java_deprecated_repositories_adoptopenjdk | length else __java_deprecated_repositories_adoptopenjdk }}"

- name: Java | Setting OS and architecture specific variables (II)
  set_fact:
    java_open_jdk_home_dir: "{{ java_open_jdk_home_dir if java_open_jdk_home_dir is defined and java_open_jdk_home_dir is not sameas None and java_open_jdk_home_dir else __java_open_jdk_home_dir }}"
    java_open_jdk_package: "{{ java_open_jdk_package if java_open_jdk_package is defined and java_open_jdk_package is not sameas None and java_open_jdk_package else __java_open_jdk_package }}"

- name: Java | Setting specific variables
  set_fact:
    java_home: "{{ java_open_jdk_home }}"

- name: Java | Debian pre-requisites
  block:
    - name: Java | Remove deprecated repositories
      apt_repository:
        repo: "{{ item }}"
        state: absent
      with_items: "{{ java_deprecated_repositories_adoptopenjdk }}"
      when: java_deprecated_repositories_adoptopenjdk | length > 0
    - name: Java | Install extra apt tools
      package:
        name: "{{ java_open_jdk_apt_extra_packages }}"
        state: present
      until: apt_tools_installed is succeeded
      register: apt_tools_installed
      when: java_open_jdk_apt_extra_packages |length > 0
    - name: Java | add required key repositories, Debian
      apt_key:
        url: "{{ item }}"
        state: present
      with_items: "{{ java_required_key_repositories_openjdk }}"
    - name: Java | Add required repositories, Debian
      apt_repository:
        repo: "{{ item }}"
        state: present
        update_cache: true
      with_items: "{{ java_required_repositories_openjdk }}"
  when: ansible_os_family == 'Debian'

- name: Java | RedHat pre-requisites
  block:
    - name: Java | Add required key repositories, RedHat
      rpm_key:
        key: "{{ item }}"
        state: present
      with_items: "{{ java_required_key_repositories_openjdk }}"
    - name: Java | Add required repositories, RedHat
      yum_repository:
        name: "{{ item.name }}"
        description: OpenJDK YUM alt repo
        file: "{{ item.name }}.repo"
        baseurl: "{{ item.baseurl }}"
        gpgcheck: true
      with_items: "{{ java_required_repositories_openjdk }}"
  when: ansible_os_family == 'RedHat'

- name: Java | Install required libs
  package:
    name: "{{ java_required_libs_openjdk }}"
    state: present
  until: java_required_libs_installed is succeeded
  register: java_required_libs_installed

- name: Java | Install Java, Debian
  apt:
    name: "{{ ( java_open_jdk_package + '=' + java_open_jdk_version ) if java_open_jdk_version is defined  and java_open_jdk_version is not sameas None else java_open_jdk_package }}"
    state: present
    update_cache: true
    cache_valid_time: 3600
  until: java_package_installed is succeeded
  register: java_package_installed
  when: ansible_os_family == 'Debian'

- name: Java | Install Java, RedHat
  yum:
    name: "{{ ( java_open_jdk_package + '-' + java_open_jdk_version ) if java_open_jdk_version is defined and java_open_jdk_version is not sameas None else java_open_jdk_package }}"
    state: present
    update_cache: true
  until: java_package_installed is succeeded
  register: java_package_installed
  when: ansible_os_family == 'RedHat'

- name: Java | Export environment variables
  template:
    src: jdk.sh.j2
    dest: /etc/profile.d/jdk.sh
    mode: 0755
    owner: root
    group: root

- name: Java | Source environment variables
  shell: source /etc/profile
  args:
    executable: /bin/bash
  changed_when: false
  tags:
    - skip_ansible_lint

- name: "Correct java version selected /usr/lib/jvm/{{ java_open_jdk_home_dir }}/jre/bin/java in java < 11"
  alternatives:
    name: java
    path: "/usr/lib/jvm/{{ java_open_jdk_home_dir }}/jre/bin/java"
  when:
    - ansible_os_family == 'Debian'
    - java_open_jdk_version_major | int < 11


- name: "Correct java version selected /usr/lib/jvm/{{ java_open_jdk_home_dir }}/bin/java in java >= 11"
  alternatives:
    name: java
    path: "/usr/lib/jvm/{{ java_open_jdk_home_dir }}/bin/java"
  when:
    - ansible_os_family == 'Debian'
    - java_open_jdk_version_major | int >= 11

 64%|██████▍   | 64/100 [06:01<03:59,  6.65s/it] 65%|██████▌   | 65/100 [06:04<03:16,  5.62s/it]
Total input tokens: 1796
___________________________________________LLM Output:___________________________________________ 
Below you will receive task descriptions from which you should generate an Ansible Playbook.
The generated playbook must be valid inside an Ansible Role under the tasks/ directory (e.g., tasks/main.yml).
Do not include hosts:, vars:, or any playbook-level headers. Only output valid task entries or blocks as expected in a role.

Task 1: Update java_jdk_vendor to temurin if it is adoptopenjdk
Description Task 1: If the java_jdk_vendor variable is set to adoptopenjdk, update it to temurin.

Task 2: Include OS-specific variables based on distribution
Description Task 2: Include OS-specific variables for the Java installation based on the distribution and version of the OS.

Task 3: Include architecture-specific variables
Description Task 3: Include variables that are specific to the system's architecture.

Task 4: Set OS-specific variables (part I)
Description Task 4: Set OS-specific variables that are necessary for the Java installation, ensuring they are defined and not set to None.

Task 5: Set OS and architecture-specific variables (part II)
Description Task 5: Set variables that are specific to the OS and architecture, ensuring they are defined and not set to None.

Task 6: Set specific variables
Description Task 6: Set the java_home variable to the OpenJDK home directory.

Task 7: Debian pre-requisites
Description Task 7: Block of tasks to be executed on Debian systems, including removing deprecated repositories, installing extra apt tools, adding key repositories, and adding repositories.

Task 8: RedHat pre-requisites
Description Task 8: Block of tasks to be executed on RedHat systems, including adding key repositories and adding repositories.

Task 9: Install required libraries
Description Task 9: Install any required libraries for Java based on the OS.

Task 10: Install Java, Debian
Description Task 10: Install Java on Debian systems, ensuring the cache is updated and checking the package installation status.

Task 11: Install Java, RedHat
Description Task 11: Install Java on RedHat systems, ensuring the cache is updated and checking the package installation status.

Task 12: Export environment variables
Description Task 12: Export the Java environment variables using a template file.

Task 13: Source environment variables
Description Task 13: Source the environment variables to ensure they are loaded into the environment.

Task 14: Correct java version selected for Java versions less than 11
Description Task 14: Correct the alternative selected for the Java version when the version is less than 11 on Debian systems.

Task 15: Correct java version selected for Java versions greater than or equal to 11
Description Task 15: Correct the alternative selected for the Java version when the version is greater than or equal to 11 on Debian systems.

Tue Sep 30 15:16:28 2025: /home/studgoetsi5301/documents/ansible_bench/dataset/prompts/ollama_qwen2.5:14b_english_exact/benchmark100/java_role/tasks/install_openjdk_prompt.txt Total generation time: 11.565565166005399


Prompt: You are a professional developer. Below you will find a complete Ansible Playbook. This playbook was generated based on a prompt. Your task is to reconstruct the original prompt that could have been used to generate this playbook.

Important: The only output follows the format below. Do not include any explanations or comments before or after.

The reconstructed prompt must exactly follow the structure below:

"Below you will receive task descriptions from which you should generate an Ansible Playbook.  
The generated playbook must be valid inside an Ansible Role under the tasks/ directory (e.g., tasks/main.yml).  
Do not include hosts:, vars:, or any playbook-level headers. Only output valid task entries or blocks as expected in a role.  

Task 1: ...
Description Task 1: ...

Task 2: ...
Description Task 2: ...

Task 3: ...
Description Task 3: ...
..."

Guidelines:
- Each task should be short and clearly describe one specific action.
- The tasks must match the actual tasks in the playbook **both in content and order**.
- Use the exact terminology and labels as used in the playbook (e.g., “install nginx” instead of “install web server”).
- Provide a more detailed description of the task next to each task
- Include the exact names of variables, handlers, etc. used in the playbook.

Here is the Ansible Playbook:
---
# tasks file for core_dependencies

- name: Remove conflicting packages
  ansible.builtin.package:
    name: "{{ core_dependencies_conflicting_packages }}"
    state: absent

- name: Install packages
  ansible.builtin.package:
    name: "{{ core_dependencies_packages }}"
    update_cache: true
  notify:
    - Gather facts

- name: Flush handlers
  ansible.builtin.meta: flush_handlers


Total input tokens: 367
___________________________________________LLM Output:___________________________________________ 
Below you will receive task descriptions from which you should generate an Ansible Playbook.  
The generated playbook must be valid inside an Ansible Role under the tasks/ directory (e.g., tasks/main.yml).  
Do not include hosts:, vars:, or any playbook-level headers. Only output valid task entries or blocks as expected in a role.  

Task 1: Remove conflicting packages
Description Task 1: Remove a list of conflicting packages that might interfere with the installation of core dependencies.

Task 2: Install packages
Description Task 2: Install a list of required packages and update the package cache. This task will notify a handler to gather facts after the installation is complete.

Task 3: Flush handlers
Description Task 3: Flush any pending handlers to ensure that they are executed immediately.

Tue Sep 30 15:16:32 2025: /home/studgoetsi5301/documents/ansible_bench/dataset/prompts/ollama_qwen2.5:14b_english_exact/benchmark100/ansible-role-core_dependencies/tasks/main_prompt.txt Total generation time: 3.237030288000824


Prompt: You are a professional developer. Below you will find a complete Ansible Playbook. This playbook was generated based on a prompt. Your task is to reconstruct the original prompt that could have been used to generate this playbook.

Important: The only output follows the format below. Do not include any explanations or comments before or after.

The reconstructed prompt must exactly follow the structure below:

"Below you will receive task descriptions from which you should generate an Ansible Playbook.  
The generated playbook must be valid inside an Ansible Role under the tasks/ directory (e.g., tasks/main.yml).  
Do not include hosts:, vars:, or any playbook-level headers. Only output valid task entries or blocks as expected in a role.  

Task 1: ...
Description Task 1: ...

Task 2: ...
Description Task 2: ...

Task 3: ...
Description Task 3: ...
..."

Guidelines:
- Each task should be short and clearly describe one specific action.
- The tasks must match the actual tasks in the playbook **both in content and order**.
- Use the exact terminology and labels as used in the playbook (e.g., “install nginx” instead of “install web server”).
- Provide a more detailed description of the task next to each task
- Include the exact names of variables, handlers, etc. used in the playbook.

Here is the Ansible Playbook:
---
# tasks file for postfix

- name: Import assert.yml
  ansible.builtin.import_tasks:
    file: assert.yml
  run_once: true
  delegate_to: localhost

- name: Pre-configure debian systems
  ansible.builtin.debconf:
    name: postfix
    question: postfix/main_mailer_type
    vtype: string
    value: "No configuration"
  when:
    - ansible_os_family == "Debian"

- name: Install postfix
  ansible.builtin.package:
    name: postfix
    state: present

- name: Install postfix-mysql
  ansible.builtin.package:
    name: postfix-mysql
    state: present
  when:
    - (postfix_virtual_mailbox_maps is defined and "'mysql' in postfix_virtual_mailbox_maps) or
      (postfix_virtual_mailbox_domains is defined and 'mysql' in postfix_virtual_mailbox_domains) or
      (postix_virtual_alias_maps is defined and 'mysql' in postix_virtual_alias_maps")

- name: Configure postfix (transport_maps)
  ansible.builtin.template:
    src: "{{ postfix_transport_maps_template }}"
    dest: /etc/postfix/transport
    mode: "0644"
  notify:
    - Validate configuration
    - Rebuild transport_maps database
  when:
    - postfix_transport_maps_template is defined

- name: Configure postfix (header_checks)
  ansible.builtin.template:
    src: "{{ postfix_header_checks_template }}"
    dest: /etc/postfix/header_checks
    mode: "0644"
  notify:
    - Validate configuration
    - Reload postfix
  when:
    - postfix_header_checks_template is defined

- name: "Setting values for main.cf (1/2)"
  ansible.builtin.set_fact:
    _postfix_smtpd_recipient_restrictions_check_recipient_access: |
      {% if postfix_recipient_access is defined %}
      check_recipient_access hash:{{ postfix_recipient_access_path }},
      {% endif %}
    _postfix_smtpd_sender_restrictions_check_sender_access: |
      {% if postfix_sender_access is defined %}
      check_sender_access hash:{{ postfix_sender_access_path }},
      {% endif %}

- name: "Setting values for main.cf (2/2)"
  ansible.builtin.set_fact:
    _postfix_mynetworks: >-
      {% if postfix_mynetworks is string %}{{ postfix_mynetworks }}
      {% elif postfix_mynetworks is iterable and (postfix_mynetworks is not string and postfix_mynetworks is not mapping) %}
      {% for network in postfix_mynetworks %}{{ network }}{% if not loop.last %}, {% endif %}{% endfor %}
      {% endif %}
    _postfix_mydestination: >-
      {% if postfix_mydestination is defined %}
      {% if postfix_mydestination is string %}
      {{ postfix_mydestination }}
      {% elif postfix_mydestination is iterable and (postfix_mydestination is not string and postfix_mydestination is not mapping) %}
      {% for domain in postfix_mydestination %}{{ domain }}{% if not loop.last %}, {% endif %}{% endfor %}
      {% endif %}
      {% else %}
      <None>
      {% endif %}
    _postfix_relay_domains: >-
      {% if postfix_relay_domains is defined %}
      {% if postfix_relay_domains is string %}
      {{ postfix_relay_domains }}
      {% elif postfix_relay_domains is iterable and (postfix_relay_domains is not string and postfix_relay_domains is not mapping) %}
      {% for domain in postfix_relay_domains %}{{ domain }}{% if not loop.last %}, {% endif %}{% endfor %}
      {% endif %}
      {% else %}
      <None>
      {% endif %}
    _postfix_smtpd_recipient_restrictions: >-
      {% if postfix_smtpd_recipient_restrictions is defined %}
      {% if postfix_smtpd_recipient_restrictions is string %}
      {{ _postfix_smtpd_recipient_restrictions_check_recipient_access | trim }} {{ postfix_smtpd_recipient_restrictions }}
      {% elif postfix_smtpd_recipient_restrictions is iterable and (postfix_smtpd_recipient_restrictions is not string and postfix_smtpd_recipient_restrictions is not mapping) %}
      {{ _postfix_smtpd_recipient_restrictions_check_recipient_access | trim }} {% for domain in postfix_smtpd_recipient_restrictions %}{{ domain }}{% if not loop.last %}, {% endif %}{% endfor %}
      {% endif %}
      {% endif %}
    _postfix_smtpd_sender_restrictions: >-
      {% if postfix_smtpd_sender_restrictions is defined %}
      {% if postfix_smtpd_sender_restrictions is string %}
      {{ _postfix_smtpd_sender_restrictions_check_sender_access | trim }} {{ postfix_smtpd_sender_restrictions }}
      {% elif postfix_smtpd_sender_restrictions is iterable and (postfix_smtpd_sender_restrictions is not string and postfix_smtpd_sender_restrictions is not mapping) %}
      {{ _postfix_smtpd_sender_restrictions_check_sender_access | trim }} {% for domain in postfix_smtpd_sender_restrictions %}{{ domain }}{% if not loop.last %}, {% endif %}{% endfor %}
      {% endif %}
      {% endif %}
    _postfix_virtual_mailbox_domains: >-
      {% if postfix_virtual_mailbox_domains is defined %}
      {% if postfix_virtual_mailbox_domains is string %}
      {{ postfix_virtual_mailbox_domains }}
      {% elif postfix_virtual_mailbox_domains is iterable and (postfix_virtual_mailbox_domains is not string and postfix_virtual_mailbox_domains is not mapping) %}
      {% for domain in postfix_virtual_mailbox_domains %}{{ domain }}{% if not loop.last %}, {% endif %}{% endfor %}
      {% endif %}
      {% else %}
      <None>
      {% endif %}
    _postfix_virtual_alias_domains: >-
      {% if postfix_virtual_alias_domains is defined %}
      {% if postfix_virtual_alias_domains is string %}
      {{ postfix_virtual_alias_domains }}
      {% elif postfix_virtual_alias_domains is iterable and (postfix_virtual_alias_domains is not string and postfix_virtual_alias_domains is not mapping) %}
      {% for domain in postfix_virtual_alias_domains %}{{ domain }}{% if not loop.last %}, {% endif %}{% endfor %}
      {% endif %}
      {% else %}
      <None>
      {% endif %}

- name: Configure postfix (main.cf)
  ansible.builtin.template:
    src: main.cf.j2
    dest: /etc/postfix/main.cf
    validate: postconf -d -c %s
    mode: "0644"
  notify:
    - Validate configuration
    - Restart postfix

- name: Configure postfix (master.cf)
  ansible.builtin.template:
    src: master.cf.j2
    dest: /etc/postfix/master.cf
    validate: postconf -d -c %s
    mode: "0644"
  notify:
    - Validate configuration
    - Restart postfix

- name: Creates cert/key directory
  ansible.builtin.file:
    path: "{{ item }}"
    state: directory
    mode: 0700
  loop:
    - "{{ postfix_smtpd_tls_cert_file | dirname }}"
    - "{{ postfix_smtpd_tls_key_file | dirname }}"
  when:
    - postfix_smtpd_tls_cert_file is defined
    - postfix_smtpd_tls_key_file is defined
    - postfix_smtpd_tls_cert_file_source is defined
    - postfix_smtpd_tls_key_file_source is defined

- name: Deploy Postfix TLS server certificate
  ansible.builtin.copy:
    src: "{{ postfix_smtpd_tls_cert_file_source }}"
    dest: "{{ postfix_smtpd_tls_cert_file }}"
    mode: "0600"
  notify:
    - Reload postfix
  when:
    - postfix_smtpd_tls_cert_file_source is defined

- name: Deploy Postfix TLS server key
  ansible.builtin.copy:
    src: "{{ postfix_smtpd_tls_key_file_source }}"
    dest: "{{ postfix_smtpd_tls_key_file }}"
    mode: "0600"
  notify:
    - Reload postfix
  when:
    - postfix_smtpd_tls_key_file_source is defined

- name: Flush handlers
  ansible.builtin.meta: flush_handlers

- name: Configure aliases
  ansible.builtin.lineinfile:
    path: "{{ postfix_alias_path }}"
    regexp: "^{{ item.name }}:"
    line: "{{ item.name }}: {{ item.destination }}"
    mode: "0644"
  when:
    - postfix_aliases is defined
  loop: "{{ postfix_aliases }}"
  notify:
    - Rebuild alias database
    - Reload postfix
  loop_control:
    label: "{{ item.name }}"

- name: Configure sender_access
  ansible.builtin.lineinfile:
    path: "{{ postfix_sender_access_path }}"
    regexp: "^{{ item.domain }}"
    line: "{{ item.domain }} {{ item.action }}"
    create: true
    mode: "0644"
  when:
    - postfix_sender_access is defined
  loop: "{{ postfix_sender_access }}"
  notify:
    - Rebuild sender_access database
    - Reload postfix
  loop_control:
    label: "{{ item.domain }}"

- name: Configure recipient_access
  ansible.builtin.lineinfile:
    path: "{{ postfix_recipient_access_path }}"
    regexp: "^{{ item.domain }}"
    line: "{{ item.domain }} {{ item.action }}"
    create: true
    mode: "0644"
  when:
    - postfix_recipient_access is defined
  loop: "{{ postfix_recipient_access }}"
  notify:
    - Validate configuration
    - Rebuild recipient_access database
    - Reload postfix
  loop_control:
    label: "{{ item.domain }}"

- name: Place sasl_password_map
  ansible.builtin.copy:
    content: "{{ postfix_smtp_sasl_password_map_content }}"
    dest: "{{ postfix_smtp_sasl_password_map }}"
    mode: "0600"
  when:
    - postfix_smtp_sasl_password_map is defined and postfix_smtp_sasl_password_map != ""
  notify:
    - Rebuild sasl_password_map database

- name: Flush handlers again
  ansible.builtin.meta: flush_handlers

- name: Start and enable postfix
  ansible.builtin.service:
    name: "{{ postfix_service }}"
    state: started
    enabled: true

 66%|██████▌   | 66/100 [06:19<04:53,  8.64s/it]
Total input tokens: 2488
___________________________________________LLM Output:___________________________________________ 
Below you will receive task descriptions from which you should generate an Ansible Playbook.  
The generated playbook must be valid inside an Ansible Role under the tasks/ directory (e.g., tasks/main.yml).  
Do not include hosts:, vars:, or any playbook-level headers. Only output valid task entries or blocks as expected in a role.  

Task 1: Import assert.yml
Description Task 1: Import assert.yml file to perform validation checks in a single location.

Task 2: Pre-configure debian systems
Description Task 2: Pre-configure Debian-based systems to prevent interactive prompts during package installation by setting up the main_mailer_type to "No configuration".

Task 3: Install postfix
Description Task 3: Install the postfix package.

Task 4: Install postfix-mysql
Description Task 4: Conditionally install the postfix-mysql package if postfix_virtual_mailbox_maps, postfix_virtual_mailbox_domains, or postix_virtual_alias_maps variables include "mysql".

Task 5: Configure postfix (transport_maps)
Description Task 5: Configure postfix's transport_maps by rendering a template and notify handlers to validate the configuration and rebuild the transport_maps database.

Task 6: Configure postfix (header_checks)
Description Task 6: Configure postfix's header_checks by rendering a template and notify handlers to validate the configuration and reload postfix.

Task 7: Setting values for main.cf (1/2)
Description Task 7: Set facts for main.cf configuration related to SMTPD recipient and sender restrictions if certain variables are defined.

Task 8: Setting values for main.cf (2/2)
Description Task 8: Set facts for main.cf configuration including mynetworks, mydestination, relay_domains, smtpd_recipient_restrictions, smtpd_sender_restrictions, virtual_mailbox_domains, and virtual_alias_domains based on the defined variables.

Task 9: Configure postfix (main.cf)
Description Task 9: Configure postfix's main.cf by rendering a template and notify handlers to validate the configuration and restart postfix.

Task 10: Configure postfix (master.cf)
Description Task 10: Configure postfix's master.cf by rendering a template and notify handlers to validate the configuration and restart postfix.

Task 11: Creates cert/key directory
Description Task 11: Create directories for TLS certificates and keys based on the defined postfix_smtpd_tls_cert_file and postfix_smtpd_tls_key_file paths.

Task 12: Deploy Postfix TLS server certificate
Description Task 12: Deploy the Postfix TLS server certificate from a source file and notify to reload postfix.

Task 13: Deploy Postfix TLS server key
Description Task 13: Deploy the Postfix TLS server key from a source file and notify to reload postfix.

Task 14: Flush handlers
Description Task 14: Execute all handlers that have been notified and flush them.

Task 15: Configure aliases
Description Task 15: Configure postfix aliases by updating the alias file and notify to rebuild the alias database and reload postfix.

Task 16: Configure sender_access
Description Task 16: Configure postfix sender access by updating the sender_access file and notify to rebuild the sender_access database and reload postfix.

Task 17: Configure recipient_access
Description Task 17: Configure postfix recipient access by updating the recipient_access file and notify to validate the configuration, rebuild the recipient_access database, and reload postfix.

Task 18: Place sasl_password_map
Description Task 18: Place the sasl_password_map file with the provided content and notify to rebuild the sasl_password_map database.

Task 19: Flush handlers again
Description Task 19: Execute all handlers that have been notified and flush them again.

Task 20: Start and enable postfix
Description Task 20: Start and enable the postfix service.

Tue Sep 30 15:16:47 2025: /home/studgoetsi5301/documents/ansible_bench/dataset/prompts/ollama_qwen2.5:14b_english_exact/benchmark100/ansible-role-postfix/tasks/main_prompt.txt Total generation time: 15.675808858999517


Prompt: You are a professional developer. Below you will find a complete Ansible Playbook. This playbook was generated based on a prompt. Your task is to reconstruct the original prompt that could have been used to generate this playbook.

Important: The only output follows the format below. Do not include any explanations or comments before or after.

The reconstructed prompt must exactly follow the structure below:

"Below you will receive task descriptions from which you should generate an Ansible Playbook.  
The generated playbook must be valid inside an Ansible Role under the tasks/ directory (e.g., tasks/main.yml).  
Do not include hosts:, vars:, or any playbook-level headers. Only output valid task entries or blocks as expected in a role.  

Task 1: ...
Description Task 1: ...

Task 2: ...
Description Task 2: ...

Task 3: ...
Description Task 3: ...
..."

Guidelines:
- Each task should be short and clearly describe one specific action.
- The tasks must match the actual tasks in the playbook **both in content and order**.
- Use the exact terminology and labels as used in the playbook (e.g., “install nginx” instead of “install web server”).
- Provide a more detailed description of the task next to each task
- Include the exact names of variables, handlers, etc. used in the playbook.

Here is the Ansible Playbook:
---
# tasks file for git

- name: Import assert.yml
  ansible.builtin.import_tasks: assert.yml
  run_once: true
  delegate_to: localhost

- name: Install git
  ansible.builtin.package:
    name: "{{ git_packages }}"
    state: present

- name: See if the specified user exists
  ansible.builtin.getent:
    database: passwd
    key: "{{ git_username }}"
    fail_key: false
  when:
    - git_username is defined

- name: Create directory for git configuration
  ansible.builtin.file:
    path: /home/{{ git_username }}
    state: directory
    owner: "{{ git_username | default(omit) }}"
    group: "{{ git_groupname | default(omit) }}"
    mode: "0755"
  when:
    - getent_passwd is defined
    - getent_passwd[git_username] != none

- name: Place git configuration
  ansible.builtin.template:
    src: gitconfig.j2
    dest: /home/{{ git_username }}/.gitconfig
    mode: "0644"
  when:
    - git_user_email is defined
    - git_user_name is defined
    - git_username is defined
    - getent_passwd[git_username] != none

- name: Create repository_destination
  ansible.builtin.file:
    path: "{{ git_repository_destination }}"
    state: directory
    owner: "{{ git_username | default(omit) }}"
    group: "{{ git_groupname | default(omit) }}"
    mode: "0750"
  when:
    - git_username is defined
    - git_repository_destination is defined
    - getent_passwd[git_username] != none

- name: Clone all roles
  ansible.builtin.git:
    repo: "{{ item.repo }}"
    dest: "{{ git_repository_destination }}/{{ item.dest }}"
    accept_hostkey: true
    version: "{{ item.version | default('HEAD') }}"
    force: "{{ item.force | default(git_force) }}"
  loop: "{{ git_repositories }}"
  loop_control:
    label: "{{ item.dest }}"
  become: true
  become_user: "{{ git_username }}"
  when:
    - git_repositories is defined
    - git_repository_destination is defined
    - git_username is defined
    - getent_passwd[git_username] != none


Total input tokens: 778
___________________________________________LLM Output:___________________________________________ 
Below you will receive task descriptions from which you should generate an Ansible Playbook.  
The generated playbook must be valid inside an Ansible Role under the tasks/ directory (e.g., tasks/main.yml).  
Do not include hosts:, vars:, or any playbook-level headers. Only output valid task entries or blocks as expected in a role.  

Task 1: Import assert.yml
Description Task 1: Import the assert.yml file to set up assertions for the playbook.

Task 2: Install git
Description Task 2: Install the git package based on the value of the git_packages variable.

Task 3: See if the specified user exists
Description Task 3: Check if the specified user exists using the getent module.

Task 4: Create directory for git configuration
Description Task 4: Create the directory for git configuration if the user exists and the variables are defined.

Task 5: Place git configuration
Description Task 5: Place the git configuration file in the user's home directory if the required variables are defined and the user exists.

Task 6: Create repository_destination
Description Task 6: Create the destination directory for repositories if the variables are defined and the user exists.

Task 7: Clone all roles
Description Task 7: Clone all repositories specified in the git_repositories list to the destination directory using the git module, becoming the git user if necessary. 67%|██████▋   | 67/100 [06:25<04:11,  7.63s/it] 68%|██████▊   | 68/100 [06:29<03:35,  6.72s/it] 69%|██████▉   | 69/100 [06:35<03:17,  6.38s/it]

Tue Sep 30 15:16:53 2025: /home/studgoetsi5301/documents/ansible_bench/dataset/prompts/ollama_qwen2.5:14b_english_exact/benchmark100/ansible-role-git/tasks/main_prompt.txt Total generation time: 5.280184064991772


Prompt: You are a professional developer. Below you will find a complete Ansible Playbook. This playbook was generated based on a prompt. Your task is to reconstruct the original prompt that could have been used to generate this playbook.

Important: The only output follows the format below. Do not include any explanations or comments before or after.

The reconstructed prompt must exactly follow the structure below:

"Below you will receive task descriptions from which you should generate an Ansible Playbook.  
The generated playbook must be valid inside an Ansible Role under the tasks/ directory (e.g., tasks/main.yml).  
Do not include hosts:, vars:, or any playbook-level headers. Only output valid task entries or blocks as expected in a role.  

Task 1: ...
Description Task 1: ...

Task 2: ...
Description Task 2: ...

Task 3: ...
Description Task 3: ...
..."

Guidelines:
- Each task should be short and clearly describe one specific action.
- The tasks must match the actual tasks in the playbook **both in content and order**.
- Use the exact terminology and labels as used in the playbook (e.g., “install nginx” instead of “install web server”).
- Provide a more detailed description of the task next to each task
- Include the exact names of variables, handlers, etc. used in the playbook.

Here is the Ansible Playbook:
---
# tasks file for php

- name: Import assert.yml
  ansible.builtin.import_tasks:
    file: assert.yml
  run_once: true
  delegate_to: localhost

- name: Install php
  ansible.builtin.package:
    name: "{{ php_packages }}"

- name: Find used php.ini
  ansible.builtin.shell:
    cmd: "set -o pipefail && {{ php_ini_command }}"
    executable: /bin/bash
  register: php_found_ini_location
  changed_when: false
  when:
    - php_ini_location is not defined

- name: Configure php
  ansible.builtin.template:
    src: php.ini.j2
    dest: "{{ php_ini_location | default(php_found_ini_location.stdout) }}"
    mode: "0644"
  notify:
    - Restart httpd


Total input tokens: 458
___________________________________________LLM Output:___________________________________________ 
Below you will receive task descriptions from which you should generate an Ansible Playbook.  
The generated playbook must be valid inside an Ansible Role under the tasks/ directory (e.g., tasks/main.yml).  
Do not include hosts:, vars:, or any playbook-level headers. Only output valid task entries or blocks as expected in a role.  

Task 1: Import assert.yml
Description Task 1: Import the assert.yml file which is used for assertions. This task should only run once and on the localhost.

Task 2: Install php
Description Task 2: Install PHP using the list of packages defined in the variable php_packages.

Task 3: Find used php.ini
Description Task 3: Execute a shell command to find the location of the PHP configuration file (php.ini). The result is registered to the variable php_found_ini_location. This task will run only if the variable php_ini_location is not already defined.

Task 4: Configure php
Description Task 4: Use a template named php.ini.j2 to configure PHP settings and save it to the location specified by php_ini_location or the location found by the shell command if php_ini_location is not defined. Notify the handler to restart httpd after the configuration is updated.

Tue Sep 30 15:16:57 2025: /home/studgoetsi5301/documents/ansible_bench/dataset/prompts/ollama_qwen2.5:14b_english_exact/benchmark100/ansible-role-php-robertdebock/tasks/main_prompt.txt Total generation time: 4.589120800999808


Prompt: You are a professional developer. Below you will find a complete Ansible Playbook. This playbook was generated based on a prompt. Your task is to reconstruct the original prompt that could have been used to generate this playbook.

Important: The only output follows the format below. Do not include any explanations or comments before or after.

The reconstructed prompt must exactly follow the structure below:

"Below you will receive task descriptions from which you should generate an Ansible Playbook.  
The generated playbook must be valid inside an Ansible Role under the tasks/ directory (e.g., tasks/main.yml).  
Do not include hosts:, vars:, or any playbook-level headers. Only output valid task entries or blocks as expected in a role.  

Task 1: ...
Description Task 1: ...

Task 2: ...
Description Task 2: ...

Task 3: ...
Description Task 3: ...
..."

Guidelines:
- Each task should be short and clearly describe one specific action.
- The tasks must match the actual tasks in the playbook **both in content and order**.
- Use the exact terminology and labels as used in the playbook (e.g., “install nginx” instead of “install web server”).
- Provide a more detailed description of the task next to each task
- Include the exact names of variables, handlers, etc. used in the playbook.

Here is the Ansible Playbook:
---
- name: Create etcd group
  ansible.builtin.group:
    name: etcd
    state: present

- name: Create etcd user
  ansible.builtin.user:
    name: etcd
    shell: /bin/nologin
    group: etcd
    comment: etcd user
    state: present

- name: Copy systemctl config file for kernel hardening
  ansible.builtin.copy:
    src: "{{ '/usr/local/share/rke2/rke2-cis-sysctl.conf' if (not usr_local.stat.writeable) or (partition_result.rc == 1) else '/opt/rke2/share/rke2/rke2-cis-sysctl.conf' }}"
    dest: /etc/sysctl.d/60-rke2-cis.conf
    mode: 0600
    remote_src: true
  notify: Restart systemd-sysctl

- name: Flush handlers
  ansible.builtin.meta: flush_handlers


Total input tokens: 490
___________________________________________LLM Output:___________________________________________ 
Below you will receive task descriptions from which you should generate an Ansible Playbook.  
The generated playbook must be valid inside an Ansible Role under the tasks/ directory (e.g., tasks/main.yml).  
Do not include hosts:, vars:, or any playbook-level headers. Only output valid task entries or blocks as expected in a role.  

Task 1: Create etcd group
Description Task 1: Create a system group called 'etcd' if it does not already exist.

Task 2: Create etcd user
Description Task 2: Create a system user called 'etcd' with a comment of 'etcd user' and assign it to the previously created 'etcd' group. The user's shell should be '/bin/nologin'.

Task 3: Copy systemctl config file for kernel hardening
Description Task 3: Copy the file '/usr/local/share/rke2/rke2-cis-sysctl.conf' or '/opt/rke2/share/rke2/rke2-cis-sysctl.conf' to '/etc/sysctl.d/60-rke2-cis.conf' with mode 0600. The source file is selected based on whether the '/usr/local' directory is writeable and the result of a partition check. After copying, restart the systemd-sysctl service.

Task 4: Flush handlers
Description Task 4: Flush all handlers that have been notified during the execution of the playbook to ensure they are executed before the playbook ends.

Tue Sep 30 15:17:03 2025: /home/studgoetsi5301/documents/ansible_bench/dataset/prompts/ollama_qwen2.5:14b_english_exact/benchmark100/ansible-role-rke2/tasks/cis_prompt.txt Total generation time: 5.591982793004718


Prompt: You are a professional developer. Below you will find a complete Ansible Playbook. This playbook was generated based on a prompt. Your task is to reconstruct the original prompt that could have been used to generate this playbook.

Important: The only output follows the format below. Do not include any explanations or comments before or after.

The reconstructed prompt must exactly follow the structure below:

"Below you will receive task descriptions from which you should generate an Ansible Playbook.  
The generated playbook must be valid inside an Ansible Role under the tasks/ directory (e.g., tasks/main.yml).  
Do not include hosts:, vars:, or any playbook-level headers. Only output valid task entries or blocks as expected in a role.  

Task 1: ...
Description Task 1: ...

Task 2: ...
Description Task 2: ...

Task 3: ...
Description Task 3: ...
..."

Guidelines:
- Each task should be short and clearly describe one specific action.
- The tasks must match the actual tasks in the playbook **both in content and order**.
- Use the exact terminology and labels as used in the playbook (e.g., “install nginx” instead of “install web server”).
- Provide a more detailed description of the task next to each task
- Include the exact names of variables, handlers, etc. used in the playbook.

Here is the Ansible Playbook:
---
- name: Download RKE2 installation script
  ansible.builtin.get_url:
    url: "{{ rke2_install_bash_url }}"
    dest: "{{ rke2_install_script_dir }}/rke2.sh"
    mode: 0700
    timeout: "{{ rke2_artifact_fetch_timeout }}"
  when: not rke2_airgap_mode

- name: Copy local RKE2 installation script
  ansible.builtin.copy:
    src: "{{ rke2_airgap_copy_sourcepath }}/rke2.sh"
    dest: "{{ rke2_install_script_dir }}/rke2.sh"
    mode: 0700
    force: yes
  when:
    - rke2_airgap_mode
    - rke2_airgap_implementation == 'copy'

- name: Create RKE2 artifacts folder
  ansible.builtin.file:
    path: "{{ rke2_artifact_path }}"
    state: directory
    mode: 0700
  when:
    - rke2_airgap_mode
    - rke2_airgap_implementation != 'exists'

- name: Download RKE2 checksum and artifacts (try to download remotely first - fallback to local download and push)
  when:
    - rke2_airgap_mode
    - rke2_airgap_implementation == 'download'
  block:
    - name: Download sha256 checksum file ( airgap mode )
      ansible.builtin.get_url:
        url: "{{ rke2_artifact_url }}/{{ rke2_version }}/sha256sum-{{ rke2_architecture }}.txt"
        dest: "{{ rke2_artifact_path }}/sha256sum-{{ rke2_architecture }}.txt"
        force: yes
        mode: 0640
        timeout: "{{ rke2_artifact_fetch_timeout }}"
    - name: Download RKE2 artifacts and compare with checksums ( airgap mode )
      ansible.builtin.get_url:
        url: "{{ rke2_artifact_url }}/{{ rke2_version }}/{{ item }}"
        dest: "{{ rke2_artifact_path }}/{{ item }}"
        mode: 0640
        checksum: "sha256:{{ rke2_artifact_url }}/{{ rke2_version }}/sha256sum-{{ rke2_architecture }}.txt"
        timeout: "{{ rke2_artifact_fetch_timeout }}"
      with_items: "{{ rke2_artifact | reject('search', 'sha256sum') | list }}"
    - name: Download RKE2 install script ( airgap mode )
      ansible.builtin.get_url:
        url: "{{ rke2_install_bash_url }}"
        dest: "{{ rke2_install_script_dir }}/rke2.sh"
        mode: 0700
        timeout: "{{ rke2_artifact_fetch_timeout }}"
  rescue:
    - name: "Remote downloading failed: Downloading locally and pushing to remote hosts ( airgap mode - download locally and push to remote )"
      ansible.builtin.pause: # Slight delay to make sure you know it's gonna happen and have time to cancel
        seconds: 7
    - name: "Create directory {{ rke2_airgap_copy_sourcepath }}"
      delegate_to: localhost
      run_once: true
      ansible.builtin.file:
        path: "{{ rke2_airgap_copy_sourcepath }}"
        state: directory
        mode: 0750
        owner: "{{ lookup('env', 'USER') }}"
    - name: Download RKE2 checksum locally
      delegate_to: localhost
      run_once: true
      register: checksum_file
      ansible.builtin.get_url:
        url: "{{ rke2_artifact_url }}/{{ rke2_version }}/sha256sum-{{ rke2_architecture }}.txt"
        dest: "{{ rke2_airgap_copy_sourcepath }}/"
        force: yes
        mode: 0640
        owner: "{{ lookup('env', 'USER') }}"
        timeout: "{{ rke2_artifact_fetch_timeout }}"
    - name: Downloading RKE2 artifacts locally
      delegate_to: localhost
      run_once: true
      ansible.builtin.get_url:
        force: yes
        url: "{{ item }}"
        dest: "{{ rke2_airgap_copy_sourcepath }}/"
        mode: 0640
        owner: "{{ lookup('env', 'USER') }}"
        timeout: "{{ rke2_artifact_fetch_timeout }}"
      with_items: "{{ [rke2_artifact_url + '/' + rke2_version + '/'] | product(rke2_artifact) | map('join') | list + [rke2_install_bash_url] }}"
    - name: Download RKE2 install script locally
      delegate_to: localhost
      run_once: true
      ansible.builtin.get_url:
        url: "{{ rke2_install_bash_url }}"
        dest: "{{ rke2_airgap_copy_sourcepath }}/rke2.sh"
        mode: 0700
        owner: "{{ lookup('env', 'USER') }}"
        timeout: "{{ rke2_artifact_fetch_timeout }}"
    - name: Copy local RKE2 files to remote hosts
      ansible.builtin.copy:
        src: "{{ rke2_airgap_copy_sourcepath }}/"
        dest: "{{ rke2_artifact_path }}/"
        mode: 0640
    - name: Copy local RKE2 install script to remote hosts
      ansible.builtin.copy:
        src: "{{ rke2_airgap_copy_sourcepath }}/rke2.sh"
        dest: "{{ rke2_install_script_dir }}/rke2.sh"
        mode: 0700

- name: Copy local RKE2 artifacts
  ansible.builtin.copy:
    src: "{{ rke2_airgap_copy_sourcepath }}/{{ item }}"
    dest: "{{ rke2_artifact_path }}/{{ item }}"
    mode: 0640
    force: yes
  with_items: "{{ rke2_artifact }}"
  when:
    - rke2_airgap_mode
    - rke2_airgap_implementation == 'copy'

- name: Airgap mode - additional images tarballs
  when:
    - rke2_airgap_mode
    - ( rke2_airgap_copy_additional_tarballs | length > 0 )
    - rke2_airgap_implementation != 'exists'
  block:
    - name: Create additional images tarballs folder
      ansible.builtin.file:
        path: "{{ rke2_tarball_images_path }}"
        state: directory
        mode: 0700
    - name: Copy additional tarball images RKE2 components
      ansible.builtin.copy:
        src: "{{ rke2_airgap_copy_sourcepath }}/{{ item }}"
        dest: "{{ rke2_tarball_images_path }}/{{ item }}"
        mode: 0644
        force: yes
      with_items: "{{ rke2_airgap_copy_additional_tarballs }}"

- name: Airgap mode - ensure artifacts exist and have acceptable permissions # only modifies permissions if they are overprivileged
  when:
    - rke2_airgap_mode
    - rke2_airgap_implementation == 'exists'
  block:
    - name: Register artifacts
      ansible.builtin.stat:
        path: "{{ rke2_artifact_path }}/{{ item }}"
      with_items: "{{ rke2_artifact }}"
      register: artifacts
    - name: Register install script
      ansible.builtin.stat:
        path: "{{ rke2_install_script_dir }}/rke2.sh"
      register: install_script
    - name: Register artifact facts
      ansible.builtin.set_fact:
        artifacts_writeable: "{{ artifacts.values() | map(attribute='writeable') | list | bool }}"
    - name: Make the artifacts read-only
      ansible.builtin.file:
        path: "{{ rke2_artifact_path }}/{{ item }}"
        mode: 0640
      with_items: "{{ rke2_artifact }}"
      when: artifacts_writeable
    - name: Make the install script executable.
      ansible.builtin.file:
        path: "{{ rke2_install_script_dir }}/rke2.sh"
        mode: 0700
      when:
        - install_script.stat.writeable
        - not install_script.stat.executable
    - name: Install script must be executable
      ansible.builtin.fail:
        msg: "The install script at {{ rke2_install_script_dir }}/rke2.sh must be executable."
      when: not install_script.stat.executable

- name: Populate service facts
  ansible.builtin.service_facts:

- name: Get stats of the FS object
  ansible.builtin.stat:
    path: /usr/local
  register: usr_local

- name: Check if separate partition
  ansible.builtin.command: grep '/usr/local ' /proc/mounts
  changed_when: false
  register: partition_result
  failed_when: partition_result.rc >= 2
  check_mode: false

- name: Set RKE2 bin path
  ansible.builtin.set_fact:
    rke2_bin_path: "{{ '/usr/local/bin/rke2' if (not usr_local.stat.writeable) or (partition_result.rc == 1) else '/opt/rke2/bin/rke2' }}"

- name: Check RKE2 version
  ansible.builtin.shell: |
    set -euo pipefail

    rke2_bin_path="{{ rke2_bin_path }}"
    rke2_service_name="{{ rke2_service_name }}"
    rke2_version="{{ rke2_version }}"

    if [ -f "$rke2_bin_path" ]; then
      installed_version="$($rke2_bin_path --version | awk '/rke2 version/ {print $3}')"
    else
      installed_version="not installed"
    fi

    if systemctl is-active --quiet $rke2_service_name && rke2_service_pid=$(systemctl show $rke2_service_name --property MainPID --value); then
      rke2_bin_path="$(realpath "/proc/$rke2_service_pid/exe")"
    fi

    # Linux appends the target of removed proc exe with ' (deleted)', making the path unavailable.
    if [ -f "$rke2_bin_path" ]; then
      running_version="$($rke2_bin_path --version | awk '/rke2 version/ {print $3}')"
    elif [ "$installed_version" = "not installed" ]; then
      running_version="$rke2_version"
    else
      running_version="outdated"
    fi

    echo "{\"installed_version\":\"$installed_version\",\"running_version\":\"$running_version\"}"
  args:
    executable: /bin/bash
  changed_when: false
  register: versions_check

- name: Set RKE2 versions
  when: not ansible_check_mode
  ansible.builtin.set_fact:
    installed_version: "{{ versions.installed_version }}"
    running_version: "{{ versions.running_version }}"
  vars:
    versions: "{{ versions_check.stdout | from_json }}"

- name: Prevent accidental RKE2 downgrade
  when: not ansible_check_mode and installed_version != "not installed" and not rke2_allow_downgrade
  ansible.builtin.assert:
    that:
      - >
        (rke2_version_clean is version(running_version_clean, '>=')) or
        (rke2_version_clean is version(running_version_clean, '<') and rke2_allow_downgrade)
    fail_msg: >
      Version downgrade is not allowed unless explicitly permitted.
      Current running version: {{ running_version_clean }},
      desired version: {{ rke2_version_clean }}.
      Set 'rke2_allow_downgrade: true' to allow downgrades.
    success_msg: >
      Version check passed. Current running version: {{ running_version_clean }},
      desired version: {{ rke2_version_clean }}."
  vars:
    rke2_version_clean: "{{ rke2_version | regex_search('v([0-9]+\\.[0-9]+\\.[0-9]+)', '\\1') }}"
    running_version_clean: "{{ running_version | regex_search('v([0-9]+\\.[0-9]+\\.[0-9]+)', '\\1') }}"

- name: Run RKE2 install script
  when: not ansible_check_mode and rke2_version != installed_version
  block:
    - name: Run RKE2 install script with airgap variables
      ansible.builtin.command:
        cmd: "{{ rke2_install_script_dir }}/rke2.sh"
      environment:
        INSTALL_RKE2_ARTIFACT_PATH: "{{ rke2_artifact_path }}"
        INSTALL_RKE2_AGENT_IMAGES_DIR: "{{ rke2_data_path }}/agent/images"
        INSTALL_RKE2_METHOD: "{{ rke2_method }}"
      changed_when: false
      when: rke2_airgap_mode
    - name: Run RKE2 install script without airgap variables
      ansible.builtin.command:
        cmd: "{{ rke2_install_script_dir }}/rke2.sh"
      environment:
        INSTALL_RKE2_VERSION: "{{ rke2_version }}"
        INSTALL_RKE2_CHANNEL_URL: "{{ rke2_channel_url }}"
        INSTALL_RKE2_CHANNEL: "{{ rke2_channel }}"
        INSTALL_RKE2_METHOD: "{{ rke2_method }}"
      changed_when: false
      when: not rke2_airgap_mode

- name: Copy Custom Manifests
  ansible.builtin.template:
    src: "{{ item }}"
    dest: "{{ rke2_data_path }}/server/manifests/"
    owner: root
    group: root
    mode: 0644
  with_items: "{{ rke2_custom_manifests }}"
  when: rke2_custom_manifests | length > 0

- name: Copy Static Pods
  ansible.builtin.copy:
    src: "{{ item }}"
    dest: "{{ rke2_data_path }}/agent/pod-manifests/"
    owner: root
    group: root
    mode: 0644
  with_items: "{{ rke2_static_pods }}"
  when: rke2_static_pods

- name: Copy RKE2 environment file
  ansible.builtin.template:
    src: rke2_environment.j2
    dest: "/etc/default/rke2-{{ rke2_type }}"
    owner: root
    group: root
    mode: 0644
  when:
    - rke2_environment_options is defined
    - rke2_environment_options|length > 0

 70%|███████   | 70/100 [06:54<05:06, 10.21s/it] 71%|███████   | 71/100 [06:58<04:00,  8.28s/it]
Total input tokens: 3395
___________________________________________LLM Output:___________________________________________ 
Below you will receive task descriptions from which you should generate an Ansible Playbook.  
The generated playbook must be valid inside an Ansible Role under the tasks/ directory (e.g., tasks/main.yml).  
Do not include hosts:, vars:, or any playbook-level headers. Only output valid task entries or blocks as expected in a role.  

Task 1: Download RKE2 installation script
Description Task 1: Download RKE2 installation script from a remote URL to a specified directory with the given mode and timeout.

Task 2: Copy local RKE2 installation script
Description Task 2: Copy the local RKE2 installation script to the specified directory with mode 0700 and force set to yes, conditional on the variables rke2_airgap_mode and rke2_airgap_implementation.

Task 3: Create RKE2 artifacts folder
Description Task 3: Create an artifacts folder for RKE2 with mode 0700, conditional on rke2_airgap_mode and rke2_airgap_implementation being not equal to "exists".

Task 4: Download RKE2 checksum and artifacts
Description Task 4: Download RKE2 checksum and artifacts from a remote URL, conditional on the variables rke2_airgap_mode and rke2_airgap_implementation being set to "download". This task includes downloading the checksum file, downloading the artifacts, and downloading the install script.

Task 5: Rescue for failed download
Description Task 5: In case of a failed download, create a directory and download RKE2 artifacts and install script locally before copying them to remote hosts.

Task 6: Copy local RKE2 artifacts
Description Task 6: Copy local RKE2 artifacts to the remote RKE2 artifact path with mode 0640 and force set to yes, conditional on rke2_airgap_mode and rke2_airgap_implementation being set to "copy".

Task 7: Airgap mode - additional images tarballs
Description Task 7: Create a folder for additional images tarballs and copy them to the RKE2 tarball images path, conditional on rke2_airgap_mode and the length of rke2_airgap_copy_additional_tarballs being greater than 0 and rke2_airgap_implementation not being "exists".

Task 8: Ensure artifacts exist and have acceptable permissions
Description Task 8: Ensure that artifacts and the RKE2 install script exist and have acceptable permissions, conditional on rke2_airgap_mode and rke2_airgap_implementation being "exists". If permissions are too permissive, modify them.

Task 9: Populate service facts
Description Task 9: Get service facts.

Task 10: Get stats of the FS object
Description Task 10: Check the stats of the FS object at /usr/local.

Task 11: Check if separate partition
Description Task 11: Check if /usr/local is on a separate partition by grepping /proc/mounts.

Task 12: Set RKE2 bin path
Description Task 12: Set the RKE2 bin path based on the output of previous tasks.

Task 13: Check RKE2 version
Description Task 13: Check the installed and running RKE2 versions and register them.

Task 14: Set RKE2 versions
Description Task 14: Set the installed and running RKE2 versions as facts when not in ansible check mode.

Task 15: Prevent accidental RKE2 downgrade
Description Task 15: Prevent accidental RKE2 downgrades unless explicitly allowed, based on the installed and running versions.

Task 16: Run RKE2 install script
Description Task 16: Run the RKE2 install script if the version is not the installed version and not in ansible check mode. This includes running the script with airgap variables if in airgap mode.

Task 17: Copy Custom Manifests
Description Task 17: Copy custom manifests to the RKE2 data path if there are any custom manifests.

Task 18: Copy Static Pods
Description Task 18: Copy static pods to the RKE2 agent pod manifests path if there are any static pods.

Task 19: Copy RKE2 environment file
Description Task 19: Copy the RKE2 environment file to the default location if environment options are defined and not empty.

Tue Sep 30 15:17:22 2025: /home/studgoetsi5301/documents/ansible_bench/dataset/prompts/ollama_qwen2.5:14b_english_exact/benchmark100/ansible-role-rke2/tasks/rke2_prompt.txt Total generation time: 19.14958791999379


Prompt: You are a professional developer. Below you will find a complete Ansible Playbook. This playbook was generated based on a prompt. Your task is to reconstruct the original prompt that could have been used to generate this playbook.

Important: The only output follows the format below. Do not include any explanations or comments before or after.

The reconstructed prompt must exactly follow the structure below:

"Below you will receive task descriptions from which you should generate an Ansible Playbook.  
The generated playbook must be valid inside an Ansible Role under the tasks/ directory (e.g., tasks/main.yml).  
Do not include hosts:, vars:, or any playbook-level headers. Only output valid task entries or blocks as expected in a role.  

Task 1: ...
Description Task 1: ...

Task 2: ...
Description Task 2: ...

Task 3: ...
Description Task 3: ...
..."

Guidelines:
- Each task should be short and clearly describe one specific action.
- The tasks must match the actual tasks in the playbook **both in content and order**.
- Use the exact terminology and labels as used in the playbook (e.g., “install nginx” instead of “install web server”).
- Provide a more detailed description of the task next to each task
- Include the exact names of variables, handlers, etc. used in the playbook.

Here is the Ansible Playbook:
- name: Restore etcd - get all nodes
  ansible.builtin.shell: |
    {{ rke2_data_path }}/bin/kubectl --kubeconfig /etc/rancher/rke2/rke2.yaml \
    get nodes --no-headers -o custom-columns=":metadata.name"
  args:
    executable: /bin/bash
  changed_when: false
  register: node_names

- name: Restore etcd - remove old nodes
  ansible.builtin.shell: |
    {{ rke2_data_path }}/bin/kubectl --kubeconfig /etc/rancher/rke2/rke2.yaml \
    delete node {{ item }} 2>&1 || true
  args:
    executable: /bin/bash
  with_items: "{{ node_names.stdout_lines | difference(groups[rke2_cluster_group_name]) }}"
  changed_when: false


Total input tokens: 459
___________________________________________LLM Output:___________________________________________ 
Below you will receive task descriptions from which you should generate an Ansible Playbook.  
The generated playbook must be valid inside an Ansible Role under the tasks/ directory (e.g., tasks/main.yml).  
Do not include hosts:, vars:, or any playbook-level headers. Only output valid task entries or blocks as expected in a role.  

Task 1: Restore etcd - get all nodes
Description Task 1: Fetch the names of all nodes in the Kubernetes cluster using kubectl. The command should be executed without headers and with a custom output format to extract the node names.

Task 2: Restore etcd - remove old nodes
Description Task 2: Remove nodes from the Kubernetes cluster that are not part of the current RKE2 cluster group. This is done by comparing the list of nodes obtained previously with the current group names and then deleting the nodes that do not match. The command uses the delete node operation with kubectl.

Tue Sep 30 15:17:26 2025: /home/studgoetsi5301/documents/ansible_bench/dataset/prompts/ollama_qwen2.5:14b_english_exact/benchmark100/ansible-role-rke2/tasks/first_server_restore_prompt.txt Total generation time: 3.763514856007532


Prompt: You are a professional developer. Below you will find a complete Ansible Playbook. This playbook was generated based on a prompt. Your task is to reconstruct the original prompt that could have been used to generate this playbook.

Important: The only output follows the format below. Do not include any explanations or comments before or after.

The reconstructed prompt must exactly follow the structure below:

"Below you will receive task descriptions from which you should generate an Ansible Playbook.  
The generated playbook must be valid inside an Ansible Role under the tasks/ directory (e.g., tasks/main.yml).  
Do not include hosts:, vars:, or any playbook-level headers. Only output valid task entries or blocks as expected in a role.  

Task 1: ...
Description Task 1: ...

Task 2: ...
Description Task 2: ...

Task 3: ...
Description Task 3: ...
..."

Guidelines:
- Each task should be short and clearly describe one specific action.
- The tasks must match the actual tasks in the playbook **both in content and order**.
- Use the exact terminology and labels as used in the playbook (e.g., “install nginx” instead of “install web server”).
- Provide a more detailed description of the task next to each task
- Include the exact names of variables, handlers, etc. used in the playbook.

Here is the Ansible Playbook:
---
- name: Create the RKE2 manifests directory
  ansible.builtin.file:
    state: directory
    path: "{{ rke2_data_path }}/server/manifests"
    owner: root
    group: root
    mode: 0700

- name: Copy ingress-nginx files to first server
  ansible.builtin.template:
    src: "templates/ingress-nginx-config.yml.j2"
    dest: "{{ rke2_data_path }}/server/manifests/rke2-ingress-nginx-config.yaml"
    owner: root
    group: root
    mode: 0664

 72%|███████▏  | 72/100 [07:01<03:12,  6.86s/it]
Total input tokens: 415
___________________________________________LLM Output:___________________________________________ 
Below you will receive task descriptions from which you should generate an Ansible Playbook.  
The generated playbook must be valid inside an Ansible Role under the tasks/ directory (e.g., tasks/main.yml).  
Do not include hosts:, vars:, or any playbook-level headers. Only output valid task entries or blocks as expected in a role.  

Task 1: Create the RKE2 manifests directory
Description Task 1: Create a directory at the location specified by the variable rke2_data_path for storing RKE2 server manifests. Ensure the directory is owned by root and has the correct permissions.

Task 2: Copy ingress-nginx files to first server
Description Task 2: Copy the template file "templates/ingress-nginx-config.yml.j2" to the RKE2 server manifests directory as "rke2-ingress-nginx-config.yaml". Set the file ownership and permissions accordingly.

Tue Sep 30 15:17:29 2025: /home/studgoetsi5301/documents/ansible_bench/dataset/prompts/ollama_qwen2.5:14b_english_exact/benchmark100/ansible-role-rke2/tasks/ingress-nginx_prompt.txt Total generation time: 3.5638218929962022


Prompt: You are a professional developer. Below you will find a complete Ansible Playbook. This playbook was generated based on a prompt. Your task is to reconstruct the original prompt that could have been used to generate this playbook.

Important: The only output follows the format below. Do not include any explanations or comments before or after.

The reconstructed prompt must exactly follow the structure below:

"Below you will receive task descriptions from which you should generate an Ansible Playbook.  
The generated playbook must be valid inside an Ansible Role under the tasks/ directory (e.g., tasks/main.yml).  
Do not include hosts:, vars:, or any playbook-level headers. Only output valid task entries or blocks as expected in a role.  

Task 1: ...
Description Task 1: ...

Task 2: ...
Description Task 2: ...

Task 3: ...
Description Task 3: ...
..."

Guidelines:
- Each task should be short and clearly describe one specific action.
- The tasks must match the actual tasks in the playbook **both in content and order**.
- Use the exact terminology and labels as used in the playbook (e.g., “install nginx” instead of “install web server”).
- Provide a more detailed description of the task next to each task
- Include the exact names of variables, handlers, etc. used in the playbook.

Here is the Ansible Playbook:
---
- name: Create the RKE2 config dir
  ansible.builtin.file:
    state: directory
    path: /etc/rancher/rke2
    owner: root
    group: root
    mode: 0755

- name: Set server taints
  ansible.builtin.set_fact:
    combined_node_taints: "{{ rke2_server_node_taints }}"
  when: rke2_type == 'server'

- name: Copy rke2 config
  ansible.builtin.template:
    src: "{{ rke2_config }}"
    dest: /etc/rancher/rke2/config.yaml
    owner: root
    group: root
    mode: 0600
  notify: "Config file changed"

- name: Copy kubelet config
  ansible.builtin.template:
    src: templates/kubelet-config.yaml.j2
    dest: /etc/rancher/rke2/kubelet-config.yaml
    owner: root
    group: root
    mode: 0600
  when: rke2_kubelet_config | length > 0
  notify: "Config file changed"

- name: Copy Containerd Registry Configuration file
  ansible.builtin.template:
    src: "{{ rke2_custom_registry_path }}"
    dest: /etc/rancher/rke2/registries.yaml
    owner: root
    group: root
    mode: 0600
  when: (rke2_custom_registry_mirrors | length > 0 or rke2_custom_registry_configs | length > 0)
  notify: "Config file changed"

- name: Register if we need to do a etcd restore from file
  ansible.builtin.set_fact:
    do_etcd_restore: true
  when: (rke2_etcd_snapshot_file | length > 0) and ((ansible_facts.services['rke2-server.service'] is not defined) or (ansible_facts.services['rke2-server.service']['status'] == 'disabled'))

- name: Register if we need to do a etcd restore from s3
  ansible.builtin.set_fact:
    do_etcd_restore_from_s3: true
  when:
    - rke2_etcd_snapshot_file | length > 0
    - rke2_etcd_snapshot_s3_options is defined
    - rke2_etcd_snapshot_s3_options.access_key
    - rke2_etcd_snapshot_s3_options.secret_key
    - rke2_etcd_snapshot_s3_options.bucket
    - rke2_etcd_snapshot_s3_options.snapshot_name

- name: Restore etcd from file
  when: do_etcd_restore is defined
  block:
    - name: Create the RKE2 etcd snapshot dir
      ansible.builtin.file:
        state: directory
        path: "{{ rke2_etcd_snapshot_destination_dir }}"
        recurse: true
        mode: 0755
    - name: Copy etcd snapshot file
      ansible.builtin.copy:
        src: "{{ rke2_etcd_snapshot_source_dir }}/{{ rke2_etcd_snapshot_file }}"
        dest: "{{ rke2_etcd_snapshot_destination_dir }}/{{ rke2_etcd_snapshot_file }}"
        mode: 0644
        force: true
    - name: Restore etcd from a snapshot
      ansible.builtin.shell: |
        rke2 server \
        --cluster-reset \
        --cluster-reset-restore-path="{{ rke2_etcd_snapshot_destination_dir }}/{{ rke2_etcd_snapshot_file }}" \
        --token {{ rke2_token }}
      register: task_output # <- Registers the command output.
      changed_when: task_output.rc != 0 # <- Uses the return code to define when the task has changed.
      when: not ansible_check_mode

- name: Restore etcd from s3
  when: do_etcd_restore_from_s3 is defined
  block:
    - name: Restore etcd from a s3 snapshot
      ansible.builtin.shell: |
        rke2 server \
        --cluster-reset \
        --etcd-s3 \
        --cluster-reset-restore-path="{{ rke2_etcd_snapshot_s3_options.snapshot_name }}" \
        --etcd-s3-bucket="{{ rke2_etcd_snapshot_s3_options.bucket }}" \
        --etcd-s3-access-key="{{ rke2_etcd_snapshot_s3_options.access_key }}" \
        --etcd-s3-secret-key="{{ rke2_etcd_snapshot_s3_options.secret_key }}" \
        --etcd-s3-endpoint="{{ rke2_etcd_snapshot_s3_options.s3_endpoint }}" \
        {{ ('--etcd-s3-region=' + rke2_etcd_snapshot_s3_options.region) if rke2_etcd_snapshot_s3_options.region is defined else '' }} \
        {{ ('--etcd-s3-endpoint-ca=' + rke2_etcd_snapshot_s3_options.endpoint_ca) if rke2_etcd_snapshot_s3_options.endpoint_ca is defined else '' }} \
        {{ ('--etcd-s3-folder=' + rke2_etcd_snapshot_s3_options.folder) if rke2_etcd_snapshot_s3_options.folder is defined else '' }} \
        {{ ('--etcd-s3-skip-ssl-verify=' + rke2_etcd_snapshot_s3_options.skip_ssl_verify) if rke2_etcd_snapshot_s3_options.skip_ssl_verify is defined else '' }} \
        --token {{ rke2_token }}
      register: task_output # <- Registers the command output.
      changed_when: task_output.rc != 0 # <- Uses the return code to define when the task has changed.
      when: not ansible_check_mode

- name: Start RKE2 service on the first server
  ansible.builtin.systemd:
    name: "rke2-server.service"
    state: started
    enabled: true
  environment:
    RKE2_TOKEN: "{{ rke2_token }}"
  notify: "Service (re)started"

- name: Mask RKE2 agent service on the first server
  ansible.builtin.systemd:
    name: "rke2-agent.service"
    enabled: false
    masked: true

- name: Wait for the first server be ready - no CNI
  ansible.builtin.shell: |
    {{ rke2_data_path }}/bin/kubectl --kubeconfig /etc/rancher/rke2/rke2.yaml get node "{{ rke2_node_name }}" -o jsonpath='{range .status.conditions[*]}{.message}{"\n"}{end}'
  args:
    executable: /bin/bash
  changed_when: false
  register: node_status
  until:
    - '"kubelet has sufficient memory available"  in node_status.stdout_lines'
    - '"kubelet has no disk pressure"  in node_status.stdout_lines'
    - '"kubelet has sufficient PID available"  in node_status.stdout_lines'
    - ('"cni plugin not initialized" in node_status.stdout' or '"kubelet is posting ready status." in node_status.stdout')
  retries: 100
  delay: 15
  when:
    - not ansible_check_mode
    - rke2_cni == 'none'

- name: Wait for the first server be ready - with CNI
  ansible.builtin.shell: |
    set -o pipefail
    {{ rke2_data_path }}/bin/kubectl --kubeconfig /etc/rancher/rke2/rke2.yaml get nodes | grep "{{ rke2_node_name }}"
  args:
    executable: /bin/bash
  changed_when: false
  register: first_server
  until: '" Ready "  in first_server.stdout'
  retries: 40
  delay: 15
  when:
    - not ansible_check_mode
    - rke2_cni != 'none'

- name: Restore etcd
  when: do_etcd_restore is defined or do_etcd_restore_from_s3 is defined
  block:
    - name: Get registered nodes
      ansible.builtin.shell:
        cmd: |
          set -o pipefail
          {{ rke2_data_path }}/bin/kubectl --kubeconfig /etc/rancher/rke2/rke2.yaml \
          get nodes --no-headers | awk '{print $1}'
      args:
        executable: /bin/bash
      changed_when: false
      register: registered_node_names

    - name: Get all node names
      ansible.builtin.set_fact:
        node_names: "{{ hostvars | dict2items | map(attribute='value.rke2_node_name') }}"
      run_once: true
      register: node_names

    - name: Remove old <node>.node-password.rke2 secrets
      ansible.builtin.shell: |
        {{ rke2_data_path }}/bin/kubectl --kubeconfig /etc/rancher/rke2/rke2.yaml \
        delete secret {{ item }}.node-password.rke2 -n kube-system 2>&1 || true
      args:
        executable: /bin/bash
      with_items: "{{ registered_node_names.stdout_lines | difference(node_names) }}"
      changed_when: false

    - name: Remove old nodes
      ansible.builtin.shell: |
        {{ rke2_data_path }}/bin/kubectl --kubeconfig /etc/rancher/rke2/rke2.yaml \
        delete node {{ item }} 2>&1 || true
      args:
        executable: /bin/bash
      with_items: "{{ registered_node_names.stdout_lines | difference(node_names) }}"
      changed_when: false

- name: Set an Active Server variable
  ansible.builtin.set_fact:
    active_server: "{{ inventory_hostname }}"
  delegate_to: "{{ item }}"
  delegate_facts: true
  loop: "{{ groups[rke2_cluster_group_name] }}"

 73%|███████▎  | 73/100 [07:16<04:10,  9.27s/it] 74%|███████▍  | 74/100 [07:23<03:38,  8.41s/it]
Total input tokens: 2364
___________________________________________LLM Output:___________________________________________ 
Below you will receive task descriptions from which you should generate an Ansible Playbook.  
The generated playbook must be valid inside an Ansible Role under the tasks/ directory (e.g., tasks/main.yml).  
Do not include hosts:, vars:, or any playbook-level headers. Only output valid task entries or blocks as expected in a role.  

Task 1: Create the RKE2 config directory
Description Task 1: Create the directory /etc/rancher/rke2 for RKE2 configuration files.

Task 2: Set server taints
Description Task 2: Set the combined_node_taints fact based on the rke2_server_node_taints variable when the server type is set to server.

Task 3: Copy RKE2 configuration file
Description Task 3: Copy the RKE2 configuration template file to /etc/rancher/rke2/config.yaml and notify the "Config file changed" handler.

Task 4: Copy kubelet configuration file
Description Task 4: Copy the kubelet configuration template file to /etc/rancher/rke2/kubelet-config.yaml if the rke2_kubelet_config variable is not empty and notify the "Config file changed" handler.

Task 5: Copy Containerd Registry Configuration file
Description Task 5: Copy the Containerd Registry Configuration template file to /etc/rancher/rke2/registries.yaml if the rke2_custom_registry_mirrors or rke2_custom_registry_configs variables are not empty and notify the "Config file changed" handler.

Task 6: Register if we need to do a etcd restore from file
Description Task 6: Set the do_etcd_restore fact to true if the rke2_etcd_snapshot_file variable is not empty and the rke2-server.service is disabled or undefined.

Task 7: Register if we need to do a etcd restore from s3
Description Task 7: Set the do_etcd_restore_from_s3 fact to true if the rke2_etcd_snapshot_file variable is not empty and the rke2_etcd_snapshot_s3_options variables (access_key, secret_key, bucket, snapshot_name) are defined.

Task 8: Restore etcd from file
Description Task 8: Create the RKE2 etcd snapshot directory, copy the etcd snapshot file, and restore etcd from the snapshot file when do_etcd_restore is defined.

Task 9: Restore etcd from s3
Description Task 9: Restore etcd from an S3 snapshot when do_etcd_restore_from_s3 is defined.

Task 10: Start RKE2 service on the first server
Description Task 10: Start and enable the rke2-server.service and pass the RKE2_TOKEN environment variable.

Task 11: Mask RKE2 agent service on the first server
Description Task 11: Disable and mask the rke2-agent.service on the first server.

Task 12: Wait for the first server be ready - no CNI
Description Task 12: Wait for the first server's node status to be ready with no CNI.

Task 13: Wait for the first server be ready - with CNI
Description Task 13: Wait for the first server's node status to be ready with CNI.

Task 14: Restore etcd
Description Task 14: Get registered nodes and remove old node secrets and nodes when do_etcd_restore or do_etcd_restore_from_s3 is defined.

Task 15: Set an Active Server variable
Description Task 15: Set the active_server fact to the current host's inventory_hostname on each server in the rke2_cluster_group_name group.

Tue Sep 30 15:17:44 2025: /home/studgoetsi5301/documents/ansible_bench/dataset/prompts/ollama_qwen2.5:14b_english_exact/benchmark100/ansible-role-rke2/tasks/first_server_prompt.txt Total generation time: 14.878748465998797


Prompt: You are a professional developer. Below you will find a complete Ansible Playbook. This playbook was generated based on a prompt. Your task is to reconstruct the original prompt that could have been used to generate this playbook.

Important: The only output follows the format below. Do not include any explanations or comments before or after.

The reconstructed prompt must exactly follow the structure below:

"Below you will receive task descriptions from which you should generate an Ansible Playbook.  
The generated playbook must be valid inside an Ansible Role under the tasks/ directory (e.g., tasks/main.yml).  
Do not include hosts:, vars:, or any playbook-level headers. Only output valid task entries or blocks as expected in a role.  

Task 1: ...
Description Task 1: ...

Task 2: ...
Description Task 2: ...

Task 3: ...
Description Task 3: ...
..."

Guidelines:
- Each task should be short and clearly describe one specific action.
- The tasks must match the actual tasks in the playbook **both in content and order**.
- Use the exact terminology and labels as used in the playbook (e.g., “install nginx” instead of “install web server”).
- Provide a more detailed description of the task next to each task
- Include the exact names of variables, handlers, etc. used in the playbook.

Here is the Ansible Playbook:
---
- name: Download RKE2 kubeconfig to localhost
  ansible.builtin.fetch:
    src: /etc/rancher/rke2/rke2.yaml
    dest: "{{ rke2_download_kubeconf_path }}/{{ rke2_download_kubeconf_file_name }}"
    flat: yes
  when:
  - rke2_download_kubeconf | bool
  - inventory_hostname == groups[rke2_servers_group_name].0

- name: Replace loopback IP by master server IP
  ansible.builtin.replace:
    path: "{{ rke2_download_kubeconf_path }}/{{ rke2_download_kubeconf_file_name }}"
    mode: '0600'
    regexp: '127\.0\.0\.1|\[::1\]'
    replace: "{{ rke2_api_ip | default(hostvars[groups[rke2_servers_group_name].0].ansible_host) | ansible.utils.ipwrap }}"
  delegate_to: localhost
  become: false
  when:
  - not ansible_check_mode
  - rke2_download_kubeconf | bool
  - inventory_hostname == groups[rke2_servers_group_name].0


Total input tokens: 527
___________________________________________LLM Output:___________________________________________ 
Below you will receive task descriptions from which you should generate an Ansible Playbook.  
The generated playbook must be valid inside an Ansible Role under the tasks/ directory (e.g., tasks/main.yml).  
Do not include hosts:, vars:, or any playbook-level headers. Only output valid task entries or blocks as expected in a role.  

Task 1: Download RKE2 kubeconfig to localhost
Description Task 1: Download the RKE2 kubeconfig file from the remote server to the local machine based on the provided variables. The source file is located at /etc/rancher/rke2/rke2.yaml on the remote server and is fetched to the path defined by the variable `rke2_download_kubeconf_path` with the filename `rke2_download_kubeconf_file_name`. This task is conditional based on the variable `rke2_download_kubeconf` being true and the inventory_hostname matching the first host in the group `rke2_servers_group_name`.

Task 2: Replace loopback IP by master server IP
Description Task 2: Replace occurrences of loopback IP addresses (127.0.0.1 and ::1) in the downloaded kubeconfig file with the IP address of the master server. The IP address is retrieved using the variable `rke2_api_ip` or falls back to the primary IP of the first host in the `rke2_servers_group_name` group if `rke2_api_ip` is not defined. This task is executed on the localhost and is conditional based on the playbook not being in check mode, `rke2_download_kubeconf` being true, and the inventory_hostname matching the first host in the `rke2_servers_group_name` group.

Tue Sep 30 15:17:51 2025: /home/studgoetsi5301/documents/ansible_bench/dataset/prompts/ollama_qwen2.5:14b_english_exact/benchmark100/ansible-role-rke2/tasks/download_kubeconfig_prompt.txt Total generation time: 6.412661192996893


Prompt: You are a professional developer. Below you will find a complete Ansible Playbook. This playbook was generated based on a prompt. Your task is to reconstruct the original prompt that could have been used to generate this playbook.

Important: The only output follows the format below. Do not include any explanations or comments before or after.

The reconstructed prompt must exactly follow the structure below:

"Below you will receive task descriptions from which you should generate an Ansible Playbook.  
The generated playbook must be valid inside an Ansible Role under the tasks/ directory (e.g., tasks/main.yml).  
Do not include hosts:, vars:, or any playbook-level headers. Only output valid task entries or blocks as expected in a role.  

Task 1: ...
Description Task 1: ...

Task 2: ...
Description Task 2: ...

Task 3: ...
Description Task 3: ...
..."

Guidelines:
- Each task should be short and clearly describe one specific action.
- The tasks must match the actual tasks in the playbook **both in content and order**.
- Use the exact terminology and labels as used in the playbook (e.g., “install nginx” instead of “install web server”).
- Provide a more detailed description of the task next to each task
- Include the exact names of variables, handlers, etc. used in the playbook.

Here is the Ansible Playbook:
---
- name: Summary
  when: inventory_hostname == groups[rke2_servers_group_name].0
  block:
    - name: Prepare summary
      ansible.builtin.shell: |
        set -e
        {{ rke2_data_path }}/bin/kubectl --kubeconfig /etc/rancher/rke2/rke2.yaml get nodes -o wide --show-labels
      args:
        executable: /bin/bash
      changed_when: false
      retries: 5
      register: nodes_summary

    - name: K8s nodes state
      ansible.builtin.debug:
        var: nodes_summary.stdout_lines

 75%|███████▌  | 75/100 [07:26<02:54,  6.97s/it] 76%|███████▌  | 76/100 [07:35<02:56,  7.36s/it]
Total input tokens: 414
___________________________________________LLM Output:___________________________________________ 
Below you will receive task descriptions from which you should generate an Ansible Playbook.  
The generated playbook must be valid inside an Ansible Role under the tasks/ directory (e.g., tasks/main.yml).  
Do not include hosts:, vars:, or any playbook-level headers. Only output valid task entries or blocks as expected in a role.  

Task 1: Ensure the summary block runs only on the first RKE2 server.
Description Task 1: This condition ensures that the summary block executes only on the first server in the RKE2 servers group.

Task 2: Prepare summary of Kubernetes nodes.
Description Task 2: Execute a shell command to retrieve a wide view of Kubernetes nodes using kubectl, including labels.

Task 3: Display the stdout_lines of the nodes summary.
Description Task 3: Use the debug module to display the output of the kubectl command executed in the previous task.

Tue Sep 30 15:17:54 2025: /home/studgoetsi5301/documents/ansible_bench/dataset/prompts/ollama_qwen2.5:14b_english_exact/benchmark100/ansible-role-rke2/tasks/summary_prompt.txt Total generation time: 3.6042099249898456


Prompt: You are a professional developer. Below you will find a complete Ansible Playbook. This playbook was generated based on a prompt. Your task is to reconstruct the original prompt that could have been used to generate this playbook.

Important: The only output follows the format below. Do not include any explanations or comments before or after.

The reconstructed prompt must exactly follow the structure below:

"Below you will receive task descriptions from which you should generate an Ansible Playbook.  
The generated playbook must be valid inside an Ansible Role under the tasks/ directory (e.g., tasks/main.yml).  
Do not include hosts:, vars:, or any playbook-level headers. Only output valid task entries or blocks as expected in a role.  

Task 1: ...
Description Task 1: ...

Task 2: ...
Description Task 2: ...

Task 3: ...
Description Task 3: ...
..."

Guidelines:
- Each task should be short and clearly describe one specific action.
- The tasks must match the actual tasks in the playbook **both in content and order**.
- Use the exact terminology and labels as used in the playbook (e.g., “install nginx” instead of “install web server”).
- Provide a more detailed description of the task next to each task
- Include the exact names of variables, handlers, etc. used in the playbook.

Here is the Ansible Playbook:
---
- name: Cordon and Drain the node {{ rke2_node_name }}
  ansible.builtin.shell: |
    set -o pipefail
    {{ rke2_data_path }}/bin/kubectl --kubeconfig /etc/rancher/rke2/rke2.yaml \
    cordon "{{ rke2_node_name }}" && \
    {{ rke2_data_path }}/bin/kubectl --kubeconfig /etc/rancher/rke2/rke2.yaml \
    drain "{{ rke2_node_name }}" --ignore-daemonsets --delete-emptydir-data {{ rke2_drain_additional_args }}
  args:
    executable: /bin/bash
  register: drain
  until:
    - drain.stdout is search('drained')
  retries: 100
  delay: 15
  changed_when: false
  delegate_to: "{{ active_server | default(groups[rke2_servers_group_name].0) }}"
  run_once: true
  when: rke2_drain_node_during_upgrade

- name: Restart RKE2 service on {{ rke2_node_name }}
  ansible.builtin.service:
    name: "{{ rke2_service_name }}"
    state: restarted
  notify: "Service (re)started"

- name: Wait for all nodes to be ready again
  ansible.builtin.shell: |
    set -o pipefail
    {{ rke2_data_path }}/bin/kubectl --kubeconfig /etc/rancher/rke2/rke2.yaml get nodes | grep " Ready" | wc -l
  args:
    executable: /bin/bash
  changed_when: false
  register: all_ready_nodes
  until:
    - groups[rke2_cluster_group_name] | length == all_ready_nodes.stdout | int
  retries: 100
  delay: 15
  delegate_to: "{{ active_server | default(groups[rke2_servers_group_name].0) }}"
  run_once: true

- name: Uncordon the node {{ rke2_node_name }}
  ansible.builtin.shell: |
    set -o pipefail
    {{ rke2_data_path }}/bin/kubectl --kubeconfig /etc/rancher/rke2/rke2.yaml \
    uncordon "{{ rke2_node_name }}"
  args:
    executable: /bin/bash
  changed_when: false
  delegate_to: "{{ active_server | default(groups[rke2_servers_group_name].0) }}"
  run_once: true
  when: rke2_drain_node_during_upgrade

- name: Wait for all pods to be ready again
  ansible.builtin.shell: |
    set -o pipefail
    {{ rke2_data_path }}/bin/kubectl --kubeconfig /etc/rancher/rke2/rke2.yaml get pods -A --field-selector=status.phase!=Running,status.phase!=Succeeded --ignore-not-found | wc -l
  args:
    executable: /bin/bash
  changed_when: false
  register: all_pods_ready
  until:
    '"0" in all_pods_ready.stdout'
  retries: 100
  delay: 15
  delegate_to: "{{ active_server | default(groups[rke2_servers_group_name].0) }}"
  run_once: true
  when: rke2_wait_for_all_pods_to_be_ready

- name: Wait for all pods to pass readiness checks
  ansible.builtin.shell: |
    {{ rke2_data_path }}/bin/kubectl --kubeconfig /etc/rancher/rke2/rke2.yaml wait {{ rke2_wait_for_all_pods_to_be_healthy_args }}
  args:
    executable: /bin/bash
  changed_when: false
  retries: 100
  delay: 15
  delegate_to: "{{ active_server | default(groups[rke2_servers_group_name].0) }}"
  run_once: true
  when: rke2_wait_for_all_pods_to_be_healthy


Total input tokens: 1118
___________________________________________LLM Output:___________________________________________ 
Below you will receive task descriptions from which you should generate an Ansible Playbook.  
The generated playbook must be valid inside an Ansible Role under the tasks/ directory (e.g., tasks/main.yml).  
Do not include hosts:, vars:, or any playbook-level headers. Only output valid task entries or blocks as expected in a role.  

Task 1: Cordon and Drain the node {{ rke2_node_name }}
Description Task 1: Cordons and drains the specified node using kubectl commands. The task uses the rke2_data_path and rke2_drain_additional_args variables, and runs the command until the node is successfully drained, checking every 15 seconds for up to 100 retries.

Task 2: Restart RKE2 service on {{ rke2_node_name }}
Description Task 2: Restarts the RKE2 service on the specified node. This task notifies a handler named "Service (re)started".

Task 3: Wait for all nodes to be ready again
Description Task 3: Waits until all nodes in the cluster are reported as "Ready" by kubectl. The task retries every 15 seconds for up to 100 attempts.

Task 4: Uncordon the node {{ rke2_node_name }}
Description Task 4: Uncordons the previously cordoned node using kubectl. The task runs only if the condition rke2_drain_node_during_upgrade is true.

Task 5: Wait for all pods to be ready again
Description Task 5: Waits until all pods across the cluster are in a Running or Succeeded state. The task retries every 15 seconds for up to 100 attempts, and runs only if the condition rke2_wait_for_all_pods_to_be_ready is true.

Task 6: Wait for all pods to pass readiness checks
Description Task 6: Waits until all pods pass their readiness checks using the kubectl wait command. The task retries every 15 seconds for up to 100 attempts, and runs only if the condition rke2_wait_for_all_pods_to_be_healthy is true.

Tue Sep 30 15:18:03 2025: /home/studgoetsi5301/documents/ansible_bench/dataset/prompts/ollama_qwen2.5:14b_english_exact/benchmark100/ansible-role-rke2/tasks/rolling_restart_prompt.txt Total generation time: 8.277042305999203


Prompt: You are a professional developer. Below you will find a complete Ansible Playbook. This playbook was generated based on a prompt. Your task is to reconstruct the original prompt that could have been used to generate this playbook.

Important: The only output follows the format below. Do not include any explanations or comments before or after.

The reconstructed prompt must exactly follow the structure below:

"Below you will receive task descriptions from which you should generate an Ansible Playbook.  
The generated playbook must be valid inside an Ansible Role under the tasks/ directory (e.g., tasks/main.yml).  
Do not include hosts:, vars:, or any playbook-level headers. Only output valid task entries or blocks as expected in a role.  

Task 1: ...
Description Task 1: ...

Task 2: ...
Description Task 2: ...

Task 3: ...
Description Task 3: ...
..."

Guidelines:
- Each task should be short and clearly describe one specific action.
- The tasks must match the actual tasks in the playbook **both in content and order**.
- Use the exact terminology and labels as used in the playbook (e.g., “install nginx” instead of “install web server”).
- Provide a more detailed description of the task next to each task
- Include the exact names of variables, handlers, etc. used in the playbook.

Here is the Ansible Playbook:
---

- name: Update apt cache
  ansible.builtin.apt:
    update_cache: true
  when: ansible_pkg_mgr == 'apt'

- name: Update dnf cache
  ansible.builtin.dnf:
    update_cache: true
  when: ansible_pkg_mgr == 'dnf'

- name: Install packages
  ansible.builtin.package:
    name: keepalived

- name: Create directory for keepalived
  ansible.builtin.file:
    path: /etc/keepalived
    state: directory
    owner: root
    group: root
    mode: 0755

- name: Create Kubernetes API health check script for Debian OS family
  ansible.builtin.template:
    src: templates/check_apiserver.sh.j2
    dest: /etc/keepalived/check_apiserver.sh
    owner: root
    group: root
    mode: 0755
  when:  ansible_facts['os_family'] == "Debian"
  notify: Restart keepalived

- name: Create Kubernetes API health check script for RedHat OS famliy
  ansible.builtin.template:
    src: templates/check_apiserver.sh.j2
    dest: /usr/libexec/keepalived/check_apiserver.sh
    owner: root
    group: root
    mode: 0755
  when:  ansible_facts['os_family'] == "RedHat"
  notify: Restart keepalived

- name: Create RKE2 Server health check script for Debian OS family
  ansible.builtin.template:
    src: templates/check_rke2server.sh.j2
    dest: /etc/keepalived/check_rke2server.sh
    owner: root
    group: root
    mode: 0755
  when:  ansible_facts['os_family'] == "Debian"
  notify: Restart keepalived

- name: Create RKE2 Server health check script for RedHat OS family
  ansible.builtin.template:
    src: templates/check_rke2server.sh.j2
    dest: /usr/libexec/keepalived/check_rke2server.sh
    owner: root
    group: root
    mode: 0755
  when:  ansible_facts['os_family'] == "RedHat"
  notify: Restart keepalived

- name: Create keepalived config file
  ansible.builtin.template:
    src: templates/keepalived.conf.j2
    dest: /etc/keepalived/keepalived.conf
    owner: root
    group: root
    mode: 0644
  notify: Restart keepalived

- name: Enable keepalived and make sure it is not masked
  ansible.builtin.systemd:
    name: keepalived
    enabled: yes
    masked: no
  notify: Restart keepalived

- name: Flush handlers
  ansible.builtin.meta: flush_handlers

 77%|███████▋  | 77/100 [07:43<02:56,  7.67s/it]
Total input tokens: 922
___________________________________________LLM Output:___________________________________________ 
Below you will receive task descriptions from which you should generate an Ansible Playbook.
The generated playbook must be valid inside an Ansible Role under the tasks/ directory (e.g., tasks/main.yml).
Do not include hosts:, vars:, or any playbook-level headers. Only output valid task entries or blocks as expected in a role.

Task 1: Update apt cache
Description Task 1: Update the APT cache on Debian-based systems.

Task 2: Update dnf cache
Description Task 2: Update the DNF cache on RedHat-based systems.

Task 3: Install packages
Description Task 3: Install the keepalived package.

Task 4: Create directory for keepalived
Description Task 4: Create the directory /etc/keepalived with appropriate permissions.

Task 5: Create Kubernetes API health check script for Debian OS family
Description Task 5: Create a Kubernetes API health check script for Debian-based systems and notify a handler to restart keepalived.

Task 6: Create Kubernetes API health check script for RedHat OS famliy
Description Task 6: Create a Kubernetes API health check script for RedHat-based systems and notify a handler to restart keepalived.

Task 7: Create RKE2 Server health check script for Debian OS family
Description Task 7: Create an RKE2 server health check script for Debian-based systems and notify a handler to restart keepalived.

Task 8: Create RKE2 Server health check script for RedHat OS family
Description Task 8: Create an RKE2 server health check script for RedHat-based systems and notify a handler to restart keepalived.

Task 9: Create keepalived config file
Description Task 9: Create the keepalived configuration file and notify a handler to restart keepalived.

Task 10: Enable keepalived and make sure it is not masked
Description Task 10: Enable the keepalived service to start on boot and ensure it is not masked, and notify a handler to restart keepalived.

Task 11: Flush handlers
Description Task 11: Flush all handlers to ensure they are executed at the end of the playbook.

Tue Sep 30 15:18:11 2025: /home/studgoetsi5301/documents/ansible_bench/dataset/prompts/ollama_qwen2.5:14b_english_exact/benchmark100/ansible-role-rke2/tasks/keepalived_prompt.txt Total generation time: 8.377865499991458


Prompt: You are a professional developer. Below you will find a complete Ansible Playbook. This playbook was generated based on a prompt. Your task is to reconstruct the original prompt that could have been used to generate this playbook.

Important: The only output follows the format below. Do not include any explanations or comments before or after.

The reconstructed prompt must exactly follow the structure below:

"Below you will receive task descriptions from which you should generate an Ansible Playbook.  
The generated playbook must be valid inside an Ansible Role under the tasks/ directory (e.g., tasks/main.yml).  
Do not include hosts:, vars:, or any playbook-level headers. Only output valid task entries or blocks as expected in a role.  

Task 1: ...
Description Task 1: ...

Task 2: ...
Description Task 2: ...

Task 3: ...
Description Task 3: ...
..."

Guidelines:
- Each task should be short and clearly describe one specific action.
- The tasks must match the actual tasks in the playbook **both in content and order**.
- Use the exact terminology and labels as used in the playbook (e.g., “install nginx” instead of “install web server”).
- Provide a more detailed description of the task next to each task
- Include the exact names of variables, handlers, etc. used in the playbook.

Here is the Ansible Playbook:
---
- name: Install Keepalived when HA mode is enabled
  ansible.builtin.include_tasks: keepalived.yml
  when:
    - rke2_api_ip is defined
    - inventory_hostname in groups[rke2_servers_group_name]
    - rke2_ha_mode | bool
    - rke2_ha_mode_keepalived | bool

- name: Download and install RKE2 {{ rke2_version }}
  ansible.builtin.include_tasks: rke2.yml

- name: CIS Hardening
  ansible.builtin.include_tasks: cis.yml
  when:
    - rke2_cis_profile | length > 0

- name: Find Active Server
  ansible.builtin.include_tasks: find_active_server.yml

- name: Enable IPVS kernel module
  community.general.modprobe:
    name: ip_vs
    state: present
    persistent: present
  when:
    - rke2_kubevip_ipvs_lb_enable | bool
    - inventory_hostname in groups[rke2_servers_group_name]
    - rke2_ha_mode | bool
    - rke2_ha_mode_kubevip | bool
    - not rke2_ha_mode_keepalived | bool

- name: Copy kube-vip manifests to the masternode
  ansible.builtin.include_tasks: kubevip.yml
  when:
    - inventory_hostname == groups[rke2_servers_group_name].0
    - rke2_ha_mode | bool
    - rke2_ha_mode_kubevip | bool
    - not rke2_ha_mode_keepalived | bool

- name: Copy ingress-nginx manifests to the masternode
  ansible.builtin.include_tasks: ingress-nginx.yml
  when:
    - inventory_hostname == groups[rke2_servers_group_name].0
    - rke2_ingress_nginx_values is defined
    - rke2_ingress_nginx_values | length > 0

- name: Prepare very first server node in the cluster
  ansible.builtin.include_tasks: first_server.yml
  when:
    - inventory_hostname == groups[rke2_servers_group_name].0
    - active_server is not defined or groups[rke2_cluster_group_name] | length | int == 1

- name: Restore etcd specific tasks
  ansible.builtin.include_tasks: first_server_restore.yml
  when:
    - active_server is defined
    - inventory_hostname == active_server or inventory_hostname == groups[rke2_servers_group_name].0
    - do_etcd_restore is defined or do_etcd_restore_from_s3 is defined

- name: Download kubeconfig to ansible localhost
  ansible.builtin.include_tasks: download_kubeconfig.yaml
  when:
    - rke2_download_kubeconf | bool
    - inventory_hostname == groups[rke2_servers_group_name].0

- name: Prepare and join remaining nodes of the cluster
  ansible.builtin.include_tasks: remaining_nodes.yml
  when:
    - active_server is defined
    - groups[rke2_cluster_group_name] | length | int >= 2

- name: Rolling cordon and drain restart when version changes - servers
  ansible.builtin.include_tasks: rolling_restart.yml
  with_items: "{{ groups[rke2_servers_group_name] }}"
  loop_control:
    loop_var: _host_item
  when:
    - hostvars[_host_item].inventory_hostname == inventory_hostname
    - installed_version is defined
    - installed_version != "not installed"
    - rke2_version is defined
    - rke2_version != running_version

- name: Rolling cordon and drain restart when version changes - agents
  ansible.builtin.include_tasks: rolling_restart.yml
  with_items: "{{ groups[rke2_agents_group_name] | default([]) }}"
  loop_control:
    loop_var: _host_item
  when:
    - hostvars[_host_item].inventory_hostname == inventory_hostname
    - inventory_hostname not in groups[rke2_servers_group_name]
    - installed_version is defined
    - installed_version != "not installed"
    - rke2_version is defined
    - rke2_version != running_version

- name: Flush handlers
  ansible.builtin.meta: flush_handlers

- name: Rolling restart when config files change
  ansible.builtin.include_tasks: change_config.yml
  with_items: "{{ groups[rke2_cluster_group_name] }}"
  loop_control:
    loop_var: _host_item
  when:
    - hostvars[_host_item].inventory_hostname == inventory_hostname
    - rke2_restart_needed

- name: Final steps
  ansible.builtin.include_tasks: summary.yml


Total input tokens: 1266
___________________________________________LLM Output:___________________________________________ 
Below you will receive task descriptions from which you should generate an Ansible Playbook.  
The generated playbook must be valid inside an Ansible Role under the tasks/ directory (e.g., tasks/main.yml).  
Do not include hosts:, vars:, or any playbook-level headers. Only output valid task entries or blocks as expected in a role.  

Task 1: Install Keepalived when HA mode is enabled
Description Task 1: Install Keepalived when in High Availability mode and the server is part of the RKE2 server group

Task 2: Download and install RKE2
Description Task 2: Download and install RKE2 with the specified version

Task 3: CIS Hardening
Description Task 3: Perform CIS (Center for Internet Security) Hardening if a CIS profile is provided

Task 4: Find Active Server
Description Task 4: Identify the active server in the RKE2 cluster

Task 5: Enable IPVS kernel module
Description Task 5: Enable the IPVS kernel module when using Kube-VIP and HA mode

Task 6: Copy kube-vip manifests to the masternode
Description Task 6: Copy Kube-VIP manifests to the main server node when not using Keepalived

Task 7: Copy ingress-nginx manifests to the masternode
Description Task 7: Copy the ingress-nginx manifests to the main server node if the configuration is defined

Task 8: Prepare very first server node in the cluster
Description Task 8: Prepare the very first server node in the cluster for initial setup

Task 9: Restore etcd specific tasks
Description Task 9: Restore etcd specific tasks if etcd needs to be restored

Task 10: Download kubeconfig to ansible localhost
Description Task 10: Download the kubeconfig to the Ansible control machine if enabled

Task 11: Prepare and join remaining nodes of the cluster
Description Task 11: Prepare and join remaining nodes of the cluster if the active server is defined

Task 12: Rolling cordon and drain restart when version changes - servers
Description Task 12: Perform rolling restart for servers when the RKE2 version changes

Task 13: Rolling cordon and drain restart when version changes - agents
Description Task 13: Perform rolling restart for agents when the RKE2 version changes

Task 14: Flush handlers
Description Task 14: Flush all handlers at this point

Task 15: Rolling restart when config files change
Description Task 15: Perform rolling restart when configuration files change

Task 16: Final steps
Description Task 16: Final steps to complete the playbook execution 78%|███████▊  | 78/100 [07:54<03:08,  8.55s/it] 79%|███████▉  | 79/100 [08:02<02:58,  8.52s/it]

Tue Sep 30 15:18:21 2025: /home/studgoetsi5301/documents/ansible_bench/dataset/prompts/ollama_qwen2.5:14b_english_exact/benchmark100/ansible-role-rke2/tasks/main_prompt.txt Total generation time: 10.614794585009804


Prompt: You are a professional developer. Below you will find a complete Ansible Playbook. This playbook was generated based on a prompt. Your task is to reconstruct the original prompt that could have been used to generate this playbook.

Important: The only output follows the format below. Do not include any explanations or comments before or after.

The reconstructed prompt must exactly follow the structure below:

"Below you will receive task descriptions from which you should generate an Ansible Playbook.  
The generated playbook must be valid inside an Ansible Role under the tasks/ directory (e.g., tasks/main.yml).  
Do not include hosts:, vars:, or any playbook-level headers. Only output valid task entries or blocks as expected in a role.  

Task 1: ...
Description Task 1: ...

Task 2: ...
Description Task 2: ...

Task 3: ...
Description Task 3: ...
..."

Guidelines:
- Each task should be short and clearly describe one specific action.
- The tasks must match the actual tasks in the playbook **both in content and order**.
- Use the exact terminology and labels as used in the playbook (e.g., “install nginx” instead of “install web server”).
- Provide a more detailed description of the task next to each task
- Include the exact names of variables, handlers, etc. used in the playbook.

Here is the Ansible Playbook:
---
- name: Create the RKE2 config dir
  ansible.builtin.file:
    state: directory
    path: /etc/rancher/rke2
    owner: root
    group: root
    mode: 0755

- name: Set server taints
  ansible.builtin.set_fact:
    combined_node_taints: "{{ rke2_server_node_taints }}"
  when: rke2_type == 'server'

- name: Set agent taints
  ansible.builtin.set_fact:
    combined_node_taints: "{{ rke2_agent_node_taints }}"
  when: rke2_type == 'agent'

- name: Copy RKE2 config
  ansible.builtin.template:
    src: "{{ rke2_config }}"
    dest: /etc/rancher/rke2/config.yaml
    owner: root
    group: root
    mode: 0600
  notify: "Config file changed"

- name: Copy kubelet config
  ansible.builtin.template:
    src: templates/kubelet-config.yaml.j2
    dest: /etc/rancher/rke2/kubelet-config.yaml
    owner: root
    group: root
    mode: 0600
  when: rke2_kubelet_config | length > 0
  notify: "Config file changed"

- name: Copy Containerd Registry Configuration file
  ansible.builtin.template:
    src: "{{ rke2_custom_registry_path }}"
    dest: /etc/rancher/rke2/registries.yaml
    owner: root
    group: root
    mode: 0600
  when: (rke2_custom_registry_mirrors | length > 0 or rke2_custom_registry_configs | length > 0)
  notify: "Config file changed"

- name: Start RKE2 service on the rest of the nodes
  ansible.builtin.systemd:
    name: "{{ rke2_service_name }}"
    state: started
    enabled: true
  retries: 10
  delay: 3
  register: result
  until: result is not failed
  environment:
    RKE2_TOKEN: "{{ rke2_token }}"
  notify: "Service (re)started"

- name: Mask other RKE2 service on the rest of the nodes
  ansible.builtin.systemd:
    name: "rke2-{{ item }}.service"
    enabled: false
    masked: true
  with_items:
    - "{{ (['agent', 'server'] | reject('match', rke2_type) | list) }}"

- name: Wait for remaining nodes to be ready - no CNI
  ansible.builtin.shell: |
    {{ rke2_data_path }}/bin/kubectl --kubeconfig /etc/rancher/rke2/rke2.yaml get node "{{ item }}" -o jsonpath='{range .status.conditions[*]}{.message}{"\n"}{end}'
  args:
    executable: /bin/bash
  changed_when: false
  register: node_status
  until:
    - '"kubelet has sufficient memory available"  in node_status.stdout_lines'
    - '"kubelet has no disk pressure"  in node_status.stdout_lines'
    - '"kubelet has sufficient PID available"  in node_status.stdout_lines'
    - ('"cni plugin not initialized" in node_status.stdout' or '"kubelet is posting ready status." in node_status.stdout')
  retries: 100
  delay: 15
  loop: "{{ groups[rke2_cluster_group_name] }}"
  when:
    - rke2_cni == 'none'
    - inventory_hostname == active_server or inventory_hostname == groups[rke2_servers_group_name].0

- name: Wait for remaining nodes to be ready - with CNI
  ansible.builtin.shell: |
    set -o pipefail
    {{ rke2_data_path }}/bin/kubectl --kubeconfig /etc/rancher/rke2/rke2.yaml get nodes | grep " Ready" | wc -l
  args:
    executable: /bin/bash
  changed_when: false
  register: all_ready_nodes
  until: "groups[rke2_cluster_group_name] | length == all_ready_nodes.stdout | int"
  retries: 100
  delay: 15
  when:
    - not ansible_check_mode
    - rke2_cni != 'none'
    - inventory_hostname == active_server or inventory_hostname == groups[rke2_servers_group_name].0


Total input tokens: 1256
___________________________________________LLM Output:___________________________________________ 
Below you will receive task descriptions from which you should generate an Ansible Playbook.
The generated playbook must be valid inside an Ansible Role under the tasks/ directory (e.g., tasks/main.yml).
Do not include hosts:, vars:, or any playbook-level headers. Only output valid task entries or blocks as expected in a role.

Task 1: Create the RKE2 config directory
Description Task 1: Create a directory for RKE2 configuration files.

Task 2: Set server taints
Description Task 2: Set node taints specifically for server nodes based on the rke2_type variable.

Task 3: Set agent taints
Description Task 3: Set node taints specifically for agent nodes based on the rke2_type variable.

Task 4: Copy RKE2 config file
Description Task 4: Copy a RKE2 configuration file to the designated directory and notify a handler on file change.

Task 5: Copy kubelet config file
Description Task 5: Copy a kubelet configuration file to the designated directory only if a certain variable has content and notify a handler on file change.

Task 6: Copy Containerd Registry Configuration file
Description Task 6: Copy a Containerd Registry Configuration file to the designated directory based on certain conditions and notify a handler on file change.

Task 7: Start RKE2 service
Description Task 7: Start the RKE2 service on the rest of the nodes, retry until successful and notify a handler on service restart.

Task 8: Mask other RKE2 services
Description Task 8: Mask other RKE2 services on the rest of the nodes based on the node type.

Task 9: Wait for remaining nodes to be ready - no CNI
Description Task 9: Wait for remaining nodes to be ready without CNI initialization, check for node conditions and retry.

Task 10: Wait for remaining nodes to be ready - with CNI
Description Task 10: Wait for remaining nodes to be ready with CNI initialization, check for node status and retry.

Tue Sep 30 15:18:30 2025: /home/studgoetsi5301/documents/ansible_bench/dataset/prompts/ollama_qwen2.5:14b_english_exact/benchmark100/ansible-role-rke2/tasks/remaining_nodes_prompt.txt Total generation time: 8.45050745998742


Prompt: You are a professional developer. Below you will find a complete Ansible Playbook. This playbook was generated based on a prompt. Your task is to reconstruct the original prompt that could have been used to generate this playbook.

Important: The only output follows the format below. Do not include any explanations or comments before or after.

The reconstructed prompt must exactly follow the structure below:

"Below you will receive task descriptions from which you should generate an Ansible Playbook.  
The generated playbook must be valid inside an Ansible Role under the tasks/ directory (e.g., tasks/main.yml).  
Do not include hosts:, vars:, or any playbook-level headers. Only output valid task entries or blocks as expected in a role.  

Task 1: ...
Description Task 1: ...

Task 2: ...
Description Task 2: ...

Task 3: ...
Description Task 3: ...
..."

Guidelines:
- Each task should be short and clearly describe one specific action.
- The tasks must match the actual tasks in the playbook **both in content and order**.
- Use the exact terminology and labels as used in the playbook (e.g., “install nginx” instead of “install web server”).
- Provide a more detailed description of the task next to each task
- Include the exact names of variables, handlers, etc. used in the playbook.

Here is the Ansible Playbook:
---
- name: Create the RKE2 manifests directory
  ansible.builtin.file:
    state: directory
    path: "{{ rke2_data_path }}/server/manifests"
    owner: root
    group: root
    mode: 0700

- name: Copy kube-vip files to first server
  ansible.builtin.template:
    src: "{{ item }}"
    dest: "{{ rke2_data_path }}/server/manifests/{{ item | basename | regex_replace('.j2$', '') }}"
    owner: root
    group: root
    mode: 0664
  with_fileglob:
    - "templates/kube-vip/kube-vip.yml.j2"
    - "templates/kube-vip/kube-vip-rbac.yml.j2"

- name: Copy kube-vip load balancer manifests to first server
  ansible.builtin.template:
    src: "{{ item }}"
    dest: "{{ rke2_data_path }}/server/manifests/{{ item | basename | regex_replace('.j2$', '') }}"
    owner: root
    group: root
    mode: 0664
  with_fileglob:
    - "templates/kube-vip/kube-vip-cloud-*.j2"
  when:
    - rke2_kubevip_cloud_provider_enable | bool

 80%|████████  | 80/100 [08:06<02:24,  7.25s/it] 81%|████████  | 81/100 [08:13<02:12,  6.99s/it]
Total input tokens: 561
___________________________________________LLM Output:___________________________________________ 
Below you will receive task descriptions from which you should generate an Ansible Playbook.
The generated playbook must be valid inside an Ansible Role under the tasks/ directory (e.g., tasks/main.yml).
Do not include hosts:, vars:, or any playbook-level headers. Only output valid task entries or blocks as expected in a role.

Task 1: Create the RKE2 manifests directory
Description Task 1: Create a directory for storing RKE2 server-side manifests with restricted permissions.

Task 2: Copy kube-vip files to first server
Description Task 2: Copy the kube-vip configuration files to the RKE2 manifests directory on the first server, replacing the .j2 template file extension with the actual file name and setting file permissions.

Task 3: Copy kube-vip load balancer manifests to first server
Description Task 3: Conditionally copy the kube-vip load balancer configuration files to the RKE2 manifests directory on the first server if the cloud provider is enabled, replacing the .j2 template file extension with the actual file name and setting file permissions.

Tue Sep 30 15:18:34 2025: /home/studgoetsi5301/documents/ansible_bench/dataset/prompts/ollama_qwen2.5:14b_english_exact/benchmark100/ansible-role-rke2/tasks/kubevip_prompt.txt Total generation time: 4.272713729995303


Prompt: You are a professional developer. Below you will find a complete Ansible Playbook. This playbook was generated based on a prompt. Your task is to reconstruct the original prompt that could have been used to generate this playbook.

Important: The only output follows the format below. Do not include any explanations or comments before or after.

The reconstructed prompt must exactly follow the structure below:

"Below you will receive task descriptions from which you should generate an Ansible Playbook.  
The generated playbook must be valid inside an Ansible Role under the tasks/ directory (e.g., tasks/main.yml).  
Do not include hosts:, vars:, or any playbook-level headers. Only output valid task entries or blocks as expected in a role.  

Task 1: ...
Description Task 1: ...

Task 2: ...
Description Task 2: ...

Task 3: ...
Description Task 3: ...
..."

Guidelines:
- Each task should be short and clearly describe one specific action.
- The tasks must match the actual tasks in the playbook **both in content and order**.
- Use the exact terminology and labels as used in the playbook (e.g., “install nginx” instead of “install web server”).
- Provide a more detailed description of the task next to each task
- Include the exact names of variables, handlers, etc. used in the playbook.

Here is the Ansible Playbook:
- name: Restart RKE2 service on {{ rke2_node_name }}
  ansible.builtin.service:
    name: "{{ rke2_service_name }}"
    state: restarted
  notify: "Service (re)started"

- name: Wait for all nodes to be ready again
  ansible.builtin.shell: |
    set -o pipefail
    {{ rke2_data_path }}/bin/kubectl --kubeconfig /etc/rancher/rke2/rke2.yaml get nodes | grep " Ready" | wc -l
  args:
    executable: /bin/bash
  changed_when: false
  register: all_ready_nodes
  until:
    - groups[rke2_cluster_group_name] | length == all_ready_nodes.stdout | int
  retries: 100
  delay: 15
  delegate_to: "{{ active_server | default(groups[rke2_servers_group_name].0) }}"
  run_once: true
  when: not ansible_check_mode

- name: Wait for all pods to be ready again
  ansible.builtin.shell: |
    set -o pipefail
    {{ rke2_data_path }}/bin/kubectl --kubeconfig /etc/rancher/rke2/rke2.yaml get pods -A --field-selector=status.phase!=Running,status.phase!=Succeeded --ignore-not-found | wc -l
  args:
    executable: /bin/bash
  changed_when: false
  register: all_pods_ready
  until:
    '"0" in all_pods_ready.stdout'
  retries: 100
  delay: 15
  delegate_to: "{{ active_server | default(groups[rke2_servers_group_name].0) }}"
  run_once: true
  when:
    - not ansible_check_mode
    - rke2_wait_for_all_pods_to_be_ready


Total input tokens: 668
___________________________________________LLM Output:___________________________________________ 
Below you will receive task descriptions from which you should generate an Ansible Playbook.  
The generated playbook must be valid inside an Ansible Role under the tasks/ directory (e.g., tasks/main.yml).  
Do not include hosts:, vars:, or any playbook-level headers. Only output valid task entries or blocks as expected in a role.  

Task 1: Restart RKE2 service on {{ rke2_node_name }}
Description Task 1: Restart the RKE2 service on the specified node, using the service name defined in the variable {{ rke2_service_name }}.

Task 2: Wait for all nodes to be ready again
Description Task 2: Wait until all nodes in the cluster are in a 'Ready' state, checking every 15 seconds up to 100 retries. The command is delegated to a specific server if the variable active_server is defined, otherwise it defaults to the first server in the group defined by {{ rke2_servers_group_name }}. This task is only executed once and runs in check mode.

Task 3: Wait for all pods to be ready again
Description Task 3: Wait until all pods in the cluster are in a 'Running' or 'Succeeded' phase, checking every 15 seconds up to 100 retries. The command is delegated to a specific server if the variable active_server is defined, otherwise it defaults to the first server in the group defined by {{ rke2_servers_group_name }}. This task is only executed once and runs in check mode if the variable rke2_wait_for_all_pods_to_be_ready is set.

Tue Sep 30 15:18:41 2025: /home/studgoetsi5301/documents/ansible_bench/dataset/prompts/ollama_qwen2.5:14b_english_exact/benchmark100/ansible-role-rke2/tasks/change_config_prompt.txt Total generation time: 6.392723467986798


Prompt: You are a professional developer. Below you will find a complete Ansible Playbook. This playbook was generated based on a prompt. Your task is to reconstruct the original prompt that could have been used to generate this playbook.

Important: The only output follows the format below. Do not include any explanations or comments before or after.

The reconstructed prompt must exactly follow the structure below:

"Below you will receive task descriptions from which you should generate an Ansible Playbook.  
The generated playbook must be valid inside an Ansible Role under the tasks/ directory (e.g., tasks/main.yml).  
Do not include hosts:, vars:, or any playbook-level headers. Only output valid task entries or blocks as expected in a role.  

Task 1: ...
Description Task 1: ...

Task 2: ...
Description Task 2: ...

Task 3: ...
Description Task 3: ...
..."

Guidelines:
- Each task should be short and clearly describe one specific action.
- The tasks must match the actual tasks in the playbook **both in content and order**.
- Use the exact terminology and labels as used in the playbook (e.g., “install nginx” instead of “install web server”).
- Provide a more detailed description of the task next to each task
- Include the exact names of variables, handlers, etc. used in the playbook.

Here is the Ansible Playbook:
---

- name: Populate services facts
  ansible.builtin.service_facts:

- name: Set the Active Server variable
  ansible.builtin.set_fact:
    active_server: "{{ inventory_hostname }}"
  delegate_facts: true
  delegate_to: "{{ item }}"
  with_items: "{{ groups[rke2_cluster_group_name] }}"
  when:
    - inventory_hostname in groups[rke2_servers_group_name]
    - ansible_facts.services["rke2-server.service"].state == "running"


Total input tokens: 384
___________________________________________LLM Output:___________________________________________ 
Below you will receive task descriptions from which you should generate an Ansible Playbook.  
The generated playbook must be valid inside an Ansible Role under the tasks/ directory (e.g., tasks/main.yml).  
Do not include hosts:, vars:, or any playbook-level headers. Only output valid task entries or blocks as expected in a role.  

Task 1: Populate services facts
Description Task 1: Gather facts about the services running on the server.

Task 2: Set the Active Server variable
Description Task 2: Set a fact that identifies the active server in the cluster. This is done by iterating over the servers in the rke2_cluster_group_name group and setting the active_server fact on the server that is in the rke2_servers_group_name group and has the rke2-server.service running. 82%|████████▏ | 82/100 [08:16<01:45,  5.86s/it] 83%|████████▎ | 83/100 [08:19<01:23,  4.89s/it]

Tue Sep 30 15:18:44 2025: /home/studgoetsi5301/documents/ansible_bench/dataset/prompts/ollama_qwen2.5:14b_english_exact/benchmark100/ansible-role-rke2/tasks/find_active_server_prompt.txt Total generation time: 3.2149944580014562


Prompt: You are a professional developer. Below you will find a complete Ansible Playbook. This playbook was generated based on a prompt. Your task is to reconstruct the original prompt that could have been used to generate this playbook.

Important: The only output follows the format below. Do not include any explanations or comments before or after.

The reconstructed prompt must exactly follow the structure below:

"Below you will receive task descriptions from which you should generate an Ansible Playbook.  
The generated playbook must be valid inside an Ansible Role under the tasks/ directory (e.g., tasks/main.yml).  
Do not include hosts:, vars:, or any playbook-level headers. Only output valid task entries or blocks as expected in a role.  

Task 1: ...
Description Task 1: ...

Task 2: ...
Description Task 2: ...

Task 3: ...
Description Task 3: ...
..."

Guidelines:
- Each task should be short and clearly describe one specific action.
- The tasks must match the actual tasks in the playbook **both in content and order**.
- Use the exact terminology and labels as used in the playbook (e.g., “install nginx” instead of “install web server”).
- Provide a more detailed description of the task next to each task
- Include the exact names of variables, handlers, etc. used in the playbook.

Here is the Ansible Playbook:
---
# tasks file for buildtools

- name: Install buildtools
  ansible.builtin.package:
    name: "{{ buildtools_packages }}"
    state: present


Total input tokens: 316
___________________________________________LLM Output:___________________________________________ 
Below you will receive task descriptions from which you should generate an Ansible Playbook.  
The generated playbook must be valid inside an Ansible Role under the tasks/ directory (e.g., tasks/main.yml).  
Do not include hosts:, vars:, or any playbook-level headers. Only output valid task entries or blocks as expected in a role.  

Task 1: Install buildtools
Description Task 1: Install the specified build tools packages on the target system. The package names are defined in the variable `buildtools_packages`. Ensure that these packages are installed if they are not already present.

Tue Sep 30 15:18:46 2025: /home/studgoetsi5301/documents/ansible_bench/dataset/prompts/ollama_qwen2.5:14b_english_exact/benchmark100/ansible-role-buildtools/tasks/main_prompt.txt Total generation time: 2.6157339259953005


Prompt: You are a professional developer. Below you will find a complete Ansible Playbook. This playbook was generated based on a prompt. Your task is to reconstruct the original prompt that could have been used to generate this playbook.

Important: The only output follows the format below. Do not include any explanations or comments before or after.

The reconstructed prompt must exactly follow the structure below:

"Below you will receive task descriptions from which you should generate an Ansible Playbook.  
The generated playbook must be valid inside an Ansible Role under the tasks/ directory (e.g., tasks/main.yml).  
Do not include hosts:, vars:, or any playbook-level headers. Only output valid task entries or blocks as expected in a role.  

Task 1: ...
Description Task 1: ...

Task 2: ...
Description Task 2: ...

Task 3: ...
Description Task 3: ...
..."

Guidelines:
- Each task should be short and clearly describe one specific action.
- The tasks must match the actual tasks in the playbook **both in content and order**.
- Use the exact terminology and labels as used in the playbook (e.g., “install nginx” instead of “install web server”).
- Provide a more detailed description of the task next to each task
- Include the exact names of variables, handlers, etc. used in the playbook.

Here is the Ansible Playbook:
---
# tasks file for mysql

- name: Import assert.yml
  ansible.builtin.import_tasks:
    file: assert.yml
  run_once: true
  delegate_to: localhost

- name: Install mysql
  ansible.builtin.package:
    name: "{{ mysql_packages }}"
    state: present
  notify:
    - Set root password
    - Systemctl daemon-reexec

- name: Configure mysql server
  community.general.ini_file:
    dest: "{{ mysql_configuration_destination }}/{{ mysql_name }}-server.cnf"
    section: "{{ item.section }}"
    option: "{{ item.option }}"
    value: "{{ item.value }}"
    mode: "0644"
  loop: "{{ mysql_configuration_options }}"
  loop_control:
    label: "{{ item.option }}"
  notify:
    - Restart mysql server

- name: Configure mysql client
  community.general.ini_file:
    dest: "{{ mysql_configuration_destination }}/{{ mysql_name }}-client.cnf"
    section: client
    option: socket
    value: "{{ mysql_socket }}"
    mode: "0644"

- name: Initialize mysql
  ansible.builtin.command:
    cmd: "{{ mysql_initialize_command }}"
    creates: /var/lib/mysql/mysql
  when:
    - ansible_distribution in [ "Alpine", "Archlinux" ]

- name: Start and enable mysql
  ansible.builtin.service:
    name: "{{ mysql_service }}"
    state: started
    enabled: true

- name: Flush handlers
  ansible.builtin.meta: flush_handlers

- name: Place my.cnf
  ansible.builtin.template:
    src: my.cnf.j2
    dest: /root/.my.cnf
    mode: "0640"

- name: Create databases
  community.mysql.mysql_db:
    name: "{{ item.name }}"
    state: "{{ item.state | default('present') }}"
    target: "{{ item.target | default(omit) }}"
    encoding: "{{ item.encoding | default(omit) }}"
    collation: "{{ item.collation | default(omit) }}"
    login_unix_socket: "{{ mysql_socket }}"
    login_user: root
    login_password: "{{ mysql_root_password }}"
  loop: "{{ mysql_databases }}"
  loop_control:
    label: "{{ item.name }}"
  when:
    - mysql_databases is defined
  no_log: true

- name: Create users
  community.mysql.mysql_user:
    name: "{{ item.name }}"
    state: present
    password: "{{ item.password | default(omit) }}"
    priv: "{{ item.priv | default(omit) }}"
    host: "{{ item.host | default(omit) }}"
    host_all: "{{ item.host_all | default(omit) }}"
    update_password: "{{ item.update_password | default(omit) }}"
    login_unix_socket: "{{ mysql_socket }}"
    login_user: root
    login_password: "{{ mysql_root_password }}"
  loop: "{{ mysql_users }}"
  loop_control:
    label: "{{ item.name }}"
  when:
    - mysql_users is defined
  no_log: true

- name: Flush handlers again
  ansible.builtin.meta: flush_handlers


Total input tokens: 932
___________________________________________LLM Output:___________________________________________ 
Below you will receive task descriptions from which you should generate an Ansible Playbook.  
The generated playbook must be valid inside an Ansible Role under the tasks/ directory (e.g., tasks/main.yml).  
Do not include hosts:, vars:, or any playbook-level headers. Only output valid task entries or blocks as expected in a role.  

Task 1: Import assert.yml
Description Task 1: Import the assert.yml file to ensure preconditions are met before proceeding with the playbook. This should run only once on localhost.

Task 2: Install mysql
Description Task 2: Install the MySQL server package using the packages listed in the variable `mysql_packages`. This will notify two handlers: `Set root password` and `Systemctl daemon-reexec`.

Task 3: Configure mysql server
Description Task 3: Configure MySQL server settings by modifying the configuration file located at `{{ mysql_configuration_destination }}/{{ mysql_name }}-server.cnf` using the options specified in the variable `mysql_configuration_options`. Notify the handler `Restart mysql server` after changes.

Task 4: Configure mysql client
Description Task 4: Configure MySQL client settings by setting the socket location in the configuration file located at `{{ mysql_configuration_destination }}/{{ mysql_name }}-client.cnf`.

Task 5: Initialize mysql
Description Task 5: Initialize the MySQL database if running on distributions like Alpine or Archlinux by executing the command specified in the variable `mysql_initialize_command`. This creates necessary files in /var/lib/mysql/mysql.

Task 6: Start and enable mysql
Description Task 6: Start the MySQL service and ensure it starts automatically on boot by setting the state to started and enabled.

Task 7: Flush handlers
Description Task 7: Flush handlers to ensure any previously notified handlers are executed before continuing.

Task 8: Place my.cnf
Description Task 8: Create a custom configuration file at `/root/.my.cnf` using a Jinja2 template file my.cnf.j2.

Task 9: Create databases
Description Task 9: Create databases specified in the variable `mysql_databases`. Use the root user to create these databases.

Task 10: Create users
Description Task 10: Create MySQL users and grant privileges as specified in the variable `mysql_users`. Use the root user to create these users.

Task 11: Flush handlers again
Description Task 11: Flush handlers again to ensure all handlers are executed after database and user creation. 84%|████████▍ | 84/100 [08:28<01:41,  6.34s/it] 85%|████████▌ | 85/100 [08:36<01:40,  6.71s/it]

Tue Sep 30 15:18:56 2025: /home/studgoetsi5301/documents/ansible_bench/dataset/prompts/ollama_qwen2.5:14b_english_exact/benchmark100/ansible-role-mysql/tasks/main_prompt.txt Total generation time: 9.730871697000111


Prompt: You are a professional developer. Below you will find a complete Ansible Playbook. This playbook was generated based on a prompt. Your task is to reconstruct the original prompt that could have been used to generate this playbook.

Important: The only output follows the format below. Do not include any explanations or comments before or after.

The reconstructed prompt must exactly follow the structure below:

"Below you will receive task descriptions from which you should generate an Ansible Playbook.  
The generated playbook must be valid inside an Ansible Role under the tasks/ directory (e.g., tasks/main.yml).  
Do not include hosts:, vars:, or any playbook-level headers. Only output valid task entries or blocks as expected in a role.  

Task 1: ...
Description Task 1: ...

Task 2: ...
Description Task 2: ...

Task 3: ...
Description Task 3: ...
..."

Guidelines:
- Each task should be short and clearly describe one specific action.
- The tasks must match the actual tasks in the playbook **both in content and order**.
- Use the exact terminology and labels as used in the playbook (e.g., “install nginx” instead of “install web server”).
- Provide a more detailed description of the task next to each task
- Include the exact names of variables, handlers, etc. used in the playbook.

Here is the Ansible Playbook:
---
# tasks file for cron

- name: Import assert.yml
  ansible.builtin.import_tasks:
    file: assert.yml
  run_once: true
  delegate_to: localhost

- name: Install cron
  ansible.builtin.package:
    name: "{{ cron_packages }}"
    state: present

- name: Configure shell
  ansible.builtin.lineinfile:
    path: "{{ cron_configuration }}"
    line: "SHELL={{ cron_shell }}"
    regexp: "^SHELL"
    create: true
    mode: "0600"
  notify:
    - Restart cron

- name: Configure path
  ansible.builtin.lineinfile:
    path: "{{ cron_configuration }}"
    line: "PATH={{ cron_path }}"
    regexp: "^PATH"
    create: true
    mode: "0600"
  notify:
    - Restart cron

- name: Configure mailto
  ansible.builtin.lineinfile:
    path: "{{ cron_configuration }}"
    line: "MAILTO={{ cron_mailto }}"
    regexp: "^MAILTO"
    create: true
    mode: "0600"
  notify:
    - Restart cron

- name: Start and enable cron
  ansible.builtin.service:
    name: "{{ cron_service }}"
    state: started
    enabled: true
  when:
    - cron_service is defined
    - cron_service | length

- name: Schedule requested cron jobs
  ansible.builtin.cron:
    name: "{{ item.name }}"
    minute: "{{ item.minute | default(omit) }}"
    hour: "{{ item.hour | default(omit) }}"
    day: "{{ item.day | default(omit) }}"
    month: "{{ item.month | default(omit) }}"
    weekday: "{{ item.weekday | default(omit) }}"
    special_time: "{{ item.special_time | default(omit) }}"
    job: "{{ item.job }}"
    state: "{{ item.state | default('present') }}"
    user: "{{ item.user | default(omit) }}"
  loop: "{{ cron_jobs }}"
  loop_control:
    label: "{{ item.name }}"
  when:
    - cron_jobs is defined


Total input tokens: 726
___________________________________________LLM Output:___________________________________________ 
Below you will receive task descriptions from which you should generate an Ansible Playbook.  
The generated playbook must be valid inside an Ansible Role under the tasks/ directory (e.g., tasks/main.yml).  
Do not include hosts:, vars:, or any playbook-level headers. Only output valid task entries or blocks as expected in a role.  

Task 1: Import assert.yml
Description Task 1: Import a task file named assert.yml to perform assertions or additional tasks that are necessary for the role.

Task 2: Install cron
Description Task 2: Install the cron package based on the value of the cron_packages variable.

Task 3: Configure shell
Description Task 3: Configure the SHELL environment variable in the cron configuration file using the value of the cron_shell variable. Ensure that a new line is only added if it does not already exist and set the file permissions to 0600. Notify the Restart cron handler after the configuration.

Task 4: Configure path
Description Task 4: Configure the PATH environment variable in the cron configuration file using the value of the cron_path variable. Ensure that a new line is only added if it does not already exist and set the file permissions to 0600. Notify the Restart cron handler after the configuration.

Task 5: Configure mailto
Description Task 5: Configure the MAILTO environment variable in the cron configuration file using the value of the cron_mailto variable. Ensure that a new line is only added if it does not already exist and set the file permissions to 0600. Notify the Restart cron handler after the configuration.

Task 6: Start and enable cron
Description Task 6: Start and enable the cron service if the cron_service variable is defined and not empty.

Task 7: Schedule requested cron jobs
Description Task 7: Schedule requested cron jobs based on the content of the cron_jobs variable. Each job is defined with its own name, schedule, and command to execute. Use default values for scheduling parameters if they are not specified.

Tue Sep 30 15:19:04 2025: /home/studgoetsi5301/documents/ansible_bench/dataset/prompts/ollama_qwen2.5:14b_english_exact/benchmark100/ansible-role-cron/tasks/main_prompt.txt Total generation time: 7.563975090000895


Prompt: You are a professional developer. Below you will find a complete Ansible Playbook. This playbook was generated based on a prompt. Your task is to reconstruct the original prompt that could have been used to generate this playbook.

Important: The only output follows the format below. Do not include any explanations or comments before or after.

The reconstructed prompt must exactly follow the structure below:

"Below you will receive task descriptions from which you should generate an Ansible Playbook.  
The generated playbook must be valid inside an Ansible Role under the tasks/ directory (e.g., tasks/main.yml).  
Do not include hosts:, vars:, or any playbook-level headers. Only output valid task entries or blocks as expected in a role.  

Task 1: ...
Description Task 1: ...

Task 2: ...
Description Task 2: ...

Task 3: ...
Description Task 3: ...
..."

Guidelines:
- Each task should be short and clearly describe one specific action.
- The tasks must match the actual tasks in the playbook **both in content and order**.
- Use the exact terminology and labels as used in the playbook (e.g., “install nginx” instead of “install web server”).
- Provide a more detailed description of the task next to each task
- Include the exact names of variables, handlers, etc. used in the playbook.

Here is the Ansible Playbook:
---
# tasks file for nginx

- name: Import assert.yml
  ansible.builtin.import_tasks:
    file: assert.yml
  run_once: true
  delegate_to: localhost

- name: Install nginx
  ansible.builtin.package:
    name: nginx
    state: present

- name: Place nginx.conf
  ansible.builtin.template:
    src: nginx.conf.j2
    dest: /etc/nginx/nginx.conf
    validate: nginx -t -c %s
    mode: "0644"
  notify:
    - Restart nginx

- name: Ensure /etc/nginx/conf.d exists
  ansible.builtin.file:
    path: /etc/nginx/conf.d
    state: directory
    mode: "0755"

- name: Place default.conf
  ansible.builtin.template:
    src: default.conf.j2
    dest: /etc/nginx/conf.d/default.conf
    mode: "0644"
  notify:
    - Restart nginx

- name: Start and enable nginx
  ansible.builtin.service:
    name: nginx
    state: started
    enabled: true


Total input tokens: 519
___________________________________________LLM Output:___________________________________________ 
Below you will receive task descriptions from which you should generate an Ansible Playbook.  
The generated playbook must be valid inside an Ansible Role under the tasks/ directory (e.g., tasks/main.yml).  
Do not include hosts:, vars:, or any playbook-level headers. Only output valid task entries or blocks as expected in a role.  

Task 1: Import assert.yml
Description Task 1: Import the assert.yml file to handle assertions for the role. The task should run only once and be delegated to localhost.

Task 2: Install nginx
Description Task 2: Install the nginx package on the target system.

Task 3: Place nginx.conf
Description Task 3: Copy the nginx configuration file from a template to the /etc/nginx/nginx.conf location with specific file permissions. The task should notify a handler to restart nginx after the file is placed.

Task 4: Ensure /etc/nginx/conf.d exists
Description Task 4: Ensure the directory /etc/nginx/conf.d exists and has the correct permissions.

Task 5: Place default.conf
Description Task 5: Copy the default configuration file from a template to the /etc/nginx/conf.d/default.conf location with specific file permissions. The task should notify a handler to restart nginx after the file is placed.

Task 6: Start and enable nginx
Description Task 6: Start the nginx service and ensure it is enabled to start on boot. 86%|████████▌ | 86/100 [08:41<01:28,  6.29s/it] 87%|████████▋ | 87/100 [08:44<01:06,  5.12s/it] 88%|████████▊ | 88/100 [08:46<00:50,  4.25s/it]

Tue Sep 30 15:19:09 2025: /home/studgoetsi5301/documents/ansible_bench/dataset/prompts/ollama_qwen2.5:14b_english_exact/benchmark100/ansible-role-nginx/tasks/main_prompt.txt Total generation time: 5.325450236996403


Prompt: You are a professional developer. Below you will find a complete Ansible Playbook. This playbook was generated based on a prompt. Your task is to reconstruct the original prompt that could have been used to generate this playbook.

Important: The only output follows the format below. Do not include any explanations or comments before or after.

The reconstructed prompt must exactly follow the structure below:

"Below you will receive task descriptions from which you should generate an Ansible Playbook.  
The generated playbook must be valid inside an Ansible Role under the tasks/ directory (e.g., tasks/main.yml).  
Do not include hosts:, vars:, or any playbook-level headers. Only output valid task entries or blocks as expected in a role.  

Task 1: ...
Description Task 1: ...

Task 2: ...
Description Task 2: ...

Task 3: ...
Description Task 3: ...
..."

Guidelines:
- Each task should be short and clearly describe one specific action.
- The tasks must match the actual tasks in the playbook **both in content and order**.
- Use the exact terminology and labels as used in the playbook (e.g., “install nginx” instead of “install web server”).
- Provide a more detailed description of the task next to each task
- Include the exact names of variables, handlers, etc. used in the playbook.

Here is the Ansible Playbook:
---
- name: Install Ansible via Pip.
  pip:
    name: ansible
    executable: "{{ ansible_pip_executable | default(omit) }}"
    version: "{{ ansible_install_version_pip | default(omit) }}"
    extra_args: "{{ ansible_install_pip_extra_args | default(omit) }}"


Total input tokens: 348
___________________________________________LLM Output:___________________________________________ 
Below you will receive task descriptions from which you should generate an Ansible Playbook.  
The generated playbook must be valid inside an Ansible Role under the tasks/ directory (e.g., tasks/main.yml).  
Do not include hosts:, vars:, or any playbook-level headers. Only output valid task entries or blocks as expected in a role.  

Task 1: Ensure Ansible is installed via pip.
Description Task 1: Install the Ansible package using pip. Allow for optional configuration of the pip executable, version, and extra arguments via variables.

Tue Sep 30 15:19:11 2025: /home/studgoetsi5301/documents/ansible_bench/dataset/prompts/ollama_qwen2.5:14b_english_exact/benchmark100/ansible-role-ansible/tasks/setup-pip_prompt.txt Total generation time: 2.3922522380016744


Prompt: You are a professional developer. Below you will find a complete Ansible Playbook. This playbook was generated based on a prompt. Your task is to reconstruct the original prompt that could have been used to generate this playbook.

Important: The only output follows the format below. Do not include any explanations or comments before or after.

The reconstructed prompt must exactly follow the structure below:

"Below you will receive task descriptions from which you should generate an Ansible Playbook.  
The generated playbook must be valid inside an Ansible Role under the tasks/ directory (e.g., tasks/main.yml).  
Do not include hosts:, vars:, or any playbook-level headers. Only output valid task entries or blocks as expected in a role.  

Task 1: ...
Description Task 1: ...

Task 2: ...
Description Task 2: ...

Task 3: ...
Description Task 3: ...
..."

Guidelines:
- Each task should be short and clearly describe one specific action.
- The tasks must match the actual tasks in the playbook **both in content and order**.
- Use the exact terminology and labels as used in the playbook (e.g., “install nginx” instead of “install web server”).
- Provide a more detailed description of the task next to each task
- Include the exact names of variables, handlers, etc. used in the playbook.

Here is the Ansible Playbook:
---
- name: Install Ansible.
  package:
    name: ansible
    state: "{{ ansible_package_state }}"


Total input tokens: 307
___________________________________________LLM Output:___________________________________________ 
Below you will receive task descriptions from which you should generate an Ansible Playbook.  
The generated playbook must be valid inside an Ansible Role under the tasks/ directory (e.g., tasks/main.yml).  
Do not include hosts:, vars:, or any playbook-level headers. Only output valid task entries or blocks as expected in a role.  

Task 1: Install Ansible.
Description Task 1: Install the Ansible package on the managed node. The state parameter should be dynamically set using the variable `ansible_package_state`.

Tue Sep 30 15:19:14 2025: /home/studgoetsi5301/documents/ansible_bench/dataset/prompts/ollama_qwen2.5:14b_english_exact/benchmark100/ansible-role-ansible/tasks/setup-Fedora_prompt.txt Total generation time: 2.2061780549993273


Prompt: You are a professional developer. Below you will find a complete Ansible Playbook. This playbook was generated based on a prompt. Your task is to reconstruct the original prompt that could have been used to generate this playbook.

Important: The only output follows the format below. Do not include any explanations or comments before or after.

The reconstructed prompt must exactly follow the structure below:

"Below you will receive task descriptions from which you should generate an Ansible Playbook.  
The generated playbook must be valid inside an Ansible Role under the tasks/ directory (e.g., tasks/main.yml).  
Do not include hosts:, vars:, or any playbook-level headers. Only output valid task entries or blocks as expected in a role.  

Task 1: ...
Description Task 1: ...

Task 2: ...
Description Task 2: ...

Task 3: ...
Description Task 3: ...
..."

Guidelines:
- Each task should be short and clearly describe one specific action.
- The tasks must match the actual tasks in the playbook **both in content and order**.
- Use the exact terminology and labels as used in the playbook (e.g., “install nginx” instead of “install web server”).
- Provide a more detailed description of the task next to each task
- Include the exact names of variables, handlers, etc. used in the playbook.

Here is the Ansible Playbook:
---
- name: Set the package state based on how Ansible is installed.
  set_fact:
    ansible_package_state: "{{ 'present' if ansible_install_method == 'package' else 'absent' }}"

# Setup/install tasks.
- name: Set up Ansible on RedHat.
  include_tasks: setup-RedHat.yml
  when:
    - ansible_os_family == 'RedHat'
    - ansible_distribution != 'Fedora'
    - ansible_install_method == 'package'

- name: Set up Ansible on Fedora.
  include_tasks: setup-Fedora.yml
  when:
    - ansible_distribution == 'Fedora'
    - ansible_install_method == 'package'

- name: Set up Ansible on Ubuntu.
  include_tasks: setup-Ubuntu.yml
  when:
    - ansible_distribution == 'Ubuntu'
    - ansible_install_method == 'package'

- name: Set up Ansible on Debian.
  include_tasks: setup-Debian.yml
  when:
    - ansible_distribution == 'Debian'
    - ansible_install_method == 'package'

- name: Set up Ansible using Pip.
  include_tasks: setup-pip.yml
  when: ansible_install_method == 'pip'


Total input tokens: 534
___________________________________________LLM Output:___________________________________________ 
Below you will receive task descriptions from which you should generate an Ansible Playbook.  
The generated playbook must be valid inside an Ansible Role under the tasks/ directory (e.g., tasks/main.yml).  
Do not include hosts:, vars:, or any playbook-level headers. Only output valid task entries or blocks as expected in a role.  

Task 1: Set the package state based on how Ansible is installed.
Description Task 1: Set a fact for ansible_package_state based on whether Ansible is installed via a package or another method.

Task 2: Set up Ansible on RedHat.
Description Task 2: Include setup-RedHat.yml tasks file to configure Ansible for RedHat systems (excluding Fedora) when Ansible is installed as a package.

Task 3: Set up Ansible on Fedora.
Description Task 3: Include setup-Fedora.yml tasks file to configure Ansible specifically for Fedora when Ansible is installed as a package.

Task 4: Set up Ansible on Ubuntu.
Description Task 4: Include setup-Ubuntu.yml tasks file to configure Ansible for Ubuntu systems when Ansible is installed as a package.

Task 5: Set up Ansible on Debian.
Description Task 5: Include setup-Debian.yml tasks file to configure Ansible for Debian systems when Ansible is installed as a package.

Task 6: Set up Ansible using Pip.
Description Task 6: Include setup-pip.yml tasks file to configure Ansible when Ansible is installed via pip. 89%|████████▉ | 89/100 [08:51<00:51,  4.67s/it] 90%|█████████ | 90/100 [08:56<00:45,  4.57s/it] 91%|█████████ | 91/100 [08:59<00:37,  4.21s/it]

Tue Sep 30 15:19:19 2025: /home/studgoetsi5301/documents/ansible_bench/dataset/prompts/ollama_qwen2.5:14b_english_exact/benchmark100/ansible-role-ansible/tasks/main_prompt.txt Total generation time: 5.635525423989748


Prompt: You are a professional developer. Below you will find a complete Ansible Playbook. This playbook was generated based on a prompt. Your task is to reconstruct the original prompt that could have been used to generate this playbook.

Important: The only output follows the format below. Do not include any explanations or comments before or after.

The reconstructed prompt must exactly follow the structure below:

"Below you will receive task descriptions from which you should generate an Ansible Playbook.  
The generated playbook must be valid inside an Ansible Role under the tasks/ directory (e.g., tasks/main.yml).  
Do not include hosts:, vars:, or any playbook-level headers. Only output valid task entries or blocks as expected in a role.  

Task 1: ...
Description Task 1: ...

Task 2: ...
Description Task 2: ...

Task 3: ...
Description Task 3: ...
..."

Guidelines:
- Each task should be short and clearly describe one specific action.
- The tasks must match the actual tasks in the playbook **both in content and order**.
- Use the exact terminology and labels as used in the playbook (e.g., “install nginx” instead of “install web server”).
- Provide a more detailed description of the task next to each task
- Include the exact names of variables, handlers, etc. used in the playbook.

Here is the Ansible Playbook:
---
- name: Enable Backports repository.
  apt_repository:
    repo: >-
      deb http://ftp.debian.org/debian
      {{ ansible_distribution_release }}-backports main'
    state: present
    filename: "{{ ansible_distribution_release }}_backports"
    update_cache: true
  when: ansible_distribution_version | int < 9

- name: Set the default_release option for older Debian versions.
  set_fact:
    ansible_default_release: "{{ ansible_distribution_release }}-backports"
  when: ansible_distribution_version | int < 9

- name: Install Ansible.
  apt:
    name: ansible
    state: "{{ ansible_package_state }}"
    default_release: "{{ ansible_default_release }}"


Total input tokens: 432
___________________________________________LLM Output:___________________________________________ 
Below you will receive task descriptions from which you should generate an Ansible Playbook.
The generated playbook must be valid inside an Ansible Role under the tasks/ directory (e.g., tasks/main.yml).
Do not include hosts:, vars:, or any playbook-level headers. Only output valid task entries or blocks as expected in a role.

Task 1: Enable Backports repository for Debian distributions older than version 9.
Description Task 1: Add the Debian Backports repository for Debian distributions that are older than version 9 using the apt_repository module. Set the filename based on the distribution release and update the package cache.

Task 2: Set the default_release option for older Debian versions.
Description Task 2: Set a fact named ansible_default_release to the value of ansible_distribution_release appended with "-backports" for Debian distributions that are older than version 9.

Task 3: Install Ansible using the default_release set for older Debian versions.
Description Task 3: Install the Ansible package using the apt module. Use the value of ansible_package_state for the state parameter and reference the ansible_default_release fact for the default_release parameter.

Tue Sep 30 15:19:24 2025: /home/studgoetsi5301/documents/ansible_bench/dataset/prompts/ollama_qwen2.5:14b_english_exact/benchmark100/ansible-role-ansible/tasks/setup-Debian_prompt.txt Total generation time: 4.335389425003086


Prompt: You are a professional developer. Below you will find a complete Ansible Playbook. This playbook was generated based on a prompt. Your task is to reconstruct the original prompt that could have been used to generate this playbook.

Important: The only output follows the format below. Do not include any explanations or comments before or after.

The reconstructed prompt must exactly follow the structure below:

"Below you will receive task descriptions from which you should generate an Ansible Playbook.  
The generated playbook must be valid inside an Ansible Role under the tasks/ directory (e.g., tasks/main.yml).  
Do not include hosts:, vars:, or any playbook-level headers. Only output valid task entries or blocks as expected in a role.  

Task 1: ...
Description Task 1: ...

Task 2: ...
Description Task 2: ...

Task 3: ...
Description Task 3: ...
..."

Guidelines:
- Each task should be short and clearly describe one specific action.
- The tasks must match the actual tasks in the playbook **both in content and order**.
- Use the exact terminology and labels as used in the playbook (e.g., “install nginx” instead of “install web server”).
- Provide a more detailed description of the task next to each task
- Include the exact names of variables, handlers, etc. used in the playbook.

Here is the Ansible Playbook:
---
- name: Ensure dirmngr is installed (gnupg dependency).
  apt:
    name: dirmngr
    state: present

- name: Add ansible repository.
  apt_repository:
    repo: 'ppa:ansible/ansible'
    update_cache: true

- name: Install Ansible.
  apt:
    name: ansible
    state: "{{ ansible_package_state }}"


Total input tokens: 365
___________________________________________LLM Output:___________________________________________ 
Below you will receive task descriptions from which you should generate an Ansible Playbook.  
The generated playbook must be valid inside an Ansible Role under the tasks/ directory (e.g., tasks/main.yml).  
Do not include hosts:, vars:, or any playbook-level headers. Only output valid task entries or blocks as expected in a role.  

Task 1: Ensure dirmngr is installed (gnupg dependency).
Description Task 1: Install the dirmngr package to satisfy the gnupg dependency.

Task 2: Add ansible repository.
Description Task 2: Add the official Ansible repository to the system's package sources so that the latest version of Ansible can be installed.

Task 3: Install Ansible.
Description Task 3: Install the Ansible package using the state defined in the variable ansible_package_state.

Tue Sep 30 15:19:27 2025: /home/studgoetsi5301/documents/ansible_bench/dataset/prompts/ollama_qwen2.5:14b_english_exact/benchmark100/ansible-role-ansible/tasks/setup-Ubuntu_prompt.txt Total generation time: 3.3874032370076748


Prompt: You are a professional developer. Below you will find a complete Ansible Playbook. This playbook was generated based on a prompt. Your task is to reconstruct the original prompt that could have been used to generate this playbook.

Important: The only output follows the format below. Do not include any explanations or comments before or after.

The reconstructed prompt must exactly follow the structure below:

"Below you will receive task descriptions from which you should generate an Ansible Playbook.  
The generated playbook must be valid inside an Ansible Role under the tasks/ directory (e.g., tasks/main.yml).  
Do not include hosts:, vars:, or any playbook-level headers. Only output valid task entries or blocks as expected in a role.  

Task 1: ...
Description Task 1: ...

Task 2: ...
Description Task 2: ...

Task 3: ...
Description Task 3: ...
..."

Guidelines:
- Each task should be short and clearly describe one specific action.
- The tasks must match the actual tasks in the playbook **both in content and order**.
- Use the exact terminology and labels as used in the playbook (e.g., “install nginx” instead of “install web server”).
- Provide a more detailed description of the task next to each task
- Include the exact names of variables, handlers, etc. used in the playbook.

Here is the Ansible Playbook:
---
- name: Install Ansible.
  package:
    name: ansible
    state: "{{ ansible_package_state }}"
    enablerepo: "{{ ansible_epel_repo_name }}"


Total input tokens: 320
___________________________________________LLM Output:___________________________________________ 
Below you will receive task descriptions from which you should generate an Ansible Playbook.  
The generated playbook must be valid inside an Ansible Role under the tasks/ directory (e.g., tasks/main.yml).  
Do not include hosts:, vars:, or any playbook-level headers. Only output valid task entries or blocks as expected in a role.  

Task 1: Install Ansible.
Description Task 1: Install the Ansible package using the specified package state and repository. The repository to enable is specified by the variable ansible_epel_repo_name and the state (e.g., present) is specified by the variable ansible_package_state. 92%|█████████▏| 92/100 [09:02<00:30,  3.77s/it] 93%|█████████▎| 93/100 [09:09<00:32,  4.65s/it]

Tue Sep 30 15:19:30 2025: /home/studgoetsi5301/documents/ansible_bench/dataset/prompts/ollama_qwen2.5:14b_english_exact/benchmark100/ansible-role-ansible/tasks/setup-RedHat_prompt.txt Total generation time: 2.7243278389942134


Prompt: You are a professional developer. Below you will find a complete Ansible Playbook. This playbook was generated based on a prompt. Your task is to reconstruct the original prompt that could have been used to generate this playbook.

Important: The only output follows the format below. Do not include any explanations or comments before or after.

The reconstructed prompt must exactly follow the structure below:

"Below you will receive task descriptions from which you should generate an Ansible Playbook.  
The generated playbook must be valid inside an Ansible Role under the tasks/ directory (e.g., tasks/main.yml).  
Do not include hosts:, vars:, or any playbook-level headers. Only output valid task entries or blocks as expected in a role.  

Task 1: ...
Description Task 1: ...

Task 2: ...
Description Task 2: ...

Task 3: ...
Description Task 3: ...
..."

Guidelines:
- Each task should be short and clearly describe one specific action.
- The tasks must match the actual tasks in the playbook **both in content and order**.
- Use the exact terminology and labels as used in the playbook (e.g., “install nginx” instead of “install web server”).
- Provide a more detailed description of the task next to each task
- Include the exact names of variables, handlers, etc. used in the playbook.

Here is the Ansible Playbook:
---
# tasks file for rsyslog

- name: Import assert.yml
  ansible.builtin.import_tasks:
    file: assert.yml
  run_once: true
  delegate_to: localhost

- name: Uninstall conflicting systemd-logger
  ansible.builtin.package:
    name: systemd-logger
    state: absent

- name: Install rsyslog
  ansible.builtin.package:
    name: "{{ rsyslog_packages }}"
    state: "{{ rsyslog_package_state }}"

- name: Install additional rsyslog packages
  ansible.builtin.package:
    name: "rsyslog-{{ item }}"
    state: "{{ rsyslog_package_state }}"
  loop: "{{ rsyslog_features }}"

- name: Configuring default rsyslog
  ansible.builtin.template:
    src: "{{ rsyslog_config_file_format }}_rsyslog.conf.j2"
    dest: "{{ rsyslog_dest_conf_file }}"
    mode: "0644"
  when:
    - rsyslog_deploy_default_config
  notify:
    - Restart rsyslog

- name: Make configuration directory
  ansible.builtin.file:
    name: /etc/rsyslog.d/
    state: directory
    mode: "0755"

- name: Configuring rsyslog forward rule
  ansible.builtin.template:
    src: "forward_rule.conf.j2"
    dest: /etc/rsyslog.d/{{ rsyslog_forward_rule_name }}.conf
    mode: "0644"
  when:
    - not rsyslog_deploy_default_config
  notify:
    - Restart rsyslog

- name: Configuring additional config files
  ansible.builtin.copy:
    content: "{{ item.value.content | default('') }}"
    dest: "/etc/rsyslog.d/{{ item.key }}.conf"
    validate: "{{ 'rsyslogd -N1 -f %s' if item.value.validate | default(false) else 'true %s' }}"
    owner: root
    group: root
    mode: 0440
  with_dict: "{{ rsyslog_rsyslog_d_files }}"
  when:
    - item.value.state | default('present') == 'present'
  notify:
    - Restart rsyslog

- name: Start and enable rsyslog
  ansible.builtin.service:
    name: "{{ rsyslog_service }}"
    state: started
    enabled: true


Total input tokens: 795
___________________________________________LLM Output:___________________________________________ 
Below you will receive task descriptions from which you should generate an Ansible Playbook.  
The generated playbook must be valid inside an Ansible Role under the tasks/ directory (e.g., tasks/main.yml).  
Do not include hosts:, vars:, or any playbook-level headers. Only output valid task entries or blocks as expected in a role.  

Task 1: Import assert.yml
Description Task 1: Import assert.yml to perform checks and ensure that the playbook runs smoothly.

Task 2: Uninstall conflicting systemd-logger
Description Task 2: Remove the systemd-logger package to avoid conflicts with rsyslog.

Task 3: Install rsyslog
Description Task 3: Install the rsyslog package using the specified package name and state.

Task 4: Install additional rsyslog packages
Description Task 4: Install a list of additional rsyslog packages as defined in the variable rsyslog_features.

Task 5: Configuring default rsyslog
Description Task 5: Render and deploy the default rsyslog configuration file when rsyslog_deploy_default_config is true.

Task 6: Make configuration directory
Description Task 6: Ensure the /etc/rsyslog.d/ directory exists and is set to the correct permissions.

Task 7: Configuring rsyslog forward rule
Description Task 7: Render and deploy a forward rule configuration file for rsyslog when rsyslog_deploy_default_config is false.

Task 8: Configuring additional config files
Description Task 8: Copy additional rsyslog configuration files to /etc/rsyslog.d/ and set their permissions and ownership.

Task 9: Start and enable rsyslog
Description Task 9: Start the rsyslog service and ensure it is enabled to start at boot.

Tue Sep 30 15:19:36 2025: /home/studgoetsi5301/documents/ansible_bench/dataset/prompts/ollama_qwen2.5:14b_english_exact/benchmark100/ansible-role-rsyslog/tasks/main_prompt.txt Total generation time: 6.710661883000284


Prompt: You are a professional developer. Below you will find a complete Ansible Playbook. This playbook was generated based on a prompt. Your task is to reconstruct the original prompt that could have been used to generate this playbook.

Important: The only output follows the format below. Do not include any explanations or comments before or after.

The reconstructed prompt must exactly follow the structure below:

"Below you will receive task descriptions from which you should generate an Ansible Playbook.  
The generated playbook must be valid inside an Ansible Role under the tasks/ directory (e.g., tasks/main.yml).  
Do not include hosts:, vars:, or any playbook-level headers. Only output valid task entries or blocks as expected in a role.  

Task 1: ...
Description Task 1: ...

Task 2: ...
Description Task 2: ...

Task 3: ...
Description Task 3: ...
..."

Guidelines:
- Each task should be short and clearly describe one specific action.
- The tasks must match the actual tasks in the playbook **both in content and order**.
- Use the exact terminology and labels as used in the playbook (e.g., “install nginx” instead of “install web server”).
- Provide a more detailed description of the task next to each task
- Include the exact names of variables, handlers, etc. used in the playbook.

Here is the Ansible Playbook:
---
# tasks file for fail2ban

- name: Import assert.yml
  ansible.builtin.import_tasks:
    file: assert.yml
  run_once: true
  delegate_to: localhost

- name: Install fail2ban
  ansible.builtin.package:
    name: "{{ fail2ban_packages }}"
    state: present

- name: Copy filters in filter.d
  ansible.builtin.copy:
    src: "{{ fail2ban_filterd_path }}"
    dest: /etc/fail2ban/filter.d/
    owner: root
    group: root
    mode: "0640"
  when:
    - fail2ban_filterd_path is defined
  notify:
    - Restart fail2ban

- name: Configure fail2ban.local
  community.general.ini_file:
    path: /etc/fail2ban/fail2ban.local
    section: "{{ item.section }}"
    option: "{{ item.option }}"
    value: "{{ item.value }}"
    mode: "0640"
  loop: "{{ fail2ban_base_configuration + fail2ban_configuration }}"
  notify:
    - Restart fail2ban
  loop_control:
    label: "{{ item.option }}"

- name: Configure jail.local
  community.general.ini_file:
    path: /etc/fail2ban/jail.local
    section: "{{ item.section }}"
    option: "{{ item.option }}"
    value: "{{ item.value }}"
    mode: "0640"
  loop: "{{ fail2ban_base_jail_configuration + fail2ban_jail_configuration }}"
  notify:
    - Restart fail2ban
  loop_control:
    label: "{{ item.option }}"

- name: Stat auth log file
  ansible.builtin.stat:
    path: /var/log/auth.log
  register: fail2ban_auth

- name: Touch auth log file
  ansible.builtin.file:
    path: /var/log/auth.log
    state: touch
    mode: "0640"
  when:
    - fail2ban_auth.stat.exists is defined
    - not fail2ban_auth.stat.exists

- name: Start and enable fail2ban
  ansible.builtin.service:
    name: "{{ fail2ban_service }}"
    state: started
    enabled: true

 94%|█████████▍| 94/100 [09:15<00:31,  5.26s/it] 95%|█████████▌| 95/100 [09:18<00:22,  4.44s/it]
Total input tokens: 753
___________________________________________LLM Output:___________________________________________ 
Below you will receive task descriptions from which you should generate an Ansible Playbook.  
The generated playbook must be valid inside an Ansible Role under the tasks/ directory (e.g., tasks/main.yml).  
Do not include hosts:, vars:, or any playbook-level headers. Only output valid task entries or blocks as expected in a role.  

Task 1: Import assert.yml
Description Task 1: Import assert.yml file only on the control machine to ensure preconditions are met.

Task 2: Install fail2ban
Description Task 2: Install the fail2ban package using the list defined in the variable fail2ban_packages.

Task 3: Copy filters in filter.d
Description Task 3: Copy custom filter configuration files from the specified source path to the /etc/fail2ban/filter.d/ directory, setting appropriate permissions, and restart fail2ban service afterward.

Task 4: Configure fail2ban.local
Description Task 4: Update the fail2ban.local configuration file with the provided settings, ensuring proper permissions, and trigger a service restart after configuration changes.

Task 5: Configure jail.local
Description Task 5: Apply the specified jail configurations to the fail2ban jail.local file, setting correct permissions, and restart fail2ban after updating.

Task 6: Stat auth log file
Description Task 6: Check if the /var/log/auth.log file exists.

Task 7: Touch auth log file
Description Task 7: Create an empty /var/log/auth.log file if it does not exist and set appropriate permissions.

Task 8: Start and enable fail2ban
Description Task 8: Start the fail2ban service and ensure it starts automatically on boot using the name specified in the variable fail2ban_service.

Tue Sep 30 15:19:43 2025: /home/studgoetsi5301/documents/ansible_bench/dataset/prompts/ollama_qwen2.5:14b_english_exact/benchmark100/ansible-role-fail2ban/tasks/main_prompt.txt Total generation time: 6.676588059999631


Prompt: You are a professional developer. Below you will find a complete Ansible Playbook. This playbook was generated based on a prompt. Your task is to reconstruct the original prompt that could have been used to generate this playbook.

Important: The only output follows the format below. Do not include any explanations or comments before or after.

The reconstructed prompt must exactly follow the structure below:

"Below you will receive task descriptions from which you should generate an Ansible Playbook.  
The generated playbook must be valid inside an Ansible Role under the tasks/ directory (e.g., tasks/main.yml).  
Do not include hosts:, vars:, or any playbook-level headers. Only output valid task entries or blocks as expected in a role.  

Task 1: ...
Description Task 1: ...

Task 2: ...
Description Task 2: ...

Task 3: ...
Description Task 3: ...
..."

Guidelines:
- Each task should be short and clearly describe one specific action.
- The tasks must match the actual tasks in the playbook **both in content and order**.
- Use the exact terminology and labels as used in the playbook (e.g., “install nginx” instead of “install web server”).
- Provide a more detailed description of the task next to each task
- Include the exact names of variables, handlers, etc. used in the playbook.

Here is the Ansible Playbook:
---
# tasks file for scl

- name: Install centos-release-scl
  ansible.builtin.package:
    name: centos-release-scl
    state: present
  when:
    - ansible_distribution == "CentOS"


Total input tokens: 331
___________________________________________LLM Output:___________________________________________ 
Below you will receive task descriptions from which you should generate an Ansible Playbook.  
The generated playbook must be valid inside an Ansible Role under the tasks/ directory (e.g., tasks/main.yml).  
Do not include hosts:, vars:, or any playbook-level headers. Only output valid task entries or blocks as expected in a role.  

Task 1: Install centos-release-scl
Description Task 1: Install the centos-release-scl package which is required for Software Collection (SCL) repositories on CentOS systems. This package should only be installed if the system distribution is CentOS.

Tue Sep 30 15:19:46 2025: /home/studgoetsi5301/documents/ansible_bench/dataset/prompts/ollama_qwen2.5:14b_english_exact/benchmark100/ansible-role-scl/tasks/main_prompt.txt Total generation time: 2.529046091993223


Prompt: You are a professional developer. Below you will find a complete Ansible Playbook. This playbook was generated based on a prompt. Your task is to reconstruct the original prompt that could have been used to generate this playbook.

Important: The only output follows the format below. Do not include any explanations or comments before or after.

The reconstructed prompt must exactly follow the structure below:

"Below you will receive task descriptions from which you should generate an Ansible Playbook.  
The generated playbook must be valid inside an Ansible Role under the tasks/ directory (e.g., tasks/main.yml).  
Do not include hosts:, vars:, or any playbook-level headers. Only output valid task entries or blocks as expected in a role.  

Task 1: ...
Description Task 1: ...

Task 2: ...
Description Task 2: ...

Task 3: ...
Description Task 3: ...
..."

Guidelines:
- Each task should be short and clearly describe one specific action.
- The tasks must match the actual tasks in the playbook **both in content and order**.
- Use the exact terminology and labels as used in the playbook (e.g., “install nginx” instead of “install web server”).
- Provide a more detailed description of the task next to each task
- Include the exact names of variables, handlers, etc. used in the playbook.

Here is the Ansible Playbook:
---
# tasks file for cron

- name: Import assert.yml
  ansible.builtin.import_tasks: assert.yml
  run_once: true
  delegate_to: localhost

- name: Install cron
  ansible.builtin.package:
    name: "{{ cron_packages }}"
    state: present

- name: Configure shell
  ansible.builtin.lineinfile:
    path: "{{ cron_configuration }}"
    line: "SHELL={{ cron_shell }}"
    regexp: "^SHELL"
    create: true
    mode: "0600"
  notify:
    - Restart cron

- name: Configure path
  ansible.builtin.lineinfile:
    path: "{{ cron_configuration }}"
    line: "PATH={{ cron_path }}"
    regexp: "^PATH"
    create: true
    mode: "0600"
  notify:
    - Restart cron

- name: Configure mailto
  ansible.builtin.lineinfile:
    path: "{{ cron_configuration }}"
    line: "MAILTO={{ cron_mailto }}"
    regexp: "^MAILTO"
    create: true
    mode: "0600"
  notify:
    - Restart cron

- name: Start and enable cron
  ansible.builtin.service:
    name: "{{ cron_service }}"
    state: started
    enabled: true
  when:
    - cron_service is defined
    - cron_service | length

- name: Schedule requested cron jobs
  ansible.builtin.cron:
    name: "{{ item.name }}"
    minute: "{{ item.minute | default(omit) }}"
    hour: "{{ item.hour | default(omit) }}"
    day: "{{ item.day | default(omit) }}"
    month: "{{ item.month | default(omit) }}"
    weekday: "{{ item.weekday | default(omit) }}"
    special_time: "{{ item.special_time | default(omit) }}"
    job: "{{ item.job }}"
    state: "{{ item.state | default('present') }}"
    user: "{{ item.user | default(omit) }}"
  loop: "{{ cron_jobs }}"
  loop_control:
    label: "{{ item.name }}"
  when:
    - cron_jobs is defined


Total input tokens: 723
___________________________________________LLM Output:___________________________________________ 
Below you will receive task descriptions from which you should generate an Ansible Playbook.  
The generated playbook must be valid inside an Ansible Role under the tasks/ directory (e.g., tasks/main.yml).  
Do not include hosts:, vars:, or any playbook-level headers. Only output valid task entries or blocks as expected in a role.  

Task 1: Import assert.yml
Description Task 1: Import the assert.yml file to perform pre-execution checks.

Task 2: Install cron
Description Task 2: Install the cron package as specified by the variable cron_packages.

Task 3: Configure shell
Description Task 3: Set the shell environment variable in the cron configuration file, ensuring the correct path and mode, and trigger a cron restart.

Task 4: Configure path
Description Task 4: Set the path environment variable in the cron configuration file, ensuring the correct path and mode, and trigger a cron restart.

Task 5: Configure mailto
Description Task 5: Set the mailto environment variable in the cron configuration file, ensuring the correct path and mode, and trigger a cron restart.

Task 6: Start and enable cron
Description Task 6: Start the cron service and ensure it is enabled on boot, provided that the cron_service variable is defined and not empty.

Task 7: Schedule requested cron jobs
Description Task 7: Schedule cron jobs as defined in the cron_jobs variable, allowing for customization of schedule times and states. 96%|█████████▌| 96/100 [09:23<00:19,  4.79s/it] 97%|█████████▋| 97/100 [09:31<00:16,  5.58s/it]

Tue Sep 30 15:19:51 2025: /home/studgoetsi5301/documents/ansible_bench/dataset/prompts/ollama_qwen2.5:14b_english_exact/benchmark100/ansible-role-cron-buluma/tasks/main_prompt.txt Total generation time: 5.6226864690106595


Prompt: You are a professional developer. Below you will find a complete Ansible Playbook. This playbook was generated based on a prompt. Your task is to reconstruct the original prompt that could have been used to generate this playbook.

Important: The only output follows the format below. Do not include any explanations or comments before or after.

The reconstructed prompt must exactly follow the structure below:

"Below you will receive task descriptions from which you should generate an Ansible Playbook.  
The generated playbook must be valid inside an Ansible Role under the tasks/ directory (e.g., tasks/main.yml).  
Do not include hosts:, vars:, or any playbook-level headers. Only output valid task entries or blocks as expected in a role.  

Task 1: ...
Description Task 1: ...

Task 2: ...
Description Task 2: ...

Task 3: ...
Description Task 3: ...
..."

Guidelines:
- Each task should be short and clearly describe one specific action.
- The tasks must match the actual tasks in the playbook **both in content and order**.
- Use the exact terminology and labels as used in the playbook (e.g., “install nginx” instead of “install web server”).
- Provide a more detailed description of the task next to each task
- Include the exact names of variables, handlers, etc. used in the playbook.

Here is the Ansible Playbook:
---
# tasks file for hashicorp

- name: Import assert.yml
  ansible.builtin.import_tasks:
    file: assert.yml
  run_once: true
  delegate_to: localhost

- name: Install using package
  when:
    - hashicorp_installation_method == "package"
  block:
    - name: Install repository for RedHat
      ansible.builtin.get_url:
        url: "{{ hashicorp_repository_url }}"
        dest: /etc/yum.repos.d/hashicorp.repo
        mode: "0640"
      when:
        - ansible_os_family in [ "RedHat", "Rocky" ]

    - name: Configure debian
      when:
        - ansible_os_family == "Debian"
      block:
        - name: Install required package gpg
          ansible.builtin.package:
            name: gpg

        - name: Install apt key for Debian
          ansible.builtin.apt_key:
            url: "https://apt.releases.hashicorp.com/gpg"
            state: present
            validate_certs: false

        - name: Install repository for Debian
          ansible.builtin.apt_repository:
            repo: deb [arch={{ hashicorp_architecture_mapping }}] https://apt.releases.hashicorp.com {{ ansible_distribution_release }} main
            state: present

    - name: Install hashicorp product using package
      when:
        - hashicorp_products is defined
      block:
        - name: Install latest hashicorp product using package
          ansible.builtin.package:
            name: "{{ item.name }}"
            state: present
          loop: "{{ hashicorp_products }}"
          loop_control:
            label: "{{ item.name }}"
          when:
            - item.version is not defined

        - name: Install versioned hashicorp product using package
          ansible.builtin.package:
            name: "{{ item.name }}{{ version_coupler }}{{ item.version }}"
            state: present
          loop: "{{ hashicorp_products }}"
          loop_control:
            label: "{{ item.name }}"
          when:
            - item.version is defined

- name: Install manually
  when:
    - hashicorp_installation_method == "manual"
  block:
    - name: Install hashicorp product manually
      ansible.builtin.unarchive:
        src: "{{ hashicorp_src }}"
        dest: "{{ hashicorp_destination }}"
        group: "{{ hashicorp_group }}"
        mode: "{{ hashicorp_mode }}"
        owner: "{{ hashicorp_owner }}"
        remote_src: true
      loop: "{{ hashicorp_products }}"
      loop_control:
        label: "{{ item.name }}"


Total input tokens: 836
___________________________________________LLM Output:___________________________________________ 
Below you will receive task descriptions from which you should generate an Ansible Playbook.
The generated playbook must be valid inside an Ansible Role under the tasks/ directory (e.g., tasks/main.yml).
Do not include hosts:, vars:, or any playbook-level headers. Only output valid task entries or blocks as expected in a role.

Task 1: Import assert.yml
Description Task 1: Import the assert.yml file to set up assertions and validations.

Task 2: Install using package
Description Task 2: Install HashiCorp products using the package manager based on the specified installation method and operating system.

Task 3: Install repository for RedHat
Description Task 3: Configure the HashiCorp repository for RedHat-based systems.

Task 4: Configure debian
Description Task 4: Set up the HashiCorp repository for Debian-based systems.

Task 5: Install required package gpg
Description Task 5: Install the GPG package on Debian-based systems to manage apt keys.

Task 6: Install apt key for Debian
Description Task 6: Add the HashiCorp GPG key to the system for Debian-based distributions.

Task 7: Install repository for Debian
Description Task 7: Add the HashiCorp repository to the sources list for Debian-based distributions.

Task 8: Install hashicorp product using package
Description Task 8: Install HashiCorp products using the package manager when a specific version is not provided.

Task 9: Install versioned hashicorp product using package
Description Task 9: Install HashiCorp products using the package manager with a specific version when provided.

Task 10: Install manually
Description Task 10: Install HashiCorp products manually by unarchiving them to a specified destination.

Task 11: Install hashicorp product manually
Description Task 11: Unarchive the HashiCorp product source files to the designated installation directory with specific permissions and ownership settings.

Tue Sep 30 15:19:59 2025: /home/studgoetsi5301/documents/ansible_bench/dataset/prompts/ollama_qwen2.5:14b_english_exact/benchmark100/ansible-role-hashicorp/tasks/main_prompt.txt Total generation time: 7.401281808997737


Prompt: You are a professional developer. Below you will find a complete Ansible Playbook. This playbook was generated based on a prompt. Your task is to reconstruct the original prompt that could have been used to generate this playbook.

Important: The only output follows the format below. Do not include any explanations or comments before or after.

The reconstructed prompt must exactly follow the structure below:

"Below you will receive task descriptions from which you should generate an Ansible Playbook.  
The generated playbook must be valid inside an Ansible Role under the tasks/ directory (e.g., tasks/main.yml).  
Do not include hosts:, vars:, or any playbook-level headers. Only output valid task entries or blocks as expected in a role.  

Task 1: ...
Description Task 1: ...

Task 2: ...
Description Task 2: ...

Task 3: ...
Description Task 3: ...
..."

Guidelines:
- Each task should be short and clearly describe one specific action.
- The tasks must match the actual tasks in the playbook **both in content and order**.
- Use the exact terminology and labels as used in the playbook (e.g., “install nginx” instead of “install web server”).
- Provide a more detailed description of the task next to each task
- Include the exact names of variables, handlers, etc. used in the playbook.

Here is the Ansible Playbook:
---
# tasks file for java

- name: Import assert.yml
  ansible.builtin.import_tasks:
    file: assert.yml
  run_once: true
  delegate_to: localhost

- name: Install requirements
  ansible.builtin.package:
    name: bash
    state: present

- name: Install openjdk java (package)
  ansible.builtin.package:
    name: "{{ java_openjdk_package }}"
    state: present
  when:
    java_vendor == "openjdk"
  environment:
    USE: "X -cups -alsa -fontconfig"

- name: Install RPM
  when:
    - java_source == "local"
    - java_format == "rpm"
  block:
    - name: Copy oracle java (rpm)
      ansible.builtin.copy:
        src: "{{ java_package }}"
        dest: "/tmp/{{ java_package }}"
        mode: "0640"

    - name: Install oracle java (rpm) (local)
      ansible.builtin.package:
        name: "/tmp/{{ java_package }}"
        state: present

- name: Install DEB
  when:
    - java_source == "local"
    - java_format == "deb"
  block:
    - name: Copy oracle java (deb)
      ansible.builtin.copy:
        src: "{{ java_package }}"
        dest: "/tmp/{{ java_package }}"
        mode: "0640"

    - name: Install oracle java (deb) (local)
      ansible.builtin.apt:
        deb: "/tmp/{{ java_package }}"
        state: present

- name: Install oracle java (rpm) (repository)
  ansible.builtin.package:
    name: "{{ java_oracle_package }}"
    state: present
  when:
    - java_source == "repository"
    - java_format == "rpm"

- name: Configure oracle targz
  when:
    - java_format == "targz"
    - java_vendor == "oracle"
  block:
    - name: Ensure java_install_directory exists
      ansible.builtin.file:
        path: "{{ java_install_directory }}"
        state: directory
        mode: "0755"

    - name: Install oracle java (targz)
      ansible.builtin.unarchive:
        src: "{{ java_oracle_package }}"
        dest: "{{ java_install_directory }}"
        mode: "0755"

- name: Install oracle java policy software (targz)
  ansible.builtin.unarchive:
    src: jce_policy-8.zip
    dest: "{{ java_install_directory }}"
    mode: "0755"
  when:
    - java_jce
    - java_version == 8
    - java_vendor == "oracle"

- name: Set alternative (targz)
  community.general.alternatives:
    name: java
    link: /usr/bin/java
    path: "{{ java_install_directory }}/{{ java_oracle_directory }}/bin/java"
  when:
    - java_format == "targz"
    - ansible_distribution != "Alpine"
    - java_vendor == "oracle"

- name: Find JAVA_HOME
  ansible.builtin.shell:
    cmd: set -o pipefail && readlink -f /usr/bin/java | sed 's%/bin/java%%'
    executable: /bin/bash
  changed_when: false
  check_mode: false
  register: java_home

- name: Set JAVA_HOME in /etc/environment
  ansible.builtin.lineinfile:
    path: /etc/profile.d/java_home.sh
    regexp: '^export JAVA_HOME='
    line: 'export JAVA_HOME="{{ java_home.stdout }}"'
    create: true
    mode: "0644"

 98%|█████████▊| 98/100 [09:38<00:12,  6.01s/it] 99%|█████████▉| 99/100 [09:44<00:06,  6.09s/it]
Total input tokens: 1051
___________________________________________LLM Output:___________________________________________ 
Below you will receive task descriptions from which you should generate an Ansible Playbook.
The generated playbook must be valid inside an Ansible Role under the tasks/ directory (e.g., tasks/main.yml).
Do not include hosts:, vars:, or any playbook-level headers. Only output valid task entries or blocks as expected in a role.

Task 1: Import assert.yml
Description Task 1: Import the assert.yml file to apply assertions.

Task 2: Install requirements
Description Task 2: Install the bash package as a requirement.

Task 3: Install openjdk java (package)
Description Task 3: Install the openjdk package if the java_vendor variable is set to "openjdk".

Task 4: Install RPM
Description Task 4: Install Oracle Java RPM package from a local source.

Task 5: Install DEB
Description Task 5: Install Oracle Java DEB package from a local source.

Task 6: Install oracle java (rpm) (repository)
Description Task 6: Install Oracle Java RPM package from a repository.

Task 7: Configure oracle targz
Description Task 7: Install Oracle Java TARGZ package and ensure the installation directory exists.

Task 8: Install oracle java policy software (targz)
Description Task 8: Install Oracle Java JCE policy files for Java 8.

Task 9: Set alternative (targz)
Description Task 9: Set an alternative for the java binary when using a TARGZ installation and not on Alpine Linux.

Task 10: Find JAVA_HOME
Description Task 10: Determine the JAVA_HOME directory using the readlink command.

Task 11: Set JAVA_HOME in /etc/environment
Description Task 11: Update the /etc/environment file to include JAVA_HOME.

Tue Sep 30 15:20:06 2025: /home/studgoetsi5301/documents/ansible_bench/dataset/prompts/ollama_qwen2.5:14b_english_exact/benchmark100/ansible-role-java/tasks/main_prompt.txt Total generation time: 7.028982204006752


Prompt: You are a professional developer. Below you will find a complete Ansible Playbook. This playbook was generated based on a prompt. Your task is to reconstruct the original prompt that could have been used to generate this playbook.

Important: The only output follows the format below. Do not include any explanations or comments before or after.

The reconstructed prompt must exactly follow the structure below:

"Below you will receive task descriptions from which you should generate an Ansible Playbook.  
The generated playbook must be valid inside an Ansible Role under the tasks/ directory (e.g., tasks/main.yml).  
Do not include hosts:, vars:, or any playbook-level headers. Only output valid task entries or blocks as expected in a role.  

Task 1: ...
Description Task 1: ...

Task 2: ...
Description Task 2: ...

Task 3: ...
Description Task 3: ...
..."

Guidelines:
- Each task should be short and clearly describe one specific action.
- The tasks must match the actual tasks in the playbook **both in content and order**.
- Use the exact terminology and labels as used in the playbook (e.g., “install nginx” instead of “install web server”).
- Provide a more detailed description of the task next to each task
- Include the exact names of variables, handlers, etc. used in the playbook.

Here is the Ansible Playbook:
---
# tasks file for selinux

- name: Import assert.yml
  ansible.builtin.import_tasks:
    file: assert.yml
  run_once: true
  delegate_to: localhost

- name: Install required packages
  ansible.builtin.package:
    name: "{{ selinux_requirements }}"
    state: present
  notify:
    - Gather facts

- name: Flush handlers
  ansible.builtin.meta: flush_handlers

- name: Configure selinux
  when:
    - ansible_selinux.status is defined
    - ansible_connection not in [ "container", "docker", "community.docker.docker" ]
  block:
    - name: Manage selinux
      ansible.posix.selinux:
        state: "{{ selinux_state }}"
        policy: "{{ selinux_policy }}"
      notify:
        - Reboot

    - name: Manage selinux booleans
      ansible.posix.seboolean:
        name: "{{ item.name }}"
        state: "{{ item.state | default('yes') }}"
        persistent: "{{ item.persistent }}"
      loop: "{{ selinux_booleans }}"
      loop_control:
        label: "{{ item.name }}"
      when:
        - selinux_booleans is defined


Total input tokens: 526
___________________________________________LLM Output:___________________________________________ 
Below you will receive task descriptions from which you should generate an Ansible Playbook.  
The generated playbook must be valid inside an Ansible Role under the tasks/ directory (e.g., tasks/main.yml).  
Do not include hosts:, vars:, or any playbook-level headers. Only output valid task entries or blocks as expected in a role.  

Task 1: Import assert.yml
Description Task 1: Import the assert.yml file to check conditions and validate the state before proceeding with the playbook execution.

Task 2: Install required packages
Description Task 2: Install the packages listed in the variable `selinux_requirements` using the package module, ensuring they are present and notifying the handler to gather facts.

Task 3: Flush handlers
Description Task 3: Flush any pending handlers to ensure they are processed and no longer pending before proceeding with the rest of the playbook tasks.

Task 4: Configure selinux
Description Task 4: Conditionally configure SELinux settings based on the status of SELinux and the type of connection to the host. If conditions are met, perform the following actions:

Task 4.1: Manage selinux
Description Task 4.1: Set the state and policy of SELinux using the `selinux` module and notify the handler to reboot the system after changes.

Task 4.2: Manage selinux booleans
Description Task 4.2: Iterate over the `selinux_booleans` variable to manage the state and persistence of SELinux booleans using the `seboolean` module, with the loop iterating over each item and using the item's name as the label.

Tue Sep 30 15:20:12 2025: /home/studgoetsi5301/documents/ansible_bench/dataset/prompts/ollama_qwen2.5:14b_english_exact/benchmark100/ansible-role-selinux-robertdebock/tasks/main_prompt.txt Total generation time: 6.280896545998985


Prompt: You are a professional developer. Below you will find a complete Ansible Playbook. This playbook was generated based on a prompt. Your task is to reconstruct the original prompt that could have been used to generate this playbook.

Important: The only output follows the format below. Do not include any explanations or comments before or after.

The reconstructed prompt must exactly follow the structure below:

"Below you will receive task descriptions from which you should generate an Ansible Playbook.  
The generated playbook must be valid inside an Ansible Role under the tasks/ directory (e.g., tasks/main.yml).  
Do not include hosts:, vars:, or any playbook-level headers. Only output valid task entries or blocks as expected in a role.  

Task 1: ...
Description Task 1: ...

Task 2: ...
Description Task 2: ...

Task 3: ...
Description Task 3: ...
..."

Guidelines:
- Each task should be short and clearly describe one specific action.
- The tasks must match the actual tasks in the playbook **both in content and order**.
- Use the exact terminology and labels as used in the playbook (e.g., “install nginx” instead of “install web server”).
- Provide a more detailed description of the task next to each task
- Include the exact names of variables, handlers, etc. used in the playbook.

Here is the Ansible Playbook:
---
# tasks file for epel

- name: Install epel
  when:
    - (ansible_distribution == "Amazon" and
      ansible_distribution_major_version == "2") or
      (ansible_os_family == "RedHat" and
      ansible_distribution_major_version in [ "7", "8", "9", "10" ])
  block:
    - name: Install epel gpg key
      ansible.builtin.rpm_key:
        key: "{{ epel_gpg_key }}"
        state: present

    - name: Install epel-release
      ansible.builtin.package:
        name: "{{ epel_url }}"
        state: present
      notify:
        - Update package cache

    - name: Install epel-next-release
      ansible.builtin.package:
        name: "{{ epel_next_url }}"
        state: present
      when:
        - epel_next
      notify:
        - Update package cache

100%|██████████| 100/100 [09:48<00:00,  5.44s/it]100%|██████████| 100/100 [09:48<00:00,  5.89s/it]

Total input tokens: 476
___________________________________________LLM Output:___________________________________________ 
Below you will receive task descriptions from which you should generate an Ansible Playbook.  
The generated playbook must be valid inside an Ansible Role under the tasks/ directory (e.g., tasks/main.yml).  
Do not include hosts:, vars:, or any playbook-level headers. Only output valid task entries or blocks as expected in a role.  

Task 1: Install epel
Description Task 1: Install the epel repository on RedHat-based systems including Amazon Linux 2 and newer versions of RedHat, CentOS, and Fedora.

Task 2: Install epel gpg key
Description Task 2: Install the GPG key for the EPEL repository.

Task 3: Install epel-release
Description Task 3: Install the EPEL release package.

Task 4: Install epel-next-release
Description Task 4: Install the EPEL next release package if the variable epel_next is set to true. Notify the handler to update the package cache after installation.

Tue Sep 30 15:20:16 2025: /home/studgoetsi5301/documents/ansible_bench/dataset/prompts/ollama_qwen2.5:14b_english_exact/benchmark100/ansible-role-epel/tasks/main_prompt.txt Total generation time: 3.897400682006264
