Loaded config from file config/config.yaml: config: {'base_dir': '/home/studgoetsi5301/documents/ansible_bench', 'output_dir': 'output', 'dataset_dir': 'dataset', 'config_dir': 'config', 'logs_dir': 'logs', 'testresults_dir': 'testresults', 'postprocessing_reports_dir': 'postprocessing_reports', 'temp_exec_dir': 'temp'}
Name for the ollama model: codestral:22b

Input_Directory: /home/studgoetsi5301/documents/ansible_bench/dataset/benchmark100

Output_Directory: /home/studgoetsi5301/documents/ansible_bench/dataset/prompts/ollama_codestral:22b_english_exact/benchmark100

Input-Files:
ansible-role-docker_compose/tasks/main.yml
ansible-role-cadvisor/tasks/main.yml
ansible-role-vsftpd/tasks/main.yml
ansible-role-epel-buluma/tasks/main.yml
ansible-role-vault/tasks/package.yml
ansible-role-vault/tasks/binary.yml
ansible-role-vault/tasks/hardening.yml
ansible-role-vault/tasks/main.yml
ansible-role-dns/tasks/main.yml
ansible-role-grub/tasks/password.yml
ansible-role-grub/tasks/main.yml
ansible-role-service/tasks/main.yml
ansible-role-bootstrap-buluma/tasks/gather_facts.yml
ansible-role-bootstrap-buluma/tasks/main.yml
ansible-role-docker/tasks/main.yml
ansible-role-docker/tasks/setup-Debian.yml
ansible-role-docker/tasks/setup-RedHat.yml
ansible-role-docker/tasks/docker-compose.yml
ansible-role-docker/tasks/docker-users.yml
ansible-role-selinux/tasks/main.yml
ansible-role-mysql-robertdebock/tasks/main.yml
ansible-role-sysctl/tasks/main.yml
ansible-role-bootstrap-JonasPammer/tasks/gather_facts.yml
ansible-role-bootstrap-JonasPammer/tasks/main.yml
ansible-role-update/tasks/main.yml
ansible-role-python_pip-buluma/tasks/main.yml
ansible-role-buildtools-buluma/tasks/main.yml
ansible-role-pip/tasks/debian12.yml
ansible-role-pip/tasks/main.yml
ansible-role-helm/tasks/main.yml
ansible-role-bootstrap/tasks/gather_facts.yml
ansible-role-bootstrap/tasks/main.yml
ansible-role-openvpn/tasks/server.yml
ansible-role-openvpn/tasks/client.yml
ansible-role-openvpn/tasks/main.yml
ansible-role-core_dependencies-buluma/tasks/main.yml
ansible-role-openssl-robertdebock/tasks/create.yml
ansible-role-openssl-robertdebock/tasks/main.yml
ansible-role-logrotate/tasks/main.yml
ansible-role-promtail/tasks/install.yml
ansible-role-promtail/tasks/preflight.yml
ansible-role-promtail/tasks/main.yml
ansible-role-python_pip/tasks/main.yml
ansible-role-httpd/tasks/locations.yml
ansible-role-httpd/tasks/directories.yml
ansible-role-httpd/tasks/main.yml
ansible-role-httpd/tasks/vhosts.yml
ansible-role-httpd/tasks/ssl.yml
ansible-role-redis/tasks/main.yml
ansible-role-openssl/tasks/create.yml
ansible-role-openssl/tasks/main.yml
ansible-role-users/tasks/group.yml
ansible-role-users/tasks/user.yml
ansible-role-users/tasks/main.yml
ansible-role-ca_certificates/tasks/main.yml
ansible-role-httpd-buluma/tasks/locations.yml
ansible-role-httpd-buluma/tasks/directories.yml
ansible-role-httpd-buluma/tasks/main.yml
ansible-role-httpd-buluma/tasks/vhosts.yml
ansible-role-httpd-buluma/tasks/ssl.yml
ansible-role-apt_autostart/tasks/main.yml
java_role/tasks/import_certs.yml
java_role/tasks/main.yml
java_role/tasks/install_openjdk.yml
ansible-role-core_dependencies/tasks/main.yml
ansible-role-postfix/tasks/main.yml
ansible-role-git/tasks/main.yml
ansible-role-php-robertdebock/tasks/main.yml
ansible-role-rke2/tasks/cis.yml
ansible-role-rke2/tasks/rke2.yml
ansible-role-rke2/tasks/first_server_restore.yml
ansible-role-rke2/tasks/ingress-nginx.yml
ansible-role-rke2/tasks/first_server.yml
ansible-role-rke2/tasks/download_kubeconfig.yaml
ansible-role-rke2/tasks/summary.yml
ansible-role-rke2/tasks/rolling_restart.yml
ansible-role-rke2/tasks/keepalived.yml
ansible-role-rke2/tasks/main.yml
ansible-role-rke2/tasks/remaining_nodes.yml
ansible-role-rke2/tasks/kubevip.yml
ansible-role-rke2/tasks/change_config.yml
ansible-role-rke2/tasks/find_active_server.yml
ansible-role-buildtools/tasks/main.yml
ansible-role-mysql/tasks/main.yml
ansible-role-cron/tasks/main.yml
ansible-role-nginx/tasks/main.yml
ansible-role-ansible/tasks/setup-pip.yml
ansible-role-ansible/tasks/setup-Fedora.yml
ansible-role-ansible/tasks/main.yml
ansible-role-ansible/tasks/setup-Debian.yml
ansible-role-ansible/tasks/setup-Ubuntu.yml
ansible-role-ansible/tasks/setup-RedHat.yml
ansible-role-rsyslog/tasks/main.yml
ansible-role-fail2ban/tasks/main.yml
ansible-role-scl/tasks/main.yml
ansible-role-cron-buluma/tasks/main.yml
ansible-role-hashicorp/tasks/main.yml
ansible-role-java/tasks/main.yml
ansible-role-selinux-robertdebock/tasks/main.yml
ansible-role-epel/tasks/main.yml
Found 100 inputs

Serving model via Ollama
  0%|          | 0/100 [00:00<?, ?it/s]  1%|          | 1/100 [00:06<10:21,  6.27s/it]

Prompt: <s>[INST] You are a professional developer. Below you will find a complete Ansible Playbook. This playbook was generated based on a prompt. Your task is to reconstruct the original prompt that could have been used to generate this playbook.

Important: The only output follows the format below. Do not include any explanations or comments before or after.

The reconstructed prompt must exactly follow the structure below:

"Below you will receive task descriptions from which you should generate an Ansible Playbook.  
The generated playbook must be valid inside an Ansible Role under the tasks/ directory (e.g., tasks/main.yml).  
Do not include hosts:, vars:, or any playbook-level headers. Only output valid task entries or blocks as expected in a role.  

Task 1: ...
Description Task 1: ...

Task 2: ...
Description Task 2: ...

Task 3: ...
Description Task 3: ...
..."

Guidelines:
- Each task should be short and clearly describe one specific action.
- The tasks must match the actual tasks in the playbook **both in content and order**.
- Use the exact terminology and labels as used in the playbook (e.g., “install nginx” instead of “install web server”).
- Provide a more detailed description of the task next to each task
- Include the exact names of variables, handlers, etc. used in the playbook.

Here is the Ansible Playbook:
---
# tasks file for docker_compose

- name: Import assert.yml
  ansible.builtin.import_tasks:
    file: assert.yml
  run_once: true
  delegate_to: localhost

- name: Install docker-compose package
  ansible.builtin.package:
    name: docker-compose
    state: present
  when:
    - docker_compose_installation_type == "package"

- name: Install docker-compose as a binary
  when:
    - docker_compose_installation_type == "binary"
  block:
    - name: Install required packages
      ansible.builtin.package:
        name: "{{ docker_compose_binary_required_packages }}"

    - name: Install binary
      ansible.builtin.get_url:
        url: "{{ docker_compose_url }}"
        dest: /usr/local/bin/docker-compose
        mode: "0755"

[/INST]
Total input tokens: 591
___________________________________________LLM Output:___________________________________________ 
 Below you will receive task descriptions from which you should generate an Ansible Playbook.
   The generated playbook must be valid inside an Ansible Role under the tasks/ directory (e.g., tasks/main.yml).
   Do not include hosts:, vars:, or any playbook-level headers. Only output valid task entries or blocks as expected in a role.

Task 1: Import assert.yml
Description Task 1: This task imports assert.yml which is a set of assertions to validate the input variables. The task is executed only once and delegated to localhost.

Task 2: Install docker-compose package
Description Task 2: This task installs the docker-compose package using the package module. It is only executed when the variable docker_compose_installation_type is set to "package".

Task 3: Install docker-compose as a binary
Description Task 3: This task block installs docker-compose as a binary. It is only executed when the variable docker_compose_installation_type is set to "binary". The block consists of two tasks:
   - The first task installs required packages using the package module and the variable docker_compose_binary_required_packages.
   - The second task downloads the binary from the URL specified in the variable docker_compose_url and saves it to /usr/local/bin/docker-compose. The binary is set to be executable with mode "0755".

Tue Sep 30 16:29:51 2025: /home/studgoetsi5301/documents/ansible_bench/dataset/prompts/ollama_codestral:22b_english_exact/benchmark100/ansible-role-docker_compose/tasks/main_prompt.txt Total generation time: 6.2729924469895195


Prompt: <s>[INST] You are a professional developer. Below you will find a complete Ansible Playbook. This playbook was generated based on a prompt. Your task is to reconstruct the original prompt that could have been used to generate this playbook.

Important: The only output follows the format below. Do not include any explanations or comments before or after.

The reconstructed prompt must exactly follow the structure below:

"Below you will receive task descriptions from which you should generate an Ansible Playbook.  
The generated playbook must be valid inside an Ansible Role under the tasks/ directory (e.g., tasks/main.yml).  
Do not include hosts:, vars:, or any playbook-level headers. Only output valid task entries or blocks as expected in a role.  

Task 1: ...
Description Task 1: ...

Task 2: ...
Description Task 2: ...

Task 3: ...
Description Task 3: ...
..."

Guidelines:
- Each task should be short and clearly describe one specific action.
- The tasks must match the actual tasks in the playbook **both in content and order**.
- Use the exact terminology and labels as used in the playbook (e.g., “install nginx” instead of “install web server”).
- Provide a more detailed description of the task next to each task
- Include the exact names of variables, handlers, etc. used in the playbook.

Here is the Ansible Playbook:
# tasks file for cadvisor

- name: cadvisor | create directories
  become: true
  ansible.builtin.file:
    path: "{{ item }}"
    state: directory
    mode: 0755
  with_items:
    - /opt/cadvisor

- name: cadvisor | download
  become: true
  get_url:
    url: "{{ cadvisor_download }}"
    checksum: "sha256:{{ cadvisor_checksum }}"
    dest: "/opt/cadvisor/cadvisor-{{ cadvisor_version }}"
    force: false
    mode: u=rwx,g=rx,o=rx
  when: cadvisor_binary_local_dir | length == 0

- name: cadvisor | propagate locally distributed cadvisor binary
  copy:
    src: "{{ cadvisor_binary_local_dir }}/cadvisor-{{ cadvisor_version }}"
    dest: "/opt/cadvisor/cadvisor-{{ cadvisor_version }}"
    mode: 0755
    owner: root
    group: root
  when: cadvisor_binary_local_dir | length > 0
  notify:
    - restart cadvisor

- name: cadvisor | symlink
  become: true
  file:
    src: "/opt/cadvisor/cadvisor-{{ cadvisor_version }}"
    path: /opt/cadvisor/cadvisor
    force: true
    state: link

- name: cadvisor | server systemd service
  become: true
  ansible.builtin.template:
    dest: /etc/systemd/system/cadvisor.service
    src: systemd-system-cadvisor-service.j2
    mode: 0644
  notify:
    - restart cadvisor

- name: test_task
  shell: "if ! systemctl is-active cadvisor.service; then  echo 'inactive' ; fi"
  register: service_active
  failed_when: False
  changed_when: False

- debug: var=service_active

- name: cadvisor | enable server systemd
  become: true
  ansible.builtin.systemd:
    enabled: true
    name: cadvisor.service

- name: cadvisor | start server systemd
  become: true
  ansible.builtin.systemd:
    name: cadvisor.service
    state: started
    daemon_reload: true

[/INST]
Total input tokens: 937
___________________________________________LLM Output:___________________________________________ 
 Below you will receive task descriptions from which you should generate an Ansible Playbook.
   The generated playbook must be valid inside an Ansible Role under the tasks/ directory (e.g., tasks/main.yml).
   Do not include hosts:, vars:, or any playbook-level headers. Only output valid task entries or blocks as expected in a role.

   Task 1: Create directories
   Description Task 1: Create a directory for the cadvisor application to reside, with the appropriate permissions.

   Task 2: Download cadvisor binary
   Description Task 2: If the cadvisor binary is not locally distributed, download it from the specified URL and verify its integrity using the provided checksum. Set appropriate permissions for the binary.

   Task 3: Propagate locally distributed cadvisor binary
   Description Task 3: If the cadvisor binary is locally distributed, copy it to the application directory. Set appropriate permissions and ownership. Restart the cadvisor service if the binary is updated.

   Task 4: Create a symlink
   Description Task 4: Create a symbolic link to the cadvisor binary for easy access and future updates.

   Task 5: Configure cadvisor systemd service
   Description Task 5: Create a systemd service file for the cadvisor application. If the service file is updated, restart the cadvisor service.

   Task 6: Check cadvisor service status
   Description Task 6: Run a shell command to check the status of the cadvisor service.

   Task 7: Enable cadvisor systemd service
   Description Task 7: Enable the cadvisor systemd service to start at boot.

   Task 8: Start cadvisor systemd service
   Description Task 8: Start the cadvisor systemd service and reload systemd daemon to ensure the changes take effect.  2%|▏         | 2/100 [00:14<11:39,  7.13s/it]  3%|▎         | 3/100 [00:19<10:37,  6.58s/it]  4%|▍         | 4/100 [00:27<10:59,  6.86s/it]

Tue Sep 30 16:29:59 2025: /home/studgoetsi5301/documents/ansible_bench/dataset/prompts/ollama_codestral:22b_english_exact/benchmark100/ansible-role-cadvisor/tasks/main_prompt.txt Total generation time: 7.736081206006929


Prompt: <s>[INST] You are a professional developer. Below you will find a complete Ansible Playbook. This playbook was generated based on a prompt. Your task is to reconstruct the original prompt that could have been used to generate this playbook.

Important: The only output follows the format below. Do not include any explanations or comments before or after.

The reconstructed prompt must exactly follow the structure below:

"Below you will receive task descriptions from which you should generate an Ansible Playbook.  
The generated playbook must be valid inside an Ansible Role under the tasks/ directory (e.g., tasks/main.yml).  
Do not include hosts:, vars:, or any playbook-level headers. Only output valid task entries or blocks as expected in a role.  

Task 1: ...
Description Task 1: ...

Task 2: ...
Description Task 2: ...

Task 3: ...
Description Task 3: ...
..."

Guidelines:
- Each task should be short and clearly describe one specific action.
- The tasks must match the actual tasks in the playbook **both in content and order**.
- Use the exact terminology and labels as used in the playbook (e.g., “install nginx” instead of “install web server”).
- Provide a more detailed description of the task next to each task
- Include the exact names of variables, handlers, etc. used in the playbook.

Here is the Ansible Playbook:
---
# tasks file for vsftpd

- name: Import assert.yml
  ansible.builtin.import_tasks:
    file: assert.yml
  run_once: true
  delegate_to: localhost

- name: Install vsftpd
  ansible.builtin.package:
    name: vsftpd

- name: Configure vsftpd
  ansible.builtin.template:
    src: vsftpd.conf.j2
    dest: "{{ vsftpd_configuration_file }}"
    owner: root
    group: root
    mode: "{{ vsftpd_configuration_file_mode }}"
  notify:
    - Restart vsftpd

- name: Start and enable vsftpd
  ansible.builtin.service:
    name: vsftpd
    state: started
    enabled: true

[/INST]
Total input tokens: 545
___________________________________________LLM Output:___________________________________________ 
 Below you will receive task descriptions from which you should generate an Ansible Playbook.
   The generated playbook must be valid inside an Ansible Role under the tasks/ directory (e.g., tasks/main.yml).
   Do not include hosts:, vars:, or any playbook-level headers. Only output valid task entries or blocks as expected in a role.

Task 1: Import assert.yml
Description Task 1: This task imports and runs the assert.yml file, which likely contains assertions to check for required variables. This is run once and on the localhost to ensure the playbook is being run in the correct environment.

Task 2: Install vsftpd
Description Task 2: This task installs the vsftpd package, which is a secure FTP server for Unix-like operating systems.

Task 3: Configure vsftpd
Description Task 3: This task configures the vsftpd server by using a template (vsftpd.conf.j2) and placing the configured file at a specified destination (vsftpd_configuration_file). The file is owned by root, has a group of root, and has a specific mode (vsftpd_configuration_file_mode). If the configuration file changes, it triggers the "Restart vsftpd" handler.

Task 4: Start and enable vsftpd
Description Task 4: This task starts the vsftpd service and enables it to start on boot.

Tue Sep 30 16:30:05 2025: /home/studgoetsi5301/documents/ansible_bench/dataset/prompts/ollama_codestral:22b_english_exact/benchmark100/ansible-role-vsftpd/tasks/main_prompt.txt Total generation time: 5.911428203995456


Prompt: <s>[INST] You are a professional developer. Below you will find a complete Ansible Playbook. This playbook was generated based on a prompt. Your task is to reconstruct the original prompt that could have been used to generate this playbook.

Important: The only output follows the format below. Do not include any explanations or comments before or after.

The reconstructed prompt must exactly follow the structure below:

"Below you will receive task descriptions from which you should generate an Ansible Playbook.  
The generated playbook must be valid inside an Ansible Role under the tasks/ directory (e.g., tasks/main.yml).  
Do not include hosts:, vars:, or any playbook-level headers. Only output valid task entries or blocks as expected in a role.  

Task 1: ...
Description Task 1: ...

Task 2: ...
Description Task 2: ...

Task 3: ...
Description Task 3: ...
..."

Guidelines:
- Each task should be short and clearly describe one specific action.
- The tasks must match the actual tasks in the playbook **both in content and order**.
- Use the exact terminology and labels as used in the playbook (e.g., “install nginx” instead of “install web server”).
- Provide a more detailed description of the task next to each task
- Include the exact names of variables, handlers, etc. used in the playbook.

Here is the Ansible Playbook:
---
# tasks file for epel

- name: Install epel
  when:
    - (ansible_distribution == "Amazon" and
      ansible_distribution_major_version == "2") or
      (ansible_os_family == "RedHat" and
      ansible_distribution_major_version in [ "7", "8", "9" ])
  block:
    - name: Install epel gpg key
      ansible.builtin.rpm_key:
        key: "{{ epel_gpg_key }}"
        state: present

    - name: Install epel-release
      ansible.builtin.package:
        name: "{{ epel_url }}"
        state: present
      notify:
        - Update package cache

    - name: Install epel-next-release
      ansible.builtin.package:
        name: "{{ epel_next_url }}"
        state: present
      when:
        - epel_next
      notify:
        - Update package cache

[/INST]
Total input tokens: 592
___________________________________________LLM Output:___________________________________________ 
 Below you will receive task descriptions from which you should generate an Ansible Playbook.
   The generated playbook must be valid inside an Ansible Role under the tasks/ directory (e.g., tasks/main.yml).
   Do not include hosts:, vars:, or any playbook-level headers. Only output valid task entries or blocks as expected in a role.

   Task 1: Install epel
   Description Task 1: Install the Extra Packages for Enterprise Linux (EPEL) repository. This is done by installing the EPEL GPG key and then the epel-release package. If epel_next is set to true, the epel-next-release package should be installed as well. Both the epel-release and epel-next-release package installations should notify the handler to update the package cache.

   Task 2: Install epel gpg key
   Description Task 2: Install the GPG key for the EPEL repository. This key is required to authenticate the EPEL packages. The key is provided as a variable named epel_gpg_key.

   Task 3: Install epel-release
   Description Task 3: Install the epel-release package from the EPEL repository. The package URL is provided as a variable named epel_url. If the package installation is successful, the handler to update the package cache should be notified.

   Task 4: Install epel-next-release
   Description Task 4: Install the epel-next-release package from the EPEL repository. This package is installed only when the variable epel_next is set to true. The package URL is provided as a variable named epel_next_url. If the package installation is successful, the handler to update the package cache should be notified.

Tue Sep 30 16:30:12 2025: /home/studgoetsi5301/documents/ansible_bench/dataset/prompts/ollama_codestral:22b_english_exact/benchmark100/ansible-role-epel-buluma/tasks/main_prompt.txt Total generation time: 7.306155433994718


Prompt: <s>[INST] You are a professional developer. Below you will find a complete Ansible Playbook. This playbook was generated based on a prompt. Your task is to reconstruct the original prompt that could have been used to generate this playbook.

Important: The only output follows the format below. Do not include any explanations or comments before or after.

The reconstructed prompt must exactly follow the structure below:

"Below you will receive task descriptions from which you should generate an Ansible Playbook.  
The generated playbook must be valid inside an Ansible Role under the tasks/ directory (e.g., tasks/main.yml).  
Do not include hosts:, vars:, or any playbook-level headers. Only output valid task entries or blocks as expected in a role.  

Task 1: ...
Description Task 1: ...

Task 2: ...
Description Task 2: ...

Task 3: ...
Description Task 3: ...
..."

Guidelines:
- Each task should be short and clearly describe one specific action.
- The tasks must match the actual tasks in the playbook **both in content and order**.
- Use the exact terminology and labels as used in the playbook (e.g., “install nginx” instead of “install web server”).
- Provide a more detailed description of the task next to each task
- Include the exact names of variables, handlers, etc. used in the playbook.

Here is the Ansible Playbook:
---

- name: package | Install vault
  ansible.builtin.package:
    name: "{{ vault_package }}"
  notify:
    - Daemon reload
    - Restart vault

[/INST]  5%|▌         | 5/100 [00:29<08:20,  5.27s/it]
Total input tokens: 392
___________________________________________LLM Output:___________________________________________ 
 Task 1: package | Install vault
   Description Task 1: This task is responsible for installing the Vault package on the target server. It uses the package module from Ansible's built-in modules to accomplish this. The name of the package to be installed is defined in a variable named 'vault_package'. After the installation, it triggers two handlers: 'Daemon reload' and 'Restart vault' to ensure the service is properly started and running.

Tue Sep 30 16:30:14 2025: /home/studgoetsi5301/documents/ansible_bench/dataset/prompts/ollama_codestral:22b_english_exact/benchmark100/ansible-role-vault/tasks/package_prompt.txt Total generation time: 2.444916987005854


Prompt: <s>[INST] You are a professional developer. Below you will find a complete Ansible Playbook. This playbook was generated based on a prompt. Your task is to reconstruct the original prompt that could have been used to generate this playbook.

Important: The only output follows the format below. Do not include any explanations or comments before or after.

The reconstructed prompt must exactly follow the structure below:

"Below you will receive task descriptions from which you should generate an Ansible Playbook.  
The generated playbook must be valid inside an Ansible Role under the tasks/ directory (e.g., tasks/main.yml).  
Do not include hosts:, vars:, or any playbook-level headers. Only output valid task entries or blocks as expected in a role.  

Task 1: ...
Description Task 1: ...

Task 2: ...
Description Task 2: ...

Task 3: ...
Description Task 3: ...
..."

Guidelines:
- Each task should be short and clearly describe one specific action.
- The tasks must match the actual tasks in the playbook **both in content and order**.
- Use the exact terminology and labels as used in the playbook (e.g., “install nginx” instead of “install web server”).
- Provide a more detailed description of the task next to each task
- Include the exact names of variables, handlers, etc. used in the playbook.

Here is the Ansible Playbook:
---

- name: binary | Create Vault group
  ansible.builtin.group:
    name: "{{ vault_group }}"
    system: true

- name: binary | Create Vault user
  ansible.builtin.user:
    name: "{{ vault_user }}"
    create_home: false
    system: true
    shell: "{{ vault_user_shell }}"
    group: "{{ vault_group }}"

- name: binary | Create Vault download directory
  ansible.builtin.file:
    path: "{{ vault_download_path }}"
    state: directory
    owner: "{{ vault_user }}"
    group: "{{ vault_group }}"
    mode: "0755"

- name: binary | Download Vault binary
  ansible.builtin.unarchive:
    src: "https://releases.hashicorp.com/vault/{{ vault_version }}/vault_{{ vault_version }}_linux_{{ vault_architecture }}.zip"
    dest: "{{ vault_download_path }}"
    creates: "{{ vault_download_path }}/vault"
    owner: root
    group: root
    mode: "0644"
    remote_src: true

- name: binary | Check if vault_path exists
  ansible.builtin.stat:
    path: "{{ vault_path }}"
  register: vault_check_path

- name: binary | Create vault_path if it does not exists
  ansible.builtin.file:
    path: "{{ vault_path }}"
    state: directory
    owner: "{{ vault_user }}"
    group: "{{ vault_group }}"
    mode: "0755"
  when:
    - not vault_check_path.stat.exists
    - vault_path | length > 0

- name: binary | Create directory in vault_path
  ansible.builtin.file:
    path: "{{ item.name }}"
    state: directory
    owner: "{{ item.owner }}"
    group: "{{ item.group }}"
    mode: "{{ item.mode }}"
  loop: "{{ vault_directories }}"
  loop_control:
    label: "{{ item.name }}"

- name: binary | Create data directory
  ansible.builtin.file:
    path: "{{ item.name }}"
    state: directory
    owner: "{{ item.owner }}"
    group: "{{ item.group }}"
    mode: "{{ item.mode }}"
  loop: "{{ vault_data_directories }}"
  loop_control:
    label: "{{ item.name }}"

- name: binary | Generate TLS key and certificate
  ansible.builtin.command:
    cmd: openssl req -out tls.crt -new -keyout tls.key -newkey rsa:4096 -nodes -sha256 -x509 -subj "/O=HashiCorp/CN=Vault" -days 1095
    chdir: "{{ vault_data_directory }}/tls/"
    creates: "{{ vault_data_directory }}/tls/tls.key"
  notify:
    - Restart vault

- name: binary | Set ownership of tls material
  ansible.builtin.file:
    path: "{{ item.name }}"
    owner: "{{ item.owner }}"
    group: "{{ item.group }}"
    mode: "{{ item.mode }}"
  loop: "{{ vault_tls_files }}"
  loop_control:
    label: "{{ item.name }}"

- name: binary | Copy Vault binary
  ansible.builtin.copy:
    src: "{{ vault_download_path }}/vault"
    dest: "{{ vault_path }}/usr/bin/vault"
    owner: root
    group: root
    mode: "0755"
    remote_src: true
  notify:
    - Restart vault

- name: binary | Set cap_ipc_lock=ep on /usr/bin/vault
  community.general.capabilities:
    path: "{{ vault_path }}/usr/bin/vault"
    capability: cap_ipc_lock+ep
  changed_when: false

- name: binary | Touch vault.env
  ansible.builtin.file:
    path: "{{ vault_path }}/etc/vault.d/vault.env"
    owner: "{{ vault_user }}"
    group: "{{ vault_group }}"
    mode: "0644"
    state: touch
    modification_time: preserve
    access_time: preserve
  notify:
    - Restart vault

- name: binary | Create /usr/lib/systemd/system
  ansible.builtin.file:
    path: /usr/lib/systemd/system
    state: directory
    owner: root
    group: root
    mode: "0755"

- name: binary | Copy Vault service file
  ansible.builtin.template:
    src: vault.service.j2
    dest: "/usr/lib/systemd/system/vault.service"
    owner: root
    group: root
    mode: "0644"
  notify:
    - Daemon reload
  when:
    - ansible_service_mgr == "systemd"

- name: binary | Copy vault configuration
  ansible.builtin.copy:
    src: vault.hcl
    dest: "{{ vault_path }}/etc/vault.d/vault.hcl"
    owner: root
    group: root
    mode: "0644"
    force: false
  notify:
    - Restart vault

- name: binary | Flush handlers
  ansible.builtin.meta: flush_handlers

[/INST]
Total input tokens: 1755
___________________________________________LLM Output:___________________________________________ 
 Below are the task descriptions that could have been used to generate the provided Ansible Playbook.

Task 1: Create Vault group
Description Task 1: Create a new system group called 'vault_group' using the ansible.builtin.group module.

Task 2: Create Vault user
Description Task 2: Create a new system user called 'vault_user' and add it to the 'vault_group'. Do not create a home directory for this user.

Task 3: Create Vault download directory
Description Task 3: Create a directory at 'vault_download_path' with specific permissions. The directory should be owned by 'vault_user' and 'vault_group'.

Task 4: Download Vault binary
Description Task 4: Download the Vault binary from a specific URL, unarchive it to 'vault_download_path', and ensure that the file is owned by root with specific permissions.

Task 5: Check if vault_path exists
Description Task 5: Check if a directory or file at 'vault_path' exists.

Task 6: Create vault_path if it does not exist
Description Task 6: If 'vault_path' does not exist and its length is greater than 0, create a directory at that path with specific permissions. The directory should be owned by 'vault_user' and 'vault_group'.

Task 7: Create directories in vault_path
Description Task 7: For each item in 'vault_directories', create a directory with the name, owner, group, and mode specified in the item.

Task 8: Create data directories
Description Task 8: For each item in 'vault_data_directories', create a directory with the name, owner, group, and mode specified in the item.

Task 9: Generate TLS key and certificate
Description Task 9: Run a command to generate a TLS key and certificate in 'vault_data_directory/tls/'. Notify the 'Restart vault' handler if the command changes the system state.

Task 10: Set ownership of tls material
Description Task 10: For each item in 'vault_tls_files', set the ownership and permissions of the file specified in the item.

Task 11: Copy Vault binary
Description Task 11: Copy the Vault binary from 'vault_download_path' to 'vault_path/usr/bin/vault'. Notify the 'Restart vault' handler if the file changes on the system.

Task 12: Set capabilities on /usr/bin/vault
Description Task 12: Set the capability 'cap_ipc_lock=ep' on '/usr/bin/vault' using the community.general.capabilities module.

Task 13: Touch vault.env
Description Task 13: Create a file at 'vault_path/etc/vault.d/vault.env' with specific permissions. Notify the 'Restart vault' handler if the file is modified or accessed.

Task 14: Create /usr/lib/systemd/system
Description Task 14: Create a directory at '/usr/lib/systemd/system' with specific permissions.

Task 15: Copy Vault service file
Description Task 15: Copy a template file 'vault.service.j2' to '/usr/lib/systemd/system/vault.service' with specific permissions. Notify the 'Daemon reload' handler if the file changes on the system.

Task 16: Copy vault configuration
Description Task 16: Copy a file 'vault.hcl' to 'vault_path/etc/vault.d/vault.hcl' with specific permissions. Notify the 'Restart vault' handler if the file changes on the system.

Task 17: Flush handlers
Description Task 17: Run any handlers that have been notified during the play.  6%|▌         | 6/100 [00:47<15:03,  9.62s/it]  7%|▋         | 7/100 [00:56<14:39,  9.45s/it]

Tue Sep 30 16:30:32 2025: /home/studgoetsi5301/documents/ansible_bench/dataset/prompts/ollama_codestral:22b_english_exact/benchmark100/ansible-role-vault/tasks/binary_prompt.txt Total generation time: 18.046655323007144


Prompt: <s>[INST] You are a professional developer. Below you will find a complete Ansible Playbook. This playbook was generated based on a prompt. Your task is to reconstruct the original prompt that could have been used to generate this playbook.

Important: The only output follows the format below. Do not include any explanations or comments before or after.

The reconstructed prompt must exactly follow the structure below:

"Below you will receive task descriptions from which you should generate an Ansible Playbook.  
The generated playbook must be valid inside an Ansible Role under the tasks/ directory (e.g., tasks/main.yml).  
Do not include hosts:, vars:, or any playbook-level headers. Only output valid task entries or blocks as expected in a role.  

Task 1: ...
Description Task 1: ...

Task 2: ...
Description Task 2: ...

Task 3: ...
Description Task 3: ...
..."

Guidelines:
- Each task should be short and clearly describe one specific action.
- The tasks must match the actual tasks in the playbook **both in content and order**.
- Use the exact terminology and labels as used in the playbook (e.g., “install nginx” instead of “install web server”).
- Provide a more detailed description of the task next to each task
- Include the exact names of variables, handlers, etc. used in the playbook.

Here is the Ansible Playbook:
---

- name: hardening | Disable swap
  when:
    - vault_hardening_disable_swap
  block:
    - name: hardening | Disable swap now
      ansible.builtin.command:
        cmd: swapoff -a
      changed_when: true
      when:
        - ansible_swaptotal_mb > 0

    - name: hardening | Disable swap permanently
      ansible.posix.mount:
        name: swap
        state: absent

- name: hardening | Disable core dumps
  community.general.pam_limits:
    domain: "{{ item.domain }}"
    limit_type: "{{ item.limit_type }}"
    limit_item: "{{ item.limit_item }}"
    value: "{{ item.value }}"
  loop:
    - domain: '*'
      limit_type: hard
      limit_item: core
      value: 0
    - domain: '*'
      limit_type: soft
      limit_item: core
      value: 0
  loop_control:
    label: "{{ item.limit_item }}"
  when:
    - vault_hardening_disable_core_dumps

- name: hardening | Disable Shell Command History
  ansible.builtin.copy:
    dest: /etc/profile.d/vault.sh
    content: |
      export HISTIGNORE="&:vault*"
    mode: '0644'
    owner: root
    group: root
  when:
    - vault_hardening_disable_shell_command_history

- name: hardening | Configure SELinux / AppArmor
  block:
    - name: hardening | Enable SELinux
      when:
        - vault_hardening_configure_selinux_apparmor
        - ansible_selinux.status == "enabled"
      block:
        - name: hardening | Install selinux-policy
          ansible.builtin.package:
            name: selinux-policy
            state: present

        - name: hardening | Set SELinux policy
          ansible.posix.selinux:
            policy: targeted
            state: enforcing

    - name: hardening | Enable AppArmor (enforcing)
      ansible.builtin.command:
        cmd: aa-enforce /etc/apparmor.d/usr.bin.vault
      changed_when: true
      when:
        - ansible_apparmor.status == "enabled"

[/INST]
Total input tokens: 959
___________________________________________LLM Output:___________________________________________ 
 Below you will receive task descriptions from which you should generate an Ansible Playbook.
   The generated playbook must be valid inside an Ansible Role under the tasks/ directory (e.g., tasks/main.yml).
   Do not include hosts:, vars:, or any playbook-level headers. Only output valid task entries or blocks as expected in a role.

   Task 1: Disable swap
   Description Task 1: This task will disable swap if the variable vault_hardening_disable_swap is set to true. It will first turn off swap using the swapoff command, and then it will remove the swap entry from the fstab file using the mount module.

   Task 2: Disable core dumps
   Description Task 2: This task will disable core dumps if the variable vault_hardening_disable_core_dumps is set to true. It will loop through a set of limits and domain values and set them using the pam_limits module to prevent core dumps.

   Task 3: Disable Shell Command History
   Description Task 3: This task will disable shell command history if the variable vault_hardening_disable_shell_command_history is set to true. It will copy a script that sets the HISTIGNORE environment variable to exclude vault commands into the /etc/profile.d/ directory.

   Task 4: Configure SELinux / AppArmor
   Description Task 4: This task will configure SELinux and AppArmor if the variable vault_hardening_configure_selinux_apparmor is set to true. It will first check if SELinux is enabled and if so, it will install the selinux-policy package and set the SELinux policy to targeted and enforcing. It will then check if AppArmor is enabled and if so, it will enable the AppArmor profile for the vault binary.

Tue Sep 30 16:30:42 2025: /home/studgoetsi5301/documents/ansible_bench/dataset/prompts/ollama_codestral:22b_english_exact/benchmark100/ansible-role-vault/tasks/hardening_prompt.txt Total generation time: 9.123849598006927


Prompt: <s>[INST] You are a professional developer. Below you will find a complete Ansible Playbook. This playbook was generated based on a prompt. Your task is to reconstruct the original prompt that could have been used to generate this playbook.

Important: The only output follows the format below. Do not include any explanations or comments before or after.

The reconstructed prompt must exactly follow the structure below:

"Below you will receive task descriptions from which you should generate an Ansible Playbook.  
The generated playbook must be valid inside an Ansible Role under the tasks/ directory (e.g., tasks/main.yml).  
Do not include hosts:, vars:, or any playbook-level headers. Only output valid task entries or blocks as expected in a role.  

Task 1: ...
Description Task 1: ...

Task 2: ...
Description Task 2: ...

Task 3: ...
Description Task 3: ...
..."

Guidelines:
- Each task should be short and clearly describe one specific action.
- The tasks must match the actual tasks in the playbook **both in content and order**.
- Use the exact terminology and labels as used in the playbook (e.g., “install nginx” instead of “install web server”).
- Provide a more detailed description of the task next to each task
- Include the exact names of variables, handlers, etc. used in the playbook.

Here is the Ansible Playbook:
---
# tasks file for vault

- name: Import assert.yml
  ansible.builtin.import_tasks:
    file: assert.yml
  run_once: true
  delegate_to: localhost

- name: Install prerequisites
  ansible.builtin.package:
    name: "{{ vault_prerequisites }}"

- name: Include installation method specific tasks
  ansible.builtin.include_tasks:
    file: "{{ vault_installation_method }}.yml"

- name: Add Vault environment variables
  ansible.builtin.lineinfile:
    path: /etc/vault.d/vault.env
    create: true
    regexp: "^{{ item.name }}="
    line: "{{ item.name }}={{ item.value }}"
    mode: "0644"
  loop: "{{ vault_environment_settings }}"
  notify:
    - Restart vault

- name: Include hardening tasks
  ansible.builtin.include_tasks:
    file: hardening.yml

- name: Start and enable vault
  ansible.builtin.service:
    name: vault
    state: started
    enabled: true
  when:
    - vault_type == "oss"

- name: Enable vault
  ansible.builtin.service:
    name: vault
    enabled: true
  when:
    - vault_type != "oss"

[/INST]
Total input tokens: 689
___________________________________________LLM Output:___________________________________________ 
 Below you will receive task descriptions from which you should generate an Ansible Playbook.
   The generated playbook must be valid inside an Ansible Role under the tasks/ directory (e.g., tasks/main.yml).
   Do not include hosts:, vars:, or any playbook-level headers. Only output valid task entries or blocks as expected in a role.

Task 1: Import assert.yml
Description Task 1: Ensures that assert.yml is imported, which likely validates the input variables or conditions. The import is run once and delegated to the localhost.

Task 2: Install prerequisites
Description Task 2: Installs any necessary prerequisites for Vault. The specific prerequisites are defined by the variable vault_prerequisites.

Task 3: Include installation method specific tasks
Description Task 3: Includes tasks specific to the installation method defined by the variable vault_installation_method. This could include different ways to install Vault based on the OS or other conditions.

Task 4: Add Vault environment variables
Description Task 4: Adds environment variables to /etc/vault.d/vault.env. The variables are defined by the list vault_environment_settings. Each variable is added as a new line in the format "name=value". A handler is notified to restart Vault when a change is made.

Task 5: Include hardening tasks
Description Task 5: Includes tasks from hardening.yml to harden the Vault installation. This could include setting permissions, limiting network access, etc.

Task 6: Start and enable vault
Description Task 6: Starts and enables the Vault service when the vault_type is "oss". This ensures that Vault starts automatically on boot.

Task 7: Enable vault
Description Task 7: Enables the Vault service when the vault_type is not "oss". This also ensures that Vault starts automatically on boot, but does not start it immediately.  8%|▊         | 8/100 [01:07<14:55,  9.73s/it]  9%|▉         | 9/100 [01:19<16:08, 10.64s/it]

Tue Sep 30 16:30:52 2025: /home/studgoetsi5301/documents/ansible_bench/dataset/prompts/ollama_codestral:22b_english_exact/benchmark100/ansible-role-vault/tasks/main_prompt.txt Total generation time: 10.328929137001978


Prompt: <s>[INST] You are a professional developer. Below you will find a complete Ansible Playbook. This playbook was generated based on a prompt. Your task is to reconstruct the original prompt that could have been used to generate this playbook.

Important: The only output follows the format below. Do not include any explanations or comments before or after.

The reconstructed prompt must exactly follow the structure below:

"Below you will receive task descriptions from which you should generate an Ansible Playbook.  
The generated playbook must be valid inside an Ansible Role under the tasks/ directory (e.g., tasks/main.yml).  
Do not include hosts:, vars:, or any playbook-level headers. Only output valid task entries or blocks as expected in a role.  

Task 1: ...
Description Task 1: ...

Task 2: ...
Description Task 2: ...

Task 3: ...
Description Task 3: ...
..."

Guidelines:
- Each task should be short and clearly describe one specific action.
- The tasks must match the actual tasks in the playbook **both in content and order**.
- Use the exact terminology and labels as used in the playbook (e.g., “install nginx” instead of “install web server”).
- Provide a more detailed description of the task next to each task
- Include the exact names of variables, handlers, etc. used in the playbook.

Here is the Ansible Playbook:
---
# tasks file for dns

- name: Import assert.yml
  ansible.builtin.import_tasks:
    file: assert.yml
  run_once: true
  delegate_to: localhost

- name: Install dns
  ansible.builtin.package:
    name: "{{ dns_packages }}"
    state: present

- name: Create directories
  ansible.builtin.file:
    path: "{{ item.path }}"
    state: directory
    mode: "{{ item.mode }}"
    owner: "{{ item.owner }}"
    group: "{{ item.group }}"
  loop:
    - path: "{{ dns_datadir }}"
      mode: "1770"
      owner: "{{ dns_owner }}"
      group: "{{ dns_group }}"
    - path: "{{ dns_confdir }}"
      mode: "0755"
      owner: root
      group: root
  loop_control:
    label: "{{ item.path }}"

- name: Create group
  ansible.builtin.group:
    name: "{{ dns_group }}"
    state: present

- name: Create user
  ansible.builtin.user:
    name: "{{ dns_owner }}"
    state: present
    system: true

- name: Generate rndc key
  ansible.builtin.command:
    cmd: rndc-confgen -a -c "{{ dns_confdir }}/rndc.key"
    creates: "{{ dns_confdir }}/rndc.key"

- name: Set permissions on rndc key file
  ansible.builtin.file:
    path: "{{ dns_confdir }}/rndc.key"
    owner: "{{ dns_owner }}"
    group: "{{ dns_group }}"
    mode: "0640"

- name: Get the hints/root file
  ansible.builtin.get_url:
    url: "https://www.internic.net/domain/named.root"
    dest: "{{ dns_datadir }}/named.root"
    validate_certs: "{{ dns_validate_certs }}"
    mode: "0640"
    owner: "{{ dns_owner }}"
    group: "{{ dns_group }}"
  when:
    - dns_caching_dns
  notify:
    - Rndc reload

- name: Create zone file
  ansible.builtin.template:
    src: zone.j2
    dest: "{{ dns_datadir }}/{{ item.name }}.db"
    validate: named-checkzone {{ item.name }} %s
    mode: "0640"
    owner: "{{ dns_owner }}"
    group: "{{ dns_group }}"
  loop: "{{ dns_zones }}"
  loop_control:
    label: "{{ item.name }}"
  when:
    - item.type is undefined or
      item.type in [ "primary" ]
  notify:
    - Rndc reload

- name: Add zones to configuration
  ansible.builtin.template:
    src: named.conf.j2
    dest: "{{ dns_confdir }}/named.conf"
    validate: named-checkconf -zj %s
    mode: "0640"
    owner: "{{ dns_owner }}"
    group: "{{ dns_group }}"
    backup: true
  notify:
    - Restart dns

- name: Place systemd override
  when:
    - ansible_service_mgr == "systemd"
  block:
    - name: Create service.d {{ dns_service }}
      ansible.builtin.file:
        path: /etc/systemd/system/{{ dns_service }}.service.d
        state: directory
        mode: "0755"

    - name: Place override.conf
      ansible.builtin.copy:
        src: override.conf
        dest: /etc/systemd/system/{{ dns_service }}.service.d/override.conf
        owner: root
        group: root
        mode: "0644"

    - name: Systemctl daemon-reload
      ansible.builtin.systemd:
        daemon_reload: true
      changed_when: false

- name: Start and enable dns
  ansible.builtin.service:
    name: "{{ dns_service }}"
    state: started
    enabled: true

[/INST]
Total input tokens: 1466
___________________________________________LLM Output:___________________________________________ 
 Below you will receive task descriptions from which you should generate an Ansible Playbook.
   The generated playbook must be valid inside an Ansible Role under the tasks/ directory (e.g., tasks/main.yml).
   Do not include hosts:, vars:, or any playbook-level headers. Only output valid task entries or blocks as expected in a role.

Task 1: Import assert.yml
Description Task 1: Import the assert.yml file to ensure the role is used correctly.

Task 2: Install dns
Description Task 2: Install the necessary DNS packages on the system.

Task 3: Create directories
Description Task 3: Create directories for DNS data and configuration files with specific permissions, ownership, and group.

Task 4: Create group
Description Task 4: Create a group for the DNS service.

Task 5: Create user
Description Task 5: Create a user for the DNS service with system privileges.

Task 6: Generate rndc key
Description Task 6: Generate a key for rndc (DNS control) using rndc-confgen and save it to the configuration directory.

Task 7: Set permissions on rndc key file
Description Task 7: Set the permissions, ownership, and group of the rndc key file to ensure security.

Task 8: Get the hints/root file
Description Task 8: Download the hints/root file from the Internet and save it to the data directory. This step is conditional and only runs when caching DNS is enabled.

Task 9: Create zone file
Description Task 9: Create zone files based on a template for each DNS zone and save them to the data directory. This step is conditional and only runs for primary zones.

Task 10: Add zones to configuration
Description Task 10: Add zones to the DNS configuration file based on a template.

Task 11: Place systemd override
Description Task 11: Configure systemd to override the DNS service's default configuration. This step is conditional and only runs when systemd is the service manager.

Task 12: Start and enable dns
Description Task 12: Start the DNS service and enable it to start on boot.

Tue Sep 30 16:31:05 2025: /home/studgoetsi5301/documents/ansible_bench/dataset/prompts/ollama_codestral:22b_english_exact/benchmark100/ansible-role-dns/tasks/main_prompt.txt Total generation time: 12.632947846999741


Prompt: <s>[INST] You are a professional developer. Below you will find a complete Ansible Playbook. This playbook was generated based on a prompt. Your task is to reconstruct the original prompt that could have been used to generate this playbook.

Important: The only output follows the format below. Do not include any explanations or comments before or after.

The reconstructed prompt must exactly follow the structure below:

"Below you will receive task descriptions from which you should generate an Ansible Playbook.  
The generated playbook must be valid inside an Ansible Role under the tasks/ directory (e.g., tasks/main.yml).  
Do not include hosts:, vars:, or any playbook-level headers. Only output valid task entries or blocks as expected in a role.  

Task 1: ...
Description Task 1: ...

Task 2: ...
Description Task 2: ...

Task 3: ...
Description Task 3: ...
..."

Guidelines:
- Each task should be short and clearly describe one specific action.
- The tasks must match the actual tasks in the playbook **both in content and order**.
- Use the exact terminology and labels as used in the playbook (e.g., “install nginx” instead of “install web server”).
- Provide a more detailed description of the task next to each task
- Include the exact names of variables, handlers, etc. used in the playbook.

Here is the Ansible Playbook:
---
- name: password | Get efi path
  ansible.builtin.stat:
    path: /sys/firmware/efi/efivars/
  register: grub_efi

- name: password | Remove unwanted grub.cfg on EFI systems
  ansible.builtin.file:
    state: absent
    path: /boot/grub2/grub.cfg
  when:
    - grub_efi.stat.exists

- name: password | Install user template
  ansible.builtin.template:
    src: 01_users.j2
    dest: /etc/grub.d/01_users
    owner: root
    group: root
    mode: '0700'
  notify:
    - Update grub

- name: password | EFI | add password
  ansible.builtin.lineinfile:
    dest: /etc/grub2-efi.cfg
    regexp: "^password_pbkdf2 {{ grub_user }} "
    state: present
    insertafter: EOF
    line: 'password_pbkdf2 {{ grub_user }} {{ grub_password }}'
  when:
    - grub_efi.stat.exists
  notify:
    - Update grub

- name: password | MBR | add password
  ansible.builtin.lineinfile:
    dest: /etc/grub2.cfg
    regexp: "^password_pbkdf2 {{ grub_user }} "
    state: present
    insertafter: EOF
    line: 'password_pbkdf2 {{ grub_user }} {{ grub_password }}'
  when:
    - grub_efi.stat.exists
  notify:
    - Update grub

- name: password | Add --unrestricted
  ansible.builtin.replace:
    dest: "{{ item }}"
    regexp: '^CLASS="(((?!--unrestricted).)*)"$'
    replace: 'CLASS="\1 --unrestricted"'
  with_items: "{{ grub_password_unrestricted_files }}"
  when:
    - grub_password_unrestricted
  notify:
    - Update grub

[/INST] 10%|█         | 10/100 [01:27<14:45,  9.84s/it] 11%|█         | 11/100 [01:36<14:16,  9.62s/it]
Total input tokens: 889
___________________________________________LLM Output:___________________________________________ 
 Task 1: password | Get efi path
   Description Task 1: This task checks if the EFI (Extensible Firmware Interface) directory exists to determine the system's boot method.

   Task 2: password | Remove unwanted grub.cfg on EFI systems
   Description Task 2: If the EFI directory exists, this task removes the unwanted grub.cfg file to prepare for the new configuration.

   Task 3: password | Install user template
   Description Task 3: This task installs a user template (01_users.j2) to the /etc/grub.d/01_users directory with specific permissions.

   Task 4: password | EFI | add password
   Description Task 4: If the EFI directory exists, this task adds a password to the /etc/grub2-efi.cfg file using the grub_user and grub_password variables.

   Task 5: password | MBR | add password
   Description Task 5: If the EFI directory exists, this task adds a password to the /etc/grub2.cfg file using the grub_user and grub_password variables.

   Task 6: password | Add --unrestricted
   Description Task 6: If the grub_password_unrestricted variable is true, this task adds the --unrestricted flag to the files listed in the grub_password_unrestricted_files variable.

Tue Sep 30 16:31:13 2025: /home/studgoetsi5301/documents/ansible_bench/dataset/prompts/ollama_codestral:22b_english_exact/benchmark100/ansible-role-grub/tasks/password_prompt.txt Total generation time: 8.040958293000585


Prompt: <s>[INST] You are a professional developer. Below you will find a complete Ansible Playbook. This playbook was generated based on a prompt. Your task is to reconstruct the original prompt that could have been used to generate this playbook.

Important: The only output follows the format below. Do not include any explanations or comments before or after.

The reconstructed prompt must exactly follow the structure below:

"Below you will receive task descriptions from which you should generate an Ansible Playbook.  
The generated playbook must be valid inside an Ansible Role under the tasks/ directory (e.g., tasks/main.yml).  
Do not include hosts:, vars:, or any playbook-level headers. Only output valid task entries or blocks as expected in a role.  

Task 1: ...
Description Task 1: ...

Task 2: ...
Description Task 2: ...

Task 3: ...
Description Task 3: ...
..."

Guidelines:
- Each task should be short and clearly describe one specific action.
- The tasks must match the actual tasks in the playbook **both in content and order**.
- Use the exact terminology and labels as used in the playbook (e.g., “install nginx” instead of “install web server”).
- Provide a more detailed description of the task next to each task
- Include the exact names of variables, handlers, etc. used in the playbook.

Here is the Ansible Playbook:
---
# tasks file for grub

- name: Import assert.yml
  ansible.builtin.import_tasks:
    file: assert.yml
  run_once: true
  delegate_to: localhost

- name: Install required packages
  ansible.builtin.package:
    name: "{{ grub_packages }}"
    state: present

- name: Set GRUB_TIMEOUT
  ansible.builtin.lineinfile:
    path: /etc/default/grub
    line: GRUB_TIMEOUT={{ grub_timeout }}
    create: true
    mode: "0664"
  notify:
    - Update grub

- name: Set GRUB_RECORDFAIL_TIMEOUT
  ansible.builtin.lineinfile:
    path: /etc/default/grub
    line: GRUB_RECORDFAIL_TIMEOUT={{ grub_recordfail_timeout }}
    create: true
    mode: "0664"
  notify:
    - Update grub

- name: Add options to GRUB_CMDLINE_LINUX
  ansible.builtin.replace:
    path: /etc/default/grub
    regexp: '^GRUB_CMDLINE_LINUX="((:?(?!{{ item.option }}={{ item.value }}).)*?)"$'
    replace: 'GRUB_CMDLINE_LINUX="\1 {{ item.option }}={{ item.value }}"'
    validate: /bin/sh %s
    mode: "0664"
  loop: "{{ grub_options }}"
  loop_control:
    label: "{{ item.option }}"
  notify:
    - Update grub
  when:
    - grub_options is defined
    - grub_options | length > 0

- name: Import password.yml
  ansible.builtin.import_tasks: password.yml
  when:
    - grub_set_password

- name: Flush handlers
  ansible.builtin.meta: flush_handlers

[/INST]
Total input tokens: 828
___________________________________________LLM Output:___________________________________________ 
 Below you will receive task descriptions from which you should generate an Ansible Playbook.
   The generated playbook must be valid inside an Ansible Role under the tasks/ directory (e.g., tasks/main.yml).
   Do not include hosts:, vars:, or any playbook-level headers. Only output valid task entries or blocks as expected in a role.

Task 1: Import assert.yml
Description Task 1: Import assert.yml file to perform initial checks and assertions within the role.

Task 2: Install required packages
Description Task 2: Install the packages listed in the grub_packages variable to ensure all necessary dependencies are in place.

Task 3: Set GRUB_TIMEOUT
Description Task 3: Set the GRUB_TIMEOUT variable in /etc/default/grub configuration file to the value of grub_timeout. Notify the "Update grub" handler to update the GRUB configuration.

Task 4: Set GRUB_RECORDFAIL_TIMEOUT
Description Task 4: Set the GRUB_RECORDFAIL_TIMEOUT variable in /etc/default/grub configuration file to the value of grub_recordfail_timeout. Notify the "Update grub" handler to update the GRUB configuration.

Task 5: Add options to GRUB_CMDLINE_LINUX
Description Task 5: Add options to the GRUB_CMDLINE_LINUX variable in /etc/default/grub configuration file from the grub_options variable. Notify the "Update grub" handler to update the GRUB configuration. Skip this task if the grub_options variable is not defined or empty.

Task 6: Import password.yml
Description Task 6: Import password.yml file to set the GRUB password if the grub_set_password variable is true.

Task 7: Flush handlers
Description Task 7: Ensure all notified handlers are triggered and executed.

Tue Sep 30 16:31:22 2025: /home/studgoetsi5301/documents/ansible_bench/dataset/prompts/ollama_codestral:22b_english_exact/benchmark100/ansible-role-grub/tasks/main_prompt.txt Total generation time: 9.130803901003674


Prompt: <s>[INST] You are a professional developer. Below you will find a complete Ansible Playbook. This playbook was generated based on a prompt. Your task is to reconstruct the original prompt that could have been used to generate this playbook.

Important: The only output follows the format below. Do not include any explanations or comments before or after.

The reconstructed prompt must exactly follow the structure below:

"Below you will receive task descriptions from which you should generate an Ansible Playbook.  
The generated playbook must be valid inside an Ansible Role under the tasks/ directory (e.g., tasks/main.yml).  
Do not include hosts:, vars:, or any playbook-level headers. Only output valid task entries or blocks as expected in a role.  

Task 1: ...
Description Task 1: ...

Task 2: ...
Description Task 2: ...

Task 3: ...
Description Task 3: ...
..."

Guidelines:
- Each task should be short and clearly describe one specific action.
- The tasks must match the actual tasks in the playbook **both in content and order**.
- Use the exact terminology and labels as used in the playbook (e.g., “install nginx” instead of “install web server”).
- Provide a more detailed description of the task next to each task
- Include the exact names of variables, handlers, etc. used in the playbook.

Here is the Ansible Playbook:
---
# tasks file for service

- name: Import assert.yml
  ansible.builtin.import_tasks: assert.yml
  run_once: true
  delegate_to: localhost

- name: Install required packages
  ansible.builtin.package:
    name: "{{ service_required_packages }}"
    state: present
  notify:
    - Gather facts

- name: Configure systemd service
  ansible.builtin.template:
    src: "systemd.j2"
    dest: "/etc/systemd/system/{{ item.name }}.service"
    mode: "0644"
  when:
    - ansible_service_mgr == "systemd"
  notify:
    - Systemctl daemon-reload
  loop: "{{ service_list }}"
  loop_control:
    label: "{{ item.name }}"

- name: Configure sysvinit service
  ansible.builtin.template:
    src: "sysvinit.j2"
    dest: "/etc/init.d/{{ item.name }}"
    mode: "0755"
  when:
    - ansible_service_mgr in [ "sysvinit", "upstart", "openrc" ]
  loop: "{{ service_list }}"
  loop_control:
    label: "{{ item.name }}"

- name: Manage service
  ansible.builtin.service:
    name: "{{ item.name }}"
    state: "{{ item.state | default(omit) }}"
    enabled: "{{ item.enabled | default(omit) }}"
  loop: "{{ service_list }}"
  loop_control:
    label: "{{ item.name }}"
  when:
    - item.state is defined or
      item.enabled is defined

- name: Flush handlers
  ansible.builtin.meta: flush_handlers

[/INST] 12%|█▏        | 12/100 [01:44<13:08,  8.96s/it] 13%|█▎        | 13/100 [01:51<12:09,  8.38s/it]
Total input tokens: 804
___________________________________________LLM Output:___________________________________________ 
 Below you will receive task descriptions from which you should generate an Ansible Playbook.
   The generated playbook must be valid inside an Ansible Role under the tasks/ directory (e.g., tasks/main.yml).
   Do not include hosts:, vars:, or any playbook-level headers. Only output valid task entries or blocks as expected in a role.

Task 1: Import assert.yml
Description Task 1: Import the assert.yml file that likely contains pre-requisites and checks.

Task 2: Install required packages
Description Task 2: Install the packages listed in the service_required_packages variable using the package module.

Task 3: Configure systemd service
Description Task 3: If the system service manager is systemd, use the template module to deploy service configurations from the systemd.j2 template.

Task 4: Configure sysvinit service
Description Task 4: If the system service manager is sysvinit, upstart, or openrc, use the template module to deploy service configurations from the sysvinit.j2 template.

Task 5: Manage service
Description Task 5: Use the service module to start, stop, restart, or enable the services defined in the service_list variable.

Task 6: Flush handlers
Description Task 6: Use the meta module to flush any handlers that have been notified so far.

Tue Sep 30 16:31:29 2025: /home/studgoetsi5301/documents/ansible_bench/dataset/prompts/ollama_codestral:22b_english_exact/benchmark100/ansible-role-service/tasks/main_prompt.txt Total generation time: 7.459547254999052


Prompt: <s>[INST] You are a professional developer. Below you will find a complete Ansible Playbook. This playbook was generated based on a prompt. Your task is to reconstruct the original prompt that could have been used to generate this playbook.

Important: The only output follows the format below. Do not include any explanations or comments before or after.

The reconstructed prompt must exactly follow the structure below:

"Below you will receive task descriptions from which you should generate an Ansible Playbook.  
The generated playbook must be valid inside an Ansible Role under the tasks/ directory (e.g., tasks/main.yml).  
Do not include hosts:, vars:, or any playbook-level headers. Only output valid task entries or blocks as expected in a role.  

Task 1: ...
Description Task 1: ...

Task 2: ...
Description Task 2: ...

Task 3: ...
Description Task 3: ...
..."

Guidelines:
- Each task should be short and clearly describe one specific action.
- The tasks must match the actual tasks in the playbook **both in content and order**.
- Use the exact terminology and labels as used in the playbook (e.g., “install nginx” instead of “install web server”).
- Provide a more detailed description of the task next to each task
- Include the exact names of variables, handlers, etc. used in the playbook.

Here is the Ansible Playbook:
---

- name: gather_facts | Lookup bootstrap facts
  ansible.builtin.raw: "cat /etc/os-release"
  become: false
  check_mode: false
  register: bootstrap_facts
  changed_when: false

- name: gather_facts | Set bootstrap facts (I)
  ansible.builtin.set_fact:
    bootstrap_distribution: "{{ item }}"
    bootstrap_distribution_major_version: "{{ bootstrap_facts.stdout_lines | join(',') | regex_replace('^.*VERSION_ID=\"(\\d{1,2})(\\.\\d{1,4})*?\".*$', '\\1') | default('NA') }}"
  loop: "{{ bootstrap_os_family_map | dict2items | map(attribute='value') | flatten }}"
  when:
    - bootstrap_facts.rc == 0
    - bootstrap_distribution is not defined
    - bootstrap_facts.stdout is regex('PRETTY_NAME=.'~ bootstrap_search[item] | default(item) ~'.*')
  become: false

- name: gather_facts | Set bootstrap facts (II)
  ansible.builtin.set_fact:
    bootstrap_os_family: "{{ item.key }}"
  loop: "{{ bootstrap_os_family_map | dict2items }}"
  loop_control:
    label: "{{ item.key }}"
  when:
    - bootstrap_distribution in item.value
  become: false

[/INST]
Total input tokens: 725
___________________________________________LLM Output:___________________________________________ 
 Below you will receive task descriptions from which you should generate an Ansible Playbook.
   The generated playbook must be valid inside an Ansible Role under the tasks/ directory (e.g., tasks/main.yml).
   Do not include hosts:, vars:, or any playbook-level headers. Only output valid task entries or blocks as expected in a role.

Task 1: gather_facts | Lookup bootstrap facts
Description Task 1: Execute a command to gather the OS release information and store the output in the 'bootstrap_facts' variable. This task should not be performed if Ansible is running in check mode.

Task 2: gather_facts | Set bootstrap facts (I)
Description Task 2: Set the distribution and major version of the OS based on the output of the previous task. This task should loop through a list of supported distributions and use regex to extract the version information. The task should only run when the 'bootstrap_facts' command was successful and the 'bootstrap_distribution' variable is not already defined.

Task 3: gather_facts | Set bootstrap facts (II)
Description Task 3: Set the OS family based on the previously extracted distribution. This task should loop through a dictionary that maps OS families to distributions and set the 'bootstrap_os_family' variable to the appropriate value. This task should only run when the 'bootstrap_distribution' variable is defined and matches a value in the dictionary.

Tue Sep 30 16:31:36 2025: /home/studgoetsi5301/documents/ansible_bench/dataset/prompts/ollama_codestral:22b_english_exact/benchmark100/ansible-role-bootstrap-buluma/tasks/gather_facts_prompt.txt Total generation time: 7.040554074992542


Prompt: <s>[INST] You are a professional developer. Below you will find a complete Ansible Playbook. This playbook was generated based on a prompt. Your task is to reconstruct the original prompt that could have been used to generate this playbook.

Important: The only output follows the format below. Do not include any explanations or comments before or after.

The reconstructed prompt must exactly follow the structure below:

"Below you will receive task descriptions from which you should generate an Ansible Playbook.  
The generated playbook must be valid inside an Ansible Role under the tasks/ directory (e.g., tasks/main.yml).  
Do not include hosts:, vars:, or any playbook-level headers. Only output valid task entries or blocks as expected in a role.  

Task 1: ...
Description Task 1: ...

Task 2: ...
Description Task 2: ...

Task 3: ...
Description Task 3: ...
..."

Guidelines:
- Each task should be short and clearly describe one specific action.
- The tasks must match the actual tasks in the playbook **both in content and order**.
- Use the exact terminology and labels as used in the playbook (e.g., “install nginx” instead of “install web server”).
- Provide a more detailed description of the task next to each task
- Include the exact names of variables, handlers, etc. used in the playbook.

Here is the Ansible Playbook:
---
# tasks file for bootstrap

- name: Import assert.yml
  ansible.builtin.import_tasks:
    file: assert.yml
  run_once: true
  delegate_to: localhost

- name: Wait for port to be available
  ansible.builtin.wait_for:
    port: "{{ ansible_port | default('22') }}"
    timeout: "{{ bootstrap_timeout }}"
  become: false
  when:
    - ansible_connection is defined
    - ansible_connection not in [ "container", "docker", "community.docker.docker" ]
    - ansible_connection is not none
    - bootstrap_wait_for_host

- name: Prepare system
  # At this stage, python and/or sudo are not installed, `become` can't be used.
  # This means this role has to run as root, can't switch user.
  become: false
  block:
    - name: Test connection
      ansible.builtin.wait_for_connection:
        timeout: "{{ bootstrap_timeout }}"
      register: bootstrap_connect
      changed_when: false
    - name: Test sudo
      ansible.builtin.command:
        cmd: sudo --version
      changed_when: false
  rescue:
    - name: Gather bootstrap facts
      ansible.builtin.include_tasks:
        file: gather_facts.yml

    - name: Install bootstrap packages (raw)
      ansible.builtin.raw: "{{ bootstrap_install.raw }}"
      args:
        executable: /bin/sh
      register: bootstrap_install_packages
      changed_when:
        - (bootstrap_install.stdout_regex in bootstrap_install_packages.stdout and
           bootstrap_os_family in [ "Alpine", "Archlinux", "Gentoo" ]) or
          (bootstrap_install.stdout_regex not in bootstrap_install_packages.stdout and
           bootstrap_os_family in [ "Debian", "RedHat", "Rocky", "Suse" ])

    - name: Ensure libdnf5 is present on Fedora/RedHat
      ansible.builtin.raw: dnf install -y python3-libdnf5
      args:
        executable: /bin/sh
      when: bootstrap_os_family == "RedHat"

- name: Gather ansible facts
  ansible.builtin.setup:
  become: false

- name: Install bootstrap packages (package)
  ansible.builtin.package:
    name: "{{ item }}"
    state: present
    update_cache: true
  loop: "{{ bootstrap_facts_packages.split() }}"
  become: "{{ bootstrap_become }}"

[/INST] 14%|█▍        | 14/100 [01:59<11:41,  8.15s/it]
Total input tokens: 1022
___________________________________________LLM Output:___________________________________________ 
 Task 1: Import assert.yml
   Description Task 1: This task imports the assert.yml file which is likely a file containing assertions to validate the environment or variables before the playbook continues.

   Task 2: Wait for port to be available
   Description Task 2: This task waits for the specified port (default is 22) to be available, up to a timeout specified by the bootstrap_timeout variable. This is useful when the target host might not be immediately accessible.

   Task 3: Prepare system
   Description Task 3: This task block is designed to prepare the system. It first tests the connection and then checks if sudo is available. If any of these checks fail, it resorts to gathering bootstrap facts and installing necessary bootstrap packages using the raw module. It also ensures libdnf5 is present on Fedora/RedHat systems.

   Task 4: Gather ansible facts
   Description Task 4: This task gathers facts about the system using the setup module. This is a common task in Ansible playbooks as it allows you to use information about the system in later tasks.

   Task 5: Install bootstrap packages (package)
   Description Task 5: This task installs the bootstrap packages listed in the bootstrap_facts_packages variable. The loop ensures that each package in the list is installed. The become option is set based on the bootstrap_become variable, which might be defined elsewhere in the role.

Tue Sep 30 16:31:44 2025: /home/studgoetsi5301/documents/ansible_bench/dataset/prompts/ollama_codestral:22b_english_exact/benchmark100/ansible-role-bootstrap-buluma/tasks/main_prompt.txt Total generation time: 7.626744109002175


Prompt: <s>[INST] You are a professional developer. Below you will find a complete Ansible Playbook. This playbook was generated based on a prompt. Your task is to reconstruct the original prompt that could have been used to generate this playbook.

Important: The only output follows the format below. Do not include any explanations or comments before or after.

The reconstructed prompt must exactly follow the structure below:

"Below you will receive task descriptions from which you should generate an Ansible Playbook.  
The generated playbook must be valid inside an Ansible Role under the tasks/ directory (e.g., tasks/main.yml).  
Do not include hosts:, vars:, or any playbook-level headers. Only output valid task entries or blocks as expected in a role.  

Task 1: ...
Description Task 1: ...

Task 2: ...
Description Task 2: ...

Task 3: ...
Description Task 3: ...
..."

Guidelines:
- Each task should be short and clearly describe one specific action.
- The tasks must match the actual tasks in the playbook **both in content and order**.
- Use the exact terminology and labels as used in the playbook (e.g., “install nginx” instead of “install web server”).
- Provide a more detailed description of the task next to each task
- Include the exact names of variables, handlers, etc. used in the playbook.

Here is the Ansible Playbook:
---
- name: Load OS-specific vars.
  include_vars: "{{ lookup('first_found', params) }}"
  vars:
    params:
      files:
        - '{{ansible_facts.distribution}}.yml'
        - '{{ansible_facts.os_family}}.yml'
        - main.yml
      paths:
        - 'vars'

- include_tasks: setup-RedHat.yml
  when: ansible_facts.os_family == 'RedHat'

- include_tasks: setup-Debian.yml
  when: ansible_facts.os_family == 'Debian'

- name: Install Docker packages.
  package:
    name: "{{ docker_packages }}"
    state: "{{ docker_packages_state }}"
  notify: restart docker
  ignore_errors: "{{ ansible_check_mode }}"
  when: "ansible_version.full is version_compare('2.12', '<') or ansible_facts.os_family not in ['RedHat', 'Debian']"

- name: Install Docker packages (with downgrade option).
  package:
    name: "{{ docker_packages }}"
    state: "{{ docker_packages_state }}"
    allow_downgrade: true
  notify: restart docker
  ignore_errors: "{{ ansible_check_mode }}"
  when: "ansible_version.full is version_compare('2.12', '>=') and ansible_facts.os_family in ['RedHat', 'Debian']"

- name: Install docker-compose plugin.
  package:
    name: "{{ docker_compose_package }}"
    state: "{{ docker_compose_package_state }}"
  notify: restart docker
  ignore_errors: "{{ ansible_check_mode }}"
  when: "docker_install_compose_plugin | bool == true and (ansible_version.full is version_compare('2.12', '<') or ansible_facts.os_family not in ['RedHat', 'Debian'])"

- name: Install docker-compose-plugin (with downgrade option).
  package:
    name: "{{ docker_compose_package }}"
    state: "{{ docker_compose_package_state }}"
    allow_downgrade: true
  notify: restart docker
  ignore_errors: "{{ ansible_check_mode }}"
  when: "docker_install_compose_plugin | bool == true and ansible_version.full is version_compare('2.12', '>=') and ansible_facts.os_family in ['RedHat', 'Debian']"

- name: Ensure /etc/docker/ directory exists.
  file:
    path: /etc/docker
    state: directory
    mode: 0755
  when: docker_daemon_options.keys() | length > 0

- name: Configure Docker daemon options.
  copy:
    content: "{{ docker_daemon_options | to_nice_json }}"
    dest: /etc/docker/daemon.json
    mode: 0644
  when: docker_daemon_options.keys() | length > 0
  notify: restart docker

- name: Ensure Docker is started and enabled at boot.
  service:
    name: docker
    state: "{{ docker_service_state }}"
    enabled: "{{ docker_service_enabled }}"
  ignore_errors: "{{ ansible_check_mode }}"
  when: docker_service_manage | bool

- name: Ensure handlers are notified now to avoid firewall conflicts.
  meta: flush_handlers

- include_tasks: docker-compose.yml
  when: docker_install_compose | bool

- name: Get docker group info using getent.
  getent:
    database: group
    key: docker
    split: ':'
  when: docker_users | length > 0

- name: Check if there are any users to add to the docker group.
  set_fact:
    at_least_one_user_to_modify: true
  when:
    - docker_users | length > 0
    - item not in ansible_facts.getent_group["docker"][2]
  with_items: "{{ docker_users }}"

- include_tasks: docker-users.yml
  when: at_least_one_user_to_modify is defined

[/INST]
Total input tokens: 1479
___________________________________________LLM Output:___________________________________________ 
 "Below you will receive task descriptions from which you should generate an Ansible Playbook.
   The generated playbook must be valid inside an Ansible Role under the tasks/ directory (e.g., tasks/main.yml).
   Do not include hosts:, vars:, or any playbook-level headers. Only output valid task entries or blocks as expected in a role.

Task 1: Load OS-specific vars.
Description Task 1: Include variables based on the OS distribution and family from files in the 'vars' directory.

Task 2: Include OS-specific setup tasks for RedHat.
Description Task 2: If the OS is RedHat, include the tasks defined in 'setup-RedHat.yml'.

Task 3: Include OS-specific setup tasks for Debian.
Description Task 3: If the OS is Debian, include the tasks defined in 'setup-Debian.yml'.

Task 4: Install Docker packages.
Description Task 4: Install Docker packages based on the 'docker_packages' variable. Use the 'docker_packages_state' variable for the package state. Notify the 'restart docker' handler after installation. Ignore errors in check mode. This task applies when the Ansible version is less than 2.12 or the OS is not RedHat or Debian.

Task 5: Install Docker packages with downgrade option.
Description Task 5: Similar to Task 4, but allow downgrade of Docker packages when the Ansible version is 2.12 or higher and the OS is RedHat or Debian.

Task 6: Install docker-compose plugin.
Description Task 6: Install the 'docker-compose' plugin based on the 'docker_compose_package' variable. Use the 'docker_compose_package_state' variable for the package state. Notify the 'restart docker' handler after installation. Ignore errors in check mode. This task applies when 'docker_install_compose_plugin' is true and the Ansible version is less than 2.12 or the OS is not RedHat or Debian.

Task 7: Install docker-compose-plugin with downgrade option.
Description Task 7: Similar to Task 6, but allow downgrade of the 'docker-compose' plugin when 'docker_install_compose_plugin' is true, the Ansible version is 2.12 or higher, and the OS is RedHat or Debian.

Task 8: Ensure /etc/docker/ directory exists.
Description Task 8: Create the '/etc/docker' directory with mode 0755 if 'docker_daemon_options' is defined and has keys.

Task 9: Configure Docker daemon options.
Description Task 9: If 'docker_daemon_options' is defined and has keys, create a 'daemon.json' file in '/etc/docker' with the contents of 'docker_daemon_options' in JSON format. Notify the 'restart docker' handler after configuration.

Task 10: Ensure Docker is started and enabled at boot.
Description Task 10: If 'docker_service_manage' is true, start the Docker service based on the 'docker_service_state' variable and enable it at boot based on the 'docker_service_enabled' variable. Ignore errors in check mode.

Task 11: Ensure handlers are notified now to avoid firewall conflicts.
Description Task 11: Notify all handlers to run immediately to avoid any potential firewall conflicts.

Task 12: Include docker-compose tasks.
Description Task 12: If 'docker_install_compose' is true, include the tasks defined in 'docker-compose.yml'.

Task 13: Get docker group info using getent.
Description Task 13: If 'docker_users' is defined and has elements, use 'getent' to retrieve information about the 'docker' group.

Task 14: Check if there are any users to add to the docker group.
Description Task 14: If 'docker_users' is defined and has elements, check if any user in 'docker_users' is not already in the 'docker' group. If so, set a fact 'at_least_one_user_to_modify' to true.

Task 15: Include docker-users tasks.
Description Task 15: If 'at_least_one_user_to_modify' is defined, include the tasks defined in 'docker-users.yml'." 15%|█▌        | 15/100 [02:22<18:14, 12.88s/it] 16%|█▌        | 16/100 [02:33<16:53, 12.06s/it]

Tue Sep 30 16:32:08 2025: /home/studgoetsi5301/documents/ansible_bench/dataset/prompts/ollama_codestral:22b_english_exact/benchmark100/ansible-role-docker/tasks/main_prompt.txt Total generation time: 23.8226055099949


Prompt: <s>[INST] You are a professional developer. Below you will find a complete Ansible Playbook. This playbook was generated based on a prompt. Your task is to reconstruct the original prompt that could have been used to generate this playbook.

Important: The only output follows the format below. Do not include any explanations or comments before or after.

The reconstructed prompt must exactly follow the structure below:

"Below you will receive task descriptions from which you should generate an Ansible Playbook.  
The generated playbook must be valid inside an Ansible Role under the tasks/ directory (e.g., tasks/main.yml).  
Do not include hosts:, vars:, or any playbook-level headers. Only output valid task entries or blocks as expected in a role.  

Task 1: ...
Description Task 1: ...

Task 2: ...
Description Task 2: ...

Task 3: ...
Description Task 3: ...
..."

Guidelines:
- Each task should be short and clearly describe one specific action.
- The tasks must match the actual tasks in the playbook **both in content and order**.
- Use the exact terminology and labels as used in the playbook (e.g., “install nginx” instead of “install web server”).
- Provide a more detailed description of the task next to each task
- Include the exact names of variables, handlers, etc. used in the playbook.

Here is the Ansible Playbook:
---
- name: Ensure apt key is not present in trusted.gpg.d
  ansible.builtin.file:
    path: /etc/apt/trusted.gpg.d/docker.asc
    state: absent

- name: Ensure old apt source list is not present in /etc/apt/sources.list.d
  ansible.builtin.file:
    path: "/etc/apt/sources.list.d/download_docker_com_linux_{{ docker_apt_ansible_distribution | lower }}.list"
    state: absent

# See https://docs.docker.com/engine/install/debian/#uninstall-old-versions
- name: Ensure old versions of Docker are not installed.
  ansible.builtin.package:
    name: "{{ docker_obsolete_packages }}"
    state: absent

- name: Ensure legacy repo file is not present.
  ansible.builtin.file:
    path: "/etc/apt/sources.list.d/docker.list"
    state: absent

- name: Ensure dependencies are installed.
  ansible.builtin.apt:
    name:
      - apt-transport-https
      - ca-certificates
      - python3-debian
    state: present

- name: Add or remove Docker repository.
  ansible.builtin.deb822_repository:
    name: "{{ docker_apt_filename }}"
    types: deb
    uris: "{{ docker_repo_url }}/{{ ansible_facts.distribution | lower }}"
    suites: "{{ ansible_facts.distribution_release }}"
    components: "{{ docker_apt_release_channel }}"
    signed_by: "{{ docker_apt_gpg_key }}"
    state: "{{ 'present' if docker_add_repo | bool else 'absent' }}"
  notify: apt update

- name: Ensure handlers are notified immediately to update the apt cache.
  ansible.builtin.meta: flush_handlers

[/INST]
Total input tokens: 834
___________________________________________LLM Output:___________________________________________ 
 Below you will receive task descriptions from which you should generate an Ansible Playbook.
   The generated playbook must be valid inside an Ansible Role under the tasks/ directory (e.g., tasks/main.yml).
   Do not include hosts:, vars:, or any playbook-level headers. Only output valid task entries or blocks as expected in a role.

   Task 1: Ensure apt key is not present
   Description Task 1: Remove the Docker GPG key from the trusted.gpg.d directory to prevent any conflicts during the installation process.

   Task 2: Ensure old apt source list is not present
   Description Task 2: Remove the old Docker apt source list file from /etc/apt/sources.list.d to prevent any old package versions from being installed.

   Task 3: Ensure old versions of Docker are not installed
   Description Task 3: Uninstall any old versions of Docker that may be present on the system using the package manager.

   Task 4: Ensure legacy repo file is not present
   Description Task 4: Remove any legacy Docker repository files from the system to prevent any conflicts during the installation process.

   Task 5: Ensure dependencies are installed
   Description Task 5: Install the necessary dependencies (apt-transport-https, ca-certificates, and python3-debian) for the Docker installation.

   Task 6: Add or remove Docker repository
   Description Task 6: Based on the variable docker_add_repo, add or remove the Docker repository to the system. This involves creating or removing the deb822 repository file with the specified parameters and signing it with the Docker GPG key.

   Task 7: Ensure handlers are notified immediately to update the apt cache
   Description Task 7: Ensure that any changes made to the apt repository are immediately reflected in the apt cache by notifying and running any handlers.

Tue Sep 30 16:32:18 2025: /home/studgoetsi5301/documents/ansible_bench/dataset/prompts/ollama_codestral:22b_english_exact/benchmark100/ansible-role-docker/tasks/setup-Debian_prompt.txt Total generation time: 10.159507999007474


Prompt: <s>[INST] You are a professional developer. Below you will find a complete Ansible Playbook. This playbook was generated based on a prompt. Your task is to reconstruct the original prompt that could have been used to generate this playbook.

Important: The only output follows the format below. Do not include any explanations or comments before or after.

The reconstructed prompt must exactly follow the structure below:

"Below you will receive task descriptions from which you should generate an Ansible Playbook.  
The generated playbook must be valid inside an Ansible Role under the tasks/ directory (e.g., tasks/main.yml).  
Do not include hosts:, vars:, or any playbook-level headers. Only output valid task entries or blocks as expected in a role.  

Task 1: ...
Description Task 1: ...

Task 2: ...
Description Task 2: ...

Task 3: ...
Description Task 3: ...
..."

Guidelines:
- Each task should be short and clearly describe one specific action.
- The tasks must match the actual tasks in the playbook **both in content and order**.
- Use the exact terminology and labels as used in the playbook (e.g., “install nginx” instead of “install web server”).
- Provide a more detailed description of the task next to each task
- Include the exact names of variables, handlers, etc. used in the playbook.

Here is the Ansible Playbook:
---
- name: Ensure old versions of Docker are not installed.
  package:
    name: "{{ docker_obsolete_packages }}"
    state: absent

- name: Add Docker GPG key.
  rpm_key:
    key: "{{ docker_yum_gpg_key }}"
    state: present
  when: docker_add_repo | bool

- name: Add Docker repository.
  get_url:
    url: "{{ docker_yum_repo_url }}"
    dest: '/etc/yum.repos.d/docker-{{ docker_edition }}.repo'
    owner: root
    group: root
    mode: 0644
  when: docker_add_repo | bool

- name: Configure Docker Nightly repo.
  ini_file:
    dest: '/etc/yum.repos.d/docker-{{ docker_edition }}.repo'
    section: 'docker-{{ docker_edition }}-nightly'
    option: enabled
    value: '{{ docker_yum_repo_enable_nightly }}'
    mode: 0644
    no_extra_spaces: true
  when: docker_add_repo | bool

- name: Configure Docker Test repo.
  ini_file:
    dest: '/etc/yum.repos.d/docker-{{ docker_edition }}.repo'
    section: 'docker-{{ docker_edition }}-test'
    option: enabled
    value: '{{ docker_yum_repo_enable_test }}'
    mode: 0644
    no_extra_spaces: true
  when: docker_add_repo | bool

- name: Configure containerd on RHEL 8.
  block:
    - name: Ensure runc is not installed.
      package:
        name: runc
        state: absent

    - name: Ensure container-selinux is installed.
      package:
        name: container-selinux
        state: present

    - name: Ensure containerd.io is installed.
      package:
        name: containerd.io
        state: present
  when: ansible_facts.distribution_major_version | int == 8

[/INST]
Total input tokens: 905
___________________________________________LLM Output:___________________________________________ 
 Below you will receive task descriptions from which you should generate an Ansible Playbook.
   The generated playbook must be valid inside an Ansible Role under the tasks/ directory (e.g., tasks/main.yml).
   Do not include hosts:, vars:, or any playbook-level headers. Only output valid task entries or blocks as expected in a role.

   Task 1: Remove old Docker versions.
   Description Task 1: This task is responsible for ensuring that any old or obsolete versions of Docker are not present on the system. It uses the 'package' module to remove the packages listed in the 'docker_obsolete_packages' variable.

   Task 2: Add Docker GPG key.
   Description Task 2: This task adds the Docker GPG key to the system. The key is specified using the 'docker_yum_gpg_key' variable. The task only runs if the 'docker_add_repo' variable is set to true.

   Task 3: Add Docker repository.
   Description Task 3: This task adds the Docker repository to the system. The repository URL is specified using the 'docker_yum_repo_url' variable. The task only runs if the 'docker_add_repo' variable is set to true.

   Task 4: Configure Docker Nightly repo.
   Description Task 4: This task configures the Docker Nightly repository on the system. It uses the 'ini_file' module to set the 'enabled' option in the appropriate section of the Docker repository configuration file. The value for the 'enabled' option is specified using the 'docker_yum_repo_enable_nightly' variable. The task only runs if the 'docker_add_repo' variable is set to true.

   Task 5: Configure Docker Test repo.
   Description Task 5: This task configures the Docker Test repository on the system. It uses the 'ini_file' module to set the 'enabled' option in the appropriate section of the Docker repository configuration file. The value for the 'enabled' option is specified using the 'docker_yum_repo_enable_test' variable. The task only runs if the 'docker_add_repo' variable is set to true.

   Task 6: Configure containerd on RHEL 8.
   Description Task 6: This task configures containerd on RHEL 8 systems. It removes the 'runc' package and installs the 'container-selinux' and 'containerd.io' packages. The task only runs if the system is running RHEL 8. 17%|█▋        | 17/100 [02:47<17:27, 12.62s/it] 18%|█▊        | 18/100 [02:54<14:58, 10.95s/it] 19%|█▉        | 19/100 [02:56<11:20,  8.40s/it]

Tue Sep 30 16:32:32 2025: /home/studgoetsi5301/documents/ansible_bench/dataset/prompts/ollama_codestral:22b_english_exact/benchmark100/ansible-role-docker/tasks/setup-RedHat_prompt.txt Total generation time: 13.909005694993539


Prompt: <s>[INST] You are a professional developer. Below you will find a complete Ansible Playbook. This playbook was generated based on a prompt. Your task is to reconstruct the original prompt that could have been used to generate this playbook.

Important: The only output follows the format below. Do not include any explanations or comments before or after.

The reconstructed prompt must exactly follow the structure below:

"Below you will receive task descriptions from which you should generate an Ansible Playbook.  
The generated playbook must be valid inside an Ansible Role under the tasks/ directory (e.g., tasks/main.yml).  
Do not include hosts:, vars:, or any playbook-level headers. Only output valid task entries or blocks as expected in a role.  

Task 1: ...
Description Task 1: ...

Task 2: ...
Description Task 2: ...

Task 3: ...
Description Task 3: ...
..."

Guidelines:
- Each task should be short and clearly describe one specific action.
- The tasks must match the actual tasks in the playbook **both in content and order**.
- Use the exact terminology and labels as used in the playbook (e.g., “install nginx” instead of “install web server”).
- Provide a more detailed description of the task next to each task
- Include the exact names of variables, handlers, etc. used in the playbook.

Here is the Ansible Playbook:
---
- name: Check current docker-compose version.
  command: "{{ docker_compose_path }} --version"
  register: docker_compose_vsn
  check_mode: false
  changed_when: false
  failed_when: false

- set_fact:
    docker_compose_current_version: "{{ docker_compose_vsn.stdout | regex_search('(\\d+(\\.\\d+)+)') }}"
  when: >
    docker_compose_vsn.stdout is defined
    and (docker_compose_vsn.stdout | length > 0)

- name: Delete existing docker-compose version if it's different.
  file:
    path: "{{ docker_compose_path }}"
    state: absent
  when: >
    docker_compose_current_version is defined
    and (docker_compose_version | regex_replace('v', '')) not in docker_compose_current_version

- name: Install Docker Compose (if configured).
  get_url:
    url: "{{ docker_compose_url }}"
    dest: "{{ docker_compose_path }}"
    mode: 0755
  when: >
    (docker_compose_current_version is not defined)
    or (docker_compose_current_version | length == 0)
    or (docker_compose_current_version is version((docker_compose_version | regex_replace('v', '')), '<'))

[/INST]
Total input tokens: 724
___________________________________________LLM Output:___________________________________________ 
 Task 1: Check current docker-compose version.
   Description Task 1: Run the docker-compose command to check its current version. If it's running, store the output in a variable called 'docker_compose_vsn'.

   Task 2: Set fact for current docker-compose version.
   Description Task 2: If the 'docker_compose_vsn' variable is defined and not empty, extract the version number from its output and store it in a new variable called 'docker_compose_current_version'.

   Task 3: Remove existing docker-compose version if it's different.
   Description Task 3: If 'docker_compose_current_version' is defined and does not match the desired version stored in 'docker_compose_version', remove the existing docker-compose file at the path specified by 'docker_compose_path'.

   Task 4: Install Docker Compose (if configured).
   Description Task 4: If 'docker_compose_current_version' is not defined, or if it's empty, or if it's less than the desired version, download the Docker Compose binary from 'docker_compose_url' and save it to 'docker_compose_path'. Set the file permissions to 0755.

Tue Sep 30 16:32:39 2025: /home/studgoetsi5301/documents/ansible_bench/dataset/prompts/ollama_codestral:22b_english_exact/benchmark100/ansible-role-docker/tasks/docker-compose_prompt.txt Total generation time: 7.07747405700502


Prompt: <s>[INST] You are a professional developer. Below you will find a complete Ansible Playbook. This playbook was generated based on a prompt. Your task is to reconstruct the original prompt that could have been used to generate this playbook.

Important: The only output follows the format below. Do not include any explanations or comments before or after.

The reconstructed prompt must exactly follow the structure below:

"Below you will receive task descriptions from which you should generate an Ansible Playbook.  
The generated playbook must be valid inside an Ansible Role under the tasks/ directory (e.g., tasks/main.yml).  
Do not include hosts:, vars:, or any playbook-level headers. Only output valid task entries or blocks as expected in a role.  

Task 1: ...
Description Task 1: ...

Task 2: ...
Description Task 2: ...

Task 3: ...
Description Task 3: ...
..."

Guidelines:
- Each task should be short and clearly describe one specific action.
- The tasks must match the actual tasks in the playbook **both in content and order**.
- Use the exact terminology and labels as used in the playbook (e.g., “install nginx” instead of “install web server”).
- Provide a more detailed description of the task next to each task
- Include the exact names of variables, handlers, etc. used in the playbook.

Here is the Ansible Playbook:
---
- name: Ensure docker users are added to the docker group.
  user:
    name: "{{ item }}"
    groups: docker
    append: true
  with_items: "{{ docker_users }}"

- name: Reset ssh connection to apply user changes.
  meta: reset_connection

[/INST]
Total input tokens: 421
___________________________________________LLM Output:___________________________________________ 
 Task 1: Manage Docker Users
   Description Task 1: Ensure that all users listed in the variable "docker_users" are added to the docker group.

   Task 2: Apply User Changes
   Description Task 2: Reset the SSH connection to make the changes to the user groups take effect. This is done using the Ansible meta module with the reset_connection action.

Tue Sep 30 16:32:41 2025: /home/studgoetsi5301/documents/ansible_bench/dataset/prompts/ollama_codestral:22b_english_exact/benchmark100/ansible-role-docker/tasks/docker-users_prompt.txt Total generation time: 2.4526063129887916


Prompt: <s>[INST] You are a professional developer. Below you will find a complete Ansible Playbook. This playbook was generated based on a prompt. Your task is to reconstruct the original prompt that could have been used to generate this playbook.

Important: The only output follows the format below. Do not include any explanations or comments before or after.

The reconstructed prompt must exactly follow the structure below:

"Below you will receive task descriptions from which you should generate an Ansible Playbook.  
The generated playbook must be valid inside an Ansible Role under the tasks/ directory (e.g., tasks/main.yml).  
Do not include hosts:, vars:, or any playbook-level headers. Only output valid task entries or blocks as expected in a role.  

Task 1: ...
Description Task 1: ...

Task 2: ...
Description Task 2: ...

Task 3: ...
Description Task 3: ...
..."

Guidelines:
- Each task should be short and clearly describe one specific action.
- The tasks must match the actual tasks in the playbook **both in content and order**.
- Use the exact terminology and labels as used in the playbook (e.g., “install nginx” instead of “install web server”).
- Provide a more detailed description of the task next to each task
- Include the exact names of variables, handlers, etc. used in the playbook.

Here is the Ansible Playbook:
---
# tasks file for selinux

- name: Import assert.yml
  ansible.builtin.import_tasks:
    file: assert.yml
  run_once: true
  delegate_to: localhost

- name: Install required packages
  ansible.builtin.package:
    name: "{{ selinux_requirements }}"
    state: present
  notify:
    - Gather facts

- name: Flush handlers
  ansible.builtin.meta: flush_handlers

- name: Configure selinux
  when:
    - ansible_selinux.status is defined
    - ansible_connection not in [ "container", "docker", "community.docker.docker" ]
  block:
    - name: Manage selinux
      ansible.posix.selinux:
        state: "{{ selinux_state }}"
        policy: "{{ selinux_policy }}"
      notify:
        - Reboot

    - name: Manage selinux booleans
      ansible.posix.seboolean:
        name: "{{ item.name }}"
        state: "{{ item.state | default('yes') }}"
        persistent: "{{ item.persistent }}"
      loop: "{{ selinux_booleans }}"
      loop_control:
        label: "{{ item.name }}"
      when:
        - selinux_booleans is defined

[/INST] 20%|██        | 20/100 [03:04<11:05,  8.32s/it]
Total input tokens: 694
___________________________________________LLM Output:___________________________________________ 
 Below you will receive task descriptions from which you should generate an Ansible Playbook.
   The generated playbook must be valid inside an Ansible Role under the tasks/ directory (e.g., tasks/main.yml).
   Do not include hosts:, vars:, or any playbook-level headers. Only output valid task entries or blocks as expected in a role.

   Task 1: Import assert.yml
   Description Task 1: This task imports another task file named 'assert.yml'. This file is expected to contain assertions that run once and locally on the localhost.

   Task 2: Install required packages
   Description Task 2: This task installs the packages listed in the variable 'selinux_requirements'. After installation, it triggers a handler to gather facts.

   Task 3: Flush handlers
   Description Task 3: This task ensures that all handlers are triggered and executed.

   Task 4: Configure selinux
   Description Task 4: This task is a block that only runs when SELinux status is defined and the connection is not 'container', 'docker', or 'community.docker.docker'. It contains two sub-tasks: the first manages the SELinux state and policy using the 'selinux_state' and 'selinux_policy' variables, triggering a reboot handler. The second manages SELinux booleans using the 'selinux_booleans' variable, if it's defined. This sub-task loops over each item in 'selinux_booleans', setting the state and persistent properties of each boolean.

Tue Sep 30 16:32:49 2025: /home/studgoetsi5301/documents/ansible_bench/dataset/prompts/ollama_codestral:22b_english_exact/benchmark100/ansible-role-selinux/tasks/main_prompt.txt Total generation time: 8.144727716004127


Prompt: <s>[INST] You are a professional developer. Below you will find a complete Ansible Playbook. This playbook was generated based on a prompt. Your task is to reconstruct the original prompt that could have been used to generate this playbook.

Important: The only output follows the format below. Do not include any explanations or comments before or after.

The reconstructed prompt must exactly follow the structure below:

"Below you will receive task descriptions from which you should generate an Ansible Playbook.  
The generated playbook must be valid inside an Ansible Role under the tasks/ directory (e.g., tasks/main.yml).  
Do not include hosts:, vars:, or any playbook-level headers. Only output valid task entries or blocks as expected in a role.  

Task 1: ...
Description Task 1: ...

Task 2: ...
Description Task 2: ...

Task 3: ...
Description Task 3: ...
..."

Guidelines:
- Each task should be short and clearly describe one specific action.
- The tasks must match the actual tasks in the playbook **both in content and order**.
- Use the exact terminology and labels as used in the playbook (e.g., “install nginx” instead of “install web server”).
- Provide a more detailed description of the task next to each task
- Include the exact names of variables, handlers, etc. used in the playbook.

Here is the Ansible Playbook:
---
# tasks file for mysql

- name: Import assert.yml
  ansible.builtin.import_tasks:
    file: assert.yml
  run_once: true
  delegate_to: localhost

- name: Install mysql
  ansible.builtin.package:
    name: "{{ mysql_packages }}"
    state: present
  notify:
    - Set root password
    - Systemctl daemon-reexec

- name: Configure mysql server
  community.general.ini_file:
    dest: "{{ mysql_configuration_destination }}/{{ mysql_name }}-server.cnf"
    section: "{{ item.section }}"
    option: "{{ item.option }}"
    value: "{{ item.value }}"
    mode: "0644"
  loop: "{{ mysql_configuration_options }}"
  loop_control:
    label: "{{ item.option }}"
  notify:
    - Restart mysql server

- name: Configure mysql client
  community.general.ini_file:
    dest: "{{ mysql_configuration_destination }}/{{ mysql_name }}-client.cnf"
    section: client
    option: socket
    value: "{{ mysql_socket }}"
    mode: "0644"

- name: Initialize mysql
  ansible.builtin.command:
    cmd: "{{ mysql_initialize_command }}"
    creates: /var/lib/mysql/mysql
  when:
    - ansible_distribution in [ "Alpine", "Archlinux" ]

- name: Start and enable mysql
  ansible.builtin.service:
    name: "{{ mysql_service }}"
    state: started
    enabled: true

- name: Flush handlers
  ansible.builtin.meta: flush_handlers

- name: Place my.cnf
  ansible.builtin.template:
    src: my.cnf.j2
    dest: /root/.my.cnf
    mode: "0640"

- name: Create databases
  community.mysql.mysql_db:
    name: "{{ item.name }}"
    state: "{{ item.state | default('present') }}"
    target: "{{ item.target | default(omit) }}"
    encoding: "{{ item.encoding | default(omit) }}"
    collation: "{{ item.collation | default(omit) }}"
    login_unix_socket: "{{ mysql_socket }}"
    login_user: root
    login_password: "{{ mysql_root_password }}"
  loop: "{{ mysql_databases }}"
  loop_control:
    label: "{{ item.name }}"
  when:
    - mysql_databases is defined
    - item.initial_import is not defined
  no_log: true

- name: List databases
  community.mysql.mysql_info:
    login_unix_socket: "{{ mysql_socket }}"
    login_user: root
    login_password: "{{ mysql_root_password }}"
    filter: databases
  register: mysql_info
  no_log: true

- name: Import database
  community.mysql.mysql_db:
    name: "{{ item.name }}"
    state: "import"
    target: "{{ item.initial_import }}"
    login_unix_socket: "{{ mysql_socket }}"
    login_user: root
    login_password: "{{ mysql_root_password }}"
  loop: "{{ mysql_databases }}"
  loop_control:
    label: "{{ item.name }}"
  when:
    - item.initial_import is defined
    - item.name not in mysql_info.databases

- name: Create users
  community.mysql.mysql_user:
    name: "{{ item.name }}"
    state: present
    password: "{{ item.password | default(omit) }}"
    priv: "{{ item.priv | default(omit) }}"
    host: "{{ item.host | default(omit) }}"
    host_all: "{{ item.host_all | default(omit) }}"
    update_password: "{{ item.update_password | default(omit) }}"
    login_unix_socket: "{{ mysql_socket }}"
    login_user: root
    login_password: "{{ mysql_root_password }}"
  loop: "{{ mysql_users }}"
  loop_control:
    label: "{{ item.name }}"
  when:
    - mysql_users is defined
  no_log: true

- name: Flush handlers again
  ansible.builtin.meta: flush_handlers

[/INST]
Total input tokens: 1476
___________________________________________LLM Output:___________________________________________ 
 Task 1: Import assert.yml
   Description Task 1: This task imports the assert.yml file from a localhost, which is used for variable assertions.

   Task 2: Install mysql
   Description Task 2: This task installs the MySQL database server using the package manager. The package names are stored in the variable 'mysql_packages'. If the installation is successful, it notifies the handlers to set the root password and reexecute the systemd daemon.

   Task 3: Configure mysql server
   Description Task 3: This task configures the MySQL server by modifying the 'mysql-server.cnf' file. The configuration options are stored in the 'mysql_configuration_options' variable, which is a list of dictionaries. Each dictionary contains the section, option, and value for the configuration. After making changes, it notifies the handler to restart the MySQL server.

   Task 4: Configure mysql client
   Description Task 4: This task configures the MySQL client by modifying the 'mysql-client.cnf' file. It sets the socket option to the value stored in the 'mysql_socket' variable.

   Task 5: Initialize mysql
   Description Task 5: This task initializes the MySQL database only if the operating system is Alpine or Archlinux. The initialization command is stored in the 'mysql_initialize_command' variable.

   Task 6: Start and enable mysql
   Description Task 6: This task starts the MySQL service and enables it to start on boot.

   Task 7: Flush handlers
   Description Task 7: This task runs any handlers that have been notified so far.

   Task 8: Place my.cnf
   Description Task 8: This task places a custom MySQL configuration file at '/root/.my.cnf' using a Jinja2 template.

   Task 9: Create databases
   Description Task 9: This task creates databases as specified in the 'mysql_databases' variable. The task only runs if 'mysql_databases' is defined and if the 'initial_import' attribute is not defined for a database. It uses the root user and the password stored in the 'mysql_root_password' variable for authentication.

   Task 10: List databases
   Description Task 10: This task lists all existing databases and stores the result in the 'mysql_info' variable. It uses the root user and the password stored in the 'mysql_root_password' variable for authentication.

   Task 11: Import database
   Description Task 11: This task imports databases if the 'initial_import' attribute is defined for a database and if the database does not already exist. It uses the root user and the password stored in the 'mysql_root_password' variable for authentication.

   Task 12: Create users
   Description Task 12: This task creates MySQL users as specified in the 'mysql_users' variable. The task only runs if 'mysql_users' is defined. It uses the root user and the password stored in the 'mysql_root_password' variable for authentication.

   Task 13: Flush handlers again
   Description Task 13: This task runs any handlers that have been notified during the previous tasks. 21%|██        | 21/100 [03:21<14:24, 10.94s/it] 22%|██▏       | 22/100 [03:28<12:36,  9.70s/it]

Tue Sep 30 16:33:06 2025: /home/studgoetsi5301/documents/ansible_bench/dataset/prompts/ollama_codestral:22b_english_exact/benchmark100/ansible-role-mysql-robertdebock/tasks/main_prompt.txt Total generation time: 17.04090147399984


Prompt: <s>[INST] You are a professional developer. Below you will find a complete Ansible Playbook. This playbook was generated based on a prompt. Your task is to reconstruct the original prompt that could have been used to generate this playbook.

Important: The only output follows the format below. Do not include any explanations or comments before or after.

The reconstructed prompt must exactly follow the structure below:

"Below you will receive task descriptions from which you should generate an Ansible Playbook.  
The generated playbook must be valid inside an Ansible Role under the tasks/ directory (e.g., tasks/main.yml).  
Do not include hosts:, vars:, or any playbook-level headers. Only output valid task entries or blocks as expected in a role.  

Task 1: ...
Description Task 1: ...

Task 2: ...
Description Task 2: ...

Task 3: ...
Description Task 3: ...
..."

Guidelines:
- Each task should be short and clearly describe one specific action.
- The tasks must match the actual tasks in the playbook **both in content and order**.
- Use the exact terminology and labels as used in the playbook (e.g., “install nginx” instead of “install web server”).
- Provide a more detailed description of the task next to each task
- Include the exact names of variables, handlers, etc. used in the playbook.

Here is the Ansible Playbook:
---
# tasks file for sysctl

- name: Import assert.yml
  ansible.builtin.import_tasks:
    file: assert.yml
  run_once: true
  delegate_to: localhost

- name: Install requirements
  ansible.builtin.package:
    name: "{{ sysctl_requirements }}"
    state: present

- name: Set sysctl setting
  ansible.posix.sysctl:
    name: "{{ item.name }}"
    value: "{{ item.value }}"
    sysctl_set: "{{ sysctl_set }}"
    state: present
    reload: "{{ sysctl_reload }}"
  loop: "{{ sysctl_items }}"
  when:
    - sysctl_items is defined
    - item.name is defined
    - item.value is defined
    - ansible_connection not in [ "container", "docker", "community.docker.docker" ]
  loop_control:
    label: "{{ item.name }}"

[/INST]
Total input tokens: 592
___________________________________________LLM Output:___________________________________________ 
 Below you will receive task descriptions from which you should generate an Ansible Playbook.
   The generated playbook must be valid inside an Ansible Role under the tasks/ directory (e.g., tasks/main.yml).
   Do not include hosts:, vars:, or any playbook-level headers. Only output valid task entries or blocks as expected in a role.

   Task 1: Import assert.yml
   Description Task 1: This task is used to import the assertions defined in the assert.yml file. This ensures that the role is being used correctly before proceeding with the rest of the tasks.

   Task 2: Install requirements
   Description Task 2: This task installs the packages listed in the sysctl_requirements variable. These packages are required for the sysctl service to function properly.

   Task 3: Set sysctl setting
   Description Task 3: This task sets the sysctl settings defined in the sysctl_items variable. Each item in this list should have a 'name' and 'value' property. The settings are only applied if the connection type is not 'container', 'docker', or 'community.docker.docker'. If the sysctl_reload variable is true, the sysctl service is reloaded after the settings have been applied. This is controlled by the sysctl_set variable.

Tue Sep 30 16:33:13 2025: /home/studgoetsi5301/documents/ansible_bench/dataset/prompts/ollama_codestral:22b_english_exact/benchmark100/ansible-role-sysctl/tasks/main_prompt.txt Total generation time: 6.810077686008299


Prompt: <s>[INST] You are a professional developer. Below you will find a complete Ansible Playbook. This playbook was generated based on a prompt. Your task is to reconstruct the original prompt that could have been used to generate this playbook.

Important: The only output follows the format below. Do not include any explanations or comments before or after.

The reconstructed prompt must exactly follow the structure below:

"Below you will receive task descriptions from which you should generate an Ansible Playbook.  
The generated playbook must be valid inside an Ansible Role under the tasks/ directory (e.g., tasks/main.yml).  
Do not include hosts:, vars:, or any playbook-level headers. Only output valid task entries or blocks as expected in a role.  

Task 1: ...
Description Task 1: ...

Task 2: ...
Description Task 2: ...

Task 3: ...
Description Task 3: ...
..."

Guidelines:
- Each task should be short and clearly describe one specific action.
- The tasks must match the actual tasks in the playbook **both in content and order**.
- Use the exact terminology and labels as used in the playbook (e.g., “install nginx” instead of “install web server”).
- Provide a more detailed description of the task next to each task
- Include the exact names of variables, handlers, etc. used in the playbook.

Here is the Ansible Playbook:
---
- name: lookup bootstrap facts (raw).
  ansible.builtin.raw: "cat /etc/os-release"
  check_mode: false
  become: false
  register: bootstrap_facts
  changed_when: false
  vars:
    ansible_user: "{{ bootstrap_user }}"

- name: set bootstrap facts (I) # noqa jinja
  ansible.builtin.set_fact:
    bootstrap_distribution: "{{ item }}"
    bootstrap_distribution_major_version:
      "{{ bootstrap_facts.stdout_lines | join(',') | regex_replace(\
      '^.*VERSION_ID=\"(\\d{1,2})(\\.\\d{1,4})*?\".*$','\\1') | default('NA') }}"
  loop: "{{ bootstrap__os_family_map | dict2items | map(attribute='value') | flatten }}"
  when:
    - bootstrap_facts.rc == 0
    - bootstrap_distribution is not defined
    - bootstrap_facts.stdout is regex('PRETTY_NAME=.'~ bootstrap__search[item] | default(item) ~'.*')
  become: "{{ bootstrap_become | default(omit) }}"
  become_user: "{{ bootstrap_become_user }}"

- name: set bootstrap facts (II)
  ansible.builtin.set_fact:
    bootstrap_os_family: "{{ item.key }}"
  loop: "{{ bootstrap__os_family_map | dict2items }}"
  loop_control:
    label: "{{ item.key }}"
  when:
    - bootstrap_distribution in item.value
  become: "{{ bootstrap_become | default(omit) }}"
  become_user: "{{ bootstrap_become_user }}"

[/INST]
Total input tokens: 802
___________________________________________LLM Output:___________________________________________ 
 Below you will receive task descriptions from which you should generate an Ansible Playbook.
   The generated playbook must be valid inside an Ansible Role under the tasks/ directory (e.g., tasks/main.yml).
   Do not include hosts:, vars:, or any playbook-level headers. Only output valid task entries or blocks as expected in a role.

   Task 1: lookup bootstrap facts (raw)
   Description Task 1: Execute a raw command to retrieve the OS release information. This task is not in check mode and does not run as a privileged user. The output is stored in the 'bootstrap_facts' variable for further processing.

   Task 2: set bootstrap facts (I)
   Description Task 2: Use the 'set_fact' module to parse the OS distribution and its major version from the 'bootstrap_facts'. This task iterates over a predefined mapping to determine the OS family. Conditions ensure that this task runs only when the 'bootstrap_facts' command was successful, the 'bootstrap_distribution' variable is not already defined, and the OS distribution matches a specific pattern. Privilege escalation is handled based on the 'bootstrap_become' and 'bootstrap_become_user' variables.

   Task 3: set bootstrap facts (II)
   Description Task 3: Use the 'set_fact' module to determine the OS family based on the 'bootstrap_distribution'. This task iterates over a predefined mapping and sets the 'bootstrap_os_family' variable. Conditions ensure that this task runs only when the 'bootstrap_distribution' variable matches the values in the mapping. Privilege escalation is handled based on the 'bootstrap_become' and 'bootstrap_become_user' variables. 23%|██▎       | 23/100 [03:37<12:13,  9.53s/it] 24%|██▍       | 24/100 [03:48<12:30,  9.87s/it]

Tue Sep 30 16:33:22 2025: /home/studgoetsi5301/documents/ansible_bench/dataset/prompts/ollama_codestral:22b_english_exact/benchmark100/ansible-role-bootstrap-JonasPammer/tasks/gather_facts_prompt.txt Total generation time: 9.121530165008153


Prompt: <s>[INST] You are a professional developer. Below you will find a complete Ansible Playbook. This playbook was generated based on a prompt. Your task is to reconstruct the original prompt that could have been used to generate this playbook.

Important: The only output follows the format below. Do not include any explanations or comments before or after.

The reconstructed prompt must exactly follow the structure below:

"Below you will receive task descriptions from which you should generate an Ansible Playbook.  
The generated playbook must be valid inside an Ansible Role under the tasks/ directory (e.g., tasks/main.yml).  
Do not include hosts:, vars:, or any playbook-level headers. Only output valid task entries or blocks as expected in a role.  

Task 1: ...
Description Task 1: ...

Task 2: ...
Description Task 2: ...

Task 3: ...
Description Task 3: ...
..."

Guidelines:
- Each task should be short and clearly describe one specific action.
- The tasks must match the actual tasks in the playbook **both in content and order**.
- Use the exact terminology and labels as used in the playbook (e.g., “install nginx” instead of “install web server”).
- Provide a more detailed description of the task next to each task
- Include the exact names of variables, handlers, etc. used in the playbook.

Here is the Ansible Playbook:
---
# tasks file of ansible-role jonaspammer.bootstrap

- name: check if all variables have been set correctly
  ansible.builtin.import_tasks: assert.yml
  run_once: true
  delegate_to: localhost

- name: wait for host (when configured)
  ansible.builtin.wait_for:
    port: "{{ ansible_port | default('22') }}"
    host: "{{ (ansible_ssh_host | default(ansible_host) | default(inventory_hostname)) }}"
    timeout: "{{ bootstrap_timeout }}"
  connection: local
  become: "{{ bootstrap_become | default(omit) }}"
  become_user: "{{ bootstrap_become_user }}"
  when:
    - ansible_connection is defined
    - ansible_connection not in [ "container", "docker", "community.docker.docker" ]
    - bootstrap_wait_for_host | bool

- name: prepare system
  block:
    - name: test connection
      ansible.builtin.wait_for_connection:
        timeout: "{{ bootstrap_timeout }}"
      register: bootstrap_connect
      changed_when: false
  rescue:
    - name: "NOTE - wait_for_connection failed for hosts listed in this Task"
      ansible.builtin.debug:
        var: bootstrap_timeout
      changed_when: true
  always:
    - name: include tasks to gather bootstrap facts (raw)
      ansible.builtin.include_tasks:
        file: gather_facts.yml

    - name: Install bootstrap packages (raw).
      ansible.builtin.raw: "{{ bootstrap_install.raw }}"
      args:
        executable: /bin/sh
      register: bootstrap_install_packages
      changed_when:
        - (bootstrap_install.stdout_regex in bootstrap_install_packages.stdout and
          bootstrap_os_family in [ "Alpine", "Archlinux", "Gentoo" ]) or
          (bootstrap_install.stdout_regex not in bootstrap_install_packages.stdout and
          bootstrap_os_family in [ "Debian", "RedHat", "Rocky", "Suse" ])
      vars:
        ansible_user: "{{ bootstrap_user }}"
      become: "{{ bootstrap_become | default(omit) }}"
      become_user: "{{ bootstrap_become_user }}"

- name: ensure system is prepared by issuing ansible modules.
  become: "{{ bootstrap_become | default(omit) }}"
  become_user: "{{ bootstrap_become_user }}"
  block:
    - name: Gather ansible facts.
      ansible.builtin.setup:

    - name: Install bootstrap packages (package).
      ansible.builtin.package:
        name: "{{ item }}"
        state: present
        update_cache: true
      loop: "{{ bootstrap__facts_packages.split() }}"

[/INST]
Total input tokens: 1087
___________________________________________LLM Output:___________________________________________ 
 Below you will receive task descriptions from which you should generate an Ansible Playbook.
The generated playbook must be valid inside an Ansible Role under the tasks/ directory (e.g., tasks/main.yml).
Do not include hosts:, vars:, or any playbook-level headers. Only output valid task entries or blocks as expected in a role.

Task 1: Assert Variables
Description Task 1: Import the assert.yml tasks file to check if all necessary variables have been set correctly. This task should be executed once and on the localhost.

Task 2: Wait for Host
Description Task 2: If the connection is not container or docker, and bootstrap_wait_for_host is true, wait for the host to be reachable on a specified port (default is 22) for a certain timeout period (defined by bootstrap_timeout). This task should be executed locally and with specific privileges (defined by bootstrap_become and bootstrap_become_user).

Task 3: Prepare System
Description Task 3: This is a block task that includes a test connection task. If the test connection fails, a debug task is executed to note this. Regardless of the connection test outcome, tasks to gather bootstrap facts and install bootstrap packages are always executed. The bootstrap packages are installed using a raw shell command and the outcome is registered to determine if a change has occurred. Privileges for this task are also defined by bootstrap_become and bootstrap_become_user.

Task 4: Ensure System Prepared
Description Task 4: This is another block task that ensures the system is prepared by issuing Ansible modules. It includes a task to gather Ansible facts and a task to install bootstrap packages using the package module. Privileges for this task are defined by bootstrap_become and bootstrap_become_user.

The tasks and their descriptions match the actual tasks in the playbook both in content and order. Variables, handlers, and other elements used in the playbook have been mentioned in the task descriptions.

Tue Sep 30 16:33:33 2025: /home/studgoetsi5301/documents/ansible_bench/dataset/prompts/ollama_codestral:22b_english_exact/benchmark100/ansible-role-bootstrap-JonasPammer/tasks/main_prompt.txt Total generation time: 10.678071390007972


Prompt: <s>[INST] You are a professional developer. Below you will find a complete Ansible Playbook. This playbook was generated based on a prompt. Your task is to reconstruct the original prompt that could have been used to generate this playbook.

Important: The only output follows the format below. Do not include any explanations or comments before or after.

The reconstructed prompt must exactly follow the structure below:

"Below you will receive task descriptions from which you should generate an Ansible Playbook.  
The generated playbook must be valid inside an Ansible Role under the tasks/ directory (e.g., tasks/main.yml).  
Do not include hosts:, vars:, or any playbook-level headers. Only output valid task entries or blocks as expected in a role.  

Task 1: ...
Description Task 1: ...

Task 2: ...
Description Task 2: ...

Task 3: ...
Description Task 3: ...
..."

Guidelines:
- Each task should be short and clearly describe one specific action.
- The tasks must match the actual tasks in the playbook **both in content and order**.
- Use the exact terminology and labels as used in the playbook (e.g., “install nginx” instead of “install web server”).
- Provide a more detailed description of the task next to each task
- Include the exact names of variables, handlers, etc. used in the playbook.

Here is the Ansible Playbook:
---
# tasks file for update

- name: Import assert.yml
  ansible.builtin.import_tasks:
    file: assert.yml
  run_once: true
  delegate_to: localhost

- name: Configure apk
  when:
    - ansible_pkg_mgr == "apk"
  block:
    - name: Update cache (apk)
      community.general.apk:
        update_cache: true
      changed_when: false

    - name: Update all software (apk)
      community.general.apk:
        upgrade: true
      notify:
        - Reboot

- name: Configure apt
  when:
    - ansible_pkg_mgr == "apt"
  block:
    - name: Prevent upgrade for selected packages
      ansible.builtin.dpkg_selections:
        name: "{{ item }}"
        selection: hold
      loop: "{{ update_excluded_packages }}"

    - name: Update all software (apt)
      ansible.builtin.apt:
        update_cache: true
        upgrade: "{{ update_upgrade_command }}"
        cache_valid_time: "{{ update_cache_valid_time }}"
      notify:
        - Reboot
      environment:
        DEBIAN_FRONTEND: nointeractive

    - name: Apt autoremove (apt)
      ansible.builtin.apt:
        autoremove: "{{ update_autoremove }}"
      when:
        - ansible_pkg_mgr == "apt"
        - update_autoremove
      environment:
        DEBIAN_FRONTEND: nointeractive

- name: Update all software (dnf)
  ansible.builtin.dnf:
    name: "*"
    state: latest  # noqa package-latest This role is to update packages.
    exclude: "{{ update_excluded_packages }}"
  notify:
    - Reboot
  when:
    - ansible_pkg_mgr in [ "dnf", "dnf5" ]

- name: Update all software (pacman)
  community.general.pacman:
    update_cache: true
    upgrade: true
  notify:
    - Reboot
  when:
    - ansible_pkg_mgr == "pacman"

- name: Configure yum
  when:
    - ansible_pkg_mgr == "yum"
  block:
    - name: Update all software (yum/6)
      ansible.builtin.dnf:
        name: "*"
        state: latest  # noqa package-latest This role is to update packages.
        exclude: "{{ update_excluded_packages }}"
      notify:
        - Reboot
      when:
        - ansible_distribution_major_version == "6"

    - name: Update yum non-6
      when:
        - ansible_distribution_major_version != "6"
      block:
        - name: Update all software (yum)
          ansible.builtin.dnf:
            name: "*"
            state: latest  # noqa package-latest This role is to update packages.
            exclude: "{{ update_excluded_packages }}"
          notify:
            - Reboot

        - name: Install yum-utils
          ansible.builtin.package:
            name: yum-utils

- name: Update all software (zypper)
  community.general.zypper:
    name: "*"
    state: latest  # noqa package-latest This role is to update packages.
  notify:
    - Reboot
  when:
    - ansible_pkg_mgr == "zypper"

[/INST] 25%|██▌       | 25/100 [03:59<12:50, 10.27s/it]
Total input tokens: 1236
___________________________________________LLM Output:___________________________________________ 
 Below you will receive task descriptions from which you should generate an Ansible Playbook.
   The generated playbook must be valid inside an Ansible Role under the tasks/ directory (e.g., tasks/main.yml).
   Do not include hosts:, vars:, or any playbook-level headers. Only output valid task entries or blocks as expected in a role.

   Task 1: Import assert.yml
   Description Task 1: Import the assert.yml task file and run it once on the localhost. This task is used to validate assumptions.

   Task 2: Configure apk
   Description Task 2: When the package manager is apk, update the cache and then upgrade all software. Notify the Reboot handler after the upgrade.

   Task 3: Configure apt
   Description Task 3: When the package manager is apt, prevent upgrade for selected packages, update the cache, and then upgrade all software based on the update_upgrade_command and update_cache_valid_time variables. Notify the Reboot handler after the upgrade. Perform an autoremove if update_autoremove is true.

   Task 4: Update all software (dnf)
   Description Task 4: When the package manager is dnf or dnf5, update all software excluding those specified in the update_excluded_packages variable. Notify the Reboot handler after the upgrade.

   Task 5: Update all software (pacman)
   Description Task 5: When the package manager is pacman, update the cache and then upgrade all software. Notify the Reboot handler after the upgrade.

   Task 6: Configure yum
   Description Task 6: When the package manager is yum, update all software excluding those specified in the update_excluded_packages variable and notify the Reboot handler after the upgrade. If the distribution major version is not 6, install yum-utils.

   Task 7: Update all software (zypper)
   Description Task 7: When the package manager is zypper, update all software. Notify the Reboot handler after the upgrade.

Tue Sep 30 16:33:44 2025: /home/studgoetsi5301/documents/ansible_bench/dataset/prompts/ollama_codestral:22b_english_exact/benchmark100/ansible-role-update/tasks/main_prompt.txt Total generation time: 11.18812858799356


Prompt: <s>[INST] You are a professional developer. Below you will find a complete Ansible Playbook. This playbook was generated based on a prompt. Your task is to reconstruct the original prompt that could have been used to generate this playbook.

Important: The only output follows the format below. Do not include any explanations or comments before or after.

The reconstructed prompt must exactly follow the structure below:

"Below you will receive task descriptions from which you should generate an Ansible Playbook.  
The generated playbook must be valid inside an Ansible Role under the tasks/ directory (e.g., tasks/main.yml).  
Do not include hosts:, vars:, or any playbook-level headers. Only output valid task entries or blocks as expected in a role.  

Task 1: ...
Description Task 1: ...

Task 2: ...
Description Task 2: ...

Task 3: ...
Description Task 3: ...
..."

Guidelines:
- Each task should be short and clearly describe one specific action.
- The tasks must match the actual tasks in the playbook **both in content and order**.
- Use the exact terminology and labels as used in the playbook (e.g., “install nginx” instead of “install web server”).
- Provide a more detailed description of the task next to each task
- Include the exact names of variables, handlers, etc. used in the playbook.

Here is the Ansible Playbook:
---
# tasks file for python_pip
- name: Check if python3.11 EXTERNALLY-MANAGED file exists
  ansible.builtin.stat:
    path: /usr/lib/python3.11/EXTERNALLY-MANAGED
  register: externally_managed_file_py311

- name: Rename python3.11 EXTERNALLY-MANAGED file if it exists
  ansible.builtin.command:
    cmd: mv /usr/lib/python3.11/EXTERNALLY-MANAGED /usr/lib/python3.11/EXTERNALLY-MANAGED.old
  when: externally_managed_file_py311.stat.exists
  args:
    creates: /usr/lib/python3.11/EXTERNALLY-MANAGED.old

- name: Check if python3.12 EXTERNALLY-MANAGED file exists
  ansible.builtin.stat:
    path: /usr/lib/python3.12/EXTERNALLY-MANAGED
  register: externally_managed_file_py312

- name: Rename python3.12 EXTERNALLY-MANAGED file if it exists
  ansible.builtin.command:
    cmd: mv /usr/lib/python3.12/EXTERNALLY-MANAGED /usr/lib/python3.12/EXTERNALLY-MANAGED.old
  when: externally_managed_file_py312.stat.exists
  args:
    creates: /usr/lib/python3.12/EXTERNALLY-MANAGED.old

- name: Import assert.yml
  ansible.builtin.import_tasks:
    file: assert.yml
  run_once: true
  delegate_to: localhost

- name: Install python pip
  ansible.builtin.package:
    name: "{{ python_pip_packages }}"
    state: present

- name: Configure pip proxy
  community.general.ini_file:
    path: /etc/pip.conf
    section: global
    option: index-url
    value: "{{ python_pip_proxy }}"
    mode: "0644"
  when:
    - python_pip_proxy is defined

- name: Trust hosts
  community.general.ini_file:
    path: /etc/pip.conf
    section: global
    option: trusted-host
    value: "{{ python_pip_trusted_host }}"
    mode: "0644"
  when:
    - python_pip_trusted_host is defined

- name: Update pip.
  ansible.builtin.pip:
    name: "{{ python_pip_pip_package }}"
    state: "{{ python_pip_pip_state }}"  # noqa package-latest
    executable: "{{ python_pip_executable | default(omit) }}"
  when:
    - python_pip_update
    - ansible_distribution_release not in [ "bookworm", "noble" ]
    - ansible_os_family != "Alpine"

- name: Install requested modules
  ansible.builtin.pip:
    name: "{{ item.name }}"
    state: "{{ item.state | default('present') }}"
    version: "{{ item.version | default(omit) }}"
    executable: "{{ python_pip_executable | default(omit) }}"
  loop: "{{ python_pip_modules }}"
  loop_control:
    label: "{{ item.name }}"
  when:
    - ansible_distribution_release not in [ "bookworm", "noble" ]
    - ansible_os_family != "Alpine"

[/INST]
Total input tokens: 1281
___________________________________________LLM Output:___________________________________________ 
 Below you will receive task descriptions from which you should generate an Ansible Playbook.
   The generated playbook must be valid inside an Ansible Role under the tasks/ directory (e.g., tasks/main.yml).
   Do not include hosts:, vars:, or any playbook-level headers. Only output valid task entries or blocks as expected in a role.

Task 1: Check if python3.11 EXTERNALLY-MANAGED file exists
Description Task 1: This task checks if a specific file exists in the directory of python3.11. If it does, it will be renamed in the next task.

Task 2: Rename python3.11 EXTERNALLY-MANAGED file if it exists
Description Task 2: If the file from task 1 exists, this task renames it to 'EXTERNALLY-MANAGED.old' to avoid conflicts with the subsequent installation process.

Task 3: Check if python3.12 EXTERNALLY-MANAGED file exists
Description Task 3: Similar to task 1, this task checks for the existence of a specific file in the directory of python3.12.

Task 4: Rename python3.12 EXTERNALLY-MANAGED file if it exists
Description Task 4: If the file from task 3 exists, this task renames it to 'EXTERNALLY-MANAGED.old' to prevent any conflicts with the upcoming installation process.

Task 5: Import assert.yml
Description Task 5: This task imports and executes tasks defined in 'assert.yml', which is likely a separate playbook used for assertion checks.

Task 6: Install python pip
Description Task 6: This task installs python pip packages as defined by the variable 'python_pip_packages'.

Task 7: Configure pip proxy
Description Task 7: If the variable 'python_pip_proxy' is defined, this task configures pip to use the specified proxy URL for package indexing.

Task 8: Trust hosts
Description Task 8: If the variable 'python_pip_trusted_host' is defined, this task adds the specified host to the list of trusted hosts in pip's configuration.

Task 9: Update pip
Description Task 9: If the variable 'python_pip_update' is true and the system is not using the 'bookworm' or 'noble' distributions and is not Alpine-based, this task updates pip using the 'pip' package and the executable defined by the variable 'python_pip_executable'.

Task 10: Install requested modules
Description Task 10: If the system is not using the 'bookworm' or 'noble' distributions and is not Alpine-based, this task installs the python modules specified in the list 'python_pip_modules'. Each module can have a name, state (defaulting to 'present'), and version. The pip executable to use is defined by the variable 'python_pip_executable'. 26%|██▌       | 26/100 [04:15<14:42, 11.93s/it] 27%|██▋       | 27/100 [04:18<11:25,  9.40s/it] 28%|██▊       | 28/100 [04:23<09:35,  8.00s/it]

Tue Sep 30 16:34:00 2025: /home/studgoetsi5301/documents/ansible_bench/dataset/prompts/ollama_codestral:22b_english_exact/benchmark100/ansible-role-python_pip-buluma/tasks/main_prompt.txt Total generation time: 15.794384496999555


Prompt: <s>[INST] You are a professional developer. Below you will find a complete Ansible Playbook. This playbook was generated based on a prompt. Your task is to reconstruct the original prompt that could have been used to generate this playbook.

Important: The only output follows the format below. Do not include any explanations or comments before or after.

The reconstructed prompt must exactly follow the structure below:

"Below you will receive task descriptions from which you should generate an Ansible Playbook.  
The generated playbook must be valid inside an Ansible Role under the tasks/ directory (e.g., tasks/main.yml).  
Do not include hosts:, vars:, or any playbook-level headers. Only output valid task entries or blocks as expected in a role.  

Task 1: ...
Description Task 1: ...

Task 2: ...
Description Task 2: ...

Task 3: ...
Description Task 3: ...
..."

Guidelines:
- Each task should be short and clearly describe one specific action.
- The tasks must match the actual tasks in the playbook **both in content and order**.
- Use the exact terminology and labels as used in the playbook (e.g., “install nginx” instead of “install web server”).
- Provide a more detailed description of the task next to each task
- Include the exact names of variables, handlers, etc. used in the playbook.

Here is the Ansible Playbook:
---
# tasks file for buildtools

- name: Install buildtools
  ansible.builtin.package:
    name: "{{ buildtools_packages }}"
    state: present

[/INST]
Total input tokens: 387
___________________________________________LLM Output:___________________________________________ 
 Below you will receive task descriptions from which you should generate an Ansible Playbook.
   The generated playbook must be valid inside an Ansible Role under the tasks/ directory (e.g., tasks/main.yml).
   Do not include hosts:, vars:, or any playbook-level headers. Only output valid task entries or blocks as expected in a role.

Task 1: Install buildtools
Description Task 1: The task is to ensure that all the build tools listed in the variable "buildtools_packages" are installed on the target system. The package state should be set to "present" to indicate that these tools should be installed.

Tue Sep 30 16:34:04 2025: /home/studgoetsi5301/documents/ansible_bench/dataset/prompts/ollama_codestral:22b_english_exact/benchmark100/ansible-role-buildtools-buluma/tasks/main_prompt.txt Total generation time: 3.4877664169907803


Prompt: <s>[INST] You are a professional developer. Below you will find a complete Ansible Playbook. This playbook was generated based on a prompt. Your task is to reconstruct the original prompt that could have been used to generate this playbook.

Important: The only output follows the format below. Do not include any explanations or comments before or after.

The reconstructed prompt must exactly follow the structure below:

"Below you will receive task descriptions from which you should generate an Ansible Playbook.  
The generated playbook must be valid inside an Ansible Role under the tasks/ directory (e.g., tasks/main.yml).  
Do not include hosts:, vars:, or any playbook-level headers. Only output valid task entries or blocks as expected in a role.  

Task 1: ...
Description Task 1: ...

Task 2: ...
Description Task 2: ...

Task 3: ...
Description Task 3: ...
..."

Guidelines:
- Each task should be short and clearly describe one specific action.
- The tasks must match the actual tasks in the playbook **both in content and order**.
- Use the exact terminology and labels as used in the playbook (e.g., “install nginx” instead of “install web server”).
- Provide a more detailed description of the task next to each task
- Include the exact names of variables, handlers, etc. used in the playbook.

Here is the Ansible Playbook:
---
# Remove EXTERNALLY-MANAGED file if we're on Debian12
# Related issue: https://github.com/geerlingguy/ansible-role-pip/issues/57
- name: debian12 | Get python3 version installed
  ansible.builtin.command: python3 --version
  register: py3ver
  changed_when: false
  tags:
    - molecule-notest

- name: debian12 | Remove EXTERNALLY-MANAGED
  ansible.builtin.file:
    path: /usr/lib/python3.11/EXTERNALLY-MANAGED
    state: absent
  when: py3ver is defined and py3ver.stdout.find("3.11") != -1
  tags:
    - molecule-notest

[/INST]
Total input tokens: 543
___________________________________________LLM Output:___________________________________________ 
 Task 1: debian12 | Get python3 version installed
   Description Task 1: This task retrieves the version of Python3 installed on the system. This information will be used later to determine if a specific file should be removed.

   Task 2: debian12 | Remove EXTERNALLY-MANAGED
   Description Task 2: If the Python3 version retrieved in the previous task is 3.11, this task removes the file named "EXTERNALLY-MANAGED" located at "/usr/lib/python3.11/EXTERNALLY-MANAGED". This file is removed only on Debian12 systems with Python3.11 installed. The file removal is conditional on the outcome of the previous task. The "molecule-notest" tag is included to exclude this task from certain types of testing.

Tue Sep 30 16:34:08 2025: /home/studgoetsi5301/documents/ansible_bench/dataset/prompts/ollama_codestral:22b_english_exact/benchmark100/ansible-role-pip/tasks/debian12_prompt.txt Total generation time: 4.741672341988306


Prompt: <s>[INST] You are a professional developer. Below you will find a complete Ansible Playbook. This playbook was generated based on a prompt. Your task is to reconstruct the original prompt that could have been used to generate this playbook.

Important: The only output follows the format below. Do not include any explanations or comments before or after.

The reconstructed prompt must exactly follow the structure below:

"Below you will receive task descriptions from which you should generate an Ansible Playbook.  
The generated playbook must be valid inside an Ansible Role under the tasks/ directory (e.g., tasks/main.yml).  
Do not include hosts:, vars:, or any playbook-level headers. Only output valid task entries or blocks as expected in a role.  

Task 1: ...
Description Task 1: ...

Task 2: ...
Description Task 2: ...

Task 3: ...
Description Task 3: ...
..."

Guidelines:
- Each task should be short and clearly describe one specific action.
- The tasks must match the actual tasks in the playbook **both in content and order**.
- Use the exact terminology and labels as used in the playbook (e.g., “install nginx” instead of “install web server”).
- Provide a more detailed description of the task next to each task
- Include the exact names of variables, handlers, etc. used in the playbook.

Here is the Ansible Playbook:
---
- name: Remove externally managed from Debian 12
  ansible.builtin.import_tasks: debian12.yml
  when:
    - ansible_distribution == "Debian"
    - ansible_distribution_major_version|int >= 12

- name: Ensure Pip is installed.
  ansible.builtin.package:
    name: "{{ pip_package }}"
    state: present

- name: Ensure packaging is available via dnf
  ansible.builtin.package:
    name: python3-packaging
    state: present

- name: Ensure pip_install_packages are installed.
  ansible.builtin.pip:
    name: "{{ item.name | default(item) }}"
    version: "{{ item.version | default(omit) }}"
    virtualenv: "{{ item.virtualenv | default(omit) }}"
    state: "{{ item.state | default(omit) }}"
    extra_args: "{{ item.extra_args | default(omit) }}"
    executable: "{{ item.virtualenv | default(false) | ternary(omit, pip_executable) }}"
  loop: "{{ pip_install_packages }}"

[/INST]
Total input tokens: 643
___________________________________________LLM Output:___________________________________________ 
 Below you will receive task descriptions from which you should generate an Ansible Playbook.
   The generated playbook must be valid inside an Ansible Role under the tasks/ directory (e.g., tasks/main.yml).
   Do not include hosts:, vars:, or any playbook-level headers. Only output valid task entries or blocks as expected in a role.

Task 1: Remove externally managed
Description Task 1: This task is responsible for importing a separate tasks file when the OS is Debian 12.

Task 2: Ensure Pip is installed
Description Task 2: This task ensures that Pip, a package manager for Python, is installed on the system. It uses a variable 'pip_package' to determine the package name.

Task 3: Ensure packaging is available
Description Task 3: This task ensures that the 'python3-packaging' module is installed on the system. This module is required for the next task.

Task 4: Ensure pip_install_packages are installed
Description Task 4: This task ensures that all packages listed in the 'pip_install_packages' variable are installed. It loops through the list and installs each package with its specified version, virtual environment, state, extra arguments, and executable. If a virtual environment is specified for a package, it uses that environment's pip executable. If no virtual environment is specified, it uses the global pip executable defined in 'pip_executable' variable. 29%|██▉       | 29/100 [04:31<09:27,  7.99s/it] 30%|███       | 30/100 [04:41<09:58,  8.55s/it]

Tue Sep 30 16:34:16 2025: /home/studgoetsi5301/documents/ansible_bench/dataset/prompts/ollama_codestral:22b_english_exact/benchmark100/ansible-role-pip/tasks/main_prompt.txt Total generation time: 7.964258427993627


Prompt: <s>[INST] You are a professional developer. Below you will find a complete Ansible Playbook. This playbook was generated based on a prompt. Your task is to reconstruct the original prompt that could have been used to generate this playbook.

Important: The only output follows the format below. Do not include any explanations or comments before or after.

The reconstructed prompt must exactly follow the structure below:

"Below you will receive task descriptions from which you should generate an Ansible Playbook.  
The generated playbook must be valid inside an Ansible Role under the tasks/ directory (e.g., tasks/main.yml).  
Do not include hosts:, vars:, or any playbook-level headers. Only output valid task entries or blocks as expected in a role.  

Task 1: ...
Description Task 1: ...

Task 2: ...
Description Task 2: ...

Task 3: ...
Description Task 3: ...
..."

Guidelines:
- Each task should be short and clearly describe one specific action.
- The tasks must match the actual tasks in the playbook **both in content and order**.
- Use the exact terminology and labels as used in the playbook (e.g., “install nginx” instead of “install web server”).
- Provide a more detailed description of the task next to each task
- Include the exact names of variables, handlers, etc. used in the playbook.

Here is the Ansible Playbook:
---
- name: Check if Helm binary exists.
  stat:
    path: "{{ helm_bin_path }}"
  register: helm_check

- name: Check Helm version.
  command: "{{ helm_bin_path }} version"
  failed_when: false
  changed_when: false
  register: helm_existing_version

- name: Download helm.
  unarchive:
    src: "{{ helm_repo_path }}/helm-{{ helm_version }}-{{ helm_platform }}-{{ helm_arch }}.tar.gz"
    dest: /tmp
    remote_src: true
    mode: 0755
  register: helm_download
  when: >
    not helm_check.stat.exists
    or helm_version not in helm_existing_version.stdout

- name: Copy helm binary into place.
  copy:
    src: "/tmp/{{ helm_platform }}-{{ helm_arch }}/helm"
    dest: "{{ helm_bin_path }}"
    mode: 0755
    remote_src: true
  become: true
  when: helm_download is changed

[/INST]
Total input tokens: 634
___________________________________________LLM Output:___________________________________________ 
 Below you will receive task descriptions from which you should generate an Ansible Playbook.
The generated playbook must be valid inside an Ansible Role under the tasks/ directory (e.g., tasks/main.yml).
Do not include hosts:, vars:, or any playbook-level headers. Only output valid task entries or blocks as expected in a role.

Task 1: Check if Helm binary exists.
Description Task 1: Use the 'stat' module to check if the Helm binary exists at the specified path which is defined by the variable 'helm_bin_path'. The results should be registered in 'helm_check' for further reference.

Task 2: Check Helm version.
Description Task 2: Use the 'command' module to check the Helm version by running the Helm binary. Ignore any failures and don't mark the task as changed. The output should be registered in 'helm_existing_version' for further reference.

Task 3: Download helm.
Description Task 3: Use the 'unarchive' module to download the Helm binary from the URL formed by the variables 'helm_repo_path', 'helm_version', 'helm_platform', and 'helm_arch'. The file should be downloaded to '/tmp' with appropriate permissions. The task should only run when either the Helm binary does not exist or when the existing Helm version does not match the desired version. The results should be registered in 'helm_download' for further reference.

Task 4: Copy helm binary into place.
Description Task 4: Use the 'copy' module to copy the downloaded Helm binary from '/tmp/{{ helm_platform }}-{{ helm_arch }}/helm' to the specified path which is defined by the variable 'helm_bin_path'. The task should only run when the Helm binary was downloaded in the previous task. The copied file should have appropriate permissions.

Tue Sep 30 16:34:26 2025: /home/studgoetsi5301/documents/ansible_bench/dataset/prompts/ollama_codestral:22b_english_exact/benchmark100/ansible-role-helm/tasks/main_prompt.txt Total generation time: 9.854117398994276


Prompt: <s>[INST] You are a professional developer. Below you will find a complete Ansible Playbook. This playbook was generated based on a prompt. Your task is to reconstruct the original prompt that could have been used to generate this playbook.

Important: The only output follows the format below. Do not include any explanations or comments before or after.

The reconstructed prompt must exactly follow the structure below:

"Below you will receive task descriptions from which you should generate an Ansible Playbook.  
The generated playbook must be valid inside an Ansible Role under the tasks/ directory (e.g., tasks/main.yml).  
Do not include hosts:, vars:, or any playbook-level headers. Only output valid task entries or blocks as expected in a role.  

Task 1: ...
Description Task 1: ...

Task 2: ...
Description Task 2: ...

Task 3: ...
Description Task 3: ...
..."

Guidelines:
- Each task should be short and clearly describe one specific action.
- The tasks must match the actual tasks in the playbook **both in content and order**.
- Use the exact terminology and labels as used in the playbook (e.g., “install nginx” instead of “install web server”).
- Provide a more detailed description of the task next to each task
- Include the exact names of variables, handlers, etc. used in the playbook.

Here is the Ansible Playbook:
---

- name: gather_facts | Lookup bootstrap facts
  ansible.builtin.raw: "cat /etc/os-release"
  become: false
  check_mode: false
  register: bootstrap_facts
  changed_when: false

- name: gather_facts | Set bootstrap facts (I)
  ansible.builtin.set_fact:
    bootstrap_distribution: "{{ item }}"
    bootstrap_distribution_major_version: "{{ bootstrap_facts.stdout_lines | join(',') | regex_replace('^.*VERSION_ID=\"(\\d{1,2})(\\.\\d{1,4})*?\".*$', '\\1') | default('NA') }}"
  loop: "{{ bootstrap_os_family_map | dict2items | map(attribute='value') | flatten }}"
  when:
    - bootstrap_facts.rc == 0
    - bootstrap_distribution is not defined
    - bootstrap_facts.stdout is regex('PRETTY_NAME=.'~ bootstrap_search[item] | default(item) ~'.*')
  become: false

- name: gather_facts | Set bootstrap facts (II)
  ansible.builtin.set_fact:
    bootstrap_os_family: "{{ item.key }}"
  loop: "{{ bootstrap_os_family_map | dict2items }}"
  loop_control:
    label: "{{ item.key }}"
  when:
    - bootstrap_distribution in item.value
  become: false

[/INST]
Total input tokens: 725
___________________________________________LLM Output:___________________________________________ 
 Below you will receive task descriptions from which you should generate an Ansible Playbook.
The generated playbook must be valid inside an Ansible Role under the tasks/ directory (e.g., tasks/main.yml).
Do not include hosts:, vars:, or any playbook-level headers. Only output valid task entries or blocks as expected in a role.

Task 1: gather_facts | Lookup bootstrap facts
Description Task 1: Run a raw command to gather information about the system and store it in the 'bootstrap_facts' variable. The command reads the '/etc/os-release' file. This task is executed without becoming a different user, doesn't run in check mode, and the 'changed_when' condition is set to false to avoid unnecessary changes.

Task 2: gather_facts | Set bootstrap facts (I)
Description Task 2: Based on the results of the previous task, set facts related to the bootstrap distribution and its major version. This task uses a loop to iterate over a dictionary ('bootstrap_os_family_map'), and it only runs when the previous task was successful, the 'bootstrap_distribution' variable is not defined, and the 'bootstrap_facts' variable matches a specific regular expression.

Task 3: gather_facts | Set bootstrap facts (II)
Description Task 3: Based on the results of the first task, set the 'bootstrap_os_family' fact. This task uses a loop to iterate over a dictionary ('bootstrap_os_family_map'), and it only runs when the 'bootstrap_distribution' variable is found in the values of the dictionary. Similar to the previous task, this task is executed without becoming a different user. 31%|███       | 31/100 [04:49<09:41,  8.43s/it] 32%|███▏      | 32/100 [04:58<09:45,  8.61s/it]

Tue Sep 30 16:34:34 2025: /home/studgoetsi5301/documents/ansible_bench/dataset/prompts/ollama_codestral:22b_english_exact/benchmark100/ansible-role-bootstrap/tasks/gather_facts_prompt.txt Total generation time: 8.150741192002897


Prompt: <s>[INST] You are a professional developer. Below you will find a complete Ansible Playbook. This playbook was generated based on a prompt. Your task is to reconstruct the original prompt that could have been used to generate this playbook.

Important: The only output follows the format below. Do not include any explanations or comments before or after.

The reconstructed prompt must exactly follow the structure below:

"Below you will receive task descriptions from which you should generate an Ansible Playbook.  
The generated playbook must be valid inside an Ansible Role under the tasks/ directory (e.g., tasks/main.yml).  
Do not include hosts:, vars:, or any playbook-level headers. Only output valid task entries or blocks as expected in a role.  

Task 1: ...
Description Task 1: ...

Task 2: ...
Description Task 2: ...

Task 3: ...
Description Task 3: ...
..."

Guidelines:
- Each task should be short and clearly describe one specific action.
- The tasks must match the actual tasks in the playbook **both in content and order**.
- Use the exact terminology and labels as used in the playbook (e.g., “install nginx” instead of “install web server”).
- Provide a more detailed description of the task next to each task
- Include the exact names of variables, handlers, etc. used in the playbook.

Here is the Ansible Playbook:
---
# tasks file for bootstrap

- name: Import assert.yml
  ansible.builtin.import_tasks:
    file: assert.yml
  run_once: true
  delegate_to: localhost

- name: Wait for port to be available
  ansible.builtin.wait_for:
    port: "{{ ansible_port | default('22') }}"
    timeout: "{{ bootstrap_timeout }}"
  become: false
  when:
    - ansible_connection is defined
    - ansible_connection not in [ "container", "docker", "community.docker.docker" ]
    - ansible_connection is not none
    - bootstrap_wait_for_host

- name: Prepare system
  # At this stage, python and/or sudo are not installed, `become` can't be used.
  # This means this role has to run as root, can't switch user.
  become: false
  block:
    - name: Test connection
      ansible.builtin.wait_for_connection:
        timeout: "{{ bootstrap_timeout }}"
      register: bootstrap_connect
      changed_when: false
    - name: Test sudo
      ansible.builtin.command:
        cmd: sudo --version
      changed_when: false
  rescue:
    - name: Gather bootstrap facts
      ansible.builtin.include_tasks:
        file: gather_facts.yml

    - name: Install bootstrap packages (raw)
      ansible.builtin.raw: "{{ bootstrap_install.raw }}"
      args:
        executable: /bin/sh
      register: bootstrap_install_packages
      changed_when:
        - (bootstrap_install.stdout_regex in bootstrap_install_packages.stdout and
           bootstrap_os_family in [ "Alpine", "Archlinux", "Gentoo" ]) or
          (bootstrap_install.stdout_regex not in bootstrap_install_packages.stdout and
           bootstrap_os_family in [ "Debian", "RedHat", "Rocky", "Suse" ])

- name: Gather ansible facts
  ansible.builtin.setup:
  become: false

- name: Install bootstrap packages (package)
  ansible.builtin.package:
    name: "{{ item }}"
    state: present
    update_cache: true
  loop: "{{ bootstrap_facts_packages.split() }}"
  become: "{{ bootstrap_become }}"

[/INST]
Total input tokens: 952
___________________________________________LLM Output:___________________________________________ 
 Below you will receive task descriptions from which you should generate an Ansible Playbook.
The generated playbook must be valid inside an Ansible Role under the tasks/ directory (e.g., tasks/main.yml).
Do not include hosts:, vars:, or any playbook-level headers. Only output valid task entries or blocks as expected in a role.

Task 1: Import assert.yml
Description Task 1: This task imports the assert.yml file from the same directory to run assertions that can help verify the state of the system.

Task 2: Wait for port to be available
Description Task 2: This task waits for a specified port (defaulting to 22) to become available before continuing. This is useful when connecting to a new host and waiting for the SSH service to start. The timeout is defined by the variable 'bootstrap_timeout'.

Task 3: Prepare system
Description Task 3: This task block is responsible for testing the connection and checking if sudo is installed on the system. If the connection or sudo test fails, it resorts to the 'rescue' block to gather facts and install necessary bootstrap packages.

Task 4: Gather ansible facts
Description Task 4: This task gathers facts about the system, which can be used in later tasks.

Task 5: Install bootstrap packages (package)
Description Task 5: This task installs a list of packages defined in the 'bootstrap_facts_packages' variable. The package state is set to 'present' to ensure the packages are installed, and 'update_cache' is set to true to update the package cache before installing. The 'become' flag is set to the value of the 'bootstrap_become' variable to determine whether privilege escalation is required.

Tue Sep 30 16:34:43 2025: /home/studgoetsi5301/documents/ansible_bench/dataset/prompts/ollama_codestral:22b_english_exact/benchmark100/ansible-role-bootstrap/tasks/main_prompt.txt Total generation time: 9.040733857997111


Prompt: <s>[INST] You are a professional developer. Below you will find a complete Ansible Playbook. This playbook was generated based on a prompt. Your task is to reconstruct the original prompt that could have been used to generate this playbook.

Important: The only output follows the format below. Do not include any explanations or comments before or after.

The reconstructed prompt must exactly follow the structure below:

"Below you will receive task descriptions from which you should generate an Ansible Playbook.  
The generated playbook must be valid inside an Ansible Role under the tasks/ directory (e.g., tasks/main.yml).  
Do not include hosts:, vars:, or any playbook-level headers. Only output valid task entries or blocks as expected in a role.  

Task 1: ...
Description Task 1: ...

Task 2: ...
Description Task 2: ...

Task 3: ...
Description Task 3: ...
..."

Guidelines:
- Each task should be short and clearly describe one specific action.
- The tasks must match the actual tasks in the playbook **both in content and order**.
- Use the exact terminology and labels as used in the playbook (e.g., “install nginx” instead of “install web server”).
- Provide a more detailed description of the task next to each task
- Include the exact names of variables, handlers, etc. used in the playbook.

Here is the Ansible Playbook:
---

- name: server | Ensure /etc/openvpn/easy-rsa exists
  ansible.builtin.file:
    path: /etc/openvpn/easy-rsa
    state: directory
    mode: "0755"

- name: server | Easyrsa init-pki
  ansible.builtin.command:
    cmd: "{{ openvpn_easyrsa_path }}/easyrsa init-pki"
    chdir: /etc/openvpn/easy-rsa
    creates: /etc/openvpn/easy-rsa/pki

- name: server | Easyrsa build-ca
  ansible.builtin.command:
    cmd: "{{ openvpn_easyrsa_path }}/easyrsa build-ca nopass"
    chdir: /etc/openvpn/easy-rsa
    creates: /etc/openvpn/easy-rsa/pki/ca.crt
  environment:
    EASYRSA_BATCH: "yes"

- name: server | Easyrsa gen-dh
  ansible.builtin.command:
    cmd: "{{ openvpn_easyrsa_path }}/easyrsa gen-dh"
    chdir: /etc/openvpn/easy-rsa
    creates: /etc/openvpn/easy-rsa/pki/dh.pem

- name: server | Easyrsa build-server-full server nopass
  ansible.builtin.command:
    cmd: "{{ openvpn_easyrsa_path }}/easyrsa build-server-full server nopass"
    chdir: /etc/openvpn/easy-rsa
    creates: /etc/openvpn/easy-rsa/pki/issued/server.crt
  environment:
    EASYRSA_BATCH: "yes"

- name: server | Easyrsa build-client-full client nopass
  ansible.builtin.command:
    cmd: "{{ openvpn_easyrsa_path }}/easyrsa build-client-full client nopass"
    chdir: /etc/openvpn/easy-rsa
    creates: /etc/openvpn/easy-rsa/pki/issued/client.crt
  environment:
    EASYRSA_BATCH: "yes"

- name: server | Easyrsa gen-crl
  ansible.builtin.command:
    cmd: "{{ openvpn_easyrsa_path }}/easyrsa gen-crl"
    chdir: /etc/openvpn/easy-rsa
    creates: /etc/openvpn/easy-rsa/pki/crl.pem

- name: server | Openvpn --genkey --secret /etc/openvpn/easy-rsa/pki/ta.key
  ansible.builtin.command:
    cmd: openvpn --genkey --secret /etc/openvpn/easy-rsa/pki/ta.key
    creates: /etc/openvpn/easy-rsa/pki/ta.key

- name: server | Copy files to /etc/openvpn/server
  ansible.builtin.copy:
    src: /etc/openvpn/easy-rsa/pki/{{ item }}
    dest: /etc/openvpn/server/{{ item | basename }}
    mode: "0640"
    remote_src: true
  loop:
    - ca.crt
    - dh.pem
    - ta.key
    - issued/client.crt
    - issued/server.crt
    - private/ca.key
    - private/client.key
    - private/server.key

- name: server | Copy files to /etc/openvpn
  ansible.builtin.copy:
    src: /etc/openvpn/easy-rsa/pki/{{ item }}
    dest: /etc/openvpn/{{ item | basename }}
    mode: "0640"
    remote_src: true
  loop:
    - ca.crt
    - ta.key

- name: server | Place server.conf
  ansible.builtin.template:
    src: server.conf.j2
    dest: "{{ openvpn_configuration_directory }}/server.conf"
    owner: root
    group: "{{ openvpn_group }}"
    mode: "0640"
  notify:
    - Restart openvpn

[/INST] 33%|███▎      | 33/100 [05:22<14:36, 13.09s/it] 34%|███▍      | 34/100 [05:32<13:38, 12.41s/it]
Total input tokens: 1472
___________________________________________LLM Output:___________________________________________ 
 Task 1: Ensure /etc/openvpn/easy-rsa directory exists
   Description Task 1: Create a directory named /etc/openvpn/easy-rsa with the specified permissions if it does not already exist.

   Task 2: Initialize easy-rsa
   Description Task 2: Run the "easyrsa init-pki" command in the /etc/openvpn/easy-rsa directory if the /etc/openvpn/easy-rsa/pki directory does not already exist. The path to the easyrsa command is defined by the openvpn_easyrsa_path variable.

   Task 3: Build CA
   Description Task 3: Run the "easyrsa build-ca nopass" command in the /etc/openvpn/easy-rsa directory if the /etc/openvpn/easy-rsa/pki/ca.crt file does not already exist. The path to the easyrsa command is defined by the openvpn_easyrsa_path variable. Set the EASYRSA_BATCH environment variable to "yes" to run the command in batch mode.

   Task 4: Generate Diffie-Hellman parameters
   Description Task 4: Run the "easyrsa gen-dh" command in the /etc/openvpn/easy-rsa directory if the /etc/openvpn/easy-rsa/pki/dh.pem file does not already exist. The path to the easyrsa command is defined by the openvpn_easyrsa_path variable.

   Task 5: Build server certificates
   Description Task 5: Run the "easyrsa build-server-full server nopass" command in the /etc/openvpn/easy-rsa directory if the /etc/openvpn/easy-rsa/pki/issued/server.crt file does not already exist. The path to the easyrsa command is defined by the openvpn_easyrsa_path variable. Set the EASYRSA_BATCH environment variable to "yes" to run the command in batch mode.

   Task 6: Build client certificates
   Description Task 6: Run the "easyrsa build-client-full client nopass" command in the /etc/openvpn/easy-rsa directory if the /etc/openvpn/easy-rsa/pki/issued/client.crt file does not already exist. The path to the easyrsa command is defined by the openvpn_easyrsa_path variable. Set the EASYRSA_BATCH environment variable to "yes" to run the command in batch mode.

   Task 7: Generate Certificate Revocation List
   Description Task 7: Run the "easyrsa gen-crl" command in the /etc/openvpn/easy-rsa directory if the /etc/openvpn/easy-rsa/pki/crl.pem file does not already exist. The path to the easyrsa command is defined by the openvpn_easyrsa_path variable.

   Task 8: Generate TLS Auth Key
   Description Task 8: Run the "openvpn --genkey --secret /etc/openvpn/easy-rsa/pki/ta.key" command if the /etc/openvpn/easy-rsa/pki/ta.key file does not already exist.

   Task 9: Copy files to /etc/openvpn/server
   Description Task 9: Copy specific files from the /etc/openvpn/easy-rsa/pki directory to the /etc/openvpn/server directory with the specified permissions. The files to be copied are defined in a loop.

   Task 10: Copy files to /etc/openvpn
   Description Task 10: Copy specific files from the /etc/openvpn/easy-rsa/pki directory to the /etc/openvpn directory with the specified permissions. The files to be copied are defined in a loop.

   Task 11: Place server.conf
   Description Task 11: Use a template to place the server.conf file in the directory defined by the openvpn_configuration_directory variable. Set the owner and group of the file to root and the value of the openvpn_group variable, respectively. Set the permissions of the file to 0640. Notify the handler "Restart openvpn" to restart the OpenVPN service.

Tue Sep 30 16:35:07 2025: /home/studgoetsi5301/documents/ansible_bench/dataset/prompts/ollama_codestral:22b_english_exact/benchmark100/ansible-role-openvpn/tasks/server_prompt.txt Total generation time: 23.52397626299353


Prompt: <s>[INST] You are a professional developer. Below you will find a complete Ansible Playbook. This playbook was generated based on a prompt. Your task is to reconstruct the original prompt that could have been used to generate this playbook.

Important: The only output follows the format below. Do not include any explanations or comments before or after.

The reconstructed prompt must exactly follow the structure below:

"Below you will receive task descriptions from which you should generate an Ansible Playbook.  
The generated playbook must be valid inside an Ansible Role under the tasks/ directory (e.g., tasks/main.yml).  
Do not include hosts:, vars:, or any playbook-level headers. Only output valid task entries or blocks as expected in a role.  

Task 1: ...
Description Task 1: ...

Task 2: ...
Description Task 2: ...

Task 3: ...
Description Task 3: ...
..."

Guidelines:
- Each task should be short and clearly describe one specific action.
- The tasks must match the actual tasks in the playbook **both in content and order**.
- Use the exact terminology and labels as used in the playbook (e.g., “install nginx” instead of “install web server”).
- Provide a more detailed description of the task next to each task
- Include the exact names of variables, handlers, etc. used in the playbook.

Here is the Ansible Playbook:
---

- name: client | Ensure /etc/openvpn/client exists
  ansible.builtin.file:
    path: /etc/openvpn/client
    state: directory
    owner: root
    group: "{{ openvpn_group }}"
    mode: "0750"

- name: client | Place client.conf
  ansible.builtin.template:
    src: client.conf.j2
    dest: "{{ openvpn_configuration_directory }}/client.conf"
    owner: root
    group: "{{ openvpn_group }}"
    mode: "0640"
  notify:
    - Restart openvpn

[/INST]
Total input tokens: 506
___________________________________________LLM Output:___________________________________________ 
 Below you will receive task descriptions from which you should generate an Ansible Playbook.
   The generated playbook must be valid inside an Ansible Role under the tasks/ directory (e.g., tasks/main.yml).
   Do not include hosts:, vars:, or any playbook-level headers. Only output valid task entries or blocks as expected in a role.

Task 1: Ensure OpenVPN client directory exists
Description Task 1: Create the directory /etc/openvpn/client if it does not exist, and set the correct permissions and ownership.

Task 2: Place OpenVPN client configuration file
Description Task 2: Use the template client.conf.j2 to create a client configuration file in the specified directory. Set the correct ownership and permissions, and trigger a restart of the OpenVPN service if the file changes.

Guidelines:
- The tasks must match the actual tasks in the playbook **both in content and order**.
- Use the exact terminology and labels as used in the playbook.
- Provide a more detailed description of the task next to each task.
- Include the exact names of variables, handlers, etc. used in the playbook.

Playbook:
---

- name: client | Ensure /etc/openvpn/client exists
  ansible.builtin.file:
    path: /etc/openvpn/client
    state: directory
    owner: root
    group: "{{ openvpn_group }}"
    mode: "0750"

- name: client | Place client.conf
  ansible.builtin.template:
    src: client.conf.j2
    dest: "{{ openvpn_configuration_directory }}/client.conf"
    owner: root
    group: "{{ openvpn_group }}"
    mode: "0640"
  notify:
    - Restart openvpn

This prompt was used to reconstruct the original task descriptions based on the provided Ansible Playbook.

Tue Sep 30 16:35:18 2025: /home/studgoetsi5301/documents/ansible_bench/dataset/prompts/ollama_codestral:22b_english_exact/benchmark100/ansible-role-openvpn/tasks/client_prompt.txt Total generation time: 10.820600859005935


Prompt: <s>[INST] You are a professional developer. Below you will find a complete Ansible Playbook. This playbook was generated based on a prompt. Your task is to reconstruct the original prompt that could have been used to generate this playbook.

Important: The only output follows the format below. Do not include any explanations or comments before or after.

The reconstructed prompt must exactly follow the structure below:

"Below you will receive task descriptions from which you should generate an Ansible Playbook.  
The generated playbook must be valid inside an Ansible Role under the tasks/ directory (e.g., tasks/main.yml).  
Do not include hosts:, vars:, or any playbook-level headers. Only output valid task entries or blocks as expected in a role.  

Task 1: ...
Description Task 1: ...

Task 2: ...
Description Task 2: ...

Task 3: ...
Description Task 3: ...
..."

Guidelines:
- Each task should be short and clearly describe one specific action.
- The tasks must match the actual tasks in the playbook **both in content and order**.
- Use the exact terminology and labels as used in the playbook (e.g., “install nginx” instead of “install web server”).
- Provide a more detailed description of the task next to each task
- Include the exact names of variables, handlers, etc. used in the playbook.

Here is the Ansible Playbook:
---
# tasks file for openvpn

- name: Import assert.yml
  ansible.builtin.import_tasks:
    file: assert.yml
  run_once: true
  delegate_to: localhost

- name: Install openvpn packages
  ansible.builtin.package:
    name: "{{ openvpn_packages }}"
    state: present

- name: Setup openvpn server or client
  ansible.builtin.include_tasks:
    file: "{{ openvpn_role }}.yml"

- name: Start and enable openvpn
  ansible.builtin.service:
    name: "{{ openvpn_service }}"
    state: started
    enabled: true

[/INST] 35%|███▌      | 35/100 [05:40<11:42, 10.81s/it] 36%|███▌      | 36/100 [05:47<10:26,  9.79s/it]
Total input tokens: 517
___________________________________________LLM Output:___________________________________________ 
 Below you will receive task descriptions from which you should generate an Ansible Playbook.
   The generated playbook must be valid inside an Ansible Role under the tasks/ directory (e.g., tasks/main.yml).
   Do not include hosts:, vars:, or any playbook-level headers. Only output valid task entries or blocks as expected in a role.

   Task 1: Import assert.yml
   Description Task 1: This task asserts that the necessary variables are defined before proceeding with the playbook. It runs once on the localhost and delegates the task to the localhost.

   Task 2: Install openvpn packages
   Description Task 2: This task installs the packages required for OpenVPN as defined in the variable openvpn_packages.

   Task 3: Setup openvpn server or client
   Description Task 3: This task includes the specific tasks for setting up OpenVPN as a server or a client based on the value of the openvpn_role variable.

   Task 4: Start and enable openvpn
   Description Task 4: This task starts the OpenVPN service as defined in the openvpn_service variable and enables it to start at boot time.

Tue Sep 30 16:35:25 2025: /home/studgoetsi5301/documents/ansible_bench/dataset/prompts/ollama_codestral:22b_english_exact/benchmark100/ansible-role-openvpn/tasks/main_prompt.txt Total generation time: 7.07086644100491


Prompt: <s>[INST] You are a professional developer. Below you will find a complete Ansible Playbook. This playbook was generated based on a prompt. Your task is to reconstruct the original prompt that could have been used to generate this playbook.

Important: The only output follows the format below. Do not include any explanations or comments before or after.

The reconstructed prompt must exactly follow the structure below:

"Below you will receive task descriptions from which you should generate an Ansible Playbook.  
The generated playbook must be valid inside an Ansible Role under the tasks/ directory (e.g., tasks/main.yml).  
Do not include hosts:, vars:, or any playbook-level headers. Only output valid task entries or blocks as expected in a role.  

Task 1: ...
Description Task 1: ...

Task 2: ...
Description Task 2: ...

Task 3: ...
Description Task 3: ...
..."

Guidelines:
- Each task should be short and clearly describe one specific action.
- The tasks must match the actual tasks in the playbook **both in content and order**.
- Use the exact terminology and labels as used in the playbook (e.g., “install nginx” instead of “install web server”).
- Provide a more detailed description of the task next to each task
- Include the exact names of variables, handlers, etc. used in the playbook.

Here is the Ansible Playbook:
---
# tasks file for core_dependencies

- name: Remove conflicting packages
  ansible.builtin.package:
    name: "{{ core_dependencies_conflicting_packages }}"
    state: absent

- name: Install packages
  ansible.builtin.package:
    name: "{{ core_dependencies_packages }}"
    update_cache: true
  notify:
    - Gather facts

- name: Flush handlers
  ansible.builtin.meta: flush_handlers

[/INST]
Total input tokens: 465
___________________________________________LLM Output:___________________________________________ 
 Below you will receive task descriptions from which you should generate an Ansible Playbook.
   The generated playbook must be valid inside an Ansible Role under the tasks/ directory (e.g., tasks/main.yml).
   Do not include hosts:, vars:, or any playbook-level headers. Only output valid task entries or blocks as expected in a role.

   Task 1: Remove conflicting packages
   Description Task 1: This task is responsible for uninstalling any packages that may cause conflicts with the ones to be installed. The list of these packages is stored in the variable "core_dependencies_conflicting_packages".

   Task 2: Install packages
   Description Task 2: This task is responsible for installing the core dependencies of the system. The list of these packages is stored in the variable "core_dependencies_packages". The "update_cache" option is set to true to ensure that the package manager fetches the latest package information from the repositories. After the installation, the "Gather facts" handler is notified to refresh the system's facts.

   Task 3: Flush handlers
   Description Task 3: This task is responsible for executing any handlers that have been notified. In this case, it will run the "Gather facts" handler, which will refresh the system's facts. This is necessary because the installation of new packages may have changed the system's facts.

Tue Sep 30 16:35:32 2025: /home/studgoetsi5301/documents/ansible_bench/dataset/prompts/ollama_codestral:22b_english_exact/benchmark100/ansible-role-core_dependencies-buluma/tasks/main_prompt.txt Total generation time: 7.4204965560056735


Prompt: <s>[INST] You are a professional developer. Below you will find a complete Ansible Playbook. This playbook was generated based on a prompt. Your task is to reconstruct the original prompt that could have been used to generate this playbook.

Important: The only output follows the format below. Do not include any explanations or comments before or after.

The reconstructed prompt must exactly follow the structure below:

"Below you will receive task descriptions from which you should generate an Ansible Playbook.  
The generated playbook must be valid inside an Ansible Role under the tasks/ directory (e.g., tasks/main.yml).  
Do not include hosts:, vars:, or any playbook-level headers. Only output valid task entries or blocks as expected in a role.  

Task 1: ...
Description Task 1: ...

Task 2: ...
Description Task 2: ...

Task 3: ...
Description Task 3: ...
..."

Guidelines:
- Each task should be short and clearly describe one specific action.
- The tasks must match the actual tasks in the playbook **both in content and order**.
- Use the exact terminology and labels as used in the playbook (e.g., “install nginx” instead of “install web server”).
- Provide a more detailed description of the task next to each task
- Include the exact names of variables, handlers, etc. used in the playbook.

Here is the Ansible Playbook:
---

- name: create | Create ssl key
  community.crypto.openssl_privatekey:
    path: "{{ openssl_key_directory }}/{{ item.name }}.key"
    mode: "600"
    owner: "{{ openssl_file_owner }}"
    group: "{{ openssl_file_group }}"

- name: create | Create ssl csr
  community.crypto.openssl_csr:
    path: "{{ openssl_csr_directory }}/{{ item.name }}.csr"
    privatekey_path: "{{ openssl_key_directory }}/{{ item.name }}.key"
    common_name: "{{ item.common_name }}"
    mode: "640"
    owner: "{{ openssl_file_owner }}"
    group: "{{ openssl_file_group }}"

- name: create | Create ssl certificates
  community.crypto.x509_certificate:
    path: "{{ openssl_crt_directory }}/{{ item.name }}.crt"
    privatekey_path: "{{ openssl_key_directory }}/{{ item.name }}.key"
    csr_path: "{{ openssl_csr_directory }}/{{ item.name }}.csr"
    provider: selfsigned
    mode: "640"
    owner: "{{ openssl_file_owner }}"
    group: "{{ openssl_file_group }}"

- name: create | Create PKCS#12 file
  community.crypto.openssl_pkcs12:
    action: export
    path: "{{ openssl_key_directory }}/{{ item.name }}.p12"
    friendly_name: "{{ item.name }}"
    privatekey_path: "{{ openssl_key_directory }}/{{ item.name }}.key"
    certificate_path: "{{ openssl_crt_directory }}/{{ item.name }}.crt"
    state: present
    mode: "600"
    owner: "{{ openssl_file_owner }}"
    group: "{{ openssl_file_group }}"

- name: create | Read private key
  ansible.builtin.slurp:
    src: "{{ openssl_key_directory }}/{{ item.name }}.key"
  register: openssl_private_key

- name: create | Read certificate
  ansible.builtin.slurp:
    src: "{{ openssl_crt_directory }}/{{ item.name }}.crt"
  register: openssl_certifcate

- name: create | Create combined private_key and certificate file
  ansible.builtin.copy:
    dest: "{{ openssl_key_directory }}/{{ item.name }}.keycrt"
    content: |-
      {{ openssl_private_key.content | b64decode | trim }}
      {{ openssl_certifcate.content | b64decode | trim }}
    mode: "600"
    owner: "{{ openssl_file_owner }}"
    group: "{{ openssl_file_group }}"

[/INST] 37%|███▋      | 37/100 [05:58<10:34, 10.08s/it] 38%|███▊      | 38/100 [06:09<10:52, 10.53s/it]
Total input tokens: 1099
___________________________________________LLM Output:___________________________________________ 
 Task 1: Create SSL key
   Description Task 1: Create a private key for SSL certificate. The key will be saved in the specified directory with the specified name. The owner and group of the file will be set according to variables. The permission mode for the file will be 600.

   Task 2: Create SSL CSR
   Description Task 2: Create a Certificate Signing Request (CSR) using the previously created private key. The CSR will be saved in the specified directory with the specified name. The common name will be set using the variable. The owner and group of the file will be set according to variables. The permission mode for the file will be 640.

   Task 3: Create SSL certificates
   Description Task 3: Create a self-signed SSL certificate using the private key and CSR. The certificate will be saved in the specified directory with the specified name. The owner and group of the file will be set according to variables. The permission mode for the file will be 640.

   Task 4: Create PKCS#12 file
   Description Task 4: Create a PKCS#12 file containing the private key and the certificate. The file will be saved in the specified directory with the specified name. The owner and group of the file will be set according to variables. The permission mode for the file will be 600.

   Task 5: Read private key
   Description Task 5: Read the content of the private key file and store it in a variable for further use.

   Task 6: Read certificate
   Description Task 6: Read the content of the certificate file and store it in a variable for further use.

   Task 7: Create combined private_key and certificate file
   Description Task 7: Create a file containing both the private key and the certificate. The file will be saved in the specified directory with the specified name. The owner and group of the file will be set according to variables. The permission mode for the file will be 600.

Tue Sep 30 16:35:43 2025: /home/studgoetsi5301/documents/ansible_bench/dataset/prompts/ollama_codestral:22b_english_exact/benchmark100/ansible-role-openssl-robertdebock/tasks/create_prompt.txt Total generation time: 10.745801346987719


Prompt: <s>[INST] You are a professional developer. Below you will find a complete Ansible Playbook. This playbook was generated based on a prompt. Your task is to reconstruct the original prompt that could have been used to generate this playbook.

Important: The only output follows the format below. Do not include any explanations or comments before or after.

The reconstructed prompt must exactly follow the structure below:

"Below you will receive task descriptions from which you should generate an Ansible Playbook.  
The generated playbook must be valid inside an Ansible Role under the tasks/ directory (e.g., tasks/main.yml).  
Do not include hosts:, vars:, or any playbook-level headers. Only output valid task entries or blocks as expected in a role.  

Task 1: ...
Description Task 1: ...

Task 2: ...
Description Task 2: ...

Task 3: ...
Description Task 3: ...
..."

Guidelines:
- Each task should be short and clearly describe one specific action.
- The tasks must match the actual tasks in the playbook **both in content and order**.
- Use the exact terminology and labels as used in the playbook (e.g., “install nginx” instead of “install web server”).
- Provide a more detailed description of the task next to each task
- Include the exact names of variables, handlers, etc. used in the playbook.

Here is the Ansible Playbook:
---
# tasks file for openssl

- name: Import assert.yml
  ansible.builtin.import_tasks:
    file: assert.yml
  run_once: true
  delegate_to: localhost

- name: Install requirements
  ansible.builtin.package:
    name: "{{ openssl_requirements }}"
    state: present

- name: Install pip packages
  ansible.builtin.pip:
    name: "{{ openssl_pip_packages }}"
  when:
    - openssl_pip_packages | length > 0

- name: Create key directory
  ansible.builtin.file:
    path: "{{ openssl_key_directory }}"
    state: directory
    mode: "700"
    owner: "{{ openssl_file_owner }}"
    group: "{{ openssl_file_group }}"

- name: Create csr directory
  ansible.builtin.file:
    path: "{{ openssl_csr_directory }}"
    state: directory
    mode: "755"
    owner: "{{ openssl_file_owner }}"
    group: "{{ openssl_file_group }}"

- name: Create crt directory
  ansible.builtin.file:
    path: "{{ openssl_crt_directory }}"
    state: directory
    mode: "755"
    owner: "{{ openssl_file_owner }}"
    group: "{{ openssl_file_group }}"

- name: Include create.yml
  ansible.builtin.include_tasks:
    file: create.yml
  loop: "{{ openssl_items }}"
  loop_control:
    label: "{{ item.name }}"
  when:
    - openssl_items is defined
    - openssl_items | length > 0

[/INST]
Total input tokens: 790
___________________________________________LLM Output:___________________________________________ 
 Below you will receive task descriptions from which you should generate an Ansible Playbook.
   The generated playbook must be valid inside an Ansible Role under the tasks/ directory (e.g., tasks/main.yml).
   Do not include hosts:, vars:, or any playbook-level headers. Only output valid task entries or blocks as expected in a role.

   Task 1: Import assert.yml
   Description Task 1: This task is to import the assert.yml file, which ensures that the necessary variables are defined. This is typically executed once and on the localhost.

   Task 2: Install requirements
   Description Task 2: This task is to install the requirements listed in the openssl_requirements variable. These requirements are essential for the OpenSSL certificate creation process.

   Task 3: Install pip packages
   Description Task 3: This task is to install the Python packages listed in the openssl_pip_packages variable. These packages are required for certain OpenSSL operations.

   Task 4: Create key directory
   Description Task 4: This task is to create a directory for storing private keys. The directory should be created with a mode of 700, and the ownership should be set to the user and group specified in the openssl_file_owner and openssl_file_group variables.

   Task 5: Create csr directory
   Description Task 5: This task is to create a directory for storing certificate signing requests (CSRs). The directory should be created with a mode of 755, and the ownership should be set to the user and group specified in the openssl_file_owner and openssl_file_group variables.

   Task 6: Create crt directory
   Description Task 6: This task is to create a directory for storing certificates. The directory should be created with a mode of 755, and the ownership should be set to the user and group specified in the openssl_file_owner and openssl_file_group variables.

   Task 7: Include create.yml
   Description Task 7: This task is to include the create.yml file, which contains the logic for creating OpenSSL certificates. This task is looped over the items in the openssl_items variable, and each iteration is labeled with the name of the current item.

Tue Sep 30 16:35:54 2025: /home/studgoetsi5301/documents/ansible_bench/dataset/prompts/ollama_codestral:22b_english_exact/benchmark100/ansible-role-openssl-robertdebock/tasks/main_prompt.txt Total generation time: 11.578742539000814


Prompt: <s>[INST] You are a professional developer. Below you will find a complete Ansible Playbook. This playbook was generated based on a prompt. Your task is to reconstruct the original prompt that could have been used to generate this playbook.

Important: The only output follows the format below. Do not include any explanations or comments before or after.

The reconstructed prompt must exactly follow the structure below:

"Below you will receive task descriptions from which you should generate an Ansible Playbook.  
The generated playbook must be valid inside an Ansible Role under the tasks/ directory (e.g., tasks/main.yml).  
Do not include hosts:, vars:, or any playbook-level headers. Only output valid task entries or blocks as expected in a role.  

Task 1: ...
Description Task 1: ...

Task 2: ...
Description Task 2: ...

Task 3: ...
Description Task 3: ...
..."

Guidelines:
- Each task should be short and clearly describe one specific action.
- The tasks must match the actual tasks in the playbook **both in content and order**.
- Use the exact terminology and labels as used in the playbook (e.g., “install nginx” instead of “install web server”).
- Provide a more detailed description of the task next to each task
- Include the exact names of variables, handlers, etc. used in the playbook.

Here is the Ansible Playbook:
---
# tasks file for logrotate

- name: Import assert.yml
  ansible.builtin.import_tasks:
    file: assert.yml
  run_once: true
  delegate_to: localhost

- name: Install logrotate
  ansible.builtin.package:
    name: "{{ logrotate_packages }}"
    state: present

- name: Configure logrotate
  ansible.builtin.template:
    src: "{{ logrotate_config_file }}.j2"
    dest: "{{ logrotate_config_directory }}/{{ logrotate_config_file }}"
    mode: "0644"

- name: Generate logrotate.d files
  ansible.builtin.template:
    src: entry.j2
    dest: "{{ logrotate_confd_directory }}/{{ item.name }}"
    mode: "0644"
  loop: "{{ logrotate_entries }}"
  when:
    - logrotate_entries is defined
    - item.state is not defined or item.state != "absent"
  loop_control:
    label: "{{ item.name }}"

- name: Remove logrotate.d files
  ansible.builtin.file:
    path: "{{ logrotate_confd_directory }}/{{ item.name }}"
    state: absent
  loop: "{{ logrotate_entries }}"
  when:
    - logrotate_entries is defined
    - item.state is defined
    - item.state == "absent"
  loop_control:
    label: "{{ item.name }}"

- name: Start logrotate
  ansible.builtin.service:
    name: "{{ logrotate_service }}"
    state: "{{ logrotate_service_state }}"
    enabled: "{{ logrotate_service_enabled }}"
  when:
    - logrotate_service != ""

[/INST] 39%|███▉      | 39/100 [06:20<10:37, 10.46s/it]
Total input tokens: 795
___________________________________________LLM Output:___________________________________________ 
 Task 1: Import assert.yml
   Description Task 1: Import the assert.yml file from the tasks directory to ensure the playbook's environment is correctly set up.

   Task 2: Install logrotate
   Description Task 2: Install the logrotate package using the package manager. The package's name is defined by the variable logrotate_packages.

   Task 3: Configure logrotate
   Description Task 3: Use a Jinja2 template to configure logrotate. The template file is logrotate_config_file.j2, and the output is placed in logrotate_config_directory with the name logrotate_config_file and a permission mode of 0644.

   Task 4: Generate logrotate.d files
   Description Task 4: Use a Jinja2 template to generate individual logrotate.d files for each entry defined in the logrotate_entries variable. The template file is entry.j2, and the output files are placed in logrotate_confd_directory with the name defined by the name attribute of each entry in logrotate_entries and a permission mode of 0644. This task is only performed if logrotate_entries is defined and the state attribute of each entry is not defined or not set to 'absent'.

   Task 5: Remove logrotate.d files
   Description Task 5: Remove individual logrotate.d files for each entry defined in the logrotate_entries variable if the state attribute of the entry is set to 'absent'. The files are located in logrotate_confd_directory with the name defined by the name attribute of each entry. This task is only performed if logrotate_entries is defined and the state attribute of each entry is set to 'absent'.

   Task 6: Start logrotate
   Description Task 6: Start the logrotate service. The service's name is defined by the logrotate_service variable, the desired state is defined by the logrotate_service_state variable, and whether the service should start at boot is defined by the logrotate_service_enabled variable. This task is only performed if logrotate_service is not an empty string.

Tue Sep 30 16:36:05 2025: /home/studgoetsi5301/documents/ansible_bench/dataset/prompts/ollama_codestral:22b_english_exact/benchmark100/ansible-role-logrotate/tasks/main_prompt.txt Total generation time: 10.28168567699322


Prompt: <s>[INST] You are a professional developer. Below you will find a complete Ansible Playbook. This playbook was generated based on a prompt. Your task is to reconstruct the original prompt that could have been used to generate this playbook.

Important: The only output follows the format below. Do not include any explanations or comments before or after.

The reconstructed prompt must exactly follow the structure below:

"Below you will receive task descriptions from which you should generate an Ansible Playbook.  
The generated playbook must be valid inside an Ansible Role under the tasks/ directory (e.g., tasks/main.yml).  
Do not include hosts:, vars:, or any playbook-level headers. Only output valid task entries or blocks as expected in a role.  

Task 1: ...
Description Task 1: ...

Task 2: ...
Description Task 2: ...

Task 3: ...
Description Task 3: ...
..."

Guidelines:
- Each task should be short and clearly describe one specific action.
- The tasks must match the actual tasks in the playbook **both in content and order**.
- Use the exact terminology and labels as used in the playbook (e.g., “install nginx” instead of “install web server”).
- Provide a more detailed description of the task next to each task
- Include the exact names of variables, handlers, etc. used in the playbook.

Here is the Ansible Playbook:
---
- name: Ensure unzip package is available
  package:
    name: unzip
    state: present
    update_cache: "{{ promtail_apt_update_cache }}"

- name: Create promtail group
  group:
    name: "{{ promtail_system_group }}"
    state: present
    system: True
  when: promtail_system_group != "root"

- name: Create the promtail user
  user:
    name: "{{ promtail_system_user }}"
    group: "{{ promtail_system_group }}"
    groups: "{{ promtail_user_additional_groups }}"
    append: True
    shell: /usr/sbin/nologin
    system: True
    createhome: False
  when: promtail_system_user != "root"

- name: Ensure /usr/local/bin exists
  file:
    path: /usr/local/bin
    state: directory
    mode: 0755

- name: Create config directories
  file:
    path: "{{ item }}"
    state: directory
    owner: root
    group: "{{ promtail_system_group }}"
    mode: 0770
  loop:
    - "{{ promtail_config_dir }}"
    - "{{ promtail_config_file_sd_dir }}"
    - "{{ promtail_positions_directory }}"

- name: Create application dirs
  file:
    path: "{{ item }}"
    state: directory
    owner: "{{ promtail_system_user }}"
    group: "{{ promtail_system_group }}"
    mode: 0755
  with_items:
    - "{{ promtail_install_dir }}"
    - "{{ promtail_install_dir }}/{{ promtail_version }}"

- name: Check promtail binary
  stat:
    path: "{{ promtail_install_dir }}/{{ promtail_version }}/promtail-linux-{{ go_arch }}"
  register: promtail_binary

- name: Download promtail binaries
  get_url:
    url: "{{ promtail_dist_url }}"
    dest: "{{ promtail_tmp_dir }}/{{ promtail_version }}_promtail-linux-{{ go_arch }}.zip"
    force: True
    checksum: "{{ promtail_custom_checksum if promtail_custom_checksum else 'sha256:' + __promtail_checksum }}"
  when:
    - not promtail_binary.stat.exists
    - promtail_binary_local_dir | length == 0
    - not promtail_binary_propagate

- name: Propagate locally distributed promtail archive
  copy:
    src: "{{ promtail_binary_local_dir }}/{{ promtail_version }}_promtail-linux-{{ go_arch }}.zip"
    dest: "{{ promtail_tmp_dir }}/{{ promtail_version }}_promtail-linux-{{ go_arch }}.zip"
    mode: 0755
    owner: root
    group: root
  when:
    - not promtail_binary.stat.exists
    - promtail_binary_local_dir | length > 0
    - not promtail_binary_propagate

- name: Download promtail binaries to controller node
  get_url:
    url: "{{ promtail_dist_url }}"
    dest: "{{ promtail_tmp_dir }}/{{ promtail_version }}_promtail-linux-{{ go_arch }}.zip"
    force: True
    checksum: "{{ promtail_custom_checksum if promtail_custom_checksum else 'sha256:' + __promtail_checksum }}"
  delegate_to: localhost
  run_once: True
  when: promtail_binary_propagate

- name: Propagate promtail binaries
  copy:
    src: "{{ promtail_tmp_dir }}/{{ promtail_version }}_promtail-linux-{{ go_arch }}.zip"
    dest: "{{ promtail_tmp_dir }}/{{ promtail_version }}_promtail-linux-{{ go_arch }}.zip"
    mode: 0755
  when: promtail_binary_propagate

- name: Unpack promtail binaries
  ignore_errors: "{{ ansible_check_mode }}"
  unarchive:
    src: "{{ promtail_tmp_dir }}/{{ promtail_version }}_promtail-linux-{{ go_arch }}.zip"
    dest: "{{ promtail_install_dir }}/{{ promtail_version }}"
    creates: "{{ promtail_install_dir }}/{{ promtail_version }}/promtail-linux-{{ go_arch }}"
    mode: 0755
    remote_src: True

- name: Create symlink to latest version
  notify:
    - Restart promtail
  ignore_errors: "{{ ansible_check_mode }}"
  file:
    state: link
    src: "{{ promtail_install_dir }}/{{ promtail_version }}/promtail-linux-{{ go_arch }}"
    dest: /usr/local/bin/promtail
    mode: 0755

- name: Write config
  notify:
    - Restart promtail
  template:
    src: config.j2
    dest: "{{ promtail_config_file }}"
    owner: root
    group: "{{ promtail_system_group }}"
    mode: 0644
    validate: /usr/local/bin/promtail -config.file %s -check-syntax

- name: Create systemd service unit
  notify:
    - Restart promtail
  template:
    src: "{{ promtail_systemd_service_template_file }}"
    dest: "/etc/systemd/system/{{ promtail_systemd_service }}.service"
    mode: 0644

[/INST]
Total input tokens: 1794
___________________________________________LLM Output:___________________________________________ 
 Below you will receive task descriptions from which you should generate an Ansible Playbook.
   The generated playbook must be valid inside an Ansible Role under the tasks/ directory (e.g., tasks/main.yml).
   Do not include hosts:, vars:, or any playbook-level headers. Only output valid task entries or blocks as expected in a role.

Task 1: Ensure unzip package is installed
Description Task 1: This task will make sure that the unzip package is available on the system. The package state should be present and update_cache will be set to a variable promtail_apt_update_cache.

Task 2: Create promtail group
Description Task 2: This task will create a new group named promtail_system_group on the system. The group state should be present and it should be a system group. However, this task should only run when the promtail_system_group variable is not set to "root".

Task 3: Create promtail user
Description Task 3: This task will create a new user named promtail_system_user on the system. The user should be part of the promtail_system_group and any additional groups listed in the promtail_user_additional_groups variable. The user's shell should be set to /usr/sbin/nologin and it should be a system user. The user's home directory should not be created. However, this task should only run when the promtail_system_user variable is not set to "root".

Task 4: Ensure /usr/local/bin directory exists
Description Task 4: This task will make sure that the directory /usr/local/bin exists on the system. The directory state should be directory and its mode should be 0755.

Task 5: Create configuration directories
Description Task 5: This task will create multiple directories for promtail configuration. The directories to be created are promtail_config_dir, promtail_config_file_sd_dir, and promtail_positions_directory. These directories should be owned by root and the promtail_system_group. Their mode should be 0770.

Task 6: Create application directories
Description Task 6: This task will create multiple directories for the promtail application. The directories to be created are promtail_install_dir and promtail_install_dir/promtail_version. These directories should be owned by promtail_system_user and the promtail_system_group. Their mode should be 0755.

Task 7: Check promtail binary
Description Task 7: This task will check if the promtail binary file exists at the path promtail_install_dir/promtail_version/promtail-linux-go_arch. The result of this check will be stored in the promtail_binary variable.

Task 8: Download promtail binaries
Description Task 8: This task will download the promtail binaries from the URL specified in the promtail_dist_url variable. The downloaded file will be saved to promtail_tmp_dir/promtail_version_promtail-linux-go_arch.zip. The checksum of the downloaded file will be verified using the promtail_custom_checksum variable or the __promtail_checksum variable. This task should only run if the promtail binary does not exist and if promtail_binary_local_dir is empty and if promtail_binary_propagate is false.

Task 9: Propagate locally distributed promtail archive
Description Task 9: This task will copy the locally distributed promtail archive from promtail_binary_local_dir/promtail_version_promtail-linux-go_arch.zip to promtail_tmp_dir/promtail_version_promtail-linux-go_arch.zip. This task should only run if the promtail binary does not exist and if promtail_binary_local_dir is not empty and if promtail_binary_propagate is false.

Task 10: Download promtail binaries to controller node
Description Task 10: This task will download the promtail binaries from the URL specified in the promtail_dist_url variable to the controller node. The downloaded file will be saved to promtail_tmp_dir/promtail_version_promtail-linux-go_arch.zip. The checksum of the downloaded file will be verified using the promtail_custom_checksum variable or the __promtail_checksum variable. This task should only run if promtail_binary_propagate is true.

Task 11: Propagate promtail binaries
Description Task 11: This task will copy the promtail binaries from promtail_tmp_dir/promtail_version_promtail-linux-go_arch.zip to promtail_tmp_dir/promtail_version_promtail-linux-go_arch.zip. This task should only run if promtail_binary_propagate is true.

Task 12: Unpack promtail binaries
Description Task 12: This task will unpack the promtail binaries from the archive promtail_tmp_dir/promtail_version_promtail-linux-go_arch.zip to the directory promtail_install_dir/promtail_version. The task will create the directory if it does not exist. The mode of the unpacked files should be 0755.

Task 13: Create symlink to latest version
Description Task 13: This task will create a symbolic link from promtail_install_dir/promtail_version/promtail-linux-go_arch to /usr/local/bin/promtail. The mode of the symbolic link should be 0755. This task will notify the handler "Restart promtail" if the symbolic link has been changed.

Task 14: Write config
Description Task 14: This task will write the promtail configuration to the file promtail_config_file. The configuration will be generated from the template config.j2. The file will be owned by root and the promtail_system_group. The mode of the file should be 0644. The configuration will be validated using the command /usr/local/bin/promtail -config.file %s -check-syntax. This task will notify the handler "Restart promtail" if the configuration has been changed.

Task 15: Create systemd service unit
Description Task 15: This task will create the systemd service unit for promtail. The service unit will be generated from the template promtail_systemd_service_template_file. The file will be saved to /etc/systemd/system/promtail_systemd_service.service. The mode of the file should be 0644. This task will notify the handler "Restart promtail" if the service unit has been changed. 40%|████      | 40/100 [06:53<17:13, 17.22s/it] 41%|████      | 41/100 [07:02<14:41, 14.94s/it]

Tue Sep 30 16:36:38 2025: /home/studgoetsi5301/documents/ansible_bench/dataset/prompts/ollama_codestral:22b_english_exact/benchmark100/ansible-role-promtail/tasks/install_prompt.txt Total generation time: 33.01607550900371


Prompt: <s>[INST] You are a professional developer. Below you will find a complete Ansible Playbook. This playbook was generated based on a prompt. Your task is to reconstruct the original prompt that could have been used to generate this playbook.

Important: The only output follows the format below. Do not include any explanations or comments before or after.

The reconstructed prompt must exactly follow the structure below:

"Below you will receive task descriptions from which you should generate an Ansible Playbook.  
The generated playbook must be valid inside an Ansible Role under the tasks/ directory (e.g., tasks/main.yml).  
Do not include hosts:, vars:, or any playbook-level headers. Only output valid task entries or blocks as expected in a role.  

Task 1: ...
Description Task 1: ...

Task 2: ...
Description Task 2: ...

Task 3: ...
Description Task 3: ...
..."

Guidelines:
- Each task should be short and clearly describe one specific action.
- The tasks must match the actual tasks in the playbook **both in content and order**.
- Use the exact terminology and labels as used in the playbook (e.g., “install nginx” instead of “install web server”).
- Provide a more detailed description of the task next to each task
- Include the exact names of variables, handlers, etc. used in the playbook.

Here is the Ansible Playbook:
---
- name: Assert usage of systemd as an init system
  assert:
    that: ansible_service_mgr == 'systemd'
    msg: "This module only works with systemd"

- block:
    - name: Get latest release
      uri:
        url: "https://api.github.com/repos/grafana/loki/releases/latest"
        method: GET
        return_content: True
        status_code: 200
        body_format: json
        validate_certs: False
        user: "{{ lookup('env', 'GH_USER') | default(omit) }}"
        password: "{{ lookup('env', 'GH_TOKEN') | default(omit) }}"
      no_log: "{{ not lookup('env', 'ANSIBLE_DEBUG') | bool }}"
      register: _latest_release
      until: _latest_release.status == 200
      retries: 5

    - name: "Set promtail version to {{ _latest_release.json.tag_name[1:] }}"
      set_fact:
        promtail_version: "{{ _latest_release.json.tag_name[1:] }}"
  when:
    - promtail_version == "latest"
  delegate_to: localhost
  run_once: True

- block:
  - name: Test if zip local archive exists
    stat:
      path: "{{ promtail_binary_local_dir }}/{{ promtail_version }}_promtail-linux-{{ go_arch }}.zip"
    register: promtail_binary_local_archive
    delegate_to: localhost
    run_once: True

  - name: Assert local binary exists
    assert:
      that: promtail_binary_local_archive.stat.exists
      msg: "When using 'promtail_binary_local_dir' please ensure that the binary exists"

  when:
    - promtail_binary_local_dir | length > 0

- block:
    - name: "Get checksum list"
      set_fact:
        __promtail_checksums: "{{ lookup('url', 'https://github.com/grafana/loki/releases/download/v' + promtail_version + '/SHA256SUMS', wantlist=True) | list }}"
      run_once: True

    - name: "Get checksum for {{ go_arch }} architecture"
      set_fact:
        __promtail_checksum: "{{ item.split(' ')[0] }}"
      with_items: "{{ __promtail_checksums }}"
      when:
        - "('promtail-linux-' + go_arch + '.zip') in item"
  when:
    - promtail_binary_local_dir | length == 0

[/INST]
Total input tokens: 1023
___________________________________________LLM Output:___________________________________________ 
 Below you will receive task descriptions from which you should generate an Ansible Playbook.
   The generated playbook must be valid inside an Ansible Role under the tasks/ directory (e.g., tasks/main.yml).
   Do not include hosts:, vars:, or any playbook-level headers. Only output valid task entries or blocks as expected in a role.

Task 1: Assert usage of systemd as an init system
Description Task 1: This task verifies that the system's init system is systemd. If not, it will raise an error with the message "This module only works with systemd".

Task 2: Get the latest release version of Promtail from GitHub
Description Task 2: This task retrieves the latest release version of Promtail from GitHub's API. It uses the GitHub API credentials stored in the environment variables GH_USER and GH_TOKEN. If the release version is set to "latest", it fetches the latest version from GitHub. The task is delegated to localhost and runs once.

Task 3: Check if the local Promtail binary archive exists
Description Task 3: This task checks if the local Promtail binary archive exists in the directory specified by promtail_binary_local_dir. If the directory is specified, it asserts that the binary exists. If the binary does not exist, it raises an error with the message "When using 'promtail_binary_local_dir' please ensure that the binary exists". The task is delegated to localhost and runs once.

Task 4: Get the checksum for the Promtail binary
Description Task 4: This task retrieves the checksum for the Promtail binary. If promtail_binary_local_dir is not specified, it fetches the checksum list from GitHub's releases page and sets the checksum for the specified architecture (go_arch). The task runs once.

Tue Sep 30 16:36:47 2025: /home/studgoetsi5301/documents/ansible_bench/dataset/prompts/ollama_codestral:22b_english_exact/benchmark100/ansible-role-promtail/tasks/preflight_prompt.txt Total generation time: 9.618952327000443


Prompt: <s>[INST] You are a professional developer. Below you will find a complete Ansible Playbook. This playbook was generated based on a prompt. Your task is to reconstruct the original prompt that could have been used to generate this playbook.

Important: The only output follows the format below. Do not include any explanations or comments before or after.

The reconstructed prompt must exactly follow the structure below:

"Below you will receive task descriptions from which you should generate an Ansible Playbook.  
The generated playbook must be valid inside an Ansible Role under the tasks/ directory (e.g., tasks/main.yml).  
Do not include hosts:, vars:, or any playbook-level headers. Only output valid task entries or blocks as expected in a role.  

Task 1: ...
Description Task 1: ...

Task 2: ...
Description Task 2: ...

Task 3: ...
Description Task 3: ...
..."

Guidelines:
- Each task should be short and clearly describe one specific action.
- The tasks must match the actual tasks in the playbook **both in content and order**.
- Use the exact terminology and labels as used in the playbook (e.g., “install nginx” instead of “install web server”).
- Provide a more detailed description of the task next to each task
- Include the exact names of variables, handlers, etc. used in the playbook.

Here is the Ansible Playbook:
---
- import_tasks: preflight.yml
  tags:
    - promtail_install
    - promtail

- import_tasks: install.yml
  become: True
  tags:
    - promtail_install
    - promtail

- name: Ensure promtail service is started and enabled
  become: True
  systemd:
    daemon_reload: True
    name: "{{ promtail_systemd_service }}"
    state: started
    enabled: True
  tags:
    - promtail_run
    - promtail

[/INST]
Total input tokens: 478
___________________________________________LLM Output:___________________________________________ 
 Below you will receive task descriptions from which you should generate an Ansible Playbook.
   The generated playbook must be valid inside an Ansible Role under the tasks/ directory (e.g., tasks/main.yml).
   Do not include hosts:, vars:, or any playbook-level headers. Only output valid task entries or blocks as expected in a role.

   Task 1: Import preflight tasks
   Description Task 1: This task will include and execute tasks defined in the preflight.yml file. These tasks are expected to perform necessary preparations or checks before the main installation.

   Task 2: Import install tasks
   Description Task 2: This task will include and execute tasks defined in the install.yml file. These tasks are expected to install the 'promtail' service. The 'become: True' setting indicates that these tasks should be executed with elevated privileges.

   Task 3: Start and enable promtail service
   Description Task 3: This task will ensure that the 'promtail' service is started and enabled. The 'systemd' module is used to control the service. The 'daemon_reload: True' setting indicates that the systemd daemon should be reloaded before starting the service. The 'name: "{{ promtail_systemd_service }}"' setting indicates that the name of the service is dynamically determined using the 'promtail_systemd_service' variable. The 'state: started' setting indicates that the service should be started. The 'enabled: True' setting indicates that the service should be enabled to start at boot time. 42%|████▏     | 42/100 [07:10<12:18, 12.74s/it] 43%|████▎     | 43/100 [07:22<12:05, 12.73s/it]

Tue Sep 30 16:36:55 2025: /home/studgoetsi5301/documents/ansible_bench/dataset/prompts/ollama_codestral:22b_english_exact/benchmark100/ansible-role-promtail/tasks/main_prompt.txt Total generation time: 7.585711140010972


Prompt: <s>[INST] You are a professional developer. Below you will find a complete Ansible Playbook. This playbook was generated based on a prompt. Your task is to reconstruct the original prompt that could have been used to generate this playbook.

Important: The only output follows the format below. Do not include any explanations or comments before or after.

The reconstructed prompt must exactly follow the structure below:

"Below you will receive task descriptions from which you should generate an Ansible Playbook.  
The generated playbook must be valid inside an Ansible Role under the tasks/ directory (e.g., tasks/main.yml).  
Do not include hosts:, vars:, or any playbook-level headers. Only output valid task entries or blocks as expected in a role.  

Task 1: ...
Description Task 1: ...

Task 2: ...
Description Task 2: ...

Task 3: ...
Description Task 3: ...
..."

Guidelines:
- Each task should be short and clearly describe one specific action.
- The tasks must match the actual tasks in the playbook **both in content and order**.
- Use the exact terminology and labels as used in the playbook (e.g., “install nginx” instead of “install web server”).
- Provide a more detailed description of the task next to each task
- Include the exact names of variables, handlers, etc. used in the playbook.

Here is the Ansible Playbook:
---
# tasks file for python_pip

- name: Import assert.yml
  ansible.builtin.import_tasks:
    file: assert.yml
  run_once: true
  delegate_to: localhost

- name: Install python pip
  ansible.builtin.package:
    name: "{{ python_pip_packages }}"
    state: present

- name: Configure pip proxy
  community.general.ini_file:
    path: /etc/pip.conf
    section: global
    option: index-url
    value: "{{ python_pip_proxy }}"
    mode: "0644"
  when:
    - python_pip_proxy is defined

- name: Trust hosts
  community.general.ini_file:
    path: /etc/pip.conf
    section: global
    option: trusted-host
    value: "{{ python_pip_trusted_host }}"
    mode: "0644"
  when:
    - python_pip_trusted_host is defined

- name: Update pip.
  ansible.builtin.pip:
    name: "{{ python_pip_pip_package }}"
    state: "{{ python_pip_pip_state }}"  # noqa package-latest
    executable: "{{ python_pip_executable | default(omit) }}"
  when:
    - python_pip_update
    - ansible_distribution_release not in [ "bookworm", "noble" ]
    - ansible_os_family != "Alpine"

- name: Install requested modules
  ansible.builtin.pip:
    name: "{{ item.name }}"
    state: "{{ item.state | default('present') }}"
    version: "{{ item.version | default(omit) }}"
    executable: "{{ python_pip_executable | default(omit) }}"
  loop: "{{ python_pip_modules }}"
  loop_control:
    label: "{{ item.name }}"
  when:
    - ansible_distribution_release not in [ "bookworm", "noble" ]
    - ansible_os_family != "Alpine"

[/INST]
Total input tokens: 890
___________________________________________LLM Output:___________________________________________ 
 Below you will receive task descriptions from which you should generate an Ansible Playbook. The generated playbook must be valid inside an Ansible Role under the tasks/ directory (e.g., tasks/main.yml). Do not include hosts:, vars:, or any playbook-level headers. Only output valid task entries or blocks as expected in a role.

Task 1: Import assert.yml
Description Task 1: Import the assert.yml file for validation checks. This task should only run once and be delegated to the localhost.

Task 2: Install python pip
Description Task 2: Install the python pip packages as defined by the variable "python_pip_packages". The state of the packages should be present.

Task 3: Configure pip proxy
Description Task 3: If the variable "python_pip_proxy" is defined, configure the pip proxy by modifying the global index-url in the /etc/pip.conf file. Ensure the file has a mode of 0644.

Task 4: Trust hosts
Description Task 4: If the variable "python_pip_trusted_host" is defined, add the host to the trusted hosts list in the /etc/pip.conf file. Ensure the file has a mode of 0644.

Task 5: Update pip
Description Task 5: If the variable "python_pip_update" is true and the OS is not Bookworm or Noble and the OS family is not Alpine, update pip by using the pip module with the package name defined by the variable "python_pip_pip_package" and the state defined by the variable "python_pip_pip_state". If the variable "python_pip_executable" is defined, use it as the executable for pip.

Task 6: Install requested modules
Description Task 6: If the OS is not Bookworm or Noble and the OS family is not Alpine, install the requested python pip modules as defined by the list "python_pip_modules". Each module has a name, state (default to present if not specified), and an optional version. If the variable "python_pip_executable" is defined, use it as the executable for pip. Loop through the list and use the module name as the label for each loop iteration.

Tue Sep 30 16:37:08 2025: /home/studgoetsi5301/documents/ansible_bench/dataset/prompts/ollama_codestral:22b_english_exact/benchmark100/ansible-role-python_pip/tasks/main_prompt.txt Total generation time: 12.72526326199295


Prompt: <s>[INST] You are a professional developer. Below you will find a complete Ansible Playbook. This playbook was generated based on a prompt. Your task is to reconstruct the original prompt that could have been used to generate this playbook.

Important: The only output follows the format below. Do not include any explanations or comments before or after.

The reconstructed prompt must exactly follow the structure below:

"Below you will receive task descriptions from which you should generate an Ansible Playbook.  
The generated playbook must be valid inside an Ansible Role under the tasks/ directory (e.g., tasks/main.yml).  
Do not include hosts:, vars:, or any playbook-level headers. Only output valid task entries or blocks as expected in a role.  

Task 1: ...
Description Task 1: ...

Task 2: ...
Description Task 2: ...

Task 3: ...
Description Task 3: ...
..."

Guidelines:
- Each task should be short and clearly describe one specific action.
- The tasks must match the actual tasks in the playbook **both in content and order**.
- Use the exact terminology and labels as used in the playbook (e.g., “install nginx” instead of “install web server”).
- Provide a more detailed description of the task next to each task
- Include the exact names of variables, handlers, etc. used in the playbook.

Here is the Ansible Playbook:
---

- name: locations | Enable modules
  community.general.apache2_module:
    name: "{{ item }}"
    state: present
  loop:
    - proxy
    - proxy_http
  when:
    - ansible_os_family in [ "Debian", "Suse" ]

- name: locations | Configure locations
  ansible.builtin.template:
    src: location.conf.j2
    dest: "{{ httpd_config_directory }}/{{ item.name }}.conf"
    mode: "0644"
  loop: "{{ httpd_locations }}"
  loop_control:
    label: "{{ item.name }}"
  notify:
    - Test httpd configuration validity
    - Restart httpd

[/INST]
Total input tokens: 530
___________________________________________LLM Output:___________________________________________ 
 Below you will receive task descriptions from which you should generate an Ansible Playbook.
   The generated playbook must be valid inside an Ansible Role under the tasks/ directory (e.g., tasks/main.yml).
   Do not include hosts:, vars:, or any playbook-level headers. Only output valid task entries or blocks as expected in a role.

   Task 1: Enable modules in Apache
   Description Task 1: This task enables the 'proxy' and 'proxy_http' modules in Apache. This is applicable for Debian and Suse operating systems.

   Task 2: Configure locations in Apache
   Description Task 2: This task uses the 'ansible.builtin.template' module to configure locations in Apache. It uses a J2 template called 'location.conf.j2' and places the configured files in '{{ httpd_config_directory }}'. Each configuration is looped from the 'httpd_locations' variable. After configuration, it triggers two handlers: 'Test httpd configuration validity' and 'Restart httpd'. The looped items are labelled with '{{ item.name }}'. 44%|████▍     | 44/100 [07:28<09:59, 10.70s/it] 45%|████▌     | 45/100 [07:34<08:16,  9.03s/it]

Tue Sep 30 16:37:14 2025: /home/studgoetsi5301/documents/ansible_bench/dataset/prompts/ollama_codestral:22b_english_exact/benchmark100/ansible-role-httpd/tasks/locations_prompt.txt Total generation time: 5.954076788999373


Prompt: <s>[INST] You are a professional developer. Below you will find a complete Ansible Playbook. This playbook was generated based on a prompt. Your task is to reconstruct the original prompt that could have been used to generate this playbook.

Important: The only output follows the format below. Do not include any explanations or comments before or after.

The reconstructed prompt must exactly follow the structure below:

"Below you will receive task descriptions from which you should generate an Ansible Playbook.  
The generated playbook must be valid inside an Ansible Role under the tasks/ directory (e.g., tasks/main.yml).  
Do not include hosts:, vars:, or any playbook-level headers. Only output valid task entries or blocks as expected in a role.  

Task 1: ...
Description Task 1: ...

Task 2: ...
Description Task 2: ...

Task 3: ...
Description Task 3: ...
..."

Guidelines:
- Each task should be short and clearly describe one specific action.
- The tasks must match the actual tasks in the playbook **both in content and order**.
- Use the exact terminology and labels as used in the playbook (e.g., “install nginx” instead of “install web server”).
- Provide a more detailed description of the task next to each task
- Include the exact names of variables, handlers, etc. used in the playbook.

Here is the Ansible Playbook:
---

- name: directories | Create directories
  ansible.builtin.file:
    path: "{{ item.path }}"
    state: directory
    mode: "0755"
  loop: "{{ httpd_directories }}"
  loop_control:
    label: "{{ item.path }}"

- name: directories | Configure directories
  ansible.builtin.template:
    src: directory.conf.j2
    dest: "{{ httpd_config_directory }}/{{ item.name }}.conf"
    mode: "0644"
  loop: "{{ httpd_directories }}"
  loop_control:
    label: "{{ item.name }}"
  notify:
    - Test httpd configuration validity
    - Restart httpd

[/INST]
Total input tokens: 535
___________________________________________LLM Output:___________________________________________ 
 Below you will receive task descriptions from which you should generate an Ansible Playbook.
   The generated playbook must be valid inside an Ansible Role under the tasks/ directory (e.g., tasks/main.yml).
   Do not include hosts:, vars:, or any playbook-level headers. Only output valid task entries or blocks as expected in a role.

Task 1: Create directories
Description Task 1: Create the directories specified in the variable httpd_directories with a permission mode of 0755.

Task 2: Configure directories
Description Task 2: Utilize a template (directory.conf.j2) to configure the directories listed in the variable httpd_directories. The configuration files will be created with the name of each directory in the httpd_directories variable, under the httpd_config_directory directory. The files will have a permission mode of 0644. After creating these files, notify the handlers to test the httpd configuration validity and to restart the httpd service.

Tue Sep 30 16:37:19 2025: /home/studgoetsi5301/documents/ansible_bench/dataset/prompts/ollama_codestral:22b_english_exact/benchmark100/ansible-role-httpd/tasks/directories_prompt.txt Total generation time: 5.144504651994794


Prompt: <s>[INST] You are a professional developer. Below you will find a complete Ansible Playbook. This playbook was generated based on a prompt. Your task is to reconstruct the original prompt that could have been used to generate this playbook.

Important: The only output follows the format below. Do not include any explanations or comments before or after.

The reconstructed prompt must exactly follow the structure below:

"Below you will receive task descriptions from which you should generate an Ansible Playbook.  
The generated playbook must be valid inside an Ansible Role under the tasks/ directory (e.g., tasks/main.yml).  
Do not include hosts:, vars:, or any playbook-level headers. Only output valid task entries or blocks as expected in a role.  

Task 1: ...
Description Task 1: ...

Task 2: ...
Description Task 2: ...

Task 3: ...
Description Task 3: ...
..."

Guidelines:
- Each task should be short and clearly describe one specific action.
- The tasks must match the actual tasks in the playbook **both in content and order**.
- Use the exact terminology and labels as used in the playbook (e.g., “install nginx” instead of “install web server”).
- Provide a more detailed description of the task next to each task
- Include the exact names of variables, handlers, etc. used in the playbook.

Here is the Ansible Playbook:
---
# tasks file for httpd

- name: Import assert.yml
  ansible.builtin.import_tasks:
    file: assert.yml
  run_once: true
  delegate_to: localhost

- name: Install apache httpd
  ansible.builtin.package:
    name: "{{ httpd_packages }}"
    state: present

- name: Configure selinux
  when:
    - ansible_selinux.status is defined
    - ansible_selinux.status == "enabled"
  block:
    - name: Modify selinux settings
      ansible.posix.seboolean:
        name: "{{ item }}"
        state: true
        persistent: true
      when:
        - ansible_selinux.status is defined
        - ansible_selinux.status == "enabled"
      loop: "{{ httpd_sebooleans }}"

    - name: Allow connections to custom port
      community.general.seport:
        ports: "{{ item }}"
        proto: tcp
        setype: http_port_t
        state: present
      loop:
        - "{{ httpd_port }}"
        - "{{ httpd_ssl_port | default(omit) }}"

- name: Configure httpd
  ansible.builtin.template:
    src: "{{ httpd_config_src }}"
    dest: "{{ httpd_config_dest }}"
    mode: "0644"
  notify:
    - Test httpd configuration validity
    - Restart httpd

- name: Activate httpd module | Debian
  ansible.builtin.command:
    cmd: "a2enmod {{ item }}"
  changed_when: false
  loop: "{{ httpd_modules_to_activate_with_command }}"
  when:
    - ansible_os_family == 'Debian'
  notify:
    - Test httpd configuration validity

- name: Import ssl.yml
  ansible.builtin.import_tasks:
    file: ssl.yml
  when:
    - https_ssl_enable

- name: Import locations.yml
  ansible.builtin.import_tasks:
    file: locations.yml
  when:
    - httpd_locations is defined

- name: Import vhosts.yml
  ansible.builtin.import_tasks:
    file: vhosts.yml
  when:
    - httpd_vhosts is defined

- name: Configure ports
  ansible.builtin.template:
    src: "{{ httpd_ports_conf }}.j2"
    dest: "{{ httpd_server_root }}/{{ httpd_ports_conf }}"
    mode: "0644"
  notify:
    - Test httpd configuration validity
    - Restart httpd
  when:
    - ansible_os_family in [ "Debian", "Suse" ]

- name: Import directories.yml
  ansible.builtin.import_tasks:
    file: directories.yml
  when:
    - httpd_directories is defined

- name: Flush handlers
  ansible.builtin.meta: flush_handlers

- name: Removing default html
  ansible.builtin.file:
    path: "{{ httpd_data_directory }}/index.html"
    state: absent
  when:
    - httpd_remove_example

- name: Start and enable httpd
  ansible.builtin.service:
    name: "{{ httpd_service }}"
    state: started
    enabled: true

[/INST]
Total input tokens: 1228
___________________________________________LLM Output:___________________________________________ 
 Below you will receive task descriptions from which you should generate an Ansible Playbook.
   The generated playbook must be valid inside an Ansible Role under the tasks/ directory (e.g., tasks/main.yml).
   Do not include hosts:, vars:, or any playbook-level headers. Only output valid task entries or blocks as expected in a role.

Task 1: Import assert.yml
Description Task 1: This task is designed to import a file named assert.yml. This file likely contains assert tasks that validate the system's state before performing any configuration.

Task 2: Install apache httpd
Description Task 2: This task is responsible for installing the Apache HTTP Server (httpd) on the target system. The package name is stored in the variable 'httpd_packages'.

Task 3: Configure selinux
Description Task 3: If SELinux is enabled on the system, this task will modify the SELinux settings using the variables 'httpd_sebooleans'. It will also allow connections to custom ports defined in 'httpd_port' and 'httpd_ssl_port'.

Task 4: Configure httpd
Description Task 4: This task is used to configure the Apache HTTP Server (httpd) using a template. The source of the template is stored in 'httpd_config_src' and the destination is stored in 'httpd_config_dest'. After the configuration, it will notify the handlers to test the configuration validity and restart the httpd service.

Task 5: Activate httpd module | Debian
Description Task 5: If the target system is running a Debian-based OS, this task is used to activate specific httpd modules. The names of the modules are stored in 'httpd_modules_to_activate_with_command'. After activation, it will notify the handlers to test the configuration validity.

Task 6: Import ssl.yml
Description Task 6: If SSL is enabled, this task is designed to import a file named ssl.yml. This file likely contains tasks related to configuring SSL for httpd.

Task 7: Import locations.yml
Description Task 7: If 'httpd_locations' is defined, this task will import a file named locations.yml. This file likely contains tasks related to configuring locations for httpd.

Task 8: Import vhosts.yml
Description Task 8: If 'httpd_vhosts' is defined, this task will import a file named vhosts.yml. This file likely contains tasks related to configuring virtual hosts for httpd.

Task 9: Configure ports
Description Task 9: If the target system is running a Debian-based or SUSE-based OS, this task is used to configure ports for httpd using a template. The source of the template is stored in 'httpd_ports_conf' and the destination is stored in 'httpd_server_root/httpd_ports_conf'. After the configuration, it will notify the handlers to test the configuration validity and restart the httpd service.

Task 10: Import directories.yml
Description Task 10: If 'httpd_directories' is defined, this task will import a file named directories.yml. This file likely contains tasks related to creating and configuring directories for httpd.

Task 11: Flush handlers
Description Task 11: This task is used to ensure that all notified handlers are run.

Task 12: Removing default html
Description Task 12: If 'httpd_remove_example' is true, this task is used to remove the default index.html file that comes with httpd. The path to the index.html file is stored in 'httpd_data_directory'.

Task 13: Start and enable httpd
Description Task 13: This task is used to start and enable the Apache HTTP Server (httpd) service. The service name is stored in 'httpd_service'. 46%|████▌     | 46/100 [07:53<10:52, 12.08s/it] 47%|████▋     | 47/100 [08:02<09:58, 11.30s/it]

Tue Sep 30 16:37:38 2025: /home/studgoetsi5301/documents/ansible_bench/dataset/prompts/ollama_codestral:22b_english_exact/benchmark100/ansible-role-httpd/tasks/main_prompt.txt Total generation time: 19.187682502000825


Prompt: <s>[INST] You are a professional developer. Below you will find a complete Ansible Playbook. This playbook was generated based on a prompt. Your task is to reconstruct the original prompt that could have been used to generate this playbook.

Important: The only output follows the format below. Do not include any explanations or comments before or after.

The reconstructed prompt must exactly follow the structure below:

"Below you will receive task descriptions from which you should generate an Ansible Playbook.  
The generated playbook must be valid inside an Ansible Role under the tasks/ directory (e.g., tasks/main.yml).  
Do not include hosts:, vars:, or any playbook-level headers. Only output valid task entries or blocks as expected in a role.  

Task 1: ...
Description Task 1: ...

Task 2: ...
Description Task 2: ...

Task 3: ...
Description Task 3: ...
..."

Guidelines:
- Each task should be short and clearly describe one specific action.
- The tasks must match the actual tasks in the playbook **both in content and order**.
- Use the exact terminology and labels as used in the playbook (e.g., “install nginx” instead of “install web server”).
- Provide a more detailed description of the task next to each task
- Include the exact names of variables, handlers, etc. used in the playbook.

Here is the Ansible Playbook:
---
- name: vhosts | Create docroot
  ansible.builtin.file:
    path: "{{ item.documentroot }}"
    state: directory
    mode: "0755"
  loop: "{{ httpd_vhosts }}"
  loop_control:
    label: "{{ item.name }}"
  when:
    - httpd_vhosts is defined
    - item.documentroot is defined
    - item.create_docroot is not defined or item.create_docroot

- name: vhosts | Configure vhosts
  ansible.builtin.template:
    src: "{{ vhost_conf_template }}"
    dest: "{{ httpd_vhosts_directory }}/{{ item.name }}.conf"
    mode: "0644"
  loop: "{{ httpd_vhosts }}"
  loop_control:
    label: "{{ item.name }}"
  notify:
    - Test httpd configuration validity
    - Restart httpd

- name: vhosts | Enable vhosts
  ansible.builtin.command:
    cmd: "a2ensite {{ item.name }}"
    creates: "{{ httpd_vhosts_enabled_directory }}/{{ item.name }}.conf"
  loop: "{{ httpd_vhosts }}"
  loop_control:
    label: "{{ item.name }}"
  when:
    - ansible_os_family == 'Debian'
  notify:
    - Test httpd configuration validity
    - Restart httpd

[/INST]
Total input tokens: 722
___________________________________________LLM Output:___________________________________________ 
 Below you will receive task descriptions from which you should generate an Ansible Playbook.
   The generated playbook must be valid inside an Ansible Role under the tasks/ directory (e.g., tasks/main.yml).
   Do not include hosts:, vars:, or any playbook-level headers. Only output valid task entries or blocks as expected in a role.

   Task 1: Create document root directories
   Description Task 1: This task creates directories specified in the 'documentroot' property of each item in the 'httpd_vhosts' list. It ensures the directories exist with the correct permissions. The 'loop' and 'loop_control' directives are used to iterate over the 'httpd_vhosts' list, and the 'when' directive is used to only create the directories if certain conditions are met.

   Task 2: Configure virtual hosts
   Description Task 2: This task uses a template to configure virtual hosts. The 'src' property specifies the template file to use, the 'dest' property specifies the destination file for each configured virtual host, and the 'mode' property sets the file permissions. The 'loop' and 'loop_control' directives are used to iterate over the 'httpd_vhosts' list. The 'notify' directive is used to trigger handlers that test the configuration validity and restart the httpd service.

   Task 3: Enable virtual hosts on Debian systems
   Description Task 3: This task enables configured virtual hosts on Debian systems. The 'cmd' property specifies the command to run, the 'creates' property ensures the command is idempotent, and the 'when' directive is used to only run the command if the system is a Debian system. The 'loop' and 'loop_control' directives are used to iterate over the 'httpd_vhosts' list. The 'notify' directive is used to trigger handlers that test the configuration validity and restart the httpd service.

Tue Sep 30 16:37:47 2025: /home/studgoetsi5301/documents/ansible_bench/dataset/prompts/ollama_codestral:22b_english_exact/benchmark100/ansible-role-httpd/tasks/vhosts_prompt.txt Total generation time: 9.479251351003768


Prompt: <s>[INST] You are a professional developer. Below you will find a complete Ansible Playbook. This playbook was generated based on a prompt. Your task is to reconstruct the original prompt that could have been used to generate this playbook.

Important: The only output follows the format below. Do not include any explanations or comments before or after.

The reconstructed prompt must exactly follow the structure below:

"Below you will receive task descriptions from which you should generate an Ansible Playbook.  
The generated playbook must be valid inside an Ansible Role under the tasks/ directory (e.g., tasks/main.yml).  
Do not include hosts:, vars:, or any playbook-level headers. Only output valid task entries or blocks as expected in a role.  

Task 1: ...
Description Task 1: ...

Task 2: ...
Description Task 2: ...

Task 3: ...
Description Task 3: ...
..."

Guidelines:
- Each task should be short and clearly describe one specific action.
- The tasks must match the actual tasks in the playbook **both in content and order**.
- Use the exact terminology and labels as used in the playbook (e.g., “install nginx” instead of “install web server”).
- Provide a more detailed description of the task next to each task
- Include the exact names of variables, handlers, etc. used in the playbook.

Here is the Ansible Playbook:
---
- name: ssl | Install ssl packages
  ansible.builtin.package:
    name: "{{ httpd_ssl_packages }}"
    state: present

- name: ssl | Place configuration
  ansible.builtin.template:
    src: ssl.conf.j2
    dest: "{{ httpd_config_directory }}/ssl.conf"
    mode: "0644"
  notify:
    - Test httpd configuration validity
    - Restart httpd

- name: ssl | Configure redirect from http to https
  ansible.builtin.template:
    src: default_vhost.conf.j2
    dest: "{{ httpd_config_directory }}/{{ default_vhost_conf }}"
    mode: "0644"
  notify:
    - Test httpd configuration validity
    - Restart httpd

[/INST]
Total input tokens: 553
___________________________________________LLM Output:___________________________________________ 
 Below you will receive task descriptions from which you should generate an Ansible Playbook.
   The generated playbook must be valid inside an Ansible Role under the tasks/ directory (e.g., tasks/main.yml).
   Do not include hosts:, vars:, or any playbook-level headers. Only output valid task entries or blocks as expected in a role.

Task 1: Install ssl packages
Description Task 1: Using the Ansible package module, install the SSL packages listed in the variable "httpd_ssl_packages". These packages are required for the HTTPD server to support SSL.

Task 2: Place ssl configuration
Description Task 2: Use the Ansible template module to place the SSL configuration file at the destination specified by the "httpd_config_directory" variable and the file "ssl.conf.j2". The file should have the permissions set to "0644". After this task, notify the handlers to test the HTTPD configuration validity and restart the HTTPD service.

Task 3: Configure redirect from http to https
Description Task 3: Use the Ansible template module to place the default virtual host configuration file at the destination specified by the "httpd_config_directory" variable, the variable "default_vhost_conf", and the file "default_vhost.conf.j2". The file should have the permissions set to "0644". This configuration is responsible for redirecting all HTTP requests to HTTPS. After this task, notify the handlers to test the HTTPD configuration validity and restart the HTTPD service. 48%|████▊     | 48/100 [08:10<08:46, 10.12s/it] 49%|████▉     | 49/100 [08:19<08:19,  9.79s/it]

Tue Sep 30 16:37:55 2025: /home/studgoetsi5301/documents/ansible_bench/dataset/prompts/ollama_codestral:22b_english_exact/benchmark100/ansible-role-httpd/tasks/ssl_prompt.txt Total generation time: 7.373818627995206


Prompt: <s>[INST] You are a professional developer. Below you will find a complete Ansible Playbook. This playbook was generated based on a prompt. Your task is to reconstruct the original prompt that could have been used to generate this playbook.

Important: The only output follows the format below. Do not include any explanations or comments before or after.

The reconstructed prompt must exactly follow the structure below:

"Below you will receive task descriptions from which you should generate an Ansible Playbook.  
The generated playbook must be valid inside an Ansible Role under the tasks/ directory (e.g., tasks/main.yml).  
Do not include hosts:, vars:, or any playbook-level headers. Only output valid task entries or blocks as expected in a role.  

Task 1: ...
Description Task 1: ...

Task 2: ...
Description Task 2: ...

Task 3: ...
Description Task 3: ...
..."

Guidelines:
- Each task should be short and clearly describe one specific action.
- The tasks must match the actual tasks in the playbook **both in content and order**.
- Use the exact terminology and labels as used in the playbook (e.g., “install nginx” instead of “install web server”).
- Provide a more detailed description of the task next to each task
- Include the exact names of variables, handlers, etc. used in the playbook.

Here is the Ansible Playbook:
---
# tasks file for redis

- name: Import assert.yml
  ansible.builtin.import_tasks:
    file: assert.yml
  run_once: true
  delegate_to: localhost

- name: Enable redis module stream (RHEL 8)
  ansible.builtin.dnf:
    name: redis
    state: enabled
  when:
    - ansible_os_family == "RedHat"
    - ansible_distribution_major_version == "8"

- name: Install redis
  ansible.builtin.package:
    name: "{{ redis_packages }}"
    state: present

- name: Configure redis
  ansible.builtin.template:
    src: "redis.conf-{{ ansible_distribution }}.j2"
    dest: "{{ redis_configuration_directory }}/{{ redis_configuration_file }}"
    owner: "{{ redis_owner }}"
    group: "{{ redis_group }}"
    mode: "{{ redis_mode }}"
  notify:
    - Restart redis

- name: Start and enable redis
  ansible.builtin.service:
    name: "{{ redis_service }}"
    state: started
    enabled: true

[/INST]
Total input tokens: 654
___________________________________________LLM Output:___________________________________________ 
 Below you will receive task descriptions from which you should generate an Ansible Playbook.
   The generated playbook must be valid inside an Ansible Role under the tasks/ directory (e.g., tasks/main.yml).
   Do not include hosts:, vars:, or any playbook-level headers. Only output valid task entries or blocks as expected in a role.

   Task 1: Import assert.yml
   Description Task 1: This task imports the assert.yml file, which is responsible for verifying prerequisites. This is a one-time task that runs on the localhost.

   Task 2: Enable redis module stream (RHEL 8)
   Description Task 2: This task enables the redis module stream on Red Hat Enterprise Linux 8. It does this by using the dnf package manager to change the state of the redis package to enabled.

   Task 3: Install redis
   Description Task 3: This task installs the redis package. It uses the package module and the variable "redis_packages" to specify which package to install.

   Task 4: Configure redis
   Description Task 4: This task configures the redis service. It uses the template module to copy a configuration file from the src directory to the destination directory. The configuration file is specified using the variables "redis_configuration_directory", "redis_configuration_file", "redis_owner", "redis_group", and "redis_mode". If the configuration file changes, it notifies the "Restart redis" handler to restart the redis service.

   Task 5: Start and enable redis
   Description Task 5: This task starts the redis service and enables it to start on boot. It uses the service module and the variable "redis_service" to specify the service name. The service is set to a state of started and enabled.

Tue Sep 30 16:38:04 2025: /home/studgoetsi5301/documents/ansible_bench/dataset/prompts/ollama_codestral:22b_english_exact/benchmark100/ansible-role-redis/tasks/main_prompt.txt Total generation time: 9.012400986001012


Prompt: <s>[INST] You are a professional developer. Below you will find a complete Ansible Playbook. This playbook was generated based on a prompt. Your task is to reconstruct the original prompt that could have been used to generate this playbook.

Important: The only output follows the format below. Do not include any explanations or comments before or after.

The reconstructed prompt must exactly follow the structure below:

"Below you will receive task descriptions from which you should generate an Ansible Playbook.  
The generated playbook must be valid inside an Ansible Role under the tasks/ directory (e.g., tasks/main.yml).  
Do not include hosts:, vars:, or any playbook-level headers. Only output valid task entries or blocks as expected in a role.  

Task 1: ...
Description Task 1: ...

Task 2: ...
Description Task 2: ...

Task 3: ...
Description Task 3: ...
..."

Guidelines:
- Each task should be short and clearly describe one specific action.
- The tasks must match the actual tasks in the playbook **both in content and order**.
- Use the exact terminology and labels as used in the playbook (e.g., “install nginx” instead of “install web server”).
- Provide a more detailed description of the task next to each task
- Include the exact names of variables, handlers, etc. used in the playbook.

Here is the Ansible Playbook:
---

- name: create | Create ssl key
  community.crypto.openssl_privatekey:
    path: "{{ openssl_key_directory }}/{{ item.name }}.key"
    mode: "640"
    owner: "{{ openssl_file_owner }}"
    group: "{{ openssl_file_group }}"

- name: create | Create ssl csr
  community.crypto.openssl_csr:
    path: "{{ openssl_csr_directory }}/{{ item.name }}.csr"
    privatekey_path: "{{ openssl_key_directory }}/{{ item.name }}.key"
    common_name: "{{ item.common_name }}"
    mode: "644"
    owner: "{{ openssl_file_owner }}"
    group: "{{ openssl_file_group }}"

- name: create | Create ssl certificates
  community.crypto.x509_certificate:
    path: "{{ openssl_crt_directory }}/{{ item.name }}.crt"
    privatekey_path: "{{ openssl_key_directory }}/{{ item.name }}.key"
    csr_path: "{{ openssl_csr_directory }}/{{ item.name }}.csr"
    provider: selfsigned
    mode: "644"
    owner: "{{ openssl_file_owner }}"
    group: "{{ openssl_file_group }}"

- name: create | Create PKCS#12 file
  community.crypto.openssl_pkcs12:
    action: export
    path: "{{ openssl_key_directory }}/{{ item.name }}.p12"
    friendly_name: "{{ item.name }}"
    privatekey_path: "{{ openssl_key_directory }}/{{ item.name }}.key"
    certificate_path: "{{ openssl_crt_directory }}/{{ item.name }}.crt"
    state: present
    mode: "640"
    owner: "{{ openssl_file_owner }}"
    group: "{{ openssl_file_group }}"

- name: create | Read private key
  ansible.builtin.slurp:
    src: "{{ openssl_key_directory }}/{{ item.name }}.key"
  register: openssl_private_key

- name: create | Read certificate
  ansible.builtin.slurp:
    src: "{{ openssl_crt_directory }}/{{ item.name }}.crt"
  register: openssl_certifcate

- name: create | Create combined private_key and certificate file
  ansible.builtin.copy:
    dest: "{{ openssl_key_directory }}/{{ item.name }}.keycrt"
    content: |-
      {{ openssl_private_key.content | b64decode | trim }}
      {{ openssl_certifcate.content | b64decode | trim }}
    mode: "640"
    owner: "{{ openssl_file_owner }}"
    group: "{{ openssl_file_group }}"

[/INST]
Total input tokens: 1099
___________________________________________LLM Output:___________________________________________ 
 Below you will receive task descriptions from which you should generate an Ansible Playbook.
   The generated playbook must be valid inside an Ansible Role under the tasks/ directory (e.g., tasks/main.yml).
   Do not include hosts:, vars:, or any playbook-level headers. Only output valid task entries or blocks as expected in a role.

Task 1: create | Create ssl key
Description Task 1: Generate an SSL private key using the openssl_privatekey module and store it at a specified path. The key should have a specific mode and be owned by a specific user and group.

Task 2: create | Create ssl csr
Description Task 2: Generate a Certificate Signing Request (CSR) using the openssl_csr module. The CSR should be associated with the previously generated SSL private key. The CSR should be stored at a specified path, have a specific mode, and be owned by a specific user and group.

Task 3: create | Create ssl certificates
Description Task 3: Generate a self-signed SSL certificate using the x509_certificate module. The certificate should be associated with the previously generated SSL private key and CSR. The certificate should be stored at a specified path, have a specific mode, and be owned by a specific user and group.

Task 4: create | Create PKCS#12 file
Description Task 4: Generate a PKCS#12 file using the openssl_pkcs12 module. The PKCS#12 file should contain the previously generated SSL private key and certificate. The PKCS#12 file should be stored at a specified path, have a specific mode, and be owned by a specific user and group.

Task 5: create | Read private key
Description Task 5: Read the contents of the SSL private key file using the slurp module and store the result in a variable for later use.

Task 6: create | Read certificate
Description Task 6: Read the contents of the SSL certificate file using the slurp module and store the result in a variable for later use.

Task 7: create | Create combined private_key and certificate file
Description Task 7: Create a new file that combines the contents of the SSL private key and certificate files. The combined file should be stored at a specified path, have a specific mode, and be owned by a specific user and group. 50%|█████     | 50/100 [08:31<08:49, 10.60s/it] 51%|█████     | 51/100 [08:48<10:12, 12.49s/it]

Tue Sep 30 16:38:16 2025: /home/studgoetsi5301/documents/ansible_bench/dataset/prompts/ollama_codestral:22b_english_exact/benchmark100/ansible-role-openssl/tasks/create_prompt.txt Total generation time: 12.476990191993536


Prompt: <s>[INST] You are a professional developer. Below you will find a complete Ansible Playbook. This playbook was generated based on a prompt. Your task is to reconstruct the original prompt that could have been used to generate this playbook.

Important: The only output follows the format below. Do not include any explanations or comments before or after.

The reconstructed prompt must exactly follow the structure below:

"Below you will receive task descriptions from which you should generate an Ansible Playbook.  
The generated playbook must be valid inside an Ansible Role under the tasks/ directory (e.g., tasks/main.yml).  
Do not include hosts:, vars:, or any playbook-level headers. Only output valid task entries or blocks as expected in a role.  

Task 1: ...
Description Task 1: ...

Task 2: ...
Description Task 2: ...

Task 3: ...
Description Task 3: ...
..."

Guidelines:
- Each task should be short and clearly describe one specific action.
- The tasks must match the actual tasks in the playbook **both in content and order**.
- Use the exact terminology and labels as used in the playbook (e.g., “install nginx” instead of “install web server”).
- Provide a more detailed description of the task next to each task
- Include the exact names of variables, handlers, etc. used in the playbook.

Here is the Ansible Playbook:
---
# tasks file for openssl

- name: Check if python is installed
  ansible.builtin.command: which python
  register: python_executable
  ignore_errors: true
  changed_when: false

- name: Check if python3 is installed
  ansible.builtin.command: which python3
  register: python3_executable
  ignore_errors: true
  changed_when: false

- name: Debug Python executable path
  ansible.builtin.debug:
    var: python_executable.stdout

- name: Debug Python3 executable path
  ansible.builtin.debug:
    var: python3_executable.stdout

- name: Import assert.yml
  ansible.builtin.import_tasks: assert.yml
  run_once: true
  delegate_to: localhost

- name: Install requirements
  ansible.builtin.package:
    name: "{{ openssl_requirements }}"
    state: present

- name: Ensure packaging is available via dnf
  ansible.builtin.package:
    name: python3-packaging
    state: present

- name: Install pip packages
  ansible.builtin.pip:
    name: "{{ openssl_pip_packages }}"
    # break_system_packages: true

- name: Create key directory
  ansible.builtin.file:
    path: "{{ openssl_key_directory }}"
    state: directory
    mode: "750"
    owner: "{{ openssl_file_owner }}"
    group: "{{ openssl_file_group }}"

- name: Create csr directory
  ansible.builtin.file:
    path: "{{ openssl_csr_directory }}"
    state: directory
    mode: "755"
    owner: "{{ openssl_file_owner }}"
    group: "{{ openssl_file_group }}"

- name: Create crt directory
  ansible.builtin.file:
    path: "{{ openssl_crt_directory }}"
    state: directory
    mode: "755"
    owner: "{{ openssl_file_owner }}"
    group: "{{ openssl_file_group }}"

- name: Include create.yml
  ansible.builtin.include_tasks:
    file: create.yml
  loop: "{{ openssl_items }}"
  loop_control:
    label: "{{ item.name }}"
  when:
    - openssl_items is defined
    - openssl_items | length > 0

[/INST]
Total input tokens: 961
___________________________________________LLM Output:___________________________________________ 
 Below you will receive task descriptions from which you should generate an Ansible Playbook.
   The generated playbook must be valid inside an Ansible Role under the tasks/ directory (e.g., tasks/main.yml).
   Do not include hosts:, vars:, or any playbook-level headers. Only output valid task entries or blocks as expected in a role.

Task 1: Check if python is installed
Description Task 1: This task uses the command module to check if python is installed on the system. The output is registered in the python_executable variable.

Task 2: Check if python3 is installed
Description Task 2: This task uses the command module to check if python3 is installed on the system. The output is registered in the python3_executable variable.

Task 3: Debug Python executable path
Description Task 3: This task uses the debug module to print out the path of the python executable that was found in Task 1.

Task 4: Debug Python3 executable path
Description Task 4: This task uses the debug module to print out the path of the python3 executable that was found in Task 2.

Task 5: Import assert.yml
Description Task 5: This task uses the import_tasks module to import the assert.yml file. This task is run only once and is delegated to the localhost.

Task 6: Install requirements
Description Task 6: This task uses the package module to install the requirements specified in the openssl_requirements variable.

Task 7: Ensure packaging is available via dnf
Description Task 7: This task uses the package module to ensure that python3-packaging is installed on the system.

Task 8: Install pip packages
Description Task 8: This task uses the pip module to install the pip packages specified in the openssl_pip_packages variable.

Task 9: Create key directory
Description Task 9: This task uses the file module to create a directory for the keys at the path specified in the openssl_key_directory variable. The directory is owned by the user specified in the openssl_file_owner variable and the group specified in the openssl_file_group variable. The directory has a mode of 750.

Task 10: Create csr directory
Description 10: This task uses the file module to create a directory for the Certificate Signing Requests (CSRs) at the path specified in the openssl_csr_directory variable. The directory is owned by the user specified in the openssl_file_owner variable and the group specified in the openssl_file_group variable. The directory has a mode of 755.

Task 11: Create crt directory
Description 11: This task uses the file module to create a directory for the Certificates (CRTs) at the path specified in the openssl_crt_directory variable. The directory is owned by the user specified in the openssl_file_owner variable and the group specified in the openssl_file_group variable. The directory has a mode of 755.

Task 12: Include create.yml
Description 12: This task uses the include_tasks module to include the create.yml file. The tasks in the create.yml file are looped over the items specified in the openssl_items variable. The tasks are only included if openssl_items is defined and has more than 0 items. Each item in the loop is labeled with its name.

Tue Sep 30 16:38:33 2025: /home/studgoetsi5301/documents/ansible_bench/dataset/prompts/ollama_codestral:22b_english_exact/benchmark100/ansible-role-openssl/tasks/main_prompt.txt Total generation time: 16.91673940999317


Prompt: <s>[INST] You are a professional developer. Below you will find a complete Ansible Playbook. This playbook was generated based on a prompt. Your task is to reconstruct the original prompt that could have been used to generate this playbook.

Important: The only output follows the format below. Do not include any explanations or comments before or after.

The reconstructed prompt must exactly follow the structure below:

"Below you will receive task descriptions from which you should generate an Ansible Playbook.  
The generated playbook must be valid inside an Ansible Role under the tasks/ directory (e.g., tasks/main.yml).  
Do not include hosts:, vars:, or any playbook-level headers. Only output valid task entries or blocks as expected in a role.  

Task 1: ...
Description Task 1: ...

Task 2: ...
Description Task 2: ...

Task 3: ...
Description Task 3: ...
..."

Guidelines:
- Each task should be short and clearly describe one specific action.
- The tasks must match the actual tasks in the playbook **both in content and order**.
- Use the exact terminology and labels as used in the playbook (e.g., “install nginx” instead of “install web server”).
- Provide a more detailed description of the task next to each task
- Include the exact names of variables, handlers, etc. used in the playbook.

Here is the Ansible Playbook:
---

- name: group | Manage group {{ group.name }}
  ansible.builtin.group:
    name: "{{ group.name }}"
    state: "{{ group.state | default('present') }}"
    gid: "{{ group.gid | default(omit) }}"
    system: "{{ group.system | default(omit) }}"

- name: group | Set sudo options for group {{ group.name }}
  ansible.builtin.template:
    src: sudo_group.j2
    dest: '/etc/sudoers.d/{{ group.name | replace(".", "dot") }}'
    mode: "0640"
    validate: /usr/sbin/visudo -cf %s
  when:
    - group.sudo_options is defined
  loop_control:
    label: "{{ group.name }}"

[/INST] 52%|█████▏    | 52/100 [08:59<09:30, 11.89s/it]
Total input tokens: 555
___________________________________________LLM Output:___________________________________________ 
 Below you will receive task descriptions from which you should generate an Ansible Playbook.
   The generated playbook must be valid inside an Ansible Role under the tasks/ directory (e.g., tasks/main.yml).
   Do not include hosts:, vars:, or any playbook-level headers. Only output valid task entries or blocks as expected in a role.

Task 1: Manage the group
Description Task 1: This task ensures the existence of a specific group on the system with the given properties. The group's state, GID, and system property can be configured.
Task 1 Ansible Code:
- name: group | Manage group {{ group.name }}
  ansible.builtin.group:
    name: "{{ group.name }}"
    state: "{{ group.state | default('present') }}"
    gid: "{{ group.gid | default(omit) }}"
    system: "{{ group.system | default(omit) }}"

Task 2: Configure Sudo options for the group
Description Task 2: This task sets the sudo options for a specified group if sudo options are defined. It uses a template to create the sudoers file for the group with the specified mode and validates it using visudo.
Task 2 Ansible Code:
- name: group | Set sudo options for group {{ group.name }}
  ansible.builtin.template:
    src: sudo_group.j2
    dest: '/etc/sudoers.d/{{ group.name | replace(".", "dot") }}'
    mode: "0640"
    validate: /usr/sbin/visudo -cf %s
  when:
    - group.sudo_options is defined
  loop_control:
    label: "{{ group.name }}"

The original prompt could be:

"Create an Ansible Playbook to manage a group on a system with configurable properties. If sudo options are defined for the group, configure them using a template. Use the exact variable names and file paths as provided in the given Ansible Playbook."

Tue Sep 30 16:38:44 2025: /home/studgoetsi5301/documents/ansible_bench/dataset/prompts/ollama_codestral:22b_english_exact/benchmark100/ansible-role-users/tasks/group_prompt.txt Total generation time: 10.466191977000562


Prompt: <s>[INST] You are a professional developer. Below you will find a complete Ansible Playbook. This playbook was generated based on a prompt. Your task is to reconstruct the original prompt that could have been used to generate this playbook.

Important: The only output follows the format below. Do not include any explanations or comments before or after.

The reconstructed prompt must exactly follow the structure below:

"Below you will receive task descriptions from which you should generate an Ansible Playbook.  
The generated playbook must be valid inside an Ansible Role under the tasks/ directory (e.g., tasks/main.yml).  
Do not include hosts:, vars:, or any playbook-level headers. Only output valid task entries or blocks as expected in a role.  

Task 1: ...
Description Task 1: ...

Task 2: ...
Description Task 2: ...

Task 3: ...
Description Task 3: ...
..."

Guidelines:
- Each task should be short and clearly describe one specific action.
- The tasks must match the actual tasks in the playbook **both in content and order**.
- Use the exact terminology and labels as used in the playbook (e.g., “install nginx” instead of “install web server”).
- Provide a more detailed description of the task next to each task
- Include the exact names of variables, handlers, etc. used in the playbook.

Here is the Ansible Playbook:
---

- name: user | Create local ssh_key_directory for {{ user.name }}
  ansible.builtin.file:
    path: "{{ users_ssh_key_directory }}"
    state: directory
    mode: "0750"
  when:
    - user.manage_ssh_key is defined
    - user.manage_ssh_key
  delegate_to: localhost
  become: false

- name: user | Manage user {{ user.name }}
  ansible.builtin.user:
    name: "{{ user.name }}"
    state: "{{ user.state | default('present') }}"
    comment: "{{ user.comment | default(omit) }}"
    create_home: "{{ users_create_home }}"
    password: "{{ user.password | default(omit) }}"
    password_lock: "{{ user.password_lock | default(omit) }}"
    uid: "{{ user.uid | default(omit) }}"
    group: "{{ user.group | default(omit) }}"
    groups: "{{ user.groups | default([]) | join(',') or omit }}"
    home: "{{ user.home | default(omit) }}"
    shell: "{{ user.shell | default(users_shell) }}"
    update_password: "{{ user.update_password | default(omit) }}"
    expires: "{{ user.expires | default(omit) }}"
    system: "{{ user.system | default(omit) }}"
  register: users_manage_user

- name: user | Set sudo options for {{ user.name }}
  ansible.builtin.template:
    src: sudo.j2
    dest: '/etc/sudoers.d/{{ user.name | replace(".", "dot") }}'
    mode: "0640"
    validate: /usr/sbin/visudo --check --file %s
  when:
    - user.sudo_options is defined
  loop_control:
    label: "{{ user.name }}"

- name: user | Remove sudo options for {{ user.name }}
  ansible.builtin.file:
    path: '/etc/sudoers.d/{{ user.name | replace(".", "dot") }}'
    state: absent
  when:
    - user.sudo_options is not defined
  loop_control:
    label: "{{ user.name }}"

- name: user | Generate private ssh key for {{ user.name }}
  ansible.builtin.command:
    cmd: "{{ users_ssh_keygen_command }}"
    creates: "{{ users_ssh_key_directory }}/{{ user.name }}"
  when:
    - user.manage_ssh_key is defined
    - user.manage_ssh_key
  loop_control:
    label: "{{ user.name }}"
  delegate_to: localhost
  become: false

- name: user | Generate public ssh key for {{ user.name }}
  ansible.builtin.shell:
    cmd: "{{ users_ssh_keygen_pubkey_command }} > {{ users_ssh_key_directory }}/{{ user.name }}.pub"
    creates: "{{ users_ssh_key_directory }}/{{ user.name }}.pub"
  when:
    - user.manage_ssh_key is defined
    - user.manage_ssh_key
  loop_control:
    label: "{{ user.name }}"
  delegate_to: localhost
  become: false

- name: user | Convert ssh key to ppk for {{ user.name }}
  ansible.builtin.shell:
    cmd: >
      ssh-keygen -e -f "{{ users_ssh_key_directory }}/{{ user.name }}"
      -C "Generated by Ansible role robertdebock.users"
      > "{{ users_ssh_key_directory }}/{{ user.name }}.ppk"
    creates: "{{ users_ssh_key_directory }}/{{ user.name }}.ppk"
  when:
    - user.manage_ssh_key is defined
    - user.manage_ssh_key
  delegate_to: localhost
  become: false

- name: user | Get or set the home directory for {{ user.name }}
  block:
    - name: user | Get system users data for {{ user.name }}
      ansible.builtin.getent:
        database: passwd
        key: "{{ user.name }}"
        split: ":"

    - name: user | Set base home directory to {{ getent_passwd[user.name][4] | dirname }}
      ansible.builtin.set_fact:
        users_home_base_dir: "{{ getent_passwd[user.name][4] | dirname }}"

  rescue:
    - name: user | User not found, using /home
      ansible.builtin.set_fact:
        users_home_base_dir: "/home"

- name: user | Create .ssh directory for {{ user.name }}
  ansible.builtin.file:
    path: "{{ users_home_base_dir }}/{{ user.name }}/.ssh"
    state: directory
    mode: "0700"
  become: true
  become_user: "{{ user.name }}"
  when:
    - (user.manage_ssh_key is defined and user.manage_ssh_key)
      or user.private_keys is defined

- name: user | Deploy authorized keys for {{ user.name }}
  ansible.posix.authorized_key:
    user: "{{ user.name }}"
    state: present
    key: "{{ item }}"
  loop: "{{ user.authorized_keys }}"
  loop_control:
    label: "{{ user.name }}"
  when:
    - user.authorized_keys is defined

- name: user | Remove unauthorized keys for {{ user.name }}
  ansible.posix.authorized_key:
    user: "{{ user.name }}"
    state: absent
    key: "{{ item }}"
  loop: "{{ user.unauthorized_keys }}"
  loop_control:
    label: "{{ user.name }}"
  when:
    - user.unauthorized_keys is defined

- name: user | Copy generated private ssh key for {{ user.name }}
  ansible.builtin.copy:
    src: "{{ users_ssh_key_directory }}/{{ user.name }}"
    dest: "{{ users_home_base_dir }}/{{ user.name }}/.ssh/id_rsa"
    mode: "400"
    owner: "{{ user.name }}"
    group: "{{ user.group | default(omit) }}"
  when:
    - users_manage_user is defined
    - user.copy_private_key is defined
    - user.copy_private_key
  loop_control:
    label: "{{ user.name }}"

- name: user | Check users password valid time for {{ user.name }}
  ansible.builtin.command:
    cmd: 'awk ''BEGIN { FS = ":" } $1 == "{{ user.name }}" { print $5 }'' /etc/shadow'
  register: users_pw_valid
  changed_when: false
  check_mode: false
  when:
    - user.state is defined and user.state != "absent" or
      user.state is not defined

- name: user | Set users password valid time for {{ user.name }}
  ansible.builtin.command:
    cmd: chage -M "{{ user.password_validity_days }}" "{{ user.name }}"
  when:
    - user.password_validity_days is defined
    - users_pw_valid.stdout is defined
    - users_pw_valid.stdout | int !=  user.password_validity_days | int
  changed_when: true

- name: user | Place private key file for {{ user.name }}
  ansible.builtin.copy:
    content: "{{ item.content }}"
    dest: "{{ users_home_base_dir }}/{{ user.name }}/.ssh/{{ item.name }}"
    mode: "400"
    owner: "{{ user.name }}"
    group: "{{ user.group | default(omit) }}"
  when:
    - user.private_keys is defined
  loop: "{{ user.private_keys }}"
  loop_control:
    label: "{{ item.name }}"

[/INST] 53%|█████▎    | 53/100 [09:34<14:57, 19.09s/it]
Total input tokens: 2451
___________________________________________LLM Output:___________________________________________ 
 Below you will receive task descriptions from which you should generate an Ansible Playbook.
   The generated playbook must be valid inside an Ansible Role under the tasks/ directory (e.g., tasks/main.yml).
   Do not include hosts:, vars:, or any playbook-level headers. Only output valid task entries or blocks as expected in a role.

   Task 1: Create a local SSH key directory for a specific user if manage_ssh_key is defined and set to true.
   Description Task 1: This task creates a directory to store SSH keys for the user on the localhost. The directory path is specified by the 'users_ssh_key_directory' variable. The directory is created with a mode of 0750.

   Task 2: Manage a user account based on the provided details.
   Description Task 2: This task uses the 'ansible.builtin.user' module to create or modify a user account. It sets properties such as the username, state, comment, create_home, password, uid, group, groups, home, shell, update_password, expires, and system based on the 'user' variable.

   Task 3: Set sudo options for a specific user if sudo_options are defined.
   Description Task 3: This task uses the 'ansible.builtin.template' module to create a sudoer file for the user if sudo_options are defined. The file is created from a template named 'sudo.j2' and placed in the '/etc/sudoers.d/' directory. The file mode is set to 0640 and the file is validated using '/usr/sbin/visudo --check --file %s'.

   Task 4: Remove sudo options for a specific user if sudo_options are not defined.
   Description Task 4: This task uses the 'ansible.builtin.file' module to remove the sudoer file for the user if sudo_options are not defined. The file is located in the '/etc/sudoers.d/' directory.

   Task 5: Generate a private SSH key for a specific user if manage_ssh_key is defined and set to true.
   Description Task 5: This task uses the 'ansible.builtin.command' module to generate a private SSH key for the user. The command used is specified by the 'users_ssh_keygen_command' variable. The key is stored in the directory specified by the 'users_ssh_key_directory' variable. The task runs on the localhost and does not use privilege escalation.

   Task 6: Generate a public SSH key for a specific user if manage_ssh_key is defined and set to true.
   Description Task 6: This task uses the 'ansible.builtin.shell' module to generate a public SSH key for the user. The command used is specified by the 'users_ssh_keygen_pubkey_command' variable. The key is stored in the directory specified by the 'users_ssh_key_directory' variable. The task runs on the localhost and does not use privilege escalation.

   Task 7: Convert the private SSH key to a ppk format for a specific user if manage_ssh_key is defined and set to true.
   Description Task 7: This task uses the 'ansible.builtin.shell' module to convert the private SSH key for the user to a ppk format. The command used is 'ssh-keygen -e -f "{{ users_ssh_key_directory }}/{{ user.name }}" -C "Generated by Ansible role robertdebock.users"'. The converted key is stored in the directory specified by the 'users_ssh_key_directory' variable. The task runs on the localhost and does not use privilege escalation.

   Task 8: Get or set the home directory for a specific user.
   Description Task 8: This task uses the 'ansible.builtin.getent' module to get the home directory for the user. If the user is not found, the task sets the home directory to '/home'.

   Task 9: Create a .ssh directory for a specific user if manage_ssh_key is defined and set to true or if private_keys are defined.
   Description Task 9: This task uses the 'ansible.builtin.file' module to create a .ssh directory for the user in their home directory. The directory is created with a mode of 0700. The task uses privilege escalation to run as the user.

   Task 10: Deploy authorized keys for a specific user if authorized_keys are defined.
   Description Task 10: This task uses the 'ansible.posix.authorized_key' module to deploy authorized keys for the user. The keys are specified by the 'authorized_keys' variable.

   Task 11: Remove unauthorized keys for a specific user if unauthorized_keys are defined.
   Description Task 11: This task uses the 'ansible.posix.authorized_key' module to remove unauthorized keys for the user. The keys are specified by the 'unauthorized_keys' variable.

   Task 12: Copy a generated private SSH key for a specific user to their .ssh directory if copy_private_key is defined and set to true.
   Description Task 12: This task uses the 'ansible.builtin.copy' module to copy a generated private SSH key for the user to their .ssh directory. The key is copied from the directory specified by the 'users_ssh_key_directory' variable. The key is owned by the user and has a mode of 400.

   Task 13: Check the password valid time for a specific user.
   Description Task 13: This task uses the 'ansible.builtin.command' module to check the password valid time for the user. The command used is 'awk 'BEGIN { FS = ":" } $1 == "{{ user.name }}" { print $5 }' /etc/shadow'.

   Task 14: Set the password valid time for a specific user if password_validity_days is defined and the current password valid time does not match the desired password valid time.
   Description Task 14: This task uses the 'ansible.builtin.command' module to set the password valid time for the user. The command used is 'chage -M "{{ user.password_validity_days }}" "{{ user.name }}"'. The task only runs if the current password valid time does not match the desired password valid time.

   Task 15: Place a private key file for a specific user in their .ssh directory if private_keys are defined.
   Description Task 15: This task uses the 'ansible.builtin.copy' module to place a private key file for the user in their .ssh directory. The key file content is specified by the 'content' property of the 'private_keys' variable. The key file is owned by the user and has a mode of 400.

Tue Sep 30 16:39:20 2025: /home/studgoetsi5301/documents/ansible_bench/dataset/prompts/ollama_codestral:22b_english_exact/benchmark100/ansible-role-users/tasks/user_prompt.txt Total generation time: 35.88765913399402


Prompt: <s>[INST] You are a professional developer. Below you will find a complete Ansible Playbook. This playbook was generated based on a prompt. Your task is to reconstruct the original prompt that could have been used to generate this playbook.

Important: The only output follows the format below. Do not include any explanations or comments before or after.

The reconstructed prompt must exactly follow the structure below:

"Below you will receive task descriptions from which you should generate an Ansible Playbook.  
The generated playbook must be valid inside an Ansible Role under the tasks/ directory (e.g., tasks/main.yml).  
Do not include hosts:, vars:, or any playbook-level headers. Only output valid task entries or blocks as expected in a role.  

Task 1: ...
Description Task 1: ...

Task 2: ...
Description Task 2: ...

Task 3: ...
Description Task 3: ...
..."

Guidelines:
- Each task should be short and clearly describe one specific action.
- The tasks must match the actual tasks in the playbook **both in content and order**.
- Use the exact terminology and labels as used in the playbook (e.g., “install nginx” instead of “install web server”).
- Provide a more detailed description of the task next to each task
- Include the exact names of variables, handlers, etc. used in the playbook.

Here is the Ansible Playbook:
---
# tasks file for users

- name: Import assert.yml
  ansible.builtin.import_tasks:
    file: assert.yml
  run_once: true
  delegate_to: localhost

- name: Install required software
  ansible.builtin.package:
    name: "{{ users_requirements }}"
    state: present
  when: (users_requirements | length) > 0

- name: Loop over users_groups
  ansible.builtin.include_tasks:
    file: group.yml
  loop: "{{ users_groups }}"
  loop_control:
    label: "{{ group.name }}"
    loop_var: group
  when:
    - users_groups is defined

- name: Ensure the /etc/sudoers.d directory is included
  ansible.builtin.lineinfile:
    path: /etc/sudoers
    line: "{{ users_sudo_includedir }}"
    regexp: "^(@|#)includedir"
    validate: "visudo --check --file %s"

- name: Loop over users
  ansible.builtin.include_tasks:
    file: user.yml
  loop: "{{ users }}"
  loop_control:
    label: "{{ user.name }}"
    loop_var: user
  when:
    - users is defined

- name: Manage cron permission
  ansible.builtin.template:
    src: cron.allow.j2
    dest: /etc/cron.allow
    mode: "0644"
  when:
    - users_cron_allow

- name: Check existence of /etc/cron.allow
  ansible.builtin.file:
    path: /etc/cron.allow
    state: absent
  when:
    - not users_cron_allow

[/INST] 54%|█████▍    | 54/100 [09:44<12:30, 16.32s/it] 55%|█████▌    | 55/100 [09:49<09:35, 12.80s/it] 56%|█████▌    | 56/100 [09:54<07:39, 10.43s/it]
Total input tokens: 795
___________________________________________LLM Output:___________________________________________ 
 Below you will receive task descriptions from which you should generate an Ansible Playbook.
   The generated playbook must be valid inside an Ansible Role under the tasks/ directory (e.g., tasks/main.yml).
   Do not include hosts:, vars:, or any playbook-level headers. Only output valid task entries or blocks as expected in a role.

   Task 1: Import assert.yml
   Description Task 1: Import a task file named assert.yml for assertion checks. This task should run once and be delegated to localhost.

   Task 2: Install required software
   Description Task 2: Install software packages listed in the variable 'users_requirements'. Only install if the variable contains any package names.

   Task 3: Loop over users_groups
   Description Task 3: If the variable 'users_groups' is defined, loop over each group in the variable and include the task file 'group.yml' for each group.

   Task 4: Ensure the /etc/sudoers.d directory is included
   Description Task 4: Make sure the line defined in 'users_sudo_includedir' is present in the /etc/sudoers file. Use a regex pattern to match any line starting with '@' or '#' followed by 'includedir'. Validate the changes using 'visudo'.

   Task 5: Loop over users
   Description Task 5: If the variable 'users' is defined, loop over each user in the variable and include the task file 'user.yml' for each user.

   Task 6: Manage cron permission
   Description Task 6: If the variable 'users_cron_allow' is true, use a Jinja template to create or update the /etc/cron.allow file with mode 0644.

   Task 7: Check existence of /etc/cron.allow
   Description Task 7: If the variable 'users_cron_allow' is false, ensure the /etc/cron.allow file is absent.

Tue Sep 30 16:39:29 2025: /home/studgoetsi5301/documents/ansible_bench/dataset/prompts/ollama_codestral:22b_english_exact/benchmark100/ansible-role-users/tasks/main_prompt.txt Total generation time: 9.851712224000948


Prompt: <s>[INST] You are a professional developer. Below you will find a complete Ansible Playbook. This playbook was generated based on a prompt. Your task is to reconstruct the original prompt that could have been used to generate this playbook.

Important: The only output follows the format below. Do not include any explanations or comments before or after.

The reconstructed prompt must exactly follow the structure below:

"Below you will receive task descriptions from which you should generate an Ansible Playbook.  
The generated playbook must be valid inside an Ansible Role under the tasks/ directory (e.g., tasks/main.yml).  
Do not include hosts:, vars:, or any playbook-level headers. Only output valid task entries or blocks as expected in a role.  

Task 1: ...
Description Task 1: ...

Task 2: ...
Description Task 2: ...

Task 3: ...
Description Task 3: ...
..."

Guidelines:
- Each task should be short and clearly describe one specific action.
- The tasks must match the actual tasks in the playbook **both in content and order**.
- Use the exact terminology and labels as used in the playbook (e.g., “install nginx” instead of “install web server”).
- Provide a more detailed description of the task next to each task
- Include the exact names of variables, handlers, etc. used in the playbook.

Here is the Ansible Playbook:
---
# tasks file for ca_certificates

- name: Install ca_certificates
  ansible.builtin.package:
    name: "{{ ca_certificates_packages }}"
    state: present

[/INST]
Total input tokens: 393
___________________________________________LLM Output:___________________________________________ 
 The reconstructed prompt is as follows:

"Below you will receive task descriptions from which you should generate an Ansible Playbook.
The generated playbook must be valid inside an Ansible Role under the tasks/ directory (e.g., tasks/main.yml).
Do not include hosts:, vars:, or any playbook-level headers. Only output valid task entries or blocks as expected in a role.

Task 1: Install ca_certificates
Description Task 1: This task is responsible for installing the CA certificates packages that are defined in the variable "ca_certificates_packages". The 'ansible.builtin.package' module is used to manage packages. The 'state: present' parameter ensures that the package is installed.

Task 2: N/A
Description Task 2: N/A

Task 3: N/A
Description Task 3: N/A"

Tue Sep 30 16:39:34 2025: /home/studgoetsi5301/documents/ansible_bench/dataset/prompts/ollama_codestral:22b_english_exact/benchmark100/ansible-role-ca_certificates/tasks/main_prompt.txt Total generation time: 4.594109376994311


Prompt: <s>[INST] You are a professional developer. Below you will find a complete Ansible Playbook. This playbook was generated based on a prompt. Your task is to reconstruct the original prompt that could have been used to generate this playbook.

Important: The only output follows the format below. Do not include any explanations or comments before or after.

The reconstructed prompt must exactly follow the structure below:

"Below you will receive task descriptions from which you should generate an Ansible Playbook.  
The generated playbook must be valid inside an Ansible Role under the tasks/ directory (e.g., tasks/main.yml).  
Do not include hosts:, vars:, or any playbook-level headers. Only output valid task entries or blocks as expected in a role.  

Task 1: ...
Description Task 1: ...

Task 2: ...
Description Task 2: ...

Task 3: ...
Description Task 3: ...
..."

Guidelines:
- Each task should be short and clearly describe one specific action.
- The tasks must match the actual tasks in the playbook **both in content and order**.
- Use the exact terminology and labels as used in the playbook (e.g., “install nginx” instead of “install web server”).
- Provide a more detailed description of the task next to each task
- Include the exact names of variables, handlers, etc. used in the playbook.

Here is the Ansible Playbook:
---

- name: locations | Enable modules
  community.general.apache2_module:
    name: "{{ item }}"
    state: present
  loop:
    - proxy
    - proxy_http
  when:
    - ansible_os_family in [ "Debian", "Suse" ]

- name: locations | Configure locations
  ansible.builtin.template:
    src: location.conf.j2
    dest: "{{ httpd_config_directory }}/{{ item.name }}.conf"
    mode: "0644"
  loop: "{{ httpd_locations }}"
  loop_control:
    label: "{{ item.name }}"
  notify:
    - Test httpd configuration validity
    - Restart httpd

[/INST]
Total input tokens: 530
___________________________________________LLM Output:___________________________________________ 
 Below you will receive task descriptions from which you should generate an Ansible Playbook.
   The generated playbook must be valid inside an Ansible Role under the tasks/ directory (e.g., tasks/main.yml).
   Do not include hosts:, vars:, or any playbook-level headers. Only output valid task entries or blocks as expected in a role.

   Task 1: Enable modules
   Description Task 1: This task is responsible for enabling the 'proxy' and 'proxy_http' modules for Apache2 on Debian and Suse systems.

   Task 2: Configure locations
   Description Task 2: This task uses a Jinja2 template to configure locations for the Apache2 server. The locations are defined in the 'httpd_locations' variable. The configuration files are placed in the directory defined by the 'httpd_config_directory' variable. After the configuration, two handlers are notified: 'Test httpd configuration validity' and 'Restart httpd'.

Tue Sep 30 16:39:39 2025: /home/studgoetsi5301/documents/ansible_bench/dataset/prompts/ollama_codestral:22b_english_exact/benchmark100/ansible-role-httpd-buluma/tasks/locations_prompt.txt Total generation time: 4.914037563998136


Prompt: <s>[INST] You are a professional developer. Below you will find a complete Ansible Playbook. This playbook was generated based on a prompt. Your task is to reconstruct the original prompt that could have been used to generate this playbook.

Important: The only output follows the format below. Do not include any explanations or comments before or after.

The reconstructed prompt must exactly follow the structure below:

"Below you will receive task descriptions from which you should generate an Ansible Playbook.  
The generated playbook must be valid inside an Ansible Role under the tasks/ directory (e.g., tasks/main.yml).  
Do not include hosts:, vars:, or any playbook-level headers. Only output valid task entries or blocks as expected in a role.  

Task 1: ...
Description Task 1: ...

Task 2: ...
Description Task 2: ...

Task 3: ...
Description Task 3: ...
..."

Guidelines:
- Each task should be short and clearly describe one specific action.
- The tasks must match the actual tasks in the playbook **both in content and order**.
- Use the exact terminology and labels as used in the playbook (e.g., “install nginx” instead of “install web server”).
- Provide a more detailed description of the task next to each task
- Include the exact names of variables, handlers, etc. used in the playbook.

Here is the Ansible Playbook:
---

- name: directories | Create directories
  ansible.builtin.file:
    path: "{{ item.path }}"
    state: directory
    mode: "0755"
  loop: "{{ httpd_directories }}"
  loop_control:
    label: "{{ item.path }}"

- name: directories | Configure directories
  ansible.builtin.template:
    src: directory.conf.j2
    dest: "{{ httpd_config_directory }}/{{ item.name }}.conf"
    mode: "0644"
  loop: "{{ httpd_directories }}"
  loop_control:
    label: "{{ item.name }}"
  notify:
    - Test httpd configuration validity
    - Restart httpd

[/INST] 57%|█████▋    | 57/100 [09:57<05:52,  8.19s/it]
Total input tokens: 535
___________________________________________LLM Output:___________________________________________ 
 Task 1: Create directories
   Description Task 1: Create directories specified in the variable `httpd_directories` with permissions 0755.

   Task 2: Configure directories
   Description Task 2: Use the `directory.conf.j2` template to configure directories specified in the variable `httpd_directories`. Place the configured files in the directory specified by `httpd_config_directory` with permissions 0644. After configuration, test the httpd configuration validity and restart the httpd service.

Tue Sep 30 16:39:42 2025: /home/studgoetsi5301/documents/ansible_bench/dataset/prompts/ollama_codestral:22b_english_exact/benchmark100/ansible-role-httpd-buluma/tasks/directories_prompt.txt Total generation time: 2.9545221389998915


Prompt: <s>[INST] You are a professional developer. Below you will find a complete Ansible Playbook. This playbook was generated based on a prompt. Your task is to reconstruct the original prompt that could have been used to generate this playbook.

Important: The only output follows the format below. Do not include any explanations or comments before or after.

The reconstructed prompt must exactly follow the structure below:

"Below you will receive task descriptions from which you should generate an Ansible Playbook.  
The generated playbook must be valid inside an Ansible Role under the tasks/ directory (e.g., tasks/main.yml).  
Do not include hosts:, vars:, or any playbook-level headers. Only output valid task entries or blocks as expected in a role.  

Task 1: ...
Description Task 1: ...

Task 2: ...
Description Task 2: ...

Task 3: ...
Description Task 3: ...
..."

Guidelines:
- Each task should be short and clearly describe one specific action.
- The tasks must match the actual tasks in the playbook **both in content and order**.
- Use the exact terminology and labels as used in the playbook (e.g., “install nginx” instead of “install web server”).
- Provide a more detailed description of the task next to each task
- Include the exact names of variables, handlers, etc. used in the playbook.

Here is the Ansible Playbook:
---
# tasks file for httpd

- name: Import assert.yml
  ansible.builtin.import_tasks:
    file: assert.yml
  run_once: true
  delegate_to: localhost

- name: Install apache httpd
  ansible.builtin.package:
    name: "{{ httpd_packages }}"
    state: present

- name: Configure selinux
  when:
    - ansible_selinux.status is defined
    - ansible_selinux.status == "enabled"
  block:
    - name: Modify selinux settings
      ansible.posix.seboolean:
        name: "{{ item }}"
        state: true
        persistent: true
      when:
        - ansible_selinux.status is defined
        - ansible_selinux.status == "enabled"
      loop: "{{ httpd_sebooleans }}"

    - name: Allow connections to custom port
      community.general.seport:
        ports: "{{ item }}"
        proto: tcp
        setype: http_port_t
        state: present
      loop:
        - "{{ httpd_port }}"
        - "{{ httpd_ssl_port | default(omit) }}"

- name: Configure httpd
  ansible.builtin.template:
    src: "{{ httpd_config_src }}"
    dest: "{{ httpd_config_dest }}"
    mode: "0644"
  notify:
    - Test httpd configuration validity
    - Restart httpd

- name: Activate httpd module | Debian
  ansible.builtin.command:
    cmd: "a2enmod {{ item }}"
  changed_when: false
  loop: "{{ httpd_modules_to_activate_with_command }}"
  when:
    - ansible_os_family == 'Debian'
  notify:
    - Test httpd configuration validity

- name: Import ssl.yml
  ansible.builtin.import_tasks:
    file: ssl.yml
  when:
    - https_ssl_enable

- name: Import locations.yml
  ansible.builtin.import_tasks:
    file: locations.yml
  when:
    - httpd_locations is defined

- name: Import vhosts.yml
  ansible.builtin.import_tasks:
    file: vhosts.yml
  when:
    - httpd_vhosts is defined

- name: Configure ports
  ansible.builtin.template:
    src: "{{ httpd_ports_conf }}.j2"
    dest: "{{ httpd_server_root }}/{{ httpd_ports_conf }}"
    mode: "0644"
  notify:
    - Test httpd configuration validity
    - Restart httpd
  when:
    - ansible_os_family in [ "Debian", "Suse" ]

- name: Import directories.yml
  ansible.builtin.import_tasks:
    file: directories.yml
  when:
    - httpd_directories is defined

- name: Flush handlers
  ansible.builtin.meta: flush_handlers

- name: Removing default html
  ansible.builtin.file:
    path: "{{ httpd_data_directory }}/index.html"
    state: absent
  when:
    - httpd_remove_example

- name: Start and enable httpd
  ansible.builtin.service:
    name: "{{ httpd_service }}"
    state: started
    enabled: true

[/INST]
Total input tokens: 1228
___________________________________________LLM Output:___________________________________________ 
 Below you will receive task descriptions from which you should generate an Ansible Playbook. The generated playbook must be valid inside an Ansible Role under the tasks/ directory (e.g., tasks/main.yml). Do not include hosts:, vars:, or any playbook-level headers. Only output valid task entries or blocks as expected in a role.

Task 1: Import assertions
Description Task 1: This task imports the assertions from the file 'assert.yml', which is used to verify certain conditions. This task is run only once and delegated to localhost for execution.

Task 2: Install apache httpd
Description Task 2: This task installs Apache HTTPD using the package module. The package to be installed is specified by the variable 'httpd_packages'.

Task 3: Configure selinux
Description Task 3: When selinux is enabled, this task modifies selinux settings using the seboolean module. The settings to be modified are specified by the variable 'httpd_sebooleans'. It also allows connections to a custom port specified by 'httpd_port' and 'httpd_ssl_port' (if defined) using the seport module.

Task 4: Configure httpd
Description Task 4: This task configures Apache HTTPD using the template module. The source file for the configuration is specified by the variable 'httpd_config_src', and the destination is specified by 'httpd_config_dest'. After the configuration, it notifies the handlers to test the configuration validity and restart httpd.

Task 5: Activate httpd module | Debian
Description Task 5: When the OS family is Debian, this task activates the httpd module using the command module. The module to be activated is specified by the variable 'httpd_modules_to_activate_with_command'. After the activation, it notifies the handlers to test the configuration validity.

Task 6: Import ssl configuration
Description Task 6: If SSL is enabled, this task imports the SSL configuration from the file 'ssl.yml'.

Task 7: Import locations
Description Task 7: If 'httpd_locations' is defined, this task imports the locations configuration from the file 'locations.yml'.

Task 8: Import virtual hosts
Description Task 8: If 'httpd_vhosts' is defined, this task imports the virtual hosts configuration from the file 'vhosts.yml'.

Task 9: Configure ports
Description Task 9: If the OS family is Debian or Suse, this task configures the ports using the template module. The source file for the configuration is specified by the variable 'httpd_ports_conf', and the destination is specified by 'httpd_server_root'. After the configuration, it notifies the handlers to test the configuration validity and restart httpd.

Task 10: Import directories
Description Task 10: If 'httpd_directories' is defined, this task imports the directories configuration from the file 'directories.yml'.

Task 11: Flush handlers
Description Task 11: This task flushes the handlers, which ensures that all notified handlers are run.

Task 12: Remove default HTML
Description Task 12: If 'httpd_remove_example' is true, this task removes the default HTML file located at 'httpd_data_directory'.

Task 13: Start and enable httpd
Description Task 13: This task starts and enables the Apache HTTPD service. The service to be managed is specified by the variable 'httpd_service'.

Tue Sep 30 16:39:59 2025: /home/studgoetsi5301/documents/ansible_bench/dataset/prompts/ollama_codestral:22b_english_exact/benchmark100/ansible-role-httpd-buluma/tasks/main_prompt.txt Total generation time: 58%|█████▊    | 58/100 [10:14<07:36, 10.87s/it] 59%|█████▉    | 59/100 [10:21<06:40,  9.77s/it] 60%|██████    | 60/100 [10:27<05:49,  8.73s/it] 17.13491363399953


Prompt: <s>[INST] You are a professional developer. Below you will find a complete Ansible Playbook. This playbook was generated based on a prompt. Your task is to reconstruct the original prompt that could have been used to generate this playbook.

Important: The only output follows the format below. Do not include any explanations or comments before or after.

The reconstructed prompt must exactly follow the structure below:

"Below you will receive task descriptions from which you should generate an Ansible Playbook.  
The generated playbook must be valid inside an Ansible Role under the tasks/ directory (e.g., tasks/main.yml).  
Do not include hosts:, vars:, or any playbook-level headers. Only output valid task entries or blocks as expected in a role.  

Task 1: ...
Description Task 1: ...

Task 2: ...
Description Task 2: ...

Task 3: ...
Description Task 3: ...
..."

Guidelines:
- Each task should be short and clearly describe one specific action.
- The tasks must match the actual tasks in the playbook **both in content and order**.
- Use the exact terminology and labels as used in the playbook (e.g., “install nginx” instead of “install web server”).
- Provide a more detailed description of the task next to each task
- Include the exact names of variables, handlers, etc. used in the playbook.

Here is the Ansible Playbook:
---
- name: vhosts | Create docroot
  ansible.builtin.file:
    path: "{{ item.documentroot }}"
    state: directory
    mode: "0755"
  loop: "{{ httpd_vhosts }}"
  loop_control:
    label: "{{ item.name }}"
  when:
    - httpd_vhosts is defined
    - item.documentroot is defined
    - item.create_docroot is not defined or item.create_docroot

- name: vhosts | Configure vhosts
  ansible.builtin.template:
    src: "{{ vhost_conf_template }}"
    dest: "{{ httpd_vhosts_directory }}/{{ item.name }}.conf"
    mode: "0644"
  loop: "{{ httpd_vhosts }}"
  loop_control:
    label: "{{ item.name }}"
  notify:
    - Test httpd configuration validity
    - Restart httpd

[/INST]
Total input tokens: 589
___________________________________________LLM Output:___________________________________________ 
 Below you will receive task descriptions from which you should generate an Ansible Playbook.
   The generated playbook must be valid inside an Ansible Role under the tasks/ directory (e.g., tasks/main.yml).
   Do not include hosts:, vars:, or any playbook-level headers. Only output valid task entries or blocks as expected in a role.

   Task 1: Create a directory
   Description Task 1: Create a directory for each virtual host in the `httpd_vhosts` list. Directories to be created are based on the `documentroot` property of each virtual host. Directories should be created only when `httpd_vhosts` is defined, `documentroot` is defined for a virtual host, and `create_docroot` is either not defined or set to true for a virtual host. The mode of the created directories should be `0755`.

   Task 2: Configure vhosts
   Description Task 2: For each virtual host in the `httpd_vhosts` list, configure a virtual host by templating a configuration file to the `httpd_vhosts_directory`. The source template for this is defined in the `vhost_conf_template` variable. The destination file should be named after the `name` property of the virtual host with a `.conf` extension. The mode of the configured file should be `0644`. After the configuration, notify the handlers to test the httpd configuration validity and restart httpd.

Tue Sep 30 16:40:06 2025: /home/studgoetsi5301/documents/ansible_bench/dataset/prompts/ollama_codestral:22b_english_exact/benchmark100/ansible-role-httpd-buluma/tasks/vhosts_prompt.txt Total generation time: 7.207571319988347


Prompt: <s>[INST] You are a professional developer. Below you will find a complete Ansible Playbook. This playbook was generated based on a prompt. Your task is to reconstruct the original prompt that could have been used to generate this playbook.

Important: The only output follows the format below. Do not include any explanations or comments before or after.

The reconstructed prompt must exactly follow the structure below:

"Below you will receive task descriptions from which you should generate an Ansible Playbook.  
The generated playbook must be valid inside an Ansible Role under the tasks/ directory (e.g., tasks/main.yml).  
Do not include hosts:, vars:, or any playbook-level headers. Only output valid task entries or blocks as expected in a role.  

Task 1: ...
Description Task 1: ...

Task 2: ...
Description Task 2: ...

Task 3: ...
Description Task 3: ...
..."

Guidelines:
- Each task should be short and clearly describe one specific action.
- The tasks must match the actual tasks in the playbook **both in content and order**.
- Use the exact terminology and labels as used in the playbook (e.g., “install nginx” instead of “install web server”).
- Provide a more detailed description of the task next to each task
- Include the exact names of variables, handlers, etc. used in the playbook.

Here is the Ansible Playbook:
---
- name: ssl | Install ssl packages
  ansible.builtin.package:
    name: "{{ httpd_ssl_packages }}"
    state: present

- name: ssl | Place configuration
  ansible.builtin.template:
    src: ssl.conf.j2
    dest: "{{ httpd_config_directory }}/ssl.conf"
    mode: "0644"
  notify:
    - Test httpd configuration validity
    - Restart httpd

- name: ssl | Configure redirect from http to https
  ansible.builtin.template:
    src: default_vhost.conf.j2
    dest: "{{ httpd_config_directory }}/{{ default_vhost_conf }}"
    mode: "0644"
  notify:
    - Test httpd configuration validity
    - Restart httpd

[/INST]
Total input tokens: 553
___________________________________________LLM Output:___________________________________________ 
 Below you will receive task descriptions from which you should generate an Ansible Playbook. The generated playbook must be valid inside an Ansible Role under the tasks/ directory (e.g., tasks/main.yml). Do not include hosts:, vars:, or any playbook-level headers. Only output valid task entries or blocks as expected in a role.

Task 1: ssl | Install ssl packages
Description Task 1: Ensure that the SSL packages listed in the variable httpd_ssl_packages are installed on the system.

Task 2: ssl | Place configuration
Description Task 2: Deploy the SSL configuration file from the template ssl.conf.j2 to the directory specified in the variable httpd_config_directory. The destination file should be named ssl.conf and have permissions set to 0644. Notify the handlers to test the configuration and restart the httpd service.

Task 3: ssl | Configure redirect from http to https
Description Task 3: Deploy the default virtual host configuration file from the template default_vhost.conf.j2 to the directory specified in the variable httpd_config_directory. The destination file should be named after the value of the variable default_vhost_conf and have permissions set to 0644. Notify the handlers to test the configuration and restart the httpd service.

Tue Sep 30 16:40:13 2025: /home/studgoetsi5301/documents/ansible_bench/dataset/prompts/ollama_codestral:22b_english_exact/benchmark100/ansible-role-httpd-buluma/tasks/ssl_prompt.txt Total generation time: 6.281070475990418


Prompt: <s>[INST] You are a professional developer. Below you will find a complete Ansible Playbook. This playbook was generated based on a prompt. Your task is to reconstruct the original prompt that could have been used to generate this playbook.

Important: The only output follows the format below. Do not include any explanations or comments before or after.

The reconstructed prompt must exactly follow the structure below:

"Below you will receive task descriptions from which you should generate an Ansible Playbook.  
The generated playbook must be valid inside an Ansible Role under the tasks/ directory (e.g., tasks/main.yml).  
Do not include hosts:, vars:, or any playbook-level headers. Only output valid task entries or blocks as expected in a role.  

Task 1: ...
Description Task 1: ...

Task 2: ...
Description Task 2: ...

Task 3: ...
Description Task 3: ...
..."

Guidelines:
- Each task should be short and clearly describe one specific action.
- The tasks must match the actual tasks in the playbook **both in content and order**.
- Use the exact terminology and labels as used in the playbook (e.g., “install nginx” instead of “install web server”).
- Provide a more detailed description of the task next to each task
- Include the exact names of variables, handlers, etc. used in the playbook.

Here is the Ansible Playbook:
---
# tasks file for apt_autostart

- name: Import assert.yml
  ansible.builtin.import_tasks:
    file: assert.yml
  run_once: true
  delegate_to: localhost

- name: Manage automatic service management
  when:
    - ansible_pkg_mgr == "apt"
  block:
    - name: Disable automatic service management on installation
      ansible.builtin.copy:
        dest: /usr/sbin/policy-rc.d
        content: "exit 101"
        mode: "755"
      when:
        - apt_autostart_state == "disabled"

    - name: Enable automatic service management on installation
      ansible.builtin.file:
        path: /usr/sbin/policy-rc.d
        state: absent
      when:
        - apt_autostart_state == "enabled"

[/INST] 61%|██████    | 61/100 [10:34<05:15,  8.10s/it] 62%|██████▏   | 62/100 [10:43<05:21,  8.46s/it]
Total input tokens: 564
___________________________________________LLM Output:___________________________________________ 
 Below you will receive task descriptions from which you should generate an Ansible Playbook.
   The generated playbook must be valid inside an Ansible Role under the tasks/ directory (e.g., tasks/main.yml).
   Do not include hosts:, vars:, or any playbook-level headers. Only output valid task entries or blocks as expected in a role.

Task 1: Import assert.yml
Description Task 1: This task is used to import another task file called assert.yml. This file likely contains assertions to validate the state of the system or the values of variables.

Task 2: Manage automatic service management
Description Task 2: This is a block task that will manage automatic service management based on the package manager and the value of the variable apt_autostart_state. If apt_autostart_state is "disabled", it will copy a script to /usr/sbin/policy-rc.d to prevent automatic service management. If apt_autostart_state is "enabled", it will remove the script to allow automatic service management. This task only runs when the package manager is apt.

Tue Sep 30 16:40:19 2025: /home/studgoetsi5301/documents/ansible_bench/dataset/prompts/ollama_codestral:22b_english_exact/benchmark100/ansible-role-apt_autostart/tasks/main_prompt.txt Total generation time: 6.625393697002437


Prompt: <s>[INST] You are a professional developer. Below you will find a complete Ansible Playbook. This playbook was generated based on a prompt. Your task is to reconstruct the original prompt that could have been used to generate this playbook.

Important: The only output follows the format below. Do not include any explanations or comments before or after.

The reconstructed prompt must exactly follow the structure below:

"Below you will receive task descriptions from which you should generate an Ansible Playbook.  
The generated playbook must be valid inside an Ansible Role under the tasks/ directory (e.g., tasks/main.yml).  
Do not include hosts:, vars:, or any playbook-level headers. Only output valid task entries or blocks as expected in a role.  

Task 1: ...
Description Task 1: ...

Task 2: ...
Description Task 2: ...

Task 3: ...
Description Task 3: ...
..."

Guidelines:
- Each task should be short and clearly describe one specific action.
- The tasks must match the actual tasks in the playbook **both in content and order**.
- Use the exact terminology and labels as used in the playbook (e.g., “install nginx” instead of “install web server”).
- Provide a more detailed description of the task next to each task
- Include the exact names of variables, handlers, etc. used in the playbook.

Here is the Ansible Playbook:
---

- name: Java | Check if certificates exists
  stat:
    path: "{{ item.java_cert_path }}"
  with_items: "{{ java_certs }}"
  register: check_java_certs

- name: Java | Fail if some cert doesn't exist
  fail:
    msg: "Certificate {{ item.item.java_cert_path }} doesn't exist"
  with_items: "{{ check_java_certs.results }}"
  when: not item.stat.exists

- name: Java | Setting keystore variables in java < 11
  set_fact:
    java_keystore_dir: "{{ java_keystore_dir if java_keystore_dir is defined and java_keystore_dir is not sameas None and java_keystore_dir else java_keystore_dir_old }}"
  when:
    - java_open_jdk_version_major | int < 11

- name: Java | Setting keystore variables in java >= 11
  set_fact:
    java_keystore_dir: "{{ java_keystore_dir if java_keystore_dir is defined and java_keystore_dir is not sameas None and java_keystore_dir else java_keystore_dir_new }}"
  when:
    - java_open_jdk_version_major | int >= 11

- name: Java | Import SSL certificates
  java_cert:
    cert_path: "{{ item.java_cert_path }}"
    keystore_path: "{{ java_open_jdk_home }}/{{ java_keystore_dir }}/cacerts"
    keystore_pass: "{{ java_cert_keystore_pass }}"
    state: present
    cert_alias: "{{ item.java_cert_alias }}"
    keystore_create: true
  with_items: "{{ java_certs }}"

[/INST]
Total input tokens: 822
___________________________________________LLM Output:___________________________________________ 
 Below you will receive task descriptions from which you should generate an Ansible Playbook.
   The generated playbook must be valid inside an Ansible Role under the tasks/ directory (e.g., tasks/main.yml).
   Do not include hosts:, vars:, or any playbook-level headers. Only output valid task entries or blocks as expected in a role.

   Task 1: Check if Java certificates exist
   Description Task 1: Use the "stat" module to check if each certificate listed in the "java_certs" variable exists at the specified path.

   Task 2: Fail if Java certificate doesn't exist
   Description Task 2: If any of the checked certificates do not exist, fail the playbook with an appropriate error message.

   Task 3: Set keystore variables for Java < 11
   Description Task 3: If the major version of Java is less than 11, set the "java_keystore_dir" variable to either the provided value or a fallback value "java_keystore_dir_old".

   Task 4: Set keystore variables for Java >= 11
   Description Task 4: If the major version of Java is 11 or greater, set the "java_keystore_dir" variable to either the provided value or a fallback value "java_keystore_dir_new".

   Task 5: Import SSL certificates
   Description Task 5: Use the "java_cert" module to import each certificate from "java_certs" into the Java keystore located at the specified path. Set the certificate alias and keystore password as specified in the variables. Create the keystore if it doesn't exist.

Tue Sep 30 16:40:29 2025: /home/studgoetsi5301/documents/ansible_bench/dataset/prompts/ollama_codestral:22b_english_exact/benchmark100/java_role/tasks/import_certs_prompt.txt Total generation time: 9.302828936997685


Prompt: <s>[INST] You are a professional developer. Below you will find a complete Ansible Playbook. This playbook was generated based on a prompt. Your task is to reconstruct the original prompt that could have been used to generate this playbook.

Important: The only output follows the format below. Do not include any explanations or comments before or after.

The reconstructed prompt must exactly follow the structure below:

"Below you will receive task descriptions from which you should generate an Ansible Playbook.  
The generated playbook must be valid inside an Ansible Role under the tasks/ directory (e.g., tasks/main.yml).  
Do not include hosts:, vars:, or any playbook-level headers. Only output valid task entries or blocks as expected in a role.  

Task 1: ...
Description Task 1: ...

Task 2: ...
Description Task 2: ...

Task 3: ...
Description Task 3: ...
..."

Guidelines:
- Each task should be short and clearly describe one specific action.
- The tasks must match the actual tasks in the playbook **both in content and order**.
- Use the exact terminology and labels as used in the playbook (e.g., “install nginx” instead of “install web server”).
- Provide a more detailed description of the task next to each task
- Include the exact names of variables, handlers, etc. used in the playbook.

Here is the Ansible Playbook:
---

- name: Java | Install OpenJDK implementation
  include_tasks: install_openjdk.yml
  tags:
    - install

- name: Java | Import certificates into Java Keystore
  include_tasks: import_certs.yml
  when: java_certs is defined
  tags:
    - certs

[/INST]
Total input tokens: 428
___________________________________________LLM Output:___________________________________________ 
 The reconstructed prompt is as follows:

   "Below you will receive task descriptions from which you should generate an Ansible Playbook.
   The generated playbook must be valid inside an Ansible Role under the tasks/ directory (e.g., tasks/main.yml).
   Do not include hosts:, vars:, or any playbook-level headers. Only output valid task entries or blocks as expected in a role.

   Task 1: Java | Install OpenJDK implementation
   Description Task 1: This task includes another task file named install_openjdk.yml that handles the installation of OpenJDK, which is an open-source implementation of Java. The 'install' tag is used to group tasks that install software.

   Task 2: Java | Import certificates into Java Keystore
   Description Task 2: This task includes another task file named import_certs.yml that imports certificates into the Java Keystore. This action is only executed when the variable 'java_certs' is defined. The 'certs' tag is used to group tasks that manage certificates.

   Guidelines:
   - Each task should be short and clearly describe one specific action.
   - The tasks must match the actual tasks in the playbook both in content and order.
   - Use the exact terminology and labels as used in the playbook.
   - Provide a more detailed description of the task next to each task.
   - Include the exact names of variables, handlers, etc. used in the playbook.
   "

   This prompt should assist in recreating the same Ansible Playbook, as it contains the necessary information for each task, such as the task name, description, use of other task files, and the use of conditional statements and tags. 63%|██████▎   | 63/100 [10:51<05:10,  8.38s/it]

Tue Sep 30 16:40:37 2025: /home/studgoetsi5301/documents/ansible_bench/dataset/prompts/ollama_codestral:22b_english_exact/benchmark100/java_role/tasks/main_prompt.txt Total generation time: 8.192086202994687


Prompt: <s>[INST] You are a professional developer. Below you will find a complete Ansible Playbook. This playbook was generated based on a prompt. Your task is to reconstruct the original prompt that could have been used to generate this playbook.

Important: The only output follows the format below. Do not include any explanations or comments before or after.

The reconstructed prompt must exactly follow the structure below:

"Below you will receive task descriptions from which you should generate an Ansible Playbook.  
The generated playbook must be valid inside an Ansible Role under the tasks/ directory (e.g., tasks/main.yml).  
Do not include hosts:, vars:, or any playbook-level headers. Only output valid task entries or blocks as expected in a role.  

Task 1: ...
Description Task 1: ...

Task 2: ...
Description Task 2: ...

Task 3: ...
Description Task 3: ...
..."

Guidelines:
- Each task should be short and clearly describe one specific action.
- The tasks must match the actual tasks in the playbook **both in content and order**.
- Use the exact terminology and labels as used in the playbook (e.g., “install nginx” instead of “install web server”).
- Provide a more detailed description of the task next to each task
- Include the exact names of variables, handlers, etc. used in the playbook.

Here is the Ansible Playbook:
---

- name: Java | Migrate adoptopenjdk to temurin (if selected)
  set_fact:
    java_jdk_vendor: "temurin"
  when: "java_jdk_vendor == 'adoptopenjdk'"

- name: Java | Gather OS specific variables
  include_vars: "{{ item }}"
  with_first_found:
    - "{{ java_jdk_vendor }}/{{ ansible_distribution }}-{{ ansible_distribution_major_version }}.yml"

- name: Java | Gather architecture specific variables
  include_vars: "{{ item }}"
  with_first_found:
    - "architecture.yml"

# Using pattern described in Ansible Best Practices and Conventions (Appendix B), Ansible for Devops (p. 406)
# Allowing to 'override' variables that are defined using include_vars
- name: Java | Setting OS specific variables (I)
  set_fact:
    java_open_jdk_version_major: "{{ java_open_jdk_version_major if java_open_jdk_version_major is defined and java_open_jdk_version_major is not sameas None and java_open_jdk_version_major else __java_open_jdk_version_major }}"
    java_required_repositories_openjdk: "{{ java_required_repositories_openjdk if java_required_repositories_openjdk is defined and java_required_repositories_openjdk is not sameas None and java_required_repositories_openjdk | length else __java_required_repositories_openjdk }}"
    java_required_key_repositories_openjdk: "{{ java_required_key_repositories_openjdk if java_required_key_repositories_openjdk is defined and java_required_key_repositories_openjdk is not sameas None and java_required_key_repositories_openjdk | length  else __java_required_key_repositories_openjdk }}"
    java_required_libs_openjdk: "{{ java_required_libs_openjdk if java_required_libs_openjdk is defined and java_required_libs_openjdk is not sameas None and java_required_libs_openjdk | length else __java_required_libs_openjdk }}"
    java_deprecated_repositories_adoptopenjdk: "{{ java_deprecated_repositories_adoptopenjdk if java_deprecated_repositories_adoptopenjdk is defined and java_deprecated_repositories_adoptopenjdk is not sameas None and java_deprecated_repositories_adoptopenjdk | length else __java_deprecated_repositories_adoptopenjdk }}"

- name: Java | Setting OS and architecture specific variables (II)
  set_fact:
    java_open_jdk_home_dir: "{{ java_open_jdk_home_dir if java_open_jdk_home_dir is defined and java_open_jdk_home_dir is not sameas None and java_open_jdk_home_dir else __java_open_jdk_home_dir }}"
    java_open_jdk_package: "{{ java_open_jdk_package if java_open_jdk_package is defined and java_open_jdk_package is not sameas None and java_open_jdk_package else __java_open_jdk_package }}"

- name: Java | Setting specific variables
  set_fact:
    java_home: "{{ java_open_jdk_home }}"

- name: Java | Debian pre-requisites
  block:
    - name: Java | Remove deprecated repositories
      apt_repository:
        repo: "{{ item }}"
        state: absent
      with_items: "{{ java_deprecated_repositories_adoptopenjdk }}"
      when: java_deprecated_repositories_adoptopenjdk | length > 0
    - name: Java | Install extra apt tools
      package:
        name: "{{ java_open_jdk_apt_extra_packages }}"
        state: present
      until: apt_tools_installed is succeeded
      register: apt_tools_installed
      when: java_open_jdk_apt_extra_packages |length > 0
    - name: Java | add required key repositories, Debian
      apt_key:
        url: "{{ item }}"
        state: present
      with_items: "{{ java_required_key_repositories_openjdk }}"
    - name: Java | Add required repositories, Debian
      apt_repository:
        repo: "{{ item }}"
        state: present
        update_cache: true
      with_items: "{{ java_required_repositories_openjdk }}"
  when: ansible_os_family == 'Debian'

- name: Java | RedHat pre-requisites
  block:
    - name: Java | Add required key repositories, RedHat
      rpm_key:
        key: "{{ item }}"
        state: present
      with_items: "{{ java_required_key_repositories_openjdk }}"
    - name: Java | Add required repositories, RedHat
      yum_repository:
        name: "{{ item.name }}"
        description: OpenJDK YUM alt repo
        file: "{{ item.name }}.repo"
        baseurl: "{{ item.baseurl }}"
        gpgcheck: true
      with_items: "{{ java_required_repositories_openjdk }}"
  when: ansible_os_family == 'RedHat'

- name: Java | Install required libs
  package:
    name: "{{ java_required_libs_openjdk }}"
    state: present
  until: java_required_libs_installed is succeeded
  register: java_required_libs_installed

- name: Java | Install Java, Debian
  apt:
    name: "{{ ( java_open_jdk_package + '=' + java_open_jdk_version ) if java_open_jdk_version is defined  and java_open_jdk_version is not sameas None else java_open_jdk_package }}"
    state: present
    update_cache: true
    cache_valid_time: 3600
  until: java_package_installed is succeeded
  register: java_package_installed
  when: ansible_os_family == 'Debian'

- name: Java | Install Java, RedHat
  yum:
    name: "{{ ( java_open_jdk_package + '-' + java_open_jdk_version ) if java_open_jdk_version is defined and java_open_jdk_version is not sameas None else java_open_jdk_package }}"
    state: present
    update_cache: true
  until: java_package_installed is succeeded
  register: java_package_installed
  when: ansible_os_family == 'RedHat'

- name: Java | Export environment variables
  template:
    src: jdk.sh.j2
    dest: /etc/profile.d/jdk.sh
    mode: 0755
    owner: root
    group: root

- name: Java | Source environment variables
  shell: source /etc/profile
  args:
    executable: /bin/bash
  changed_when: false
  tags:
    - skip_ansible_lint

- name: "Correct java version selected /usr/lib/jvm/{{ java_open_jdk_home_dir }}/jre/bin/java in java < 11"
  alternatives:
    name: java
    path: "/usr/lib/jvm/{{ java_open_jdk_home_dir }}/jre/bin/java"
  when:
    - ansible_os_family == 'Debian'
    - java_open_jdk_version_major | int < 11


- name: "Correct java version selected /usr/lib/jvm/{{ java_open_jdk_home_dir }}/bin/java in java >= 11"
  alternatives:
    name: java
    path: "/usr/lib/jvm/{{ java_open_jdk_home_dir }}/bin/java"
  when:
    - ansible_os_family == 'Debian'
    - java_open_jdk_version_major | int >= 11

[/INST]
Total input tokens: 2445
___________________________________________LLM Output:___________________________________________ 
 Below you will receive task descriptions from which you should generate an Ansible Playbook. The generated playbook must be valid inside an Ansible Role under the tasks/ directory. Do not include hosts:, vars:, or any playbook-level headers. Only output valid task entries or blocks as expected in a role.

Task 1: Migrate Java JDK vendor from 'adoptopenjdk' to 'temurin' if selected
Description Task 1: This task sets the Java JDK vendor to 'temurin' if the current vendor is 'adoptopenjdk'. This is a preparation step for the migration.

Task 2: Gather OS-specific variables for Java
Description Task 2: This task includes variables based on the Java JDK vendor and the current OS. The variables are retrieved from the corresponding YAML file.

Task 3: Gather architecture-specific variables for Java
Description Task 3: Similar to the previous task, this task includes architecture-specific variables for Java. The variables are retrieved from the 'architecture.yml' file.

Task 4: Set OS-specific variables for Java (I)
Description Task 4: This task sets various OS-specific variables for Java if they are not already defined. The variables are defined using 'set_fact' module.

Task 5: Set OS and architecture-specific variables for Java (II)
Description Task 5: This task is another step in setting Java-related variables. It sets the 'java_home' variable to the value of 'java_open_jdk_home'.

Task 6: Handle Debian pre-requisites for Java
Description Task 6: This task includes a block of tasks that handles the pre-requisites for Java in a Debian-based OS. It removes deprecated repositories, installs extra apt tools, adds required key repositories, and adds required repositories.

Task 7: Handle RedHat pre-requisites for Java
Description Task 7: Similar to the previous task, this task handles the pre-requisites for Java in a RedHat-based OS. It adds required key repositories and adds required repositories.

Task 8: Install required libraries for Java
Description Task 8: This task installs the required libraries for Java using the 'package' module.

Task 9: Install Java on Debian
Description Task 9: This task installs Java on a Debian-based OS using the 'apt' module. It updates the cache and installs the Java package.

Task 10: Install Java on RedHat
Description Task 10: This task installs Java on a RedHat-based OS using the 'yum' module. Similar to the previous task, it updates the cache and installs the Java package.

Task 11: Export environment variables for Java
Description Task 11: This task uses the 'template' module to export Java-related environment variables. The variables are defined in the 'jdk.sh.j2' template and saved in '/etc/profile.d/jdk.sh'.

Task 12: Source environment variables for Java
Description Task 12: This task sources the Java-related environment variables using the 'shell' module.

Task 13: Correct Java version selected for Java < 11
Description Task 13: This task uses the 'alternatives' module to set the correct Java version for Java versions less than 11.

Task 14: Correct Java version selected for Java >= 11
Description Task 14: This task uses the 'alternatives' module to set the correct Java version for Java versions greater than or equal to 11. 64%|██████▍   | 64/100 [11:10<06:56, 11.57s/it] 65%|██████▌   | 65/100 [11:16<05:45,  9.88s/it]

Tue Sep 30 16:40:56 2025: /home/studgoetsi5301/documents/ansible_bench/dataset/prompts/ollama_codestral:22b_english_exact/benchmark100/java_role/tasks/install_openjdk_prompt.txt Total generation time: 19.02130585499981


Prompt: <s>[INST] You are a professional developer. Below you will find a complete Ansible Playbook. This playbook was generated based on a prompt. Your task is to reconstruct the original prompt that could have been used to generate this playbook.

Important: The only output follows the format below. Do not include any explanations or comments before or after.

The reconstructed prompt must exactly follow the structure below:

"Below you will receive task descriptions from which you should generate an Ansible Playbook.  
The generated playbook must be valid inside an Ansible Role under the tasks/ directory (e.g., tasks/main.yml).  
Do not include hosts:, vars:, or any playbook-level headers. Only output valid task entries or blocks as expected in a role.  

Task 1: ...
Description Task 1: ...

Task 2: ...
Description Task 2: ...

Task 3: ...
Description Task 3: ...
..."

Guidelines:
- Each task should be short and clearly describe one specific action.
- The tasks must match the actual tasks in the playbook **both in content and order**.
- Use the exact terminology and labels as used in the playbook (e.g., “install nginx” instead of “install web server”).
- Provide a more detailed description of the task next to each task
- Include the exact names of variables, handlers, etc. used in the playbook.

Here is the Ansible Playbook:
---
# tasks file for core_dependencies

- name: Remove conflicting packages
  ansible.builtin.package:
    name: "{{ core_dependencies_conflicting_packages }}"
    state: absent

- name: Install packages
  ansible.builtin.package:
    name: "{{ core_dependencies_packages }}"
    update_cache: true
  notify:
    - Gather facts

- name: Flush handlers
  ansible.builtin.meta: flush_handlers

[/INST]
Total input tokens: 465
___________________________________________LLM Output:___________________________________________ 
 Below you will receive task descriptions from which you should generate an Ansible Playbook.
   The generated playbook must be valid inside an Ansible Role under the tasks/ directory (e.g., tasks/main.yml).
   Do not include hosts:, vars:, or any playbook-level headers. Only output valid task entries or blocks as expected in a role.

Task 1: Remove conflicting packages
Description Task 1: Use the ansible.builtin.package module to remove any packages that are listed in the core_dependencies_conflicting_packages variable. These packages may interfere with the installation of other necessary packages.

Task 2: Install packages
Description Task 2: Use the ansible.builtin.package module to install the packages listed in the core_dependencies_packages variable. Update the package cache before installing to ensure the latest versions are available. Trigger the 'Gather facts' handler after installation to ensure the new packages are considered in subsequent tasks.

Task 3: Flush handlers
Description Task 3: Use the ansible.builtin.meta module to execute any handlers that have been triggered but not yet executed. This ensures that the 'Gather facts' handler is executed after the package installation task.

Tue Sep 30 16:41:02 2025: /home/studgoetsi5301/documents/ansible_bench/dataset/prompts/ollama_codestral:22b_english_exact/benchmark100/ansible-role-core_dependencies/tasks/main_prompt.txt Total generation time: 5.923898470995482


Prompt: <s>[INST] You are a professional developer. Below you will find a complete Ansible Playbook. This playbook was generated based on a prompt. Your task is to reconstruct the original prompt that could have been used to generate this playbook.

Important: The only output follows the format below. Do not include any explanations or comments before or after.

The reconstructed prompt must exactly follow the structure below:

"Below you will receive task descriptions from which you should generate an Ansible Playbook.  
The generated playbook must be valid inside an Ansible Role under the tasks/ directory (e.g., tasks/main.yml).  
Do not include hosts:, vars:, or any playbook-level headers. Only output valid task entries or blocks as expected in a role.  

Task 1: ...
Description Task 1: ...

Task 2: ...
Description Task 2: ...

Task 3: ...
Description Task 3: ...
..."

Guidelines:
- Each task should be short and clearly describe one specific action.
- The tasks must match the actual tasks in the playbook **both in content and order**.
- Use the exact terminology and labels as used in the playbook (e.g., “install nginx” instead of “install web server”).
- Provide a more detailed description of the task next to each task
- Include the exact names of variables, handlers, etc. used in the playbook.

Here is the Ansible Playbook:
---
# tasks file for postfix

- name: Import assert.yml
  ansible.builtin.import_tasks:
    file: assert.yml
  run_once: true
  delegate_to: localhost

- name: Pre-configure debian systems
  ansible.builtin.debconf:
    name: postfix
    question: postfix/main_mailer_type
    vtype: string
    value: "No configuration"
  when:
    - ansible_os_family == "Debian"

- name: Install postfix
  ansible.builtin.package:
    name: postfix
    state: present

- name: Install postfix-mysql
  ansible.builtin.package:
    name: postfix-mysql
    state: present
  when:
    - (postfix_virtual_mailbox_maps is defined and "'mysql' in postfix_virtual_mailbox_maps) or
      (postfix_virtual_mailbox_domains is defined and 'mysql' in postfix_virtual_mailbox_domains) or
      (postix_virtual_alias_maps is defined and 'mysql' in postix_virtual_alias_maps")

- name: Configure postfix (transport_maps)
  ansible.builtin.template:
    src: "{{ postfix_transport_maps_template }}"
    dest: /etc/postfix/transport
    mode: "0644"
  notify:
    - Validate configuration
    - Rebuild transport_maps database
  when:
    - postfix_transport_maps_template is defined

- name: Configure postfix (header_checks)
  ansible.builtin.template:
    src: "{{ postfix_header_checks_template }}"
    dest: /etc/postfix/header_checks
    mode: "0644"
  notify:
    - Validate configuration
    - Reload postfix
  when:
    - postfix_header_checks_template is defined

- name: "Setting values for main.cf (1/2)"
  ansible.builtin.set_fact:
    _postfix_smtpd_recipient_restrictions_check_recipient_access: |
      {% if postfix_recipient_access is defined %}
      check_recipient_access hash:{{ postfix_recipient_access_path }},
      {% endif %}
    _postfix_smtpd_sender_restrictions_check_sender_access: |
      {% if postfix_sender_access is defined %}
      check_sender_access hash:{{ postfix_sender_access_path }},
      {% endif %}

- name: "Setting values for main.cf (2/2)"
  ansible.builtin.set_fact:
    _postfix_mynetworks: >-
      {% if postfix_mynetworks is string %}{{ postfix_mynetworks }}
      {% elif postfix_mynetworks is iterable and (postfix_mynetworks is not string and postfix_mynetworks is not mapping) %}
      {% for network in postfix_mynetworks %}{{ network }}{% if not loop.last %}, {% endif %}{% endfor %}
      {% endif %}
    _postfix_mydestination: >-
      {% if postfix_mydestination is defined %}
      {% if postfix_mydestination is string %}
      {{ postfix_mydestination }}
      {% elif postfix_mydestination is iterable and (postfix_mydestination is not string and postfix_mydestination is not mapping) %}
      {% for domain in postfix_mydestination %}{{ domain }}{% if not loop.last %}, {% endif %}{% endfor %}
      {% endif %}
      {% else %}
      <None>
      {% endif %}
    _postfix_relay_domains: >-
      {% if postfix_relay_domains is defined %}
      {% if postfix_relay_domains is string %}
      {{ postfix_relay_domains }}
      {% elif postfix_relay_domains is iterable and (postfix_relay_domains is not string and postfix_relay_domains is not mapping) %}
      {% for domain in postfix_relay_domains %}{{ domain }}{% if not loop.last %}, {% endif %}{% endfor %}
      {% endif %}
      {% else %}
      <None>
      {% endif %}
    _postfix_smtpd_recipient_restrictions: >-
      {% if postfix_smtpd_recipient_restrictions is defined %}
      {% if postfix_smtpd_recipient_restrictions is string %}
      {{ _postfix_smtpd_recipient_restrictions_check_recipient_access | trim }} {{ postfix_smtpd_recipient_restrictions }}
      {% elif postfix_smtpd_recipient_restrictions is iterable and (postfix_smtpd_recipient_restrictions is not string and postfix_smtpd_recipient_restrictions is not mapping) %}
      {{ _postfix_smtpd_recipient_restrictions_check_recipient_access | trim }} {% for domain in postfix_smtpd_recipient_restrictions %}{{ domain }}{% if not loop.last %}, {% endif %}{% endfor %}
      {% endif %}
      {% endif %}
    _postfix_smtpd_sender_restrictions: >-
      {% if postfix_smtpd_sender_restrictions is defined %}
      {% if postfix_smtpd_sender_restrictions is string %}
      {{ _postfix_smtpd_sender_restrictions_check_sender_access | trim }} {{ postfix_smtpd_sender_restrictions }}
      {% elif postfix_smtpd_sender_restrictions is iterable and (postfix_smtpd_sender_restrictions is not string and postfix_smtpd_sender_restrictions is not mapping) %}
      {{ _postfix_smtpd_sender_restrictions_check_sender_access | trim }} {% for domain in postfix_smtpd_sender_restrictions %}{{ domain }}{% if not loop.last %}, {% endif %}{% endfor %}
      {% endif %}
      {% endif %}
    _postfix_virtual_mailbox_domains: >-
      {% if postfix_virtual_mailbox_domains is defined %}
      {% if postfix_virtual_mailbox_domains is string %}
      {{ postfix_virtual_mailbox_domains }}
      {% elif postfix_virtual_mailbox_domains is iterable and (postfix_virtual_mailbox_domains is not string and postfix_virtual_mailbox_domains is not mapping) %}
      {% for domain in postfix_virtual_mailbox_domains %}{{ domain }}{% if not loop.last %}, {% endif %}{% endfor %}
      {% endif %}
      {% else %}
      <None>
      {% endif %}
    _postfix_virtual_alias_domains: >-
      {% if postfix_virtual_alias_domains is defined %}
      {% if postfix_virtual_alias_domains is string %}
      {{ postfix_virtual_alias_domains }}
      {% elif postfix_virtual_alias_domains is iterable and (postfix_virtual_alias_domains is not string and postfix_virtual_alias_domains is not mapping) %}
      {% for domain in postfix_virtual_alias_domains %}{{ domain }}{% if not loop.last %}, {% endif %}{% endfor %}
      {% endif %}
      {% else %}
      <None>
      {% endif %}

- name: Configure postfix (main.cf)
  ansible.builtin.template:
    src: main.cf.j2
    dest: /etc/postfix/main.cf
    validate: postconf -d -c %s
    mode: "0644"
  notify:
    - Validate configuration
    - Restart postfix

- name: Configure postfix (master.cf)
  ansible.builtin.template:
    src: master.cf.j2
    dest: /etc/postfix/master.cf
    validate: postconf -d -c %s
    mode: "0644"
  notify:
    - Validate configuration
    - Restart postfix

- name: Creates cert/key directory
  ansible.builtin.file:
    path: "{{ item }}"
    state: directory
    mode: 0700
  loop:
    - "{{ postfix_smtpd_tls_cert_file | dirname }}"
    - "{{ postfix_smtpd_tls_key_file | dirname }}"
  when:
    - postfix_smtpd_tls_cert_file is defined
    - postfix_smtpd_tls_key_file is defined
    - postfix_smtpd_tls_cert_file_source is defined
    - postfix_smtpd_tls_key_file_source is defined

- name: Deploy Postfix TLS server certificate
  ansible.builtin.copy:
    src: "{{ postfix_smtpd_tls_cert_file_source }}"
    dest: "{{ postfix_smtpd_tls_cert_file }}"
    mode: "0600"
  notify:
    - Reload postfix
  when:
    - postfix_smtpd_tls_cert_file_source is defined

- name: Deploy Postfix TLS server key
  ansible.builtin.copy:
    src: "{{ postfix_smtpd_tls_key_file_source }}"
    dest: "{{ postfix_smtpd_tls_key_file }}"
    mode: "0600"
  notify:
    - Reload postfix
  when:
    - postfix_smtpd_tls_key_file_source is defined

- name: Flush handlers
  ansible.builtin.meta: flush_handlers

- name: Configure aliases
  ansible.builtin.lineinfile:
    path: "{{ postfix_alias_path }}"
    regexp: "^{{ item.name }}:"
    line: "{{ item.name }}: {{ item.destination }}"
    mode: "0644"
  when:
    - postfix_aliases is defined
  loop: "{{ postfix_aliases }}"
  notify:
    - Rebuild alias database
    - Reload postfix
  loop_control:
    label: "{{ item.name }}"

- name: Configure sender_access
  ansible.builtin.lineinfile:
    path: "{{ postfix_sender_access_path }}"
    regexp: "^{{ item.domain }}"
    line: "{{ item.domain }} {{ item.action }}"
    create: true
    mode: "0644"
  when:
    - postfix_sender_access is defined
  loop: "{{ postfix_sender_access }}"
  notify:
    - Rebuild sender_access database
    - Reload postfix
  loop_control:
    label: "{{ item.domain }}"

- name: Configure recipient_access
  ansible.builtin.lineinfile:
    path: "{{ postfix_recipient_access_path }}"
    regexp: "^{{ item.domain }}"
    line: "{{ item.domain }} {{ item.action }}"
    create: true
    mode: "0644"
  when:
    - postfix_recipient_access is defined
  loop: "{{ postfix_recipient_access }}"
  notify:
    - Validate configuration
    - Rebuild recipient_access database
    - Reload postfix
  loop_control:
    label: "{{ item.domain }}"

- name: Place sasl_password_map
  ansible.builtin.copy:
    content: "{{ postfix_smtp_sasl_password_map_content }}"
    dest: "{{ postfix_smtp_sasl_password_map }}"
    mode: "0600"
  when:
    - postfix_smtp_sasl_password_map is defined and postfix_smtp_sasl_password_map != ""
  notify:
    - Rebuild sasl_password_map database

- name: Flush handlers again
  ansible.builtin.meta: flush_handlers

- name: Start and enable postfix
  ansible.builtin.service:
    name: "{{ postfix_service }}"
    state: started
    enabled: true

[/INST] 66%|██████▌   | 66/100 [11:40<07:50, 13.85s/it]
Total input tokens: 3543
___________________________________________LLM Output:___________________________________________ 
 Below you will receive task descriptions from which you should generate an Ansible Playbook.
   The generated playbook must be valid inside an Ansible Role under the tasks/ directory (e.g., tasks/main.yml).
   Do not include hosts:, vars:, or any playbook-level headers. Only output valid task entries or blocks as expected in a role.

   Task 1: Import assert.yml
   Description Task 1: Import the assert.yml file to ensure the playbook is being used correctly.

   Task 2: Pre-configure Debian systems
   Description Task 2: Configure the debconf for Postfix on Debian systems to select "No configuration" as the main mailer type.

   Task 3: Install postfix
   Description Task 3: Install the Postfix package on the target system.

   Task 4: Install postfix-mysql
   Description Task 4: Install the Postfix MySQL package if specific variables are defined and their values include 'mysql'.

   Task 5: Configure postfix (transport_maps)
   Description Task 5: Configure the Postfix transport maps using a template if the 'postfix_transport_maps_template' variable is defined.

   Task 6: Configure postfix (header_checks)
   Description Task 6: Configure the Postfix header checks using a template if the 'postfix_header_checks_template' variable is defined.

   Task 7: Setting values for main.cf
   Description Task 7: Set fact variables for specific configurations in main.cf, such as 'postfix_smtpd_recipient_restrictions' and 'postfix_smtpd_sender_restrictions'.

   Task 8: Configure postfix (main.cf)
   Description Task 8: Configure the Postfix main.cf file using a template and validate the configuration using 'postconf -d -c %s'.

   Task 9: Configure postfix (master.cf)
   Description Task 9: Configure the Postfix master.cf file using a template and validate the configuration using 'postconf -d -c %s'.

   Task 10: Create cert/key directory
   Description Task 10: Create directories for the Postfix TLS server certificate and key if specific variables are defined.

   Task 11: Deploy Postfix TLS server certificate
   Description Task 11: Deploy the Postfix TLS server certificate if the 'postfix_smtpd_tls_cert_file_source' variable is defined.

   Task 12: Deploy Postfix TLS server key
   Description Task 12: Deploy the Postfix TLS server key if the 'postfix_smtpd_tls_key_file_source' variable is defined.

   Task 13: Flush handlers
   Description Task 13: Flush any pending handlers to ensure that all previous tasks have completed before moving on.

   Task 14: Configure aliases
   Description Task 14: Configure Postfix aliases if the 'postfix_aliases' variable is defined.

   Task 15: Configure sender_access
   Description Task 15: Configure the Postfix sender_access file if the 'postfix_sender_access' variable is defined.

   Task 16: Configure recipient_access
   Description Task 16: Configure the Postfix recipient_access file if the 'postfix_recipient_access' variable is defined.

   Task 17: Place sasl_password_map
   Description Task 17: Place the sasl_password_map file if the 'postfix_smtp_sasl_password_map' variable is defined and not empty.

   Task 18: Flush handlers (again)
   Description Task 18: Flush any pending handlers to ensure that all previous tasks have completed before moving on.

   Task 19: Start and enable postfix
   Description Task 19: Start and enable the Postfix service.

Tue Sep 30 16:41:25 2025: /home/studgoetsi5301/documents/ansible_bench/dataset/prompts/ollama_codestral:22b_english_exact/benchmark100/ansible-role-postfix/tasks/main_prompt.txt Total generation time: 23.120434423995903


Prompt: <s>[INST] You are a professional developer. Below you will find a complete Ansible Playbook. This playbook was generated based on a prompt. Your task is to reconstruct the original prompt that could have been used to generate this playbook.

Important: The only output follows the format below. Do not include any explanations or comments before or after.

The reconstructed prompt must exactly follow the structure below:

"Below you will receive task descriptions from which you should generate an Ansible Playbook.  
The generated playbook must be valid inside an Ansible Role under the tasks/ directory (e.g., tasks/main.yml).  
Do not include hosts:, vars:, or any playbook-level headers. Only output valid task entries or blocks as expected in a role.  

Task 1: ...
Description Task 1: ...

Task 2: ...
Description Task 2: ...

Task 3: ...
Description Task 3: ...
..."

Guidelines:
- Each task should be short and clearly describe one specific action.
- The tasks must match the actual tasks in the playbook **both in content and order**.
- Use the exact terminology and labels as used in the playbook (e.g., “install nginx” instead of “install web server”).
- Provide a more detailed description of the task next to each task
- Include the exact names of variables, handlers, etc. used in the playbook.

Here is the Ansible Playbook:
---
# tasks file for git

- name: Import assert.yml
  ansible.builtin.import_tasks: assert.yml
  run_once: true
  delegate_to: localhost

- name: Install git
  ansible.builtin.package:
    name: "{{ git_packages }}"
    state: present

- name: See if the specified user exists
  ansible.builtin.getent:
    database: passwd
    key: "{{ git_username }}"
    fail_key: false
  when:
    - git_username is defined

- name: Create directory for git configuration
  ansible.builtin.file:
    path: /home/{{ git_username }}
    state: directory
    owner: "{{ git_username | default(omit) }}"
    group: "{{ git_groupname | default(omit) }}"
    mode: "0755"
  when:
    - getent_passwd is defined
    - getent_passwd[git_username] != none

- name: Place git configuration
  ansible.builtin.template:
    src: gitconfig.j2
    dest: /home/{{ git_username }}/.gitconfig
    mode: "0644"
  when:
    - git_user_email is defined
    - git_user_name is defined
    - git_username is defined
    - getent_passwd[git_username] != none

- name: Create repository_destination
  ansible.builtin.file:
    path: "{{ git_repository_destination }}"
    state: directory
    owner: "{{ git_username | default(omit) }}"
    group: "{{ git_groupname | default(omit) }}"
    mode: "0750"
  when:
    - git_username is defined
    - git_repository_destination is defined
    - getent_passwd[git_username] != none

- name: Clone all roles
  ansible.builtin.git:
    repo: "{{ item.repo }}"
    dest: "{{ git_repository_destination }}/{{ item.dest }}"
    accept_hostkey: true
    version: "{{ item.version | default('HEAD') }}"
    force: "{{ item.force | default(git_force) }}"
  loop: "{{ git_repositories }}"
  loop_control:
    label: "{{ item.dest }}"
  become: true
  become_user: "{{ git_username }}"
  when:
    - git_repositories is defined
    - git_repository_destination is defined
    - git_username is defined
    - getent_passwd[git_username] != none

[/INST]
Total input tokens: 993
___________________________________________LLM Output:___________________________________________ 
 Task 1: Assert role variables
Description Task 1: Import the assert.yml task file to ensure that required role variables are defined and valid.

Task 2: Install git
Description Task 2: Install the git package(s) as defined in the variable 'git_packages'.

Task 3: Check if user exists
Description Task 3: Check if the user defined in 'git_username' exists in the system's passwd database.

Task 4: Create user's home directory
Description Task 4: If the user exists, create their home directory with specified ownership and permissions.

Task 5: Configure git
Description Task 5: If the user exists, user email and name are defined, and the git configuration file template exists, place the git configuration file in the user's home directory.

Task 6: Create repository destination
Description Task 6: If the user exists, the repository destination is defined, and the user exists, create the repository destination directory with specified ownership and permissions.

Task 7: Clone repositories
Description Task 7: If the user exists, the repository destination and repositories are defined, and the user exists, clone all the repositories defined in 'git_repositories' to the repository destination directory using git and the user's privileges. 67%|██████▋   | 67/100 [11:46<06:27, 11.73s/it] 68%|██████▊   | 68/100 [11:55<05:42, 10.69s/it] 69%|██████▉   | 69/100 [12:03<05:11, 10.04s/it]

Tue Sep 30 16:41:32 2025: /home/studgoetsi5301/documents/ansible_bench/dataset/prompts/ollama_codestral:22b_english_exact/benchmark100/ansible-role-git/tasks/main_prompt.txt Total generation time: 6.772656362009002


Prompt: <s>[INST] You are a professional developer. Below you will find a complete Ansible Playbook. This playbook was generated based on a prompt. Your task is to reconstruct the original prompt that could have been used to generate this playbook.

Important: The only output follows the format below. Do not include any explanations or comments before or after.

The reconstructed prompt must exactly follow the structure below:

"Below you will receive task descriptions from which you should generate an Ansible Playbook.  
The generated playbook must be valid inside an Ansible Role under the tasks/ directory (e.g., tasks/main.yml).  
Do not include hosts:, vars:, or any playbook-level headers. Only output valid task entries or blocks as expected in a role.  

Task 1: ...
Description Task 1: ...

Task 2: ...
Description Task 2: ...

Task 3: ...
Description Task 3: ...
..."

Guidelines:
- Each task should be short and clearly describe one specific action.
- The tasks must match the actual tasks in the playbook **both in content and order**.
- Use the exact terminology and labels as used in the playbook (e.g., “install nginx” instead of “install web server”).
- Provide a more detailed description of the task next to each task
- Include the exact names of variables, handlers, etc. used in the playbook.

Here is the Ansible Playbook:
---
# tasks file for php

- name: Import assert.yml
  ansible.builtin.import_tasks:
    file: assert.yml
  run_once: true
  delegate_to: localhost

- name: Install php
  ansible.builtin.package:
    name: "{{ php_packages }}"

- name: Find used php.ini
  ansible.builtin.shell:
    cmd: "set -o pipefail && {{ php_ini_command }}"
    executable: /bin/bash
  register: php_found_ini_location
  changed_when: false
  when:
    - php_ini_location is not defined

- name: Configure php
  ansible.builtin.template:
    src: php.ini.j2
    dest: "{{ php_ini_location | default(php_found_ini_location.stdout) }}"
    mode: "0644"
  notify:
    - Restart httpd

[/INST]
Total input tokens: 588
___________________________________________LLM Output:___________________________________________ 
 Below you will receive task descriptions from which you should generate an Ansible Playbook.
   The generated playbook must be valid inside an Ansible Role under the tasks/ directory (e.g., tasks/main.yml).
   Do not include hosts:, vars:, or any playbook-level headers. Only output valid task entries or blocks as expected in a role.

   Task 1: Import assert.yml
   Description Task 1: Import the assert.yml file, which is used to validate variables and conditions before running the tasks. This is a local task that runs once and delegates to the localhost.

   Task 2: Install php
   Description Task 2: Install PHP packages using the package module. The package names are defined in the variable "php_packages".

   Task 3: Find used php.ini
   Description Task 3: Use the shell module to find the location of the PHP configuration file, php.ini. If the variable "php_ini_location" is not defined, run the command defined in "php_ini_command" and register the output to the variable "php_found_ini_location". This task changes the state of the system, but we're setting "changed_when" to false to avoid triggering unnecessary handler notifications.

   Task 4: Configure php
   Description Task 4: Use the template module to deploy the configuration file php.ini.j2 to the location specified in "php_ini_location". If "php_ini_location" is not defined, use the output of the previous task ("php_found_ini_location.stdout"). Notify the handler "Restart httpd" to restart the HTTP server after the configuration is updated. The file is created with permissions 0644.

Tue Sep 30 16:41:40 2025: /home/studgoetsi5301/documents/ansible_bench/dataset/prompts/ollama_codestral:22b_english_exact/benchmark100/ansible-role-php-robertdebock/tasks/main_prompt.txt Total generation time: 8.275244840988307


Prompt: <s>[INST] You are a professional developer. Below you will find a complete Ansible Playbook. This playbook was generated based on a prompt. Your task is to reconstruct the original prompt that could have been used to generate this playbook.

Important: The only output follows the format below. Do not include any explanations or comments before or after.

The reconstructed prompt must exactly follow the structure below:

"Below you will receive task descriptions from which you should generate an Ansible Playbook.  
The generated playbook must be valid inside an Ansible Role under the tasks/ directory (e.g., tasks/main.yml).  
Do not include hosts:, vars:, or any playbook-level headers. Only output valid task entries or blocks as expected in a role.  

Task 1: ...
Description Task 1: ...

Task 2: ...
Description Task 2: ...

Task 3: ...
Description Task 3: ...
..."

Guidelines:
- Each task should be short and clearly describe one specific action.
- The tasks must match the actual tasks in the playbook **both in content and order**.
- Use the exact terminology and labels as used in the playbook (e.g., “install nginx” instead of “install web server”).
- Provide a more detailed description of the task next to each task
- Include the exact names of variables, handlers, etc. used in the playbook.

Here is the Ansible Playbook:
---
- name: Create etcd group
  ansible.builtin.group:
    name: etcd
    state: present

- name: Create etcd user
  ansible.builtin.user:
    name: etcd
    shell: /bin/nologin
    group: etcd
    comment: etcd user
    state: present

- name: Copy systemctl config file for kernel hardening
  ansible.builtin.copy:
    src: "{{ '/usr/local/share/rke2/rke2-cis-sysctl.conf' if (not usr_local.stat.writeable) or (partition_result.rc == 1) else '/opt/rke2/share/rke2/rke2-cis-sysctl.conf' }}"
    dest: /etc/sysctl.d/60-rke2-cis.conf
    mode: 0600
    remote_src: true
  notify: Restart systemd-sysctl

- name: Flush handlers
  ansible.builtin.meta: flush_handlers

[/INST]
Total input tokens: 602
___________________________________________LLM Output:___________________________________________ 
 Below you will receive task descriptions from which you should generate an Ansible Playbook.
   The generated playbook must be valid inside an Ansible Role under the tasks/ directory (e.g., tasks/main.yml).
   Do not include hosts:, vars:, or any playbook-level headers. Only output valid task entries or blocks as expected in a role.

   Task 1: Create etcd group
   Description Task 1: Create a system group named 'etcd' if it doesn't already exist.

   Task 2: Create etcd user
   Description Task 2: Create a user named 'etcd' with the shell set to '/bin/nologin'. This user should be part of the 'etcd' group and have the comment 'etcd user'. Ensure the user is present on the system.

   Task 3: Copy systemctl config file for kernel hardening
   Description Task 3: Copy the systemctl config file for kernel hardening from the source path. The source path changes based on conditions: if '/usr/local/share/rke2/rke2-cis-sysctl.conf' is not writable or the 'partition_result.rc' is 1, then use '/usr/local/share/rke2/rke2-cis-sysctl.conf' as the source. Otherwise, use '/opt/rke2/share/rke2/rke2-cis-sysctl.conf'. Copy the file to '/etc/sysctl.d/60-rke2-cis.conf' with mode '0600'. If the file is copied successfully, trigger the 'Restart systemd-sysctl' handler.

   Task 4: Flush handlers
   Description Task 4: Ensure all notified handlers are run immediately.

Tue Sep 30 16:41:48 2025: /home/studgoetsi5301/documents/ansible_bench/dataset/prompts/ollama_codestral:22b_english_exact/benchmark100/ansible-role-rke2/tasks/cis_prompt.txt Total generation time: 8.515777102991706


Prompt: <s>[INST] You are a professional developer. Below you will find a complete Ansible Playbook. This playbook was generated based on a prompt. Your task is to reconstruct the original prompt that could have been used to generate this playbook.

Important: The only output follows the format below. Do not include any explanations or comments before or after.

The reconstructed prompt must exactly follow the structure below:

"Below you will receive task descriptions from which you should generate an Ansible Playbook.  
The generated playbook must be valid inside an Ansible Role under the tasks/ directory (e.g., tasks/main.yml).  
Do not include hosts:, vars:, or any playbook-level headers. Only output valid task entries or blocks as expected in a role.  

Task 1: ...
Description Task 1: ...

Task 2: ...
Description Task 2: ...

Task 3: ...
Description Task 3: ...
..."

Guidelines:
- Each task should be short and clearly describe one specific action.
- The tasks must match the actual tasks in the playbook **both in content and order**.
- Use the exact terminology and labels as used in the playbook (e.g., “install nginx” instead of “install web server”).
- Provide a more detailed description of the task next to each task
- Include the exact names of variables, handlers, etc. used in the playbook.

Here is the Ansible Playbook:
---
- name: Download RKE2 installation script
  ansible.builtin.get_url:
    url: "{{ rke2_install_bash_url }}"
    dest: "{{ rke2_install_script_dir }}/rke2.sh"
    mode: 0700
    timeout: "{{ rke2_artifact_fetch_timeout }}"
  when: not rke2_airgap_mode

- name: Copy local RKE2 installation script
  ansible.builtin.copy:
    src: "{{ rke2_airgap_copy_sourcepath }}/rke2.sh"
    dest: "{{ rke2_install_script_dir }}/rke2.sh"
    mode: 0700
    force: yes
  when:
    - rke2_airgap_mode
    - rke2_airgap_implementation == 'copy'

- name: Create RKE2 artifacts folder
  ansible.builtin.file:
    path: "{{ rke2_artifact_path }}"
    state: directory
    mode: 0700
  when:
    - rke2_airgap_mode
    - rke2_airgap_implementation != 'exists'

- name: Download RKE2 checksum and artifacts (try to download remotely first - fallback to local download and push)
  when:
    - rke2_airgap_mode
    - rke2_airgap_implementation == 'download'
  block:
    - name: Download sha256 checksum file ( airgap mode )
      ansible.builtin.get_url:
        url: "{{ rke2_artifact_url }}/{{ rke2_version }}/sha256sum-{{ rke2_architecture }}.txt"
        dest: "{{ rke2_artifact_path }}/sha256sum-{{ rke2_architecture }}.txt"
        force: yes
        mode: 0640
        timeout: "{{ rke2_artifact_fetch_timeout }}"
    - name: Download RKE2 artifacts and compare with checksums ( airgap mode )
      ansible.builtin.get_url:
        url: "{{ rke2_artifact_url }}/{{ rke2_version }}/{{ item }}"
        dest: "{{ rke2_artifact_path }}/{{ item }}"
        mode: 0640
        checksum: "sha256:{{ rke2_artifact_url }}/{{ rke2_version }}/sha256sum-{{ rke2_architecture }}.txt"
        timeout: "{{ rke2_artifact_fetch_timeout }}"
      with_items: "{{ rke2_artifact | reject('search', 'sha256sum') | list }}"
    - name: Download RKE2 install script ( airgap mode )
      ansible.builtin.get_url:
        url: "{{ rke2_install_bash_url }}"
        dest: "{{ rke2_install_script_dir }}/rke2.sh"
        mode: 0700
        timeout: "{{ rke2_artifact_fetch_timeout }}"
  rescue:
    - name: "Remote downloading failed: Downloading locally and pushing to remote hosts ( airgap mode - download locally and push to remote )"
      ansible.builtin.pause: # Slight delay to make sure you know it's gonna happen and have time to cancel
        seconds: 7
    - name: "Create directory {{ rke2_airgap_copy_sourcepath }}"
      delegate_to: localhost
      run_once: true
      ansible.builtin.file:
        path: "{{ rke2_airgap_copy_sourcepath }}"
        state: directory
        mode: 0750
        owner: "{{ lookup('env', 'USER') }}"
    - name: Download RKE2 checksum locally
      delegate_to: localhost
      run_once: true
      register: checksum_file
      ansible.builtin.get_url:
        url: "{{ rke2_artifact_url }}/{{ rke2_version }}/sha256sum-{{ rke2_architecture }}.txt"
        dest: "{{ rke2_airgap_copy_sourcepath }}/"
        force: yes
        mode: 0640
        owner: "{{ lookup('env', 'USER') }}"
        timeout: "{{ rke2_artifact_fetch_timeout }}"
    - name: Downloading RKE2 artifacts locally
      delegate_to: localhost
      run_once: true
      ansible.builtin.get_url:
        force: yes
        url: "{{ item }}"
        dest: "{{ rke2_airgap_copy_sourcepath }}/"
        mode: 0640
        owner: "{{ lookup('env', 'USER') }}"
        timeout: "{{ rke2_artifact_fetch_timeout }}"
      with_items: "{{ [rke2_artifact_url + '/' + rke2_version + '/'] | product(rke2_artifact) | map('join') | list + [rke2_install_bash_url] }}"
    - name: Download RKE2 install script locally
      delegate_to: localhost
      run_once: true
      ansible.builtin.get_url:
        url: "{{ rke2_install_bash_url }}"
        dest: "{{ rke2_airgap_copy_sourcepath }}/rke2.sh"
        mode: 0700
        owner: "{{ lookup('env', 'USER') }}"
        timeout: "{{ rke2_artifact_fetch_timeout }}"
    - name: Copy local RKE2 files to remote hosts
      ansible.builtin.copy:
        src: "{{ rke2_airgap_copy_sourcepath }}/"
        dest: "{{ rke2_artifact_path }}/"
        mode: 0640
    - name: Copy local RKE2 install script to remote hosts
      ansible.builtin.copy:
        src: "{{ rke2_airgap_copy_sourcepath }}/rke2.sh"
        dest: "{{ rke2_install_script_dir }}/rke2.sh"
        mode: 0700

- name: Copy local RKE2 artifacts
  ansible.builtin.copy:
    src: "{{ rke2_airgap_copy_sourcepath }}/{{ item }}"
    dest: "{{ rke2_artifact_path }}/{{ item }}"
    mode: 0640
    force: yes
  with_items: "{{ rke2_artifact }}"
  when:
    - rke2_airgap_mode
    - rke2_airgap_implementation == 'copy'

- name: Airgap mode - additional images tarballs
  when:
    - rke2_airgap_mode
    - ( rke2_airgap_copy_additional_tarballs | length > 0 )
    - rke2_airgap_implementation != 'exists'
  block:
    - name: Create additional images tarballs folder
      ansible.builtin.file:
        path: "{{ rke2_tarball_images_path }}"
        state: directory
        mode: 0700
    - name: Copy additional tarball images RKE2 components
      ansible.builtin.copy:
        src: "{{ rke2_airgap_copy_sourcepath }}/{{ item }}"
        dest: "{{ rke2_tarball_images_path }}/{{ item }}"
        mode: 0644
        force: yes
      with_items: "{{ rke2_airgap_copy_additional_tarballs }}"

- name: Airgap mode - ensure artifacts exist and have acceptable permissions # only modifies permissions if they are overprivileged
  when:
    - rke2_airgap_mode
    - rke2_airgap_implementation == 'exists'
  block:
    - name: Register artifacts
      ansible.builtin.stat:
        path: "{{ rke2_artifact_path }}/{{ item }}"
      with_items: "{{ rke2_artifact }}"
      register: artifacts
    - name: Register install script
      ansible.builtin.stat:
        path: "{{ rke2_install_script_dir }}/rke2.sh"
      register: install_script
    - name: Register artifact facts
      ansible.builtin.set_fact:
        artifacts_writeable: "{{ artifacts.values() | map(attribute='writeable') | list | bool }}"
    - name: Make the artifacts read-only
      ansible.builtin.file:
        path: "{{ rke2_artifact_path }}/{{ item }}"
        mode: 0640
      with_items: "{{ rke2_artifact }}"
      when: artifacts_writeable
    - name: Make the install script executable.
      ansible.builtin.file:
        path: "{{ rke2_install_script_dir }}/rke2.sh"
        mode: 0700
      when:
        - install_script.stat.writeable
        - not install_script.stat.executable
    - name: Install script must be executable
      ansible.builtin.fail:
        msg: "The install script at {{ rke2_install_script_dir }}/rke2.sh must be executable."
      when: not install_script.stat.executable

- name: Populate service facts
  ansible.builtin.service_facts:

- name: Get stats of the FS object
  ansible.builtin.stat:
    path: /usr/local
  register: usr_local

- name: Check if separate partition
  ansible.builtin.command: grep '/usr/local ' /proc/mounts
  changed_when: false
  register: partition_result
  failed_when: partition_result.rc >= 2
  check_mode: false

- name: Set RKE2 bin path
  ansible.builtin.set_fact:
    rke2_bin_path: "{{ '/usr/local/bin/rke2' if (not usr_local.stat.writeable) or (partition_result.rc == 1) else '/opt/rke2/bin/rke2' }}"

- name: Check RKE2 version
  ansible.builtin.shell: |
    set -euo pipefail

    rke2_bin_path="{{ rke2_bin_path }}"
    rke2_service_name="{{ rke2_service_name }}"
    rke2_version="{{ rke2_version }}"

    if [ -f "$rke2_bin_path" ]; then
      installed_version="$($rke2_bin_path --version | awk '/rke2 version/ {print $3}')"
    else
      installed_version="not installed"
    fi

    if systemctl is-active --quiet $rke2_service_name && rke2_service_pid=$(systemctl show $rke2_service_name --property MainPID --value); then
      rke2_bin_path="$(realpath "/proc/$rke2_service_pid/exe")"
    fi

    # Linux appends the target of removed proc exe with ' (deleted)', making the path unavailable.
    if [ -f "$rke2_bin_path" ]; then
      running_version="$($rke2_bin_path --version | awk '/rke2 version/ {print $3}')"
    elif [ "$installed_version" = "not installed" ]; then
      running_version="$rke2_version"
    else
      running_version="outdated"
    fi

    echo "{\"installed_version\":\"$installed_version\",\"running_version\":\"$running_version\"}"
  args:
    executable: /bin/bash
  changed_when: false
  register: versions_check

- name: Set RKE2 versions
  when: not ansible_check_mode
  ansible.builtin.set_fact:
    installed_version: "{{ versions.installed_version }}"
    running_version: "{{ versions.running_version }}"
  vars:
    versions: "{{ versions_check.stdout | from_json }}"

- name: Prevent accidental RKE2 downgrade
  when: not ansible_check_mode and installed_version != "not installed" and not rke2_allow_downgrade
  ansible.builtin.assert:
    that:
      - >
        (rke2_version_clean is version(running_version_clean, '>=')) or
        (rke2_version_clean is version(running_version_clean, '<') and rke2_allow_downgrade)
    fail_msg: >
      Version downgrade is not allowed unless explicitly permitted.
      Current running version: {{ running_version_clean }},
      desired version: {{ rke2_version_clean }}.
      Set 'rke2_allow_downgrade: true' to allow downgrades.
    success_msg: >
      Version check passed. Current running version: {{ running_version_clean }},
      desired version: {{ rke2_version_clean }}."
  vars:
    rke2_version_clean: "{{ rke2_version | regex_search('v([0-9]+\\.[0-9]+\\.[0-9]+)', '\\1') }}"
    running_version_clean: "{{ running_version | regex_search('v([0-9]+\\.[0-9]+\\.[0-9]+)', '\\1') }}"

- name: Run RKE2 install script
  when: not ansible_check_mode and rke2_version != installed_version
  block:
    - name: Run RKE2 install script with airgap variables
      ansible.builtin.command:
        cmd: "{{ rke2_install_script_dir }}/rke2.sh"
      environment:
        INSTALL_RKE2_ARTIFACT_PATH: "{{ rke2_artifact_path }}"
        INSTALL_RKE2_AGENT_IMAGES_DIR: "{{ rke2_data_path }}/agent/images"
        INSTALL_RKE2_METHOD: "{{ rke2_method }}"
      changed_when: false
      when: rke2_airgap_mode
    - name: Run RKE2 install script without airgap variables
      ansible.builtin.command:
        cmd: "{{ rke2_install_script_dir }}/rke2.sh"
      environment:
        INSTALL_RKE2_VERSION: "{{ rke2_version }}"
        INSTALL_RKE2_CHANNEL_URL: "{{ rke2_channel_url }}"
        INSTALL_RKE2_CHANNEL: "{{ rke2_channel }}"
        INSTALL_RKE2_METHOD: "{{ rke2_method }}"
      changed_when: false
      when: not rke2_airgap_mode

- name: Copy Custom Manifests
  ansible.builtin.template:
    src: "{{ item }}"
    dest: "{{ rke2_data_path }}/server/manifests/"
    owner: root
    group: root
    mode: 0644
  with_items: "{{ rke2_custom_manifests }}"
  when: rke2_custom_manifests | length > 0

- name: Copy Static Pods
  ansible.builtin.copy:
    src: "{{ item }}"
    dest: "{{ rke2_data_path }}/agent/pod-manifests/"
    owner: root
    group: root
    mode: 0644
  with_items: "{{ rke2_static_pods }}"
  when: rke2_static_pods

- name: Copy RKE2 environment file
  ansible.builtin.template:
    src: rke2_environment.j2
    dest: "/etc/default/rke2-{{ rke2_type }}"
    owner: root
    group: root
    mode: 0644
  when:
    - rke2_environment_options is defined
    - rke2_environment_options|length > 0

[/INST] 70%|███████   | 70/100 [12:32<07:48, 15.61s/it] 71%|███████   | 71/100 [12:37<06:02, 12.51s/it]
Total input tokens: 4395
___________________________________________LLM Output:___________________________________________ 
 Below you will receive task descriptions from which you should generate an Ansible Playbook. The generated playbook must be valid inside an Ansible Role under the tasks/ directory (e.g., tasks/main.yml). Do not include hosts:, vars:, or any playbook-level headers. Only output valid task entries or blocks as expected in a role.

Task 1: Download RKE2 installation script
Description Task 1: Download the RKE2 installation script from a specified URL to a specified destination path. Only perform this task if the RKE2 airgap mode is not enabled.

Task 2: Copy local RKE2 installation script
Description Task 2: Copy the RKE2 installation script from a specified local source path to a specified destination path. Only perform this task if the RKE2 airgap mode is enabled and the airgap implementation is set to 'copy'.

Task 3: Create RKE2 artifacts folder
Description Task 3: Create a directory at a specified path with specified permissions. Only perform this task if the RKE2 airgap mode is enabled and the airgap implementation is not set to 'exists'.

Task 4: Download RKE2 checksum and artifacts
Description Task 4: Download the RKE2 checksum file and artifacts from a specified URL to a specified destination path. Compare the checksums of the downloaded artifacts with the checksum file. If the checksums do not match, download the RKE2 install script from a specified URL to a specified destination path. If the remote download fails, locally download the checksum file and artifacts, then copy them to the remote hosts. Only perform this task if the RKE2 airgap mode is enabled and the airgap implementation is set to 'download'.

Task 5: Copy local RKE2 artifacts
Description Task 5: Copy the RKE2 artifacts from a specified local source path to a specified destination path. Only perform this task if the RKE2 airgap mode is enabled and the airgap implementation is set to 'copy'.

Task 6: Copy additional images tarballs
Description Task 6: Create a directory at a specified path with specified permissions, then copy additional tarball images RKE2 components from a specified local source path to the specified destination path. Only perform this task if the RKE2 airgap mode is enabled, there are additional tarball images to copy, and the airgap implementation is not set to 'exists'.

Task 7: Ensure artifacts exist and have acceptable permissions
Description Task 7: Check if the RKE2 artifacts exist and have acceptable permissions. If the artifacts have write permissions, change them to read-only. If the install script is not executable, make it executable. If the install script is not executable and does not exist, fail the task. Only perform this task if the RKE2 airgap mode is enabled and the airgap implementation is set to 'exists'.

Task 8: Set RKE2 bin path
Description Task 8: Populate service facts, get stats of the filesystem object, check if separate partition, and set the RKE2 bin path based on the results.

Task 9: Check RKE2 version
Description Task 9: Check the RKE2 version by running the RKE2 binary with the --version flag. If the binary does not exist, set the installed version to 'not installed'. If the RKE2 service is active, use the running service's binary to check the running version. If the service's binary does not exist, set the running version to the desired RKE2 version.

Task 10: Prevent accidental RKE2 downgrade
Description Task 10: Prevent accidental RKE2 downgrade by comparing the desired RKE2 version with the running version. If the desired version is less than the running version and downgrades are not allowed, fail the task.

Task 11: Run RKE2 install script
Description Task 11: Run the RKE2 install script with airgap variables if the RKE2 airgap mode is enabled. If the RKE2 airgap mode is not enabled, run the RKE2 install script without airgap variables. Only perform this task if the RKE2 version is not installed or if the RKE2 version is different from the installed version.

Task 12: Copy Custom Manifests
Description Task 12: Copy custom manifests from a specified source path to a specified destination path. Only perform this task if there are custom manifests to copy.

Task 13: Copy Static Pods
Description Task 13: Copy static pods from a specified source path to a specified destination path. Only perform this task if there are static pods to copy.

Task 14: Copy RKE2 environment file
Description Task 14: Copy the RKE2 environment file from a specified source path to a specified destination path. Only perform this task if there are environment options to set.

Tue Sep 30 16:42:17 2025: /home/studgoetsi5301/documents/ansible_bench/dataset/prompts/ollama_codestral:22b_english_exact/benchmark100/ansible-role-rke2/tasks/rke2_prompt.txt Total generation time: 28.593451396009186


Prompt: <s>[INST] You are a professional developer. Below you will find a complete Ansible Playbook. This playbook was generated based on a prompt. Your task is to reconstruct the original prompt that could have been used to generate this playbook.

Important: The only output follows the format below. Do not include any explanations or comments before or after.

The reconstructed prompt must exactly follow the structure below:

"Below you will receive task descriptions from which you should generate an Ansible Playbook.  
The generated playbook must be valid inside an Ansible Role under the tasks/ directory (e.g., tasks/main.yml).  
Do not include hosts:, vars:, or any playbook-level headers. Only output valid task entries or blocks as expected in a role.  

Task 1: ...
Description Task 1: ...

Task 2: ...
Description Task 2: ...

Task 3: ...
Description Task 3: ...
..."

Guidelines:
- Each task should be short and clearly describe one specific action.
- The tasks must match the actual tasks in the playbook **both in content and order**.
- Use the exact terminology and labels as used in the playbook (e.g., “install nginx” instead of “install web server”).
- Provide a more detailed description of the task next to each task
- Include the exact names of variables, handlers, etc. used in the playbook.

Here is the Ansible Playbook:
- name: Restore etcd - get all nodes
  ansible.builtin.shell: |
    {{ rke2_data_path }}/bin/kubectl --kubeconfig /etc/rancher/rke2/rke2.yaml \
    get nodes --no-headers -o custom-columns=":metadata.name"
  args:
    executable: /bin/bash
  changed_when: false
  register: node_names

- name: Restore etcd - remove old nodes
  ansible.builtin.shell: |
    {{ rke2_data_path }}/bin/kubectl --kubeconfig /etc/rancher/rke2/rke2.yaml \
    delete node {{ item }} 2>&1 || true
  args:
    executable: /bin/bash
  with_items: "{{ node_names.stdout_lines | difference(groups[rke2_cluster_group_name]) }}"
  changed_when: false

[/INST]
Total input tokens: 580
___________________________________________LLM Output:___________________________________________ 
 Below you will receive task descriptions from which you should generate an Ansible Playbook.
   The generated playbook must be valid inside an Ansible Role under the tasks/ directory (e.g., tasks/main.yml).
   Do not include hosts:, vars:, or any playbook-level headers. Only output valid task entries or blocks as expected in a role.

Task 1: Restore etcd - get all nodes
Description Task 1: This task retrieves the names of all the nodes in the RKE2 cluster by running a kubectl command. The output is then stored in the 'node_names' variable.

Task 2: Restore etcd - remove old nodes
Description Task 2: This task removes any nodes from the RKE2 cluster that are not present in the current inventory (groups[rke2_cluster_group_name]). It uses the 'node_names' variable obtained in the previous task to compare with the current inventory and remove any unnecessary nodes.

Tue Sep 30 16:42:22 2025: /home/studgoetsi5301/documents/ansible_bench/dataset/prompts/ollama_codestral:22b_english_exact/benchmark100/ansible-role-rke2/tasks/first_server_restore_prompt.txt Total generation time: 5.287643773001037


Prompt: <s>[INST] You are a professional developer. Below you will find a complete Ansible Playbook. This playbook was generated based on a prompt. Your task is to reconstruct the original prompt that could have been used to generate this playbook.

Important: The only output follows the format below. Do not include any explanations or comments before or after.

The reconstructed prompt must exactly follow the structure below:

"Below you will receive task descriptions from which you should generate an Ansible Playbook.  
The generated playbook must be valid inside an Ansible Role under the tasks/ directory (e.g., tasks/main.yml).  
Do not include hosts:, vars:, or any playbook-level headers. Only output valid task entries or blocks as expected in a role.  

Task 1: ...
Description Task 1: ...

Task 2: ...
Description Task 2: ...

Task 3: ...
Description Task 3: ...
..."

Guidelines:
- Each task should be short and clearly describe one specific action.
- The tasks must match the actual tasks in the playbook **both in content and order**.
- Use the exact terminology and labels as used in the playbook (e.g., “install nginx” instead of “install web server”).
- Provide a more detailed description of the task next to each task
- Include the exact names of variables, handlers, etc. used in the playbook.

Here is the Ansible Playbook:
---
- name: Create the RKE2 manifests directory
  ansible.builtin.file:
    state: directory
    path: "{{ rke2_data_path }}/server/manifests"
    owner: root
    group: root
    mode: 0700

- name: Copy ingress-nginx files to first server
  ansible.builtin.template:
    src: "templates/ingress-nginx-config.yml.j2"
    dest: "{{ rke2_data_path }}/server/manifests/rke2-ingress-nginx-config.yaml"
    owner: root
    group: root
    mode: 0664

[/INST] 72%|███████▏  | 72/100 [12:42<04:45, 10.18s/it]
Total input tokens: 511
___________________________________________LLM Output:___________________________________________ 
 Below you will receive task descriptions from which you should generate an Ansible Playbook.
   The generated playbook must be valid inside an Ansible Role under the tasks/ directory (e.g., tasks/main.yml).
   Do not include hosts:, vars:, or any playbook-level headers. Only output valid task entries or blocks as expected in a role.

   Task 1: Create the RKE2 manifests directory
   Description Task 1: Ensure that the RKE2 manifests directory exists at the specified path with the correct owner, group, and permissions. This directory is used to store custom Kubernetes manifest files for RKE2.

   Task 2: Copy ingress-nginx files to first server
   Description Task 2: Copy a customized ingress-nginx configuration file from the templates directory to the RKE2 manifests directory on the first server. The file is named rke2-ingress-nginx-config.yaml and has specific owner, group, and permissions.

Tue Sep 30 16:42:27 2025: /home/studgoetsi5301/documents/ansible_bench/dataset/prompts/ollama_codestral:22b_english_exact/benchmark100/ansible-role-rke2/tasks/ingress-nginx_prompt.txt Total generation time: 4.74444282699551


Prompt: <s>[INST] You are a professional developer. Below you will find a complete Ansible Playbook. This playbook was generated based on a prompt. Your task is to reconstruct the original prompt that could have been used to generate this playbook.

Important: The only output follows the format below. Do not include any explanations or comments before or after.

The reconstructed prompt must exactly follow the structure below:

"Below you will receive task descriptions from which you should generate an Ansible Playbook.  
The generated playbook must be valid inside an Ansible Role under the tasks/ directory (e.g., tasks/main.yml).  
Do not include hosts:, vars:, or any playbook-level headers. Only output valid task entries or blocks as expected in a role.  

Task 1: ...
Description Task 1: ...

Task 2: ...
Description Task 2: ...

Task 3: ...
Description Task 3: ...
..."

Guidelines:
- Each task should be short and clearly describe one specific action.
- The tasks must match the actual tasks in the playbook **both in content and order**.
- Use the exact terminology and labels as used in the playbook (e.g., “install nginx” instead of “install web server”).
- Provide a more detailed description of the task next to each task
- Include the exact names of variables, handlers, etc. used in the playbook.

Here is the Ansible Playbook:
---
- name: Create the RKE2 config dir
  ansible.builtin.file:
    state: directory
    path: /etc/rancher/rke2
    owner: root
    group: root
    mode: 0755

- name: Set server taints
  ansible.builtin.set_fact:
    combined_node_taints: "{{ rke2_server_node_taints }}"
  when: rke2_type == 'server'

- name: Copy rke2 config
  ansible.builtin.template:
    src: "{{ rke2_config }}"
    dest: /etc/rancher/rke2/config.yaml
    owner: root
    group: root
    mode: 0600
  notify: "Config file changed"

- name: Copy kubelet config
  ansible.builtin.template:
    src: templates/kubelet-config.yaml.j2
    dest: /etc/rancher/rke2/kubelet-config.yaml
    owner: root
    group: root
    mode: 0600
  when: rke2_kubelet_config | length > 0
  notify: "Config file changed"

- name: Copy Containerd Registry Configuration file
  ansible.builtin.template:
    src: "{{ rke2_custom_registry_path }}"
    dest: /etc/rancher/rke2/registries.yaml
    owner: root
    group: root
    mode: 0600
  when: (rke2_custom_registry_mirrors | length > 0 or rke2_custom_registry_configs | length > 0)
  notify: "Config file changed"

- name: Register if we need to do a etcd restore from file
  ansible.builtin.set_fact:
    do_etcd_restore: true
  when: (rke2_etcd_snapshot_file | length > 0) and ((ansible_facts.services['rke2-server.service'] is not defined) or (ansible_facts.services['rke2-server.service']['status'] == 'disabled'))

- name: Register if we need to do a etcd restore from s3
  ansible.builtin.set_fact:
    do_etcd_restore_from_s3: true
  when:
    - rke2_etcd_snapshot_file | length > 0
    - rke2_etcd_snapshot_s3_options is defined
    - rke2_etcd_snapshot_s3_options.access_key
    - rke2_etcd_snapshot_s3_options.secret_key
    - rke2_etcd_snapshot_s3_options.bucket
    - rke2_etcd_snapshot_s3_options.snapshot_name

- name: Restore etcd from file
  when: do_etcd_restore is defined
  block:
    - name: Create the RKE2 etcd snapshot dir
      ansible.builtin.file:
        state: directory
        path: "{{ rke2_etcd_snapshot_destination_dir }}"
        recurse: true
        mode: 0755
    - name: Copy etcd snapshot file
      ansible.builtin.copy:
        src: "{{ rke2_etcd_snapshot_source_dir }}/{{ rke2_etcd_snapshot_file }}"
        dest: "{{ rke2_etcd_snapshot_destination_dir }}/{{ rke2_etcd_snapshot_file }}"
        mode: 0644
        force: true
    - name: Restore etcd from a snapshot
      ansible.builtin.shell: |
        rke2 server \
        --cluster-reset \
        --cluster-reset-restore-path="{{ rke2_etcd_snapshot_destination_dir }}/{{ rke2_etcd_snapshot_file }}" \
        --token {{ rke2_token }}
      register: task_output # <- Registers the command output.
      changed_when: task_output.rc != 0 # <- Uses the return code to define when the task has changed.
      when: not ansible_check_mode

- name: Restore etcd from s3
  when: do_etcd_restore_from_s3 is defined
  block:
    - name: Restore etcd from a s3 snapshot
      ansible.builtin.shell: |
        rke2 server \
        --cluster-reset \
        --etcd-s3 \
        --cluster-reset-restore-path="{{ rke2_etcd_snapshot_s3_options.snapshot_name }}" \
        --etcd-s3-bucket="{{ rke2_etcd_snapshot_s3_options.bucket }}" \
        --etcd-s3-access-key="{{ rke2_etcd_snapshot_s3_options.access_key }}" \
        --etcd-s3-secret-key="{{ rke2_etcd_snapshot_s3_options.secret_key }}" \
        --etcd-s3-endpoint="{{ rke2_etcd_snapshot_s3_options.s3_endpoint }}" \
        {{ ('--etcd-s3-region=' + rke2_etcd_snapshot_s3_options.region) if rke2_etcd_snapshot_s3_options.region is defined else '' }} \
        {{ ('--etcd-s3-endpoint-ca=' + rke2_etcd_snapshot_s3_options.endpoint_ca) if rke2_etcd_snapshot_s3_options.endpoint_ca is defined else '' }} \
        {{ ('--etcd-s3-folder=' + rke2_etcd_snapshot_s3_options.folder) if rke2_etcd_snapshot_s3_options.folder is defined else '' }} \
        {{ ('--etcd-s3-skip-ssl-verify=' + rke2_etcd_snapshot_s3_options.skip_ssl_verify) if rke2_etcd_snapshot_s3_options.skip_ssl_verify is defined else '' }} \
        --token {{ rke2_token }}
      register: task_output # <- Registers the command output.
      changed_when: task_output.rc != 0 # <- Uses the return code to define when the task has changed.
      when: not ansible_check_mode

- name: Start RKE2 service on the first server
  ansible.builtin.systemd:
    name: "rke2-server.service"
    state: started
    enabled: true
  environment:
    RKE2_TOKEN: "{{ rke2_token }}"
  notify: "Service (re)started"

- name: Mask RKE2 agent service on the first server
  ansible.builtin.systemd:
    name: "rke2-agent.service"
    enabled: false
    masked: true

- name: Wait for the first server be ready - no CNI
  ansible.builtin.shell: |
    {{ rke2_data_path }}/bin/kubectl --kubeconfig /etc/rancher/rke2/rke2.yaml get node "{{ rke2_node_name }}" -o jsonpath='{range .status.conditions[*]}{.message}{"\n"}{end}'
  args:
    executable: /bin/bash
  changed_when: false
  register: node_status
  until:
    - '"kubelet has sufficient memory available"  in node_status.stdout_lines'
    - '"kubelet has no disk pressure"  in node_status.stdout_lines'
    - '"kubelet has sufficient PID available"  in node_status.stdout_lines'
    - ('"cni plugin not initialized" in node_status.stdout' or '"kubelet is posting ready status." in node_status.stdout')
  retries: 100
  delay: 15
  when:
    - not ansible_check_mode
    - rke2_cni == 'none'

- name: Wait for the first server be ready - with CNI
  ansible.builtin.shell: |
    set -o pipefail
    {{ rke2_data_path }}/bin/kubectl --kubeconfig /etc/rancher/rke2/rke2.yaml get nodes | grep "{{ rke2_node_name }}"
  args:
    executable: /bin/bash
  changed_when: false
  register: first_server
  until: '" Ready "  in first_server.stdout'
  retries: 40
  delay: 15
  when:
    - not ansible_check_mode
    - rke2_cni != 'none'

- name: Restore etcd
  when: do_etcd_restore is defined or do_etcd_restore_from_s3 is defined
  block:
    - name: Get registered nodes
      ansible.builtin.shell:
        cmd: |
          set -o pipefail
          {{ rke2_data_path }}/bin/kubectl --kubeconfig /etc/rancher/rke2/rke2.yaml \
          get nodes --no-headers | awk '{print $1}'
      args:
        executable: /bin/bash
      changed_when: false
      register: registered_node_names

    - name: Get all node names
      ansible.builtin.set_fact:
        node_names: "{{ hostvars | dict2items | map(attribute='value.rke2_node_name') }}"
      run_once: true
      register: node_names

    - name: Remove old <node>.node-password.rke2 secrets
      ansible.builtin.shell: |
        {{ rke2_data_path }}/bin/kubectl --kubeconfig /etc/rancher/rke2/rke2.yaml \
        delete secret {{ item }}.node-password.rke2 -n kube-system 2>&1 || true
      args:
        executable: /bin/bash
      with_items: "{{ registered_node_names.stdout_lines | difference(node_names) }}"
      changed_when: false

    - name: Remove old nodes
      ansible.builtin.shell: |
        {{ rke2_data_path }}/bin/kubectl --kubeconfig /etc/rancher/rke2/rke2.yaml \
        delete node {{ item }} 2>&1 || true
      args:
        executable: /bin/bash
      with_items: "{{ registered_node_names.stdout_lines | difference(node_names) }}"
      changed_when: false

- name: Set an Active Server variable
  ansible.builtin.set_fact:
    active_server: "{{ inventory_hostname }}"
  delegate_to: "{{ item }}"
  delegate_facts: true
  loop: "{{ groups[rke2_cluster_group_name] }}"

[/INST] 73%|███████▎  | 73/100 [13:10<06:59, 15.54s/it]
Total input tokens: 3026
___________________________________________LLM Output:___________________________________________ 
 Task 1: Create the RKE2 config directory
   Description Task 1: This task creates a directory at '/etc/rancher/rke2' with specific ownership and permissions. The directory is used to store the RKE2 configuration files.

   Task 2: Set server taints
   Description Task 2: This task sets the 'combined_node_taints' variable to the value of 'rke2_server_node_taints' if the 'rke2_type' is 'server'. Taints are used to repel certain pods from running on specific nodes.

   Task 3: Copy rke2 config
   Description Task 3: This task copies the RKE2 configuration file from the source path specified by 'rke2_config' to the destination '/etc/rancher/rke2/config.yaml'. The file is owned by 'root' and has permissions set to '0600'. The task also triggers the 'Config file changed' handler.

   Task 4: Copy kubelet config
   Description Task 4: This task copies the kubelet configuration file from the source path 'templates/kubelet-config.yaml.j2' to the destination '/etc/rancher/rke2/kubelet-config.yaml'. The file is owned by 'root' and has permissions set to '0600'. The task is only executed when 'rke2_kubelet_config' is not empty. It also triggers the 'Config file changed' handler.

   Task 5: Copy Containerd Registry Configuration file
   Description Task 5: This task copies the Containerd registry configuration file from the source path specified by 'rke2_custom_registry_path' to the destination '/etc/rancher/rke2/registries.yaml'. The file is owned by 'root' and has permissions set to '0600'. The task is only executed when 'rke2_custom_registry_mirrors' or 'rke2_custom_registry_configs' is not empty. It also triggers the 'Config file changed' handler.

   Task 6: Register if we need to do a etcd restore from file
   Description Task 6: This task sets the 'do_etcd_restore' variable to 'true' if 'rke2_etcd_snapshot_file' is not empty and the RKE2 server service is not running or is disabled.

   Task 7: Register if we need to do a etcd restore from s3
   Description Task 7: This task sets the 'do_etcd_restore_from_s3' variable to 'true' if 'rke2_etcd_snapshot_file' is not empty and 'rke2_etcd_snapshot_s3_options' is defined with necessary attributes like 'access_key', 'secret_key', 'bucket', and 'snapshot_name'.

   Task 8: Restore etcd from file
   Description Task 8: This block of tasks is executed when 'do_etcd_restore' is defined. It creates a directory for the etcd snapshot, copies the snapshot file, and restores etcd from the snapshot using the 'rke2 server' command. The command output is registered and used to determine if the task has changed.

   Task 9: Restore etcd from s3
   Description Task 9: This block of tasks is executed when 'do_etcd_restore_from_s3' is defined. It restores etcd from a s3 snapshot using the 'rke2 server' command with various options like 'etcd-s3-bucket', 'etcd-s3-access-key', 'etcd-s3-secret-key', etc. The command output is registered and used to determine if the task has changed.

   Task 10: Start RKE2 service on the first server
   Description Task 10: This task starts the 'rke2-server.service' and enables it. The 'RKE2_TOKEN' environment variable is set to the value of 'rke2_token'. It also triggers the 'Service (re)started' handler.

   Task 11: Mask RKE2 agent service on the first server
   Description Task 11: This task disables and masks the 'rke2-agent.service'.

   Task 12: Wait for the first server to be ready - no CNI
   Description Task 12: This task waits for the first server to be ready by checking the node status using the 'kubectl' command. The task is only executed when 'rke2_cni' is 'none'.

   Task 13: Wait for the first server to be ready - with CNI
   Description Task 13: This task waits for the first server to be ready by checking the node status using the 'kubectl' command. The task is only executed when 'rke2_cni' is not 'none'.

   Task 14: Restore etcd
   Description Task 14: This block of tasks is executed when 'do_etcd_restore' or 'do_etcd_restore_from_s3' is defined. It gets the registered nodes, removes old node-password secrets and nodes, and sets an 'Active Server' variable for the cluster.

Tue Sep 30 16:42:55 2025: /home/studgoetsi5301/documents/ansible_bench/dataset/prompts/ollama_codestral:22b_english_exact/benchmark100/ansible-role-rke2/tasks/first_server_prompt.txt Total generation time: 28.049850321011036


Prompt: <s>[INST] You are a professional developer. Below you will find a complete Ansible Playbook. This playbook was generated based on a prompt. Your task is to reconstruct the original prompt that could have been used to generate this playbook.

Important: The only output follows the format below. Do not include any explanations or comments before or after.

The reconstructed prompt must exactly follow the structure below:

"Below you will receive task descriptions from which you should generate an Ansible Playbook.  
The generated playbook must be valid inside an Ansible Role under the tasks/ directory (e.g., tasks/main.yml).  
Do not include hosts:, vars:, or any playbook-level headers. Only output valid task entries or blocks as expected in a role.  

Task 1: ...
Description Task 1: ...

Task 2: ...
Description Task 2: ...

Task 3: ...
Description Task 3: ...
..."

Guidelines:
- Each task should be short and clearly describe one specific action.
- The tasks must match the actual tasks in the playbook **both in content and order**.
- Use the exact terminology and labels as used in the playbook (e.g., “install nginx” instead of “install web server”).
- Provide a more detailed description of the task next to each task
- Include the exact names of variables, handlers, etc. used in the playbook.

Here is the Ansible Playbook:
---
- name: Download RKE2 kubeconfig to localhost
  ansible.builtin.fetch:
    src: /etc/rancher/rke2/rke2.yaml
    dest: "{{ rke2_download_kubeconf_path }}/{{ rke2_download_kubeconf_file_name }}"
    flat: yes
  when:
  - rke2_download_kubeconf | bool
  - inventory_hostname == groups[rke2_servers_group_name].0

- name: Replace loopback IP by master server IP
  ansible.builtin.replace:
    path: "{{ rke2_download_kubeconf_path }}/{{ rke2_download_kubeconf_file_name }}"
    mode: '0600'
    regexp: '127\.0\.0\.1|\[::1\]'
    replace: "{{ rke2_api_ip | default(hostvars[groups[rke2_servers_group_name].0].ansible_host) | ansible.utils.ipwrap }}"
  delegate_to: localhost
  become: false
  when:
  - not ansible_check_mode
  - rke2_download_kubeconf | bool
  - inventory_hostname == groups[rke2_servers_group_name].0

[/INST]
Total input tokens: 668
___________________________________________LLM Output:___________________________________________ 
 Below you will receive task descriptions from which you should generate an Ansible Playbook.
   The generated playbook must be valid inside an Ansible Role under the tasks/ directory (e.g., tasks/main.yml).
   Do not include hosts:, vars:, or any playbook-level headers. Only output valid task entries or blocks as expected in a role.

   Task 1: Download RKE2 kubeconfig to localhost
   Description Task 1: This task is responsible for fetching the RKE2 kubeconfig file from the master server to the localhost. This action is performed only when the 'rke2_download_kubeconf' variable is set to true and if the current host is the first server in the 'rke2_servers_group_name' group. The downloaded file is saved to a specific path and file name as defined by the 'rke2_download_kubeconf_path' and 'rke2_download_kubeconf_file_name' variables.

   Task 2: Replace loopback IP by master server IP
   Description Task 2: This task is responsible for replacing the loopback IP (127.0.0.1 or [::1]) in the downloaded RKE2 kubeconfig file with the master server IP. This action is performed on the localhost and only when the current host is the first server in the 'rke2_servers_group_name' group and the 'rke2_download_kubeconf' variable is set to true. The master server IP used for replacement is defined by the 'rke2_api_ip' variable, which defaults to the 'ansible_host' variable of the first server in the 'rke2_servers_group_name' group. The modified file is saved to the same path and file name as defined by the 'rke2_download_kubeconf_path' and 'rke2_download_kubeconf_file_name' variables. The file mode is also set to '0600'. 74%|███████▍  | 74/100 [13:19<05:58, 13.77s/it] 75%|███████▌  | 75/100 [13:24<04:38, 11.15s/it]

Tue Sep 30 16:43:05 2025: /home/studgoetsi5301/documents/ansible_bench/dataset/prompts/ollama_codestral:22b_english_exact/benchmark100/ansible-role-rke2/tasks/download_kubeconfig_prompt.txt Total generation time: 9.64550666300056


Prompt: <s>[INST] You are a professional developer. Below you will find a complete Ansible Playbook. This playbook was generated based on a prompt. Your task is to reconstruct the original prompt that could have been used to generate this playbook.

Important: The only output follows the format below. Do not include any explanations or comments before or after.

The reconstructed prompt must exactly follow the structure below:

"Below you will receive task descriptions from which you should generate an Ansible Playbook.  
The generated playbook must be valid inside an Ansible Role under the tasks/ directory (e.g., tasks/main.yml).  
Do not include hosts:, vars:, or any playbook-level headers. Only output valid task entries or blocks as expected in a role.  

Task 1: ...
Description Task 1: ...

Task 2: ...
Description Task 2: ...

Task 3: ...
Description Task 3: ...
..."

Guidelines:
- Each task should be short and clearly describe one specific action.
- The tasks must match the actual tasks in the playbook **both in content and order**.
- Use the exact terminology and labels as used in the playbook (e.g., “install nginx” instead of “install web server”).
- Provide a more detailed description of the task next to each task
- Include the exact names of variables, handlers, etc. used in the playbook.

Here is the Ansible Playbook:
---
- name: Summary
  when: inventory_hostname == groups[rke2_servers_group_name].0
  block:
    - name: Prepare summary
      ansible.builtin.shell: |
        set -e
        {{ rke2_data_path }}/bin/kubectl --kubeconfig /etc/rancher/rke2/rke2.yaml get nodes -o wide --show-labels
      args:
        executable: /bin/bash
      changed_when: false
      retries: 5
      register: nodes_summary

    - name: K8s nodes state
      ansible.builtin.debug:
        var: nodes_summary.stdout_lines

[/INST]
Total input tokens: 512
___________________________________________LLM Output:___________________________________________ 
 Below you will receive task descriptions from which you should generate an Ansible Playbook.
   The generated playbook must be valid inside an Ansible Role under the tasks/ directory (e.g., tasks/main.yml).
   Do not include hosts:, vars:, or any playbook-level headers. Only output valid task entries or blocks as expected in a role.

Task 1: Prepare summary
Description Task 1: Run a shell command to retrieve the wide output of all the Kubernetes nodes, including labels, using the rke2's kubectl. The command is only executed on the first host of the rke2_servers_group_name group. The command's output is stored in the nodes_summary variable. The task retries the command up to 5 times if it fails initially.

Task 2: K8s nodes state
Description Task 2: Display the state of the Kubernetes nodes, which was previously retrieved and stored in the nodes_summary variable, using the Ansible debug module.

Tue Sep 30 16:43:10 2025: /home/studgoetsi5301/documents/ansible_bench/dataset/prompts/ollama_codestral:22b_english_exact/benchmark100/ansible-role-rke2/tasks/summary_prompt.txt Total generation time: 5.0415482120006345


Prompt: <s>[INST] You are a professional developer. Below you will find a complete Ansible Playbook. This playbook was generated based on a prompt. Your task is to reconstruct the original prompt that could have been used to generate this playbook.

Important: The only output follows the format below. Do not include any explanations or comments before or after.

The reconstructed prompt must exactly follow the structure below:

"Below you will receive task descriptions from which you should generate an Ansible Playbook.  
The generated playbook must be valid inside an Ansible Role under the tasks/ directory (e.g., tasks/main.yml).  
Do not include hosts:, vars:, or any playbook-level headers. Only output valid task entries or blocks as expected in a role.  

Task 1: ...
Description Task 1: ...

Task 2: ...
Description Task 2: ...

Task 3: ...
Description Task 3: ...
..."

Guidelines:
- Each task should be short and clearly describe one specific action.
- The tasks must match the actual tasks in the playbook **both in content and order**.
- Use the exact terminology and labels as used in the playbook (e.g., “install nginx” instead of “install web server”).
- Provide a more detailed description of the task next to each task
- Include the exact names of variables, handlers, etc. used in the playbook.

Here is the Ansible Playbook:
---
- name: Cordon and Drain the node {{ rke2_node_name }}
  ansible.builtin.shell: |
    set -o pipefail
    {{ rke2_data_path }}/bin/kubectl --kubeconfig /etc/rancher/rke2/rke2.yaml \
    cordon "{{ rke2_node_name }}" && \
    {{ rke2_data_path }}/bin/kubectl --kubeconfig /etc/rancher/rke2/rke2.yaml \
    drain "{{ rke2_node_name }}" --ignore-daemonsets --delete-emptydir-data {{ rke2_drain_additional_args }}
  args:
    executable: /bin/bash
  register: drain
  until:
    - drain.stdout is search('drained')
  retries: 100
  delay: 15
  changed_when: false
  delegate_to: "{{ active_server | default(groups[rke2_servers_group_name].0) }}"
  run_once: true
  when: rke2_drain_node_during_upgrade

- name: Restart RKE2 service on {{ rke2_node_name }}
  ansible.builtin.service:
    name: "{{ rke2_service_name }}"
    state: restarted
  notify: "Service (re)started"

- name: Wait for all nodes to be ready again
  ansible.builtin.shell: |
    set -o pipefail
    {{ rke2_data_path }}/bin/kubectl --kubeconfig /etc/rancher/rke2/rke2.yaml get nodes | grep " Ready" | wc -l
  args:
    executable: /bin/bash
  changed_when: false
  register: all_ready_nodes
  until:
    - groups[rke2_cluster_group_name] | length == all_ready_nodes.stdout | int
  retries: 100
  delay: 15
  delegate_to: "{{ active_server | default(groups[rke2_servers_group_name].0) }}"
  run_once: true

- name: Uncordon the node {{ rke2_node_name }}
  ansible.builtin.shell: |
    set -o pipefail
    {{ rke2_data_path }}/bin/kubectl --kubeconfig /etc/rancher/rke2/rke2.yaml \
    uncordon "{{ rke2_node_name }}"
  args:
    executable: /bin/bash
  changed_when: false
  delegate_to: "{{ active_server | default(groups[rke2_servers_group_name].0) }}"
  run_once: true
  when: rke2_drain_node_during_upgrade

- name: Wait for all pods to be ready again
  ansible.builtin.shell: |
    set -o pipefail
    {{ rke2_data_path }}/bin/kubectl --kubeconfig /etc/rancher/rke2/rke2.yaml get pods -A --field-selector=status.phase!=Running,status.phase!=Succeeded --ignore-not-found | wc -l
  args:
    executable: /bin/bash
  changed_when: false
  register: all_pods_ready
  until:
    '"0" in all_pods_ready.stdout'
  retries: 100
  delay: 15
  delegate_to: "{{ active_server | default(groups[rke2_servers_group_name].0) }}"
  run_once: true
  when: rke2_wait_for_all_pods_to_be_ready

- name: Wait for all pods to pass readiness checks
  ansible.builtin.shell: |
    {{ rke2_data_path }}/bin/kubectl --kubeconfig /etc/rancher/rke2/rke2.yaml wait {{ rke2_wait_for_all_pods_to_be_healthy_args }}
  args:
    executable: /bin/bash
  changed_when: false
  retries: 100
  delay: 15
  delegate_to: "{{ active_server | default(groups[rke2_servers_group_name].0) }}"
  run_once: true
  when: rke2_wait_for_all_pods_to_be_healthy

[/INST]
Total input tokens: 1469
___________________________________________LLM Output:___________________________________________ 
 Below you will receive task descriptions from which you should generate an Ansible Playbook.
   The generated playbook must be valid inside an Ansible Role under the tasks/ directory (e.g., tasks/main.yml).
   Do not include hosts:, vars:, or any playbook-level headers. Only output valid task entries or blocks as expected in a role.

Task 1: Cordon and Drain the node
Description Task 1: This task is responsible for marking the node as unschedulable and evacuating all its running pods. This is done using kubectl commands. It's performed when the variable 'rke2_drain_node_during_upgrade' is true. The kubectl commands are executed on the 'active_server' if it's defined, otherwise they are executed on the first server in the 'rke2_servers_group_name' group.

Task 2: Restart RKE2 service
Description Task 2: This task restarts the RKE2 service on the target node. This is necessary after performing an upgrade or a similar operation that requires a service restart. The service name is defined by the variable 'rke2_service_name'.

Task 3: Wait for all nodes to be ready again
Description Task 3: This task waits until all nodes in the cluster are marked as 'Ready' in the Kubernetes API. It uses a kubectl command to count the number of ready nodes and retries until it matches the total number of nodes in the cluster. The kubectl command is executed on the 'active_server' if it's defined, otherwise it's executed on the first server in the 'rke2_servers_group_name' group.

Task 4: Uncordon the node
Description Task 4: This task marks the node as schedulable again after it has been drained and upgraded. This is done using a kubectl command. It's performed when the variable 'rke2_drain_node_during_upgrade' is true. The kubectl command is executed on the 'active_server' if it's defined, otherwise it's executed on the first server in the 'rke2_servers_group_name' group.

Task 5: Wait for all pods to be ready again
Description Task 5: This task waits until all pods in the cluster are marked as 'Running' or 'Succeeded' in the Kubernetes API. It uses a kubectl command to count the number of pods that are not in these states and retries until this count is zero. It's performed when the variable 'rke2_wait_for_all_pods_to_be_ready' is true. The kubectl command is executed on the 'active_server' if it's defined, otherwise it's executed on the first server in the 'rke2_servers_group_name' group.

Task 6: Wait for all pods to pass readiness checks
Description Task 6: This task waits until all pods in the cluster are ready to serve traffic. It uses a kubectl command with the 'wait' subcommand and the arguments defined by the variable 'rke2_wait_for_all_pods_to_be_healthy_args'. It's performed when the variable 'rke2_wait_for_all_pods_to_be_healthy' is true. The kubectl command is executed on the 'active_server' if it's defined, otherwise it's executed on the first server in the 'rke2_servers_group_name' group. 76%|███████▌  | 76/100 [13:42<05:16, 13.17s/it] 77%|███████▋  | 77/100 [13:57<05:16, 13.76s/it]

Tue Sep 30 16:43:28 2025: /home/studgoetsi5301/documents/ansible_bench/dataset/prompts/ollama_codestral:22b_english_exact/benchmark100/ansible-role-rke2/tasks/rolling_restart_prompt.txt Total generation time: 17.863784211003804


Prompt: <s>[INST] You are a professional developer. Below you will find a complete Ansible Playbook. This playbook was generated based on a prompt. Your task is to reconstruct the original prompt that could have been used to generate this playbook.

Important: The only output follows the format below. Do not include any explanations or comments before or after.

The reconstructed prompt must exactly follow the structure below:

"Below you will receive task descriptions from which you should generate an Ansible Playbook.  
The generated playbook must be valid inside an Ansible Role under the tasks/ directory (e.g., tasks/main.yml).  
Do not include hosts:, vars:, or any playbook-level headers. Only output valid task entries or blocks as expected in a role.  

Task 1: ...
Description Task 1: ...

Task 2: ...
Description Task 2: ...

Task 3: ...
Description Task 3: ...
..."

Guidelines:
- Each task should be short and clearly describe one specific action.
- The tasks must match the actual tasks in the playbook **both in content and order**.
- Use the exact terminology and labels as used in the playbook (e.g., “install nginx” instead of “install web server”).
- Provide a more detailed description of the task next to each task
- Include the exact names of variables, handlers, etc. used in the playbook.

Here is the Ansible Playbook:
---

- name: Update apt cache
  ansible.builtin.apt:
    update_cache: true
  when: ansible_pkg_mgr == 'apt'

- name: Update dnf cache
  ansible.builtin.dnf:
    update_cache: true
  when: ansible_pkg_mgr == 'dnf'

- name: Install packages
  ansible.builtin.package:
    name: keepalived

- name: Create directory for keepalived
  ansible.builtin.file:
    path: /etc/keepalived
    state: directory
    owner: root
    group: root
    mode: 0755

- name: Create Kubernetes API health check script for Debian OS family
  ansible.builtin.template:
    src: templates/check_apiserver.sh.j2
    dest: /etc/keepalived/check_apiserver.sh
    owner: root
    group: root
    mode: 0755
  when:  ansible_facts['os_family'] == "Debian"
  notify: Restart keepalived

- name: Create Kubernetes API health check script for RedHat OS famliy
  ansible.builtin.template:
    src: templates/check_apiserver.sh.j2
    dest: /usr/libexec/keepalived/check_apiserver.sh
    owner: root
    group: root
    mode: 0755
  when:  ansible_facts['os_family'] == "RedHat"
  notify: Restart keepalived

- name: Create RKE2 Server health check script for Debian OS family
  ansible.builtin.template:
    src: templates/check_rke2server.sh.j2
    dest: /etc/keepalived/check_rke2server.sh
    owner: root
    group: root
    mode: 0755
  when:  ansible_facts['os_family'] == "Debian"
  notify: Restart keepalived

- name: Create RKE2 Server health check script for RedHat OS family
  ansible.builtin.template:
    src: templates/check_rke2server.sh.j2
    dest: /usr/libexec/keepalived/check_rke2server.sh
    owner: root
    group: root
    mode: 0755
  when:  ansible_facts['os_family'] == "RedHat"
  notify: Restart keepalived

- name: Create keepalived config file
  ansible.builtin.template:
    src: templates/keepalived.conf.j2
    dest: /etc/keepalived/keepalived.conf
    owner: root
    group: root
    mode: 0644
  notify: Restart keepalived

- name: Enable keepalived and make sure it is not masked
  ansible.builtin.systemd:
    name: keepalived
    enabled: yes
    masked: no
  notify: Restart keepalived

- name: Flush handlers
  ansible.builtin.meta: flush_handlers

[/INST]
Total input tokens: 1108
___________________________________________LLM Output:___________________________________________ 
 Task 1: Update package cache
   Description Task 1: Update the system package cache before installing new packages. This is done separately for apt and dnf package managers, based on the system's package manager.

   Task 2: Install keepalived package
   Description Task 2: Install the keepalived package, which is necessary for the load balancing and high availability configuration.

   Task 3: Create keepalived directory
   Description Task 3: Create a directory for keepalived configuration files. The directory should be owned by root, have group ownership of root, and have permissions set to 0755.

   Task 4: Create Kubernetes API health check script for Debian OS family
   Description Task 4: Create a script for checking the health of the Kubernetes API server in the Debian OS family. The script should be templated from a source file, placed in the /etc/keepalived directory, owned by root, have group ownership of root, and have permissions set to 0755. Trigger the handler to restart keepalived upon completion.

   Task 5: Create Kubernetes API health check script for RedHat OS family
   Description Task 5: Similar to Task 4, but for the RedHat OS family. The script should be placed in the /usr/libexec/keepalived directory instead.

   Task 6: Create RKE2 Server health check script for Debian OS family
   Description Task 6: Create a script for checking the health of the RKE2 server in the Debian OS family. The script should be templated from a source file, placed in the /etc/keepalived directory, owned by root, have group ownership of root, and have permissions set to 0755. Trigger the handler to restart keepalived upon completion.

   Task 7: Create RKE2 Server health check script for RedHat OS family
   Description Task 7: Similar to Task 6, but for the RedHat OS family. The script should be placed in the /usr/libexec/keepalived directory instead.

   Task 8: Create keepalived configuration file
   Description Task 8: Create a configuration file for keepalived. The file should be templated from a source file, placed in the /etc/keepalived directory, owned by root, have group ownership of root, and have permissions set to 0644. Trigger the handler to restart keepalived upon completion.

   Task 9: Enable and unmask keepalived service
   Description Task 9: Enable the keepalived service to start on boot and ensure it is not masked. Trigger the handler to restart keepalived upon completion.

   Task 10: Flush handlers
   Description Task 10: Ensure all notified handlers are executed immediately.

Tue Sep 30 16:43:43 2025: /home/studgoetsi5301/documents/ansible_bench/dataset/prompts/ollama_codestral:22b_english_exact/benchmark100/ansible-role-rke2/tasks/keepalived_prompt.txt Total generation time: 15.125816822008346


Prompt: <s>[INST] You are a professional developer. Below you will find a complete Ansible Playbook. This playbook was generated based on a prompt. Your task is to reconstruct the original prompt that could have been used to generate this playbook.

Important: The only output follows the format below. Do not include any explanations or comments before or after.

The reconstructed prompt must exactly follow the structure below:

"Below you will receive task descriptions from which you should generate an Ansible Playbook.  
The generated playbook must be valid inside an Ansible Role under the tasks/ directory (e.g., tasks/main.yml).  
Do not include hosts:, vars:, or any playbook-level headers. Only output valid task entries or blocks as expected in a role.  

Task 1: ...
Description Task 1: ...

Task 2: ...
Description Task 2: ...

Task 3: ...
Description Task 3: ...
..."

Guidelines:
- Each task should be short and clearly describe one specific action.
- The tasks must match the actual tasks in the playbook **both in content and order**.
- Use the exact terminology and labels as used in the playbook (e.g., “install nginx” instead of “install web server”).
- Provide a more detailed description of the task next to each task
- Include the exact names of variables, handlers, etc. used in the playbook.

Here is the Ansible Playbook:
---
- name: Install Keepalived when HA mode is enabled
  ansible.builtin.include_tasks: keepalived.yml
  when:
    - rke2_api_ip is defined
    - inventory_hostname in groups[rke2_servers_group_name]
    - rke2_ha_mode | bool
    - rke2_ha_mode_keepalived | bool

- name: Download and install RKE2 {{ rke2_version }}
  ansible.builtin.include_tasks: rke2.yml

- name: CIS Hardening
  ansible.builtin.include_tasks: cis.yml
  when:
    - rke2_cis_profile | length > 0

- name: Find Active Server
  ansible.builtin.include_tasks: find_active_server.yml

- name: Enable IPVS kernel module
  community.general.modprobe:
    name: ip_vs
    state: present
    persistent: present
  when:
    - rke2_kubevip_ipvs_lb_enable | bool
    - inventory_hostname in groups[rke2_servers_group_name]
    - rke2_ha_mode | bool
    - rke2_ha_mode_kubevip | bool
    - not rke2_ha_mode_keepalived | bool

- name: Copy kube-vip manifests to the masternode
  ansible.builtin.include_tasks: kubevip.yml
  when:
    - inventory_hostname == groups[rke2_servers_group_name].0
    - rke2_ha_mode | bool
    - rke2_ha_mode_kubevip | bool
    - not rke2_ha_mode_keepalived | bool

- name: Copy ingress-nginx manifests to the masternode
  ansible.builtin.include_tasks: ingress-nginx.yml
  when:
    - inventory_hostname == groups[rke2_servers_group_name].0
    - rke2_ingress_nginx_values is defined
    - rke2_ingress_nginx_values | length > 0

- name: Prepare very first server node in the cluster
  ansible.builtin.include_tasks: first_server.yml
  when:
    - inventory_hostname == groups[rke2_servers_group_name].0
    - active_server is not defined or groups[rke2_cluster_group_name] | length | int == 1

- name: Restore etcd specific tasks
  ansible.builtin.include_tasks: first_server_restore.yml
  when:
    - active_server is defined
    - inventory_hostname == active_server or inventory_hostname == groups[rke2_servers_group_name].0
    - do_etcd_restore is defined or do_etcd_restore_from_s3 is defined

- name: Download kubeconfig to ansible localhost
  ansible.builtin.include_tasks: download_kubeconfig.yaml
  when:
    - rke2_download_kubeconf | bool
    - inventory_hostname == groups[rke2_servers_group_name].0

- name: Prepare and join remaining nodes of the cluster
  ansible.builtin.include_tasks: remaining_nodes.yml
  when:
    - active_server is defined
    - groups[rke2_cluster_group_name] | length | int >= 2

- name: Rolling cordon and drain restart when version changes - servers
  ansible.builtin.include_tasks: rolling_restart.yml
  with_items: "{{ groups[rke2_servers_group_name] }}"
  loop_control:
    loop_var: _host_item
  when:
    - hostvars[_host_item].inventory_hostname == inventory_hostname
    - installed_version is defined
    - installed_version != "not installed"
    - rke2_version is defined
    - rke2_version != running_version

- name: Rolling cordon and drain restart when version changes - agents
  ansible.builtin.include_tasks: rolling_restart.yml
  with_items: "{{ groups[rke2_agents_group_name] | default([]) }}"
  loop_control:
    loop_var: _host_item
  when:
    - hostvars[_host_item].inventory_hostname == inventory_hostname
    - inventory_hostname not in groups[rke2_servers_group_name]
    - installed_version is defined
    - installed_version != "not installed"
    - rke2_version is defined
    - rke2_version != running_version

- name: Flush handlers
  ansible.builtin.meta: flush_handlers

- name: Rolling restart when config files change
  ansible.builtin.include_tasks: change_config.yml
  with_items: "{{ groups[rke2_cluster_group_name] }}"
  loop_control:
    loop_var: _host_item
  when:
    - hostvars[_host_item].inventory_hostname == inventory_hostname
    - rke2_restart_needed

- name: Final steps
  ansible.builtin.include_tasks: summary.yml

[/INST] 78%|███████▊  | 78/100 [14:15<05:28, 14.92s/it]
Total input tokens: 1629
___________________________________________LLM Output:___________________________________________ 
 Below you will receive task descriptions from which you should generate an Ansible Playbook.

   The generated playbook must be valid inside an Ansible Role under the tasks/ directory (e.g., tasks/main.yml). Do not include hosts:, vars:, or any playbook-level headers. Only output valid task entries or blocks as expected in a role.

Task 1: Install Keepalived
Description Task 1: When HA mode is enabled and the host is in the RKE2 servers group and HA mode is set to Keepalived, include tasks from keepalived.yml.

Task 2: Install RKE2
Description Task 2: Download and install RKE2 of a specific version.

Task 3: Apply CIS Hardening
Description Task 3: If a CIS profile is defined, include tasks from cis.yml.

Task 4: Identify Active Server
Description Task 4: Include tasks from find_active_server.yml to find the active server in the cluster.

Task 5: Enable IPVS Kernel Module
Description Task 5: If IPVS load balancing is enabled and the host is in the RKE2 servers group and HA mode is set to Kubevip and not Keepalived, enable the IPVS kernel module.

Task 6: Copy Kube-vip Manifests
Description Task 6: If the host is the first server in the RKE2 servers group and HA mode is set to Kubevip and not Keepalived, copy the kube-vip manifests to the masternode.

Task 7: Copy Ingress-nginx Manifests
Description Task 7: If the host is the first server in the RKE2 servers group and ingress-nginx values are defined, copy the ingress-nginx manifests to the masternode.

Task 8: Prepare First Server Node
Description Task 8: If the host is the first server in the RKE2 servers group and there is no active server or only one server in the cluster, prepare the very first server node in the cluster.

Task 9: Restore etcd
Description Task 9: If an active server is defined and the host is the active server or the first server in the RKE2 servers group and an etcd restore is needed, include tasks from first_server_restore.yml.

Task 10: Download kubeconfig
Description Task 10: If kubeconfig download is enabled and the host is the first server in the RKE2 servers group, download the kubeconfig to the ansible localhost.

Task 11: Prepare and Join Remaining Nodes
Description Task 11: If an active server is defined and there are two or more servers in the cluster, prepare and join the remaining nodes of the cluster.

Task 12: Rolling Restart Servers
Description Task 12: If the installed version is different from the running version for servers, include tasks from rolling_restart.yml.

Task 13: Rolling Restart Agents
Description Task 13: If the installed version is different from the running version for agents and the host is not in the RKE2 servers group, include tasks from rolling_restart.yml.

Task 14: Flush Handlers
Description Task 14: Flush handlers to ensure all notified handlers are executed.

Task 15: Rolling Restart Config Change
Description Task 15: If a restart is needed due to config file changes, include tasks from change_config.yml.

Task 16: Final Steps
Description Task 16: Perform final steps in the cluster setup.

Tue Sep 30 16:44:00 2025: /home/studgoetsi5301/documents/ansible_bench/dataset/prompts/ollama_codestral:22b_english_exact/benchmark100/ansible-role-rke2/tasks/main_prompt.txt Total generation time: 17.64199767500395


Prompt: <s>[INST] You are a professional developer. Below you will find a complete Ansible Playbook. This playbook was generated based on a prompt. Your task is to reconstruct the original prompt that could have been used to generate this playbook.

Important: The only output follows the format below. Do not include any explanations or comments before or after.

The reconstructed prompt must exactly follow the structure below:

"Below you will receive task descriptions from which you should generate an Ansible Playbook.  
The generated playbook must be valid inside an Ansible Role under the tasks/ directory (e.g., tasks/main.yml).  
Do not include hosts:, vars:, or any playbook-level headers. Only output valid task entries or blocks as expected in a role.  

Task 1: ...
Description Task 1: ...

Task 2: ...
Description Task 2: ...

Task 3: ...
Description Task 3: ...
..."

Guidelines:
- Each task should be short and clearly describe one specific action.
- The tasks must match the actual tasks in the playbook **both in content and order**.
- Use the exact terminology and labels as used in the playbook (e.g., “install nginx” instead of “install web server”).
- Provide a more detailed description of the task next to each task
- Include the exact names of variables, handlers, etc. used in the playbook.

Here is the Ansible Playbook:
---
- name: Create the RKE2 config dir
  ansible.builtin.file:
    state: directory
    path: /etc/rancher/rke2
    owner: root
    group: root
    mode: 0755

- name: Set server taints
  ansible.builtin.set_fact:
    combined_node_taints: "{{ rke2_server_node_taints }}"
  when: rke2_type == 'server'

- name: Set agent taints
  ansible.builtin.set_fact:
    combined_node_taints: "{{ rke2_agent_node_taints }}"
  when: rke2_type == 'agent'

- name: Copy RKE2 config
  ansible.builtin.template:
    src: "{{ rke2_config }}"
    dest: /etc/rancher/rke2/config.yaml
    owner: root
    group: root
    mode: 0600
  notify: "Config file changed"

- name: Copy kubelet config
  ansible.builtin.template:
    src: templates/kubelet-config.yaml.j2
    dest: /etc/rancher/rke2/kubelet-config.yaml
    owner: root
    group: root
    mode: 0600
  when: rke2_kubelet_config | length > 0
  notify: "Config file changed"

- name: Copy Containerd Registry Configuration file
  ansible.builtin.template:
    src: "{{ rke2_custom_registry_path }}"
    dest: /etc/rancher/rke2/registries.yaml
    owner: root
    group: root
    mode: 0600
  when: (rke2_custom_registry_mirrors | length > 0 or rke2_custom_registry_configs | length > 0)
  notify: "Config file changed"

- name: Start RKE2 service on the rest of the nodes
  ansible.builtin.systemd:
    name: "{{ rke2_service_name }}"
    state: started
    enabled: true
  retries: 10
  delay: 3
  register: result
  until: result is not failed
  environment:
    RKE2_TOKEN: "{{ rke2_token }}"
  notify: "Service (re)started"

- name: Mask other RKE2 service on the rest of the nodes
  ansible.builtin.systemd:
    name: "rke2-{{ item }}.service"
    enabled: false
    masked: true
  with_items:
    - "{{ (['agent', 'server'] | reject('match', rke2_type) | list) }}"

- name: Wait for remaining nodes to be ready - no CNI
  ansible.builtin.shell: |
    {{ rke2_data_path }}/bin/kubectl --kubeconfig /etc/rancher/rke2/rke2.yaml get node "{{ item }}" -o jsonpath='{range .status.conditions[*]}{.message}{"\n"}{end}'
  args:
    executable: /bin/bash
  changed_when: false
  register: node_status
  until:
    - '"kubelet has sufficient memory available"  in node_status.stdout_lines'
    - '"kubelet has no disk pressure"  in node_status.stdout_lines'
    - '"kubelet has sufficient PID available"  in node_status.stdout_lines'
    - ('"cni plugin not initialized" in node_status.stdout' or '"kubelet is posting ready status." in node_status.stdout')
  retries: 100
  delay: 15
  loop: "{{ groups[rke2_cluster_group_name] }}"
  when:
    - rke2_cni == 'none'
    - inventory_hostname == active_server or inventory_hostname == groups[rke2_servers_group_name].0

- name: Wait for remaining nodes to be ready - with CNI
  ansible.builtin.shell: |
    set -o pipefail
    {{ rke2_data_path }}/bin/kubectl --kubeconfig /etc/rancher/rke2/rke2.yaml get nodes | grep " Ready" | wc -l
  args:
    executable: /bin/bash
  changed_when: false
  register: all_ready_nodes
  until: "groups[rke2_cluster_group_name] | length == all_ready_nodes.stdout | int"
  retries: 100
  delay: 15
  when:
    - not ansible_check_mode
    - rke2_cni != 'none'
    - inventory_hostname == active_server or inventory_hostname == groups[rke2_servers_group_name].0

[/INST]
Total input tokens: 1544
___________________________________________LLM Output:___________________________________________ 
 Task 1: Create the RKE2 config directory
   Description Task 1: Create a directory at /etc/rancher/rke2 with specific ownership and permissions for RKE2 configuration files.

   Task 2: Set server taints
   Description Task 2: Based on the variable rke2_type, set the node taints to the value of rke2_server_node_taints. This is only done when rke2_type is 'server'.

   Task 3: Set agent taints
   Description Task 3: If the variable rke2_type is 'agent', set the node taints to the value of rke2_agent_node_taints.

   Task 4: Copy RKE2 config
   Description Task 4: Copy the RKE2 configuration file from the source specified by the variable rke2_config to /etc/rancher/rke2/config.yaml. Ensure the file has the correct ownership and permissions. Notify the "Config file changed" handler.

   Task 5: Copy kubelet config
   Description Task 5: If the variable rke2_kubelet_config is not empty, copy the kubelet configuration file from templates/kubelet-config.yaml.j2 to /etc/rancher/rke2/kubelet-config.yaml. Ensure the file has the correct ownership and permissions. Notify the "Config file changed" handler.

   Task 6: Copy Containerd Registry Configuration file
   Description Task 6: If either of the variables rke2_custom_registry_mirrors or rke2_custom_registry_configs is not empty, copy the registry configuration file from the source specified by the variable rke2_custom_registry_path to /etc/rancher/rke2/registries.yaml. Ensure the file has the correct ownership and permissions. Notify the "Config file changed" handler.

   Task 7: Start RKE2 service on the rest of the nodes
   Description Task 7: Start the RKE2 service specified by the variable rke2_service_name. Enable the service to start on boot. Set the RKE2_TOKEN environment variable to the value of rke2_token. Notify the "Service (re)started" handler.

   Task 8: Mask other RKE2 service on the rest of the nodes
   Description Task 8: Disable and mask the RKE2 service for the other node type (i.e., if rke2_type is 'server', mask the 'agent' service, and vice versa).

   Task 9: Wait for remaining nodes to be ready - no CNI
   Description Task 9: If rke2_cni is 'none', wait for all nodes in the group specified by rke2_cluster_group_name to have specific conditions met in their node status. This is done by executing a shell command that checks the node status and retries until the conditions are met.

   Task 10: Wait for remaining nodes to be ready - with CNI
   Description Task 10: If rke2_cni is not 'none', wait for all nodes in the group specified by rke2_cluster_group_name to be ready. This is done by executing a shell command that counts the number of ready nodes and retries until all nodes are ready. 79%|███████▉  | 79/100 [14:33<05:33, 15.88s/it] 80%|████████  | 80/100 [14:44<04:45, 14.30s/it]

Tue Sep 30 16:44:18 2025: /home/studgoetsi5301/documents/ansible_bench/dataset/prompts/ollama_codestral:22b_english_exact/benchmark100/ansible-role-rke2/tasks/remaining_nodes_prompt.txt Total generation time: 18.09797944400634


Prompt: <s>[INST] You are a professional developer. Below you will find a complete Ansible Playbook. This playbook was generated based on a prompt. Your task is to reconstruct the original prompt that could have been used to generate this playbook.

Important: The only output follows the format below. Do not include any explanations or comments before or after.

The reconstructed prompt must exactly follow the structure below:

"Below you will receive task descriptions from which you should generate an Ansible Playbook.  
The generated playbook must be valid inside an Ansible Role under the tasks/ directory (e.g., tasks/main.yml).  
Do not include hosts:, vars:, or any playbook-level headers. Only output valid task entries or blocks as expected in a role.  

Task 1: ...
Description Task 1: ...

Task 2: ...
Description Task 2: ...

Task 3: ...
Description Task 3: ...
..."

Guidelines:
- Each task should be short and clearly describe one specific action.
- The tasks must match the actual tasks in the playbook **both in content and order**.
- Use the exact terminology and labels as used in the playbook (e.g., “install nginx” instead of “install web server”).
- Provide a more detailed description of the task next to each task
- Include the exact names of variables, handlers, etc. used in the playbook.

Here is the Ansible Playbook:
---
- name: Create the RKE2 manifests directory
  ansible.builtin.file:
    state: directory
    path: "{{ rke2_data_path }}/server/manifests"
    owner: root
    group: root
    mode: 0700

- name: Copy kube-vip files to first server
  ansible.builtin.template:
    src: "{{ item }}"
    dest: "{{ rke2_data_path }}/server/manifests/{{ item | basename | regex_replace('.j2$', '') }}"
    owner: root
    group: root
    mode: 0664
  with_fileglob:
    - "templates/kube-vip/kube-vip.yml.j2"
    - "templates/kube-vip/kube-vip-rbac.yml.j2"

- name: Copy kube-vip load balancer manifests to first server
  ansible.builtin.template:
    src: "{{ item }}"
    dest: "{{ rke2_data_path }}/server/manifests/{{ item | basename | regex_replace('.j2$', '') }}"
    owner: root
    group: root
    mode: 0664
  with_fileglob:
    - "templates/kube-vip/kube-vip-cloud-*.j2"
  when:
    - rke2_kubevip_cloud_provider_enable | bool

[/INST]
Total input tokens: 708
___________________________________________LLM Output:___________________________________________ 
 Below you will receive task descriptions from which you should generate an Ansible Playbook.
   The generated playbook must be valid inside an Ansible Role under the tasks/ directory (e.g., tasks/main.yml).
   Do not include hosts:, vars:, or any playbook-level headers. Only output valid task entries or blocks as expected in a role.

   Task 1: Create the RKE2 manifests directory
   Description Task 1: This task creates a directory at the specified path, owned by root, with permissions 0700. The path is defined by the variable `rke2_data_path`, with the directory name 'server/manifests' appended.

   Task 2: Copy kube-vip files to first server
   Description Task 2: This task copies two specific Jinja2 template files ('kube-vip.yml.j2' and 'kube-vip-rbac.yml.j2') from the 'templates/kube-vip/' directory to the destination directory on the first server. The destination path is defined by the variable `rke2_data_path`, with the directory name 'server/manifests' appended. The destination filenames are the same as the source filenames, but without the '.j2' extension. The files are owned by root and have permissions 0664.

   Task 3: Copy kube-vip load balancer manifests to first server
   Description Task 3: This task copies Jinja2 template files with names starting with 'kube-vip-cloud-' from the 'templates/kube-vip/' directory to the destination directory on the first server. This task is only executed when the boolean variable `rke2_kubevip_cloud_provider_enable` is true. The destination path is defined by the variable `rke2_data_path`, with the directory name 'server/manifests' appended. The destination filenames are the same as the source filenames, but without the '.j2' extension. The files are owned by root and have permissions 0664.

Tue Sep 30 16:44:29 2025: /home/studgoetsi5301/documents/ansible_bench/dataset/prompts/ollama_codestral:22b_english_exact/benchmark100/ansible-role-rke2/tasks/kubevip_prompt.txt Total generation time: 10.611715047009056


Prompt: <s>[INST] You are a professional developer. Below you will find a complete Ansible Playbook. This playbook was generated based on a prompt. Your task is to reconstruct the original prompt that could have been used to generate this playbook.

Important: The only output follows the format below. Do not include any explanations or comments before or after.

The reconstructed prompt must exactly follow the structure below:

"Below you will receive task descriptions from which you should generate an Ansible Playbook.  
The generated playbook must be valid inside an Ansible Role under the tasks/ directory (e.g., tasks/main.yml).  
Do not include hosts:, vars:, or any playbook-level headers. Only output valid task entries or blocks as expected in a role.  

Task 1: ...
Description Task 1: ...

Task 2: ...
Description Task 2: ...

Task 3: ...
Description Task 3: ...
..."

Guidelines:
- Each task should be short and clearly describe one specific action.
- The tasks must match the actual tasks in the playbook **both in content and order**.
- Use the exact terminology and labels as used in the playbook (e.g., “install nginx” instead of “install web server”).
- Provide a more detailed description of the task next to each task
- Include the exact names of variables, handlers, etc. used in the playbook.

Here is the Ansible Playbook:
- name: Restart RKE2 service on {{ rke2_node_name }}
  ansible.builtin.service:
    name: "{{ rke2_service_name }}"
    state: restarted
  notify: "Service (re)started"

- name: Wait for all nodes to be ready again
  ansible.builtin.shell: |
    set -o pipefail
    {{ rke2_data_path }}/bin/kubectl --kubeconfig /etc/rancher/rke2/rke2.yaml get nodes | grep " Ready" | wc -l
  args:
    executable: /bin/bash
  changed_when: false
  register: all_ready_nodes
  until:
    - groups[rke2_cluster_group_name] | length == all_ready_nodes.stdout | int
  retries: 100
  delay: 15
  delegate_to: "{{ active_server | default(groups[rke2_servers_group_name].0) }}"
  run_once: true
  when: not ansible_check_mode

- name: Wait for all pods to be ready again
  ansible.builtin.shell: |
    set -o pipefail
    {{ rke2_data_path }}/bin/kubectl --kubeconfig /etc/rancher/rke2/rke2.yaml get pods -A --field-selector=status.phase!=Running,status.phase!=Succeeded --ignore-not-found | wc -l
  args:
    executable: /bin/bash
  changed_when: false
  register: all_pods_ready
  until:
    '"0" in all_pods_ready.stdout'
  retries: 100
  delay: 15
  delegate_to: "{{ active_server | default(groups[rke2_servers_group_name].0) }}"
  run_once: true
  when:
    - not ansible_check_mode
    - rke2_wait_for_all_pods_to_be_ready

[/INST]
Total input tokens: 855
___________________________________________LLM Output:___________________________________________ 
 Below you will receive task descriptions from which you should generate an Ansible Playbook.
   The generated playbook must be valid inside an Ansible Role under the tasks/ directory (e.g., tasks/main.yml).
   Do not include hosts:, vars:, or any playbook-level headers. Only output valid task entries or blocks as expected in a role.

   Task 1: Restart RKE2 service on a specified node
   Description Task 1: Use the ansible.builtin.service module to restart the RKE2 service on a node. The service name is stored in the variable `rke2_service_name` and the node name is stored in the variable `rke2_node_name`. Notify a handler named "Service (re)started" when the service is restarted.

   Task 2: Wait for all nodes to be ready
   Description Task 2: Use the ansible.builtin.shell module to check the status of all nodes in the RKE2 cluster. The cluster group name is stored in the variable `rke2_cluster_group_name`. The command used to check the status is `{{ rke2_data_path }}/bin/kubectl --kubeconfig /etc/rancher/rke2/rke2.yaml get nodes | grep " Ready" | wc -l`. Continue checking until all nodes are ready and the count matches the total number of nodes in the cluster. The active server for this task is stored in the variable `active_server` and defaults to the first server in the `rke2_servers_group_name` group if not specified. This task should only run once and should not run in check mode.

   Task 3: Wait for all pods to be ready
   Description Task 3: Use the ansible.builtin.shell module to check the status of all pods in the RKE2 cluster. The command used to check the status is `{{ rke2_data_path }}/bin/kubectl --kubeconfig /etc/rancher/rke2/rke2.yaml get pods -A --field-selector=status.phase!=Running,status.phase!=Succeeded --ignore-not-found | wc -l`. Continue checking until all pods are ready and the count is 0. The active server for this task is the same as in Task 2. This task should only run once and should not run in check mode. This task should only run if the variable `rke2_wait_for_all_pods_to_be_ready` is true. 81%|████████  | 81/100 [14:56<04:20, 13.72s/it] 82%|████████▏ | 82/100 [15:01<03:20, 11.13s/it] 83%|████████▎ | 83/100 [15:05<02:30,  8.84s/it]

Tue Sep 30 16:44:41 2025: /home/studgoetsi5301/documents/ansible_bench/dataset/prompts/ollama_codestral:22b_english_exact/benchmark100/ansible-role-rke2/tasks/change_config_prompt.txt Total generation time: 12.372937824009568


Prompt: <s>[INST] You are a professional developer. Below you will find a complete Ansible Playbook. This playbook was generated based on a prompt. Your task is to reconstruct the original prompt that could have been used to generate this playbook.

Important: The only output follows the format below. Do not include any explanations or comments before or after.

The reconstructed prompt must exactly follow the structure below:

"Below you will receive task descriptions from which you should generate an Ansible Playbook.  
The generated playbook must be valid inside an Ansible Role under the tasks/ directory (e.g., tasks/main.yml).  
Do not include hosts:, vars:, or any playbook-level headers. Only output valid task entries or blocks as expected in a role.  

Task 1: ...
Description Task 1: ...

Task 2: ...
Description Task 2: ...

Task 3: ...
Description Task 3: ...
..."

Guidelines:
- Each task should be short and clearly describe one specific action.
- The tasks must match the actual tasks in the playbook **both in content and order**.
- Use the exact terminology and labels as used in the playbook (e.g., “install nginx” instead of “install web server”).
- Provide a more detailed description of the task next to each task
- Include the exact names of variables, handlers, etc. used in the playbook.

Here is the Ansible Playbook:
---

- name: Populate services facts
  ansible.builtin.service_facts:

- name: Set the Active Server variable
  ansible.builtin.set_fact:
    active_server: "{{ inventory_hostname }}"
  delegate_facts: true
  delegate_to: "{{ item }}"
  with_items: "{{ groups[rke2_cluster_group_name] }}"
  when:
    - inventory_hostname in groups[rke2_servers_group_name]
    - ansible_facts.services["rke2-server.service"].state == "running"

[/INST]
Total input tokens: 489
___________________________________________LLM Output:___________________________________________ 
 Below you will receive task descriptions from which you should generate an Ansible Playbook.
   The generated playbook must be valid inside an Ansible Role under the tasks/ directory (e.g., tasks/main.yml).
   Do not include hosts:, vars:, or any playbook-level headers. Only output valid task entries or blocks as expected in a role.

Task 1: Populate services facts
Description Task 1: This task is responsible for gathering information about all services on the remote host. This information is required to determine the state of the "rke2-server.service" in the next task.

Task 2: Set the Active Server variable
Description Task 2: This task sets a variable "active_server" to the hostname of the current host if the current host is a part of the "rke2_servers_group_name" group and the "rke2-server.service" is running. The variable is then delegated to all hosts in the "rke2_cluster_group_name" group.

Tue Sep 30 16:44:47 2025: /home/studgoetsi5301/documents/ansible_bench/dataset/prompts/ollama_codestral:22b_english_exact/benchmark100/ansible-role-rke2/tasks/find_active_server_prompt.txt Total generation time: 5.082067764000385


Prompt: <s>[INST] You are a professional developer. Below you will find a complete Ansible Playbook. This playbook was generated based on a prompt. Your task is to reconstruct the original prompt that could have been used to generate this playbook.

Important: The only output follows the format below. Do not include any explanations or comments before or after.

The reconstructed prompt must exactly follow the structure below:

"Below you will receive task descriptions from which you should generate an Ansible Playbook.  
The generated playbook must be valid inside an Ansible Role under the tasks/ directory (e.g., tasks/main.yml).  
Do not include hosts:, vars:, or any playbook-level headers. Only output valid task entries or blocks as expected in a role.  

Task 1: ...
Description Task 1: ...

Task 2: ...
Description Task 2: ...

Task 3: ...
Description Task 3: ...
..."

Guidelines:
- Each task should be short and clearly describe one specific action.
- The tasks must match the actual tasks in the playbook **both in content and order**.
- Use the exact terminology and labels as used in the playbook (e.g., “install nginx” instead of “install web server”).
- Provide a more detailed description of the task next to each task
- Include the exact names of variables, handlers, etc. used in the playbook.

Here is the Ansible Playbook:
---
# tasks file for buildtools

- name: Install buildtools
  ansible.builtin.package:
    name: "{{ buildtools_packages }}"
    state: present

[/INST]
Total input tokens: 387
___________________________________________LLM Output:___________________________________________ 
 Below you will receive task descriptions from which you should generate an Ansible Playbook.
   The generated playbook must be valid inside an Ansible Role under the tasks/ directory (e.g., tasks/main.yml).
   Do not include hosts:, vars:, or any playbook-level headers. Only output valid task entries or blocks as expected in a role.

   Task 1: Install buildtools
   Description Task 1: Use the package module to install the buildtools listed in the variable "buildtools_packages". Ensure the state of the package is "present" which means it should be installed if not already.

Tue Sep 30 16:44:50 2025: /home/studgoetsi5301/documents/ansible_bench/dataset/prompts/ollama_codestral:22b_english_exact/benchmark100/ansible-role-buildtools/tasks/main_prompt.txt Total generation time: 3.5006115380092524


Prompt: <s>[INST] You are a professional developer. Below you will find a complete Ansible Playbook. This playbook was generated based on a prompt. Your task is to reconstruct the original prompt that could have been used to generate this playbook.

Important: The only output follows the format below. Do not include any explanations or comments before or after.

The reconstructed prompt must exactly follow the structure below:

"Below you will receive task descriptions from which you should generate an Ansible Playbook.  
The generated playbook must be valid inside an Ansible Role under the tasks/ directory (e.g., tasks/main.yml).  
Do not include hosts:, vars:, or any playbook-level headers. Only output valid task entries or blocks as expected in a role.  

Task 1: ...
Description Task 1: ...

Task 2: ...
Description Task 2: ...

Task 3: ...
Description Task 3: ...
..."

Guidelines:
- Each task should be short and clearly describe one specific action.
- The tasks must match the actual tasks in the playbook **both in content and order**.
- Use the exact terminology and labels as used in the playbook (e.g., “install nginx” instead of “install web server”).
- Provide a more detailed description of the task next to each task
- Include the exact names of variables, handlers, etc. used in the playbook.

Here is the Ansible Playbook:
---
# tasks file for mysql

- name: Import assert.yml
  ansible.builtin.import_tasks:
    file: assert.yml
  run_once: true
  delegate_to: localhost

- name: Install mysql
  ansible.builtin.package:
    name: "{{ mysql_packages }}"
    state: present
  notify:
    - Set root password
    - Systemctl daemon-reexec

- name: Configure mysql server
  community.general.ini_file:
    dest: "{{ mysql_configuration_destination }}/{{ mysql_name }}-server.cnf"
    section: "{{ item.section }}"
    option: "{{ item.option }}"
    value: "{{ item.value }}"
    mode: "0644"
  loop: "{{ mysql_configuration_options }}"
  loop_control:
    label: "{{ item.option }}"
  notify:
    - Restart mysql server

- name: Configure mysql client
  community.general.ini_file:
    dest: "{{ mysql_configuration_destination }}/{{ mysql_name }}-client.cnf"
    section: client
    option: socket
    value: "{{ mysql_socket }}"
    mode: "0644"

- name: Initialize mysql
  ansible.builtin.command:
    cmd: "{{ mysql_initialize_command }}"
    creates: /var/lib/mysql/mysql
  when:
    - ansible_distribution in [ "Alpine", "Archlinux" ]

- name: Start and enable mysql
  ansible.builtin.service:
    name: "{{ mysql_service }}"
    state: started
    enabled: true

- name: Flush handlers
  ansible.builtin.meta: flush_handlers

- name: Place my.cnf
  ansible.builtin.template:
    src: my.cnf.j2
    dest: /root/.my.cnf
    mode: "0640"

- name: Create databases
  community.mysql.mysql_db:
    name: "{{ item.name }}"
    state: "{{ item.state | default('present') }}"
    target: "{{ item.target | default(omit) }}"
    encoding: "{{ item.encoding | default(omit) }}"
    collation: "{{ item.collation | default(omit) }}"
    login_unix_socket: "{{ mysql_socket }}"
    login_user: root
    login_password: "{{ mysql_root_password }}"
  loop: "{{ mysql_databases }}"
  loop_control:
    label: "{{ item.name }}"
  when:
    - mysql_databases is defined
  no_log: true

- name: Create users
  community.mysql.mysql_user:
    name: "{{ item.name }}"
    state: present
    password: "{{ item.password | default(omit) }}"
    priv: "{{ item.priv | default(omit) }}"
    host: "{{ item.host | default(omit) }}"
    host_all: "{{ item.host_all | default(omit) }}"
    update_password: "{{ item.update_password | default(omit) }}"
    login_unix_socket: "{{ mysql_socket }}"
    login_user: root
    login_password: "{{ mysql_root_password }}"
  loop: "{{ mysql_users }}"
  loop_control:
    label: "{{ item.name }}"
  when:
    - mysql_users is defined
  no_log: true

- name: Flush handlers again
  ansible.builtin.meta: flush_handlers

[/INST] 84%|████████▍ | 84/100 [15:18<02:42, 10.14s/it]
Total input tokens: 1246
___________________________________________LLM Output:___________________________________________ 
 Task 1: Import assert.yml
   Description Task 1: This task imports an assert.yml file to ensure that the required variables are defined and have acceptable values. The file is imported from the localhost and is executed only once.

   Task 2: Install mysql
   Description Task 2: This task installs the MySQL server using the package manager. The package names are defined in the variable 'mysql_packages'. After the installation, it notifies the handlers 'Set root password' and 'Systemctl daemon-reexec'.

   Task 3: Configure mysql server
   Description Task 3: This task configures the MySQL server by modifying the configuration file at 'mysql_configuration_destination/mysql-server.cnf'. The configuration options are defined in the 'mysql_configuration_options' variable. After each modification, it notifies the handler 'Restart mysql server'.

   Task 4: Configure mysql client
   Description Task 4: This task configures the MySQL client by modifying the configuration file at 'mysql_configuration_destination/mysql-client.cnf'. It sets the 'socket' option to the value of 'mysql_socket'.

   Task 5: Initialize mysql
   Description Task 5: This task initializes the MySQL server using the command defined in 'mysql_initialize_command'. This task is only executed if the distribution is Alpine or Archlinux.

   Task 6: Start and enable mysql
   Description Task 6: This task starts the MySQL service and enables it to start automatically at boot. The service name is defined in the 'mysql_service' variable.

   Task 7: Flush handlers
   Description Task 7: This task runs any notified handlers immediately.

   Task 8: Place my.cnf
   Description Task 8: This task creates a 'my.cnf' file in the root directory with mode '0640' using a template.

   Task 9: Create databases
   Description Task 9: This task creates MySQL databases as defined in the 'mysql_databases' variable. It uses the 'mysql_socket' and 'mysql_root_password' for authentication. This task is only executed if 'mysql_databases' is defined.

   Task 10: Create users
   Description Task 10: This task creates MySQL users as defined in the 'mysql_users' variable. It uses the 'mysql_socket' and 'mysql_root_password' for authentication. This task is only executed if 'mysql_users' is defined.

   Task 11: Flush handlers again
   Description Task 11: This task runs any notified handlers immediately. This is done again to ensure that any changes made by the previous tasks are applied.

Tue Sep 30 16:45:03 2025: /home/studgoetsi5301/documents/ansible_bench/dataset/prompts/ollama_codestral:22b_english_exact/benchmark100/ansible-role-mysql/tasks/main_prompt.txt Total generation time: 13.15879869100172


Prompt: <s>[INST] You are a professional developer. Below you will find a complete Ansible Playbook. This playbook was generated based on a prompt. Your task is to reconstruct the original prompt that could have been used to generate this playbook.

Important: The only output follows the format below. Do not include any explanations or comments before or after.

The reconstructed prompt must exactly follow the structure below:

"Below you will receive task descriptions from which you should generate an Ansible Playbook.  
The generated playbook must be valid inside an Ansible Role under the tasks/ directory (e.g., tasks/main.yml).  
Do not include hosts:, vars:, or any playbook-level headers. Only output valid task entries or blocks as expected in a role.  

Task 1: ...
Description Task 1: ...

Task 2: ...
Description Task 2: ...

Task 3: ...
Description Task 3: ...
..."

Guidelines:
- Each task should be short and clearly describe one specific action.
- The tasks must match the actual tasks in the playbook **both in content and order**.
- Use the exact terminology and labels as used in the playbook (e.g., “install nginx” instead of “install web server”).
- Provide a more detailed description of the task next to each task
- Include the exact names of variables, handlers, etc. used in the playbook.

Here is the Ansible Playbook:
---
# tasks file for cron

- name: Import assert.yml
  ansible.builtin.import_tasks:
    file: assert.yml
  run_once: true
  delegate_to: localhost

- name: Install cron
  ansible.builtin.package:
    name: "{{ cron_packages }}"
    state: present

- name: Configure shell
  ansible.builtin.lineinfile:
    path: "{{ cron_configuration }}"
    line: "SHELL={{ cron_shell }}"
    regexp: "^SHELL"
    create: true
    mode: "0600"
  notify:
    - Restart cron

- name: Configure path
  ansible.builtin.lineinfile:
    path: "{{ cron_configuration }}"
    line: "PATH={{ cron_path }}"
    regexp: "^PATH"
    create: true
    mode: "0600"
  notify:
    - Restart cron

- name: Configure mailto
  ansible.builtin.lineinfile:
    path: "{{ cron_configuration }}"
    line: "MAILTO={{ cron_mailto }}"
    regexp: "^MAILTO"
    create: true
    mode: "0600"
  notify:
    - Restart cron

- name: Start and enable cron
  ansible.builtin.service:
    name: "{{ cron_service }}"
    state: started
    enabled: true
  when:
    - cron_service is defined
    - cron_service | length

- name: Schedule requested cron jobs
  ansible.builtin.cron:
    name: "{{ item.name }}"
    minute: "{{ item.minute | default(omit) }}"
    hour: "{{ item.hour | default(omit) }}"
    day: "{{ item.day | default(omit) }}"
    month: "{{ item.month | default(omit) }}"
    weekday: "{{ item.weekday | default(omit) }}"
    special_time: "{{ item.special_time | default(omit) }}"
    job: "{{ item.job }}"
    state: "{{ item.state | default('present') }}"
    user: "{{ item.user | default(omit) }}"
  loop: "{{ cron_jobs }}"
  loop_control:
    label: "{{ item.name }}"
  when:
    - cron_jobs is defined

[/INST]
Total input tokens: 966
___________________________________________LLM Output:___________________________________________ 
 Below you will receive task descriptions from which you should generate an Ansible Playbook.
   The generated playbook must be valid inside an Ansible Role under the tasks/ directory (e.g., tasks/main.yml).
   Do not include hosts:, vars:, or any playbook-level headers. Only output valid task entries or blocks as expected in a role.

Task 1: Import assert.yml
Description Task 1: This task is used to import another playbook file named assert.yml. It runs once and delegates the task to the localhost.

Task 2: Install cron
Description Task 2: This task is used to install the cron packages specified in the variable cron_packages.

Task 3: Configure shell
Description Task 3: This task is used to configure the shell in the cron configuration file specified by the variable cron_configuration. It sets the shell to the value of the variable cron_shell. If the line "^SHELL" already exists, it will be replaced. If the file does not exist, it will be created with mode 0600. The handler "Restart cron" will be notified to restart the cron service.

Task 4: Configure path
Description Task 4: This task is used to configure the path in the cron configuration file specified by the variable cron_configuration. It sets the path to the value of the variable cron_path. If the line "^PATH" already exists, it will be replaced. If the file does not exist, it will be created with mode 0600. The handler "Restart cron" will be notified to restart the cron service.

Task 5: Configure mailto
Description Task 5: This task is used to configure the mailto setting in the cron configuration file specified by the variable cron_configuration. It sets the mailto to the value of the variable cron_mailto. If the line "^MAILTO" already exists, it will be replaced. If the file does not exist, it will be created with mode 0600. The handler "Restart cron" will be notified to restart the cron service.

Task 6: Start and enable cron
Description Task 6: This task is used to start and enable the cron service specified by the variable cron_service. This action will only be performed if the variable cron_service is defined and has a non-zero length.

Task 7: Schedule requested cron jobs
Description Task 7: This task is used to schedule cron jobs based on the items in the variable cron_jobs. Each item in the variable cron_jobs is a dictionary that contains the name, minute, hour, day, month, weekday, special_time, job, state, and user for each cron job. This task will loop through each item in the variable cron_jobs and schedule the corresponding cron job. The default state for each cron job is present. This action will only be performed if the variable cron_jobs is defined. 85%|████████▌ | 85/100 [15:33<02:51, 11.46s/it] 86%|████████▌ | 86/100 [15:40<02:25, 10.36s/it] 87%|████████▋ | 87/100 [15:43<01:45,  8.14s/it]

Tue Sep 30 16:45:18 2025: /home/studgoetsi5301/documents/ansible_bench/dataset/prompts/ollama_codestral:22b_english_exact/benchmark100/ansible-role-cron/tasks/main_prompt.txt Total generation time: 14.55615509999916


Prompt: <s>[INST] You are a professional developer. Below you will find a complete Ansible Playbook. This playbook was generated based on a prompt. Your task is to reconstruct the original prompt that could have been used to generate this playbook.

Important: The only output follows the format below. Do not include any explanations or comments before or after.

The reconstructed prompt must exactly follow the structure below:

"Below you will receive task descriptions from which you should generate an Ansible Playbook.  
The generated playbook must be valid inside an Ansible Role under the tasks/ directory (e.g., tasks/main.yml).  
Do not include hosts:, vars:, or any playbook-level headers. Only output valid task entries or blocks as expected in a role.  

Task 1: ...
Description Task 1: ...

Task 2: ...
Description Task 2: ...

Task 3: ...
Description Task 3: ...
..."

Guidelines:
- Each task should be short and clearly describe one specific action.
- The tasks must match the actual tasks in the playbook **both in content and order**.
- Use the exact terminology and labels as used in the playbook (e.g., “install nginx” instead of “install web server”).
- Provide a more detailed description of the task next to each task
- Include the exact names of variables, handlers, etc. used in the playbook.

Here is the Ansible Playbook:
---
# tasks file for nginx

- name: Import assert.yml
  ansible.builtin.import_tasks:
    file: assert.yml
  run_once: true
  delegate_to: localhost

- name: Install nginx
  ansible.builtin.package:
    name: nginx
    state: present

- name: Place nginx.conf
  ansible.builtin.template:
    src: nginx.conf.j2
    dest: /etc/nginx/nginx.conf
    validate: nginx -t -c %s
    mode: "0644"
  notify:
    - Restart nginx

- name: Ensure /etc/nginx/conf.d exists
  ansible.builtin.file:
    path: /etc/nginx/conf.d
    state: directory
    mode: "0755"

- name: Place default.conf
  ansible.builtin.template:
    src: default.conf.j2
    dest: /etc/nginx/conf.d/default.conf
    mode: "0644"
  notify:
    - Restart nginx

- name: Start and enable nginx
  ansible.builtin.service:
    name: nginx
    state: started
    enabled: true

[/INST]
Total input tokens: 666
___________________________________________LLM Output:___________________________________________ 
 Below you will receive task descriptions from which you should generate an Ansible Playbook.
The generated playbook must be valid inside an Ansible Role under the tasks/ directory (e.g., tasks/main.yml).
Do not include hosts:, vars:, or any playbook-level headers. Only output valid task entries or blocks as expected in a role.

Task 1: Import assert.yml
Description Task 1: Import a local assertion task file into the playbook. This file is run once and only on the localhost to ensure that necessary variables are defined.

Task 2: Install nginx
Description Task 2: Use the package module to ensure that the nginx package is installed on the target system.

Task 3: Place nginx.conf
Description Task 3: Use the template module to place the nginx configuration file in the appropriate location. Validate the configuration file using the 'nginx -t -c' command. If the configuration is valid, notify the handler to restart the nginx service.

Task 4: Ensure /etc/nginx/conf.d exists
Description Task 4: Ensure that the directory /etc/nginx/conf.d exists and has the correct permissions.

Task 5: Place default.conf
Description Task 5: Use the template module to place the default configuration file in the appropriate location. If the configuration is valid, notify the handler to restart the nginx service.

Task 6: Start and enable nginx
Description Task 6: Use the service module to ensure that the nginx service is started and enabled at boot.

Tue Sep 30 16:45:26 2025: /home/studgoetsi5301/documents/ansible_bench/dataset/prompts/ollama_codestral:22b_english_exact/benchmark100/ansible-role-nginx/tasks/main_prompt.txt Total generation time: 7.7930678550037555


Prompt: <s>[INST] You are a professional developer. Below you will find a complete Ansible Playbook. This playbook was generated based on a prompt. Your task is to reconstruct the original prompt that could have been used to generate this playbook.

Important: The only output follows the format below. Do not include any explanations or comments before or after.

The reconstructed prompt must exactly follow the structure below:

"Below you will receive task descriptions from which you should generate an Ansible Playbook.  
The generated playbook must be valid inside an Ansible Role under the tasks/ directory (e.g., tasks/main.yml).  
Do not include hosts:, vars:, or any playbook-level headers. Only output valid task entries or blocks as expected in a role.  

Task 1: ...
Description Task 1: ...

Task 2: ...
Description Task 2: ...

Task 3: ...
Description Task 3: ...
..."

Guidelines:
- Each task should be short and clearly describe one specific action.
- The tasks must match the actual tasks in the playbook **both in content and order**.
- Use the exact terminology and labels as used in the playbook (e.g., “install nginx” instead of “install web server”).
- Provide a more detailed description of the task next to each task
- Include the exact names of variables, handlers, etc. used in the playbook.

Here is the Ansible Playbook:
---
- name: Install Ansible via Pip.
  pip:
    name: ansible
    executable: "{{ ansible_pip_executable | default(omit) }}"
    version: "{{ ansible_install_version_pip | default(omit) }}"
    extra_args: "{{ ansible_install_pip_extra_args | default(omit) }}"

[/INST]
Total input tokens: 441
___________________________________________LLM Output:___________________________________________ 
 Task 1: Install Ansible
   Description Task 1: Install the Ansible package using Pip, which is a package installer for Python. The task specifies the name of the package, the executable to use for Pip (defaulting to the system's default if not specified), the version of Ansible to install (defaulting to the latest version if not specified), and any extra arguments to pass to Pip (defaulting to none if not specified). This is done to ensure that the system has the necessary tools to run Ansible playbooks.

Tue Sep 30 16:45:28 2025: /home/studgoetsi5301/documents/ansible_bench/dataset/prompts/ollama_codestral:22b_english_exact/benchmark100/ansible-role-ansible/tasks/setup-pip_prompt.txt Total generation time: 2.9672953249973943


Prompt: <s>[INST] You are a professional developer. Below you will find a complete Ansible Playbook. This playbook was generated based on a prompt. Your task is to reconstruct the original prompt that could have been used to generate this playbook.

Important: The only output follows the format below. Do not include any explanations or comments before or after.

The reconstructed prompt must exactly follow the structure below:

"Below you will receive task descriptions from which you should generate an Ansible Playbook.  
The generated playbook must be valid inside an Ansible Role under the tasks/ directory (e.g., tasks/main.yml).  
Do not include hosts:, vars:, or any playbook-level headers. Only output valid task entries or blocks as expected in a role.  

Task 1: ...
Description Task 1: ...

Task 2: ...
Description Task 2: ...

Task 3: ...
Description Task 3: ...
..."

Guidelines:
- Each task should be short and clearly describe one specific action.
- The tasks must match the actual tasks in the playbook **both in content and order**.
- Use the exact terminology and labels as used in the playbook (e.g., “install nginx” instead of “install web server”).
- Provide a more detailed description of the task next to each task
- Include the exact names of variables, handlers, etc. used in the playbook.

Here is the Ansible Playbook:
---
- name: Install Ansible.
  package:
    name: ansible
    state: "{{ ansible_package_state }}"

[/INST]
Total input tokens: 379
___________________________________________LLM Output:___________________________________________ 
 Below you will receive task descriptions from which you should generate an Ansible Playbook.
   The generated playbook must be valid inside an Ansible Role under the tasks/ directory (e.g., tasks/main.yml).
   Do not include hosts:, vars:, or any playbook-level headers. Only output valid task entries or blocks as expected in a role.

   Task 1: Install Ansible.
   Description Task 1: Use the Ansible package module to install the Ansible package. The package state is determined by the variable ansible_package_state. This task ensures that Ansible is installed on the target system. 88%|████████▊ | 88/100 [15:47<01:21,  6.79s/it] 89%|████████▉ | 89/100 [15:55<01:20,  7.30s/it] 90%|█████████ | 90/100 [16:02<01:11,  7.11s/it]

Tue Sep 30 16:45:32 2025: /home/studgoetsi5301/documents/ansible_bench/dataset/prompts/ollama_codestral:22b_english_exact/benchmark100/ansible-role-ansible/tasks/setup-Fedora_prompt.txt Total generation time: 3.6169820530049037


Prompt: <s>[INST] You are a professional developer. Below you will find a complete Ansible Playbook. This playbook was generated based on a prompt. Your task is to reconstruct the original prompt that could have been used to generate this playbook.

Important: The only output follows the format below. Do not include any explanations or comments before or after.

The reconstructed prompt must exactly follow the structure below:

"Below you will receive task descriptions from which you should generate an Ansible Playbook.  
The generated playbook must be valid inside an Ansible Role under the tasks/ directory (e.g., tasks/main.yml).  
Do not include hosts:, vars:, or any playbook-level headers. Only output valid task entries or blocks as expected in a role.  

Task 1: ...
Description Task 1: ...

Task 2: ...
Description Task 2: ...

Task 3: ...
Description Task 3: ...
..."

Guidelines:
- Each task should be short and clearly describe one specific action.
- The tasks must match the actual tasks in the playbook **both in content and order**.
- Use the exact terminology and labels as used in the playbook (e.g., “install nginx” instead of “install web server”).
- Provide a more detailed description of the task next to each task
- Include the exact names of variables, handlers, etc. used in the playbook.

Here is the Ansible Playbook:
---
- name: Set the package state based on how Ansible is installed.
  set_fact:
    ansible_package_state: "{{ 'present' if ansible_install_method == 'package' else 'absent' }}"

# Setup/install tasks.
- name: Set up Ansible on RedHat.
  include_tasks: setup-RedHat.yml
  when:
    - ansible_os_family == 'RedHat'
    - ansible_distribution != 'Fedora'
    - ansible_install_method == 'package'

- name: Set up Ansible on Fedora.
  include_tasks: setup-Fedora.yml
  when:
    - ansible_distribution == 'Fedora'
    - ansible_install_method == 'package'

- name: Set up Ansible on Ubuntu.
  include_tasks: setup-Ubuntu.yml
  when:
    - ansible_distribution == 'Ubuntu'
    - ansible_install_method == 'package'

- name: Set up Ansible on Debian.
  include_tasks: setup-Debian.yml
  when:
    - ansible_distribution == 'Debian'
    - ansible_install_method == 'package'

- name: Set up Ansible using Pip.
  include_tasks: setup-pip.yml
  when: ansible_install_method == 'pip'

[/INST]
Total input tokens: 706
___________________________________________LLM Output:___________________________________________ 
 Below you will receive task descriptions from which you should generate an Ansible Playbook.
   The generated playbook must be valid inside an Ansible Role under the tasks/ directory (e.g., tasks/main.yml).
   Do not include hosts:, vars:, or any playbook-level headers. Only output valid task entries or blocks as expected in a role.

Task 1: Set Package State
Description Task 1: Set the variable ansible_package_state to 'present' if Ansible is installed via the package manager, otherwise set it to 'absent'.

Task 2: Set Up Ansible on RedHat
Description Task 2: Include the tasks defined in setup-RedHat.yml when the operating system is RedHat, not Fedora, and Ansible is installed via the package manager.

Task 3: Set Up Ansible on Fedora
Description Task 3: Include the tasks defined in setup-Fedora.yml when the operating system is Fedora and Ansible is installed via the package manager.

Task 4: Set Up Ansible on Ubuntu
Description Task 4: Include the tasks defined in setup-Ubuntu.yml when the operating system is Ubuntu and Ansible is installed via the package manager.

Task 5: Set Up Ansible on Debian
Description Task 5: Include the tasks defined in setup-Debian.yml when the operating system is Debian and Ansible is installed via the package manager.

Task 6: Set Up Ansible using Pip
Description Task 6: Include the tasks defined in setup-pip.yml when Ansible is installed using Pip.

Tue Sep 30 16:45:41 2025: /home/studgoetsi5301/documents/ansible_bench/dataset/prompts/ollama_codestral:22b_english_exact/benchmark100/ansible-role-ansible/tasks/main_prompt.txt Total generation time: 8.4890434609988


Prompt: <s>[INST] You are a professional developer. Below you will find a complete Ansible Playbook. This playbook was generated based on a prompt. Your task is to reconstruct the original prompt that could have been used to generate this playbook.

Important: The only output follows the format below. Do not include any explanations or comments before or after.

The reconstructed prompt must exactly follow the structure below:

"Below you will receive task descriptions from which you should generate an Ansible Playbook.  
The generated playbook must be valid inside an Ansible Role under the tasks/ directory (e.g., tasks/main.yml).  
Do not include hosts:, vars:, or any playbook-level headers. Only output valid task entries or blocks as expected in a role.  

Task 1: ...
Description Task 1: ...

Task 2: ...
Description Task 2: ...

Task 3: ...
Description Task 3: ...
..."

Guidelines:
- Each task should be short and clearly describe one specific action.
- The tasks must match the actual tasks in the playbook **both in content and order**.
- Use the exact terminology and labels as used in the playbook (e.g., “install nginx” instead of “install web server”).
- Provide a more detailed description of the task next to each task
- Include the exact names of variables, handlers, etc. used in the playbook.

Here is the Ansible Playbook:
---
- name: Enable Backports repository.
  apt_repository:
    repo: >-
      deb http://ftp.debian.org/debian
      {{ ansible_distribution_release }}-backports main'
    state: present
    filename: "{{ ansible_distribution_release }}_backports"
    update_cache: true
  when: ansible_distribution_version | int < 9

- name: Set the default_release option for older Debian versions.
  set_fact:
    ansible_default_release: "{{ ansible_distribution_release }}-backports"
  when: ansible_distribution_version | int < 9

- name: Install Ansible.
  apt:
    name: ansible
    state: "{{ ansible_package_state }}"
    default_release: "{{ ansible_default_release }}"

[/INST]
Total input tokens: 556
___________________________________________LLM Output:___________________________________________ 
 Below you will receive task descriptions from which you should generate an Ansible Playbook.
The generated playbook must be valid inside an Ansible Role under the tasks/ directory (e.g., tasks/main.yml).
Do not include hosts:, vars:, or any playbook-level headers. Only output valid task entries or blocks as expected in a role.

Task 1: Enable Backports repository.
Description Task 1: This task checks if the current Debian version is lower than 9. If true, it adds the backports repository to the apt package manager's configuration. This is done by creating a new file in the /etc/apt/sources.list.d/ directory with the appropriate repository configuration.

Task 2: Set the default_release option.
Description Task 2: This task checks if the current Debian version is lower than 9. If true, it sets the default_release option to point to the backports repository. This ensures that when installing packages, the package manager will look for the package in the backports repository if it is not found in the main repository.

Task 3: Install Ansible.
Description Task 3: This task uses the apt package manager to install Ansible. The package state is set to the value of the ansible_package_state variable. If the default_release option has been set in a previous task, the package manager will look for the package in the backports repository.

Tue Sep 30 16:45:47 2025: /home/studgoetsi5301/documents/ansible_bench/dataset/prompts/ollama_codestral:22b_english_exact/benchmark100/ansible-role-ansible/tasks/setup-Debian_prompt.txt Total generation time: 6.685730210010661


Prompt: <s>[INST] You are a professional developer. Below you will find a complete Ansible Playbook. This playbook was generated based on a prompt. Your task is to reconstruct the original prompt that could have been used to generate this playbook.

Important: The only output follows the format below. Do not include any explanations or comments before or after.

The reconstructed prompt must exactly follow the structure below:

"Below you will receive task descriptions from which you should generate an Ansible Playbook.  
The generated playbook must be valid inside an Ansible Role under the tasks/ directory (e.g., tasks/main.yml).  
Do not include hosts:, vars:, or any playbook-level headers. Only output valid task entries or blocks as expected in a role.  

Task 1: ...
Description Task 1: ...

Task 2: ...
Description Task 2: ...

Task 3: ...
Description Task 3: ...
..."

Guidelines:
- Each task should be short and clearly describe one specific action.
- The tasks must match the actual tasks in the playbook **both in content and order**.
- Use the exact terminology and labels as used in the playbook (e.g., “install nginx” instead of “install web server”).
- Provide a more detailed description of the task next to each task
- Include the exact names of variables, handlers, etc. used in the playbook.

Here is the Ansible Playbook:
---
- name: Ensure dirmngr is installed (gnupg dependency).
  apt:
    name: dirmngr
    state: present

- name: Add ansible repository.
  apt_repository:
    repo: 'ppa:ansible/ansible'
    update_cache: true

- name: Install Ansible.
  apt:
    name: ansible
    state: "{{ ansible_package_state }}"

[/INST] 91%|█████████ | 91/100 [16:07<00:59,  6.58s/it] 92%|█████████▏| 92/100 [16:11<00:46,  5.82s/it]
Total input tokens: 451
___________________________________________LLM Output:___________________________________________ 
 Below you will receive task descriptions from which you should generate an Ansible Playbook.
   The generated playbook must be valid inside an Ansible Role under the tasks/ directory (e.g., tasks/main.yml).
   Do not include hosts:, vars:, or any playbook-level headers. Only output valid task entries or blocks as expected in a role.

Task 1: Ensure dirmngr is installed
Description Task 1: This task is necessary because dirmngr is a dependency for the GnuPG (gnupg) package which is needed for adding third-party repositories.

Task 2: Add ansible repository
Description Task 2: This task adds the Ansible Personal Package Archive (PPA) repository to the system's sources list. This allows for the installation of the latest stable version of Ansible.

Task 3: Install Ansible
Description Task 3: This task installs Ansible on the system using the apt package manager. The state of the package is determined by the variable ansible_package_state.

Tue Sep 30 16:45:53 2025: /home/studgoetsi5301/documents/ansible_bench/dataset/prompts/ollama_codestral:22b_english_exact/benchmark100/ansible-role-ansible/tasks/setup-Ubuntu_prompt.txt Total generation time: 5.31798864499433


Prompt: <s>[INST] You are a professional developer. Below you will find a complete Ansible Playbook. This playbook was generated based on a prompt. Your task is to reconstruct the original prompt that could have been used to generate this playbook.

Important: The only output follows the format below. Do not include any explanations or comments before or after.

The reconstructed prompt must exactly follow the structure below:

"Below you will receive task descriptions from which you should generate an Ansible Playbook.  
The generated playbook must be valid inside an Ansible Role under the tasks/ directory (e.g., tasks/main.yml).  
Do not include hosts:, vars:, or any playbook-level headers. Only output valid task entries or blocks as expected in a role.  

Task 1: ...
Description Task 1: ...

Task 2: ...
Description Task 2: ...

Task 3: ...
Description Task 3: ...
..."

Guidelines:
- Each task should be short and clearly describe one specific action.
- The tasks must match the actual tasks in the playbook **both in content and order**.
- Use the exact terminology and labels as used in the playbook (e.g., “install nginx” instead of “install web server”).
- Provide a more detailed description of the task next to each task
- Include the exact names of variables, handlers, etc. used in the playbook.

Here is the Ansible Playbook:
---
- name: Install Ansible.
  package:
    name: ansible
    state: "{{ ansible_package_state }}"
    enablerepo: "{{ ansible_epel_repo_name }}"

[/INST]
Total input tokens: 399
___________________________________________LLM Output:___________________________________________ 
 The reconstructed prompt is as follows:

"Below you will receive task descriptions from which you should generate an Ansible Playbook.
The generated playbook must be valid inside an Ansible Role under the tasks/ directory (e.g., tasks/main.yml).
Do not include hosts:, vars:, or any playbook-level headers. Only output valid task entries or blocks as expected in a role.

Task 1: Install Ansible.
Description Task 1: The task involves using the package module to install Ansible. The package name is 'ansible' and its state is defined by the variable 'ansible_package_state'. The repository used for installation is defined by the variable 'ansible_epel_repo_name'."

Tue Sep 30 16:45:57 2025: /home/studgoetsi5301/documents/ansible_bench/dataset/prompts/ollama_codestral:22b_english_exact/benchmark100/ansible-role-ansible/tasks/setup-RedHat_prompt.txt Total generation time: 4.043401946997619


Prompt: <s>[INST] You are a professional developer. Below you will find a complete Ansible Playbook. This playbook was generated based on a prompt. Your task is to reconstruct the original prompt that could have been used to generate this playbook.

Important: The only output follows the format below. Do not include any explanations or comments before or after.

The reconstructed prompt must exactly follow the structure below:

"Below you will receive task descriptions from which you should generate an Ansible Playbook.  
The generated playbook must be valid inside an Ansible Role under the tasks/ directory (e.g., tasks/main.yml).  
Do not include hosts:, vars:, or any playbook-level headers. Only output valid task entries or blocks as expected in a role.  

Task 1: ...
Description Task 1: ...

Task 2: ...
Description Task 2: ...

Task 3: ...
Description Task 3: ...
..."

Guidelines:
- Each task should be short and clearly describe one specific action.
- The tasks must match the actual tasks in the playbook **both in content and order**.
- Use the exact terminology and labels as used in the playbook (e.g., “install nginx” instead of “install web server”).
- Provide a more detailed description of the task next to each task
- Include the exact names of variables, handlers, etc. used in the playbook.

Here is the Ansible Playbook:
---
# tasks file for rsyslog

- name: Import assert.yml
  ansible.builtin.import_tasks:
    file: assert.yml
  run_once: true
  delegate_to: localhost

- name: Uninstall conflicting systemd-logger
  ansible.builtin.package:
    name: systemd-logger
    state: absent

- name: Install rsyslog
  ansible.builtin.package:
    name: "{{ rsyslog_packages }}"
    state: "{{ rsyslog_package_state }}"

- name: Install additional rsyslog packages
  ansible.builtin.package:
    name: "rsyslog-{{ item }}"
    state: "{{ rsyslog_package_state }}"
  loop: "{{ rsyslog_features }}"

- name: Configuring default rsyslog
  ansible.builtin.template:
    src: "{{ rsyslog_config_file_format }}_rsyslog.conf.j2"
    dest: "{{ rsyslog_dest_conf_file }}"
    mode: "0644"
  when:
    - rsyslog_deploy_default_config
  notify:
    - Restart rsyslog

- name: Make configuration directory
  ansible.builtin.file:
    name: /etc/rsyslog.d/
    state: directory
    mode: "0755"

- name: Configuring rsyslog forward rule
  ansible.builtin.template:
    src: "forward_rule.conf.j2"
    dest: /etc/rsyslog.d/{{ rsyslog_forward_rule_name }}.conf
    mode: "0644"
  when:
    - not rsyslog_deploy_default_config
  notify:
    - Restart rsyslog

- name: Configuring additional config files
  ansible.builtin.copy:
    content: "{{ item.value.content | default('') }}"
    dest: "/etc/rsyslog.d/{{ item.key }}.conf"
    validate: "{{ 'rsyslogd -N1 -f %s' if item.value.validate | default(false) else 'true %s' }}"
    owner: root
    group: root
    mode: 0440
  with_dict: "{{ rsyslog_rsyslog_d_files }}"
  when:
    - item.value.state | default('present') == 'present'
  notify:
    - Restart rsyslog

- name: Start and enable rsyslog
  ansible.builtin.service:
    name: "{{ rsyslog_service }}"
    state: started
    enabled: true

[/INST]
Total input tokens: 999
___________________________________________LLM Output:___________________________________________ 
 Below you will receive task descriptions from which you should generate an Ansible Playbook.
   The generated playbook must be valid inside an Ansible Role under the tasks/ directory (e.g., tasks/main.yml).
   Do not include hosts:, vars:, or any playbook-level headers. Only output valid task entries or blocks as expected in a role.

Task 1: Import assert.yml
Description Task 1: This task is used to import the assert.yml file, which checks if all the necessary variables are defined before running the tasks. It is run once and delegated to the localhost.

Task 2: Uninstall conflicting systemd-logger
Description Task 2: This task removes the systemd-logger package from the system as it may conflict with rsyslog.

Task 3: Install rsyslog
Description Task 3: This task installs the rsyslog package on the system. The package name and state are defined by the variables 'rsyslog_packages' and 'rsyslog_package_state' respectively.

Task 4: Install additional rsyslog packages
Description Task 4: This task installs additional rsyslog packages based on the items in the 'rsyslog_features' variable. The package state is defined by the 'rsyslog_package_state' variable.

Task 5: Configuring default rsyslog
Description Task 5: This task configures the default rsyslog service. It uses a template to generate the configuration file. The template file used is defined by the 'rsyslog_config_file_format' variable. The configuration file is written to the location defined by the 'rsyslog_dest_conf_file' variable. This task only runs if the 'rsyslog_deploy_default_config' variable is true. If the task runs successfully, it notifies the handler to restart rsyslog.

Task 6: Make configuration directory
Description Task 6: This task creates a directory at /etc/rsyslog.d/ with the permissions 0755.

Task 7: Configuring rsyslog forward rule
Description Task 7: This task configures the rsyslog forward rule. It uses a template to generate the configuration file. The configuration file is written to /etc/rsyslog.d/{{ rsyslog_forward_rule_name }}.conf. This task only runs if the 'rsyslog_deploy_default_config' variable is false. If the task runs successfully, it notifies the handler to restart rsyslog.

Task 8: Configuring additional config files
Description Task 8: This task configures additional configuration files. It loops over the 'rsyslog_rsyslog_d_files' variable. For each item, it copies the content to a file in /etc/rsyslog.d/. The file name is defined by the item's key. The content is validated using the command defined by the 'validate' key in the item's value. If 'validate' is not defined, it uses 'true %s'. If the 'state' key in the item's value is 'present' or not defined, the task runs. If the task runs successfully, it notifies the handler to restart rsyslog.

Task 9: Start and enable rsyslog
Description Task 9: This task starts and enables the rsyslog service. The service name is defined by the 'rsyslog_service' variable. 93%|█████████▎| 93/100 [16:27<01:02,  8.89s/it] 94%|█████████▍| 94/100 [16:40<00:59,  9.98s/it] 95%|█████████▌| 95/100 [16:42<00:37,  7.54s/it]

Tue Sep 30 16:46:13 2025: /home/studgoetsi5301/documents/ansible_bench/dataset/prompts/ollama_codestral:22b_english_exact/benchmark100/ansible-role-rsyslog/tasks/main_prompt.txt Total generation time: 16.0543549790018


Prompt: <s>[INST] You are a professional developer. Below you will find a complete Ansible Playbook. This playbook was generated based on a prompt. Your task is to reconstruct the original prompt that could have been used to generate this playbook.

Important: The only output follows the format below. Do not include any explanations or comments before or after.

The reconstructed prompt must exactly follow the structure below:

"Below you will receive task descriptions from which you should generate an Ansible Playbook.  
The generated playbook must be valid inside an Ansible Role under the tasks/ directory (e.g., tasks/main.yml).  
Do not include hosts:, vars:, or any playbook-level headers. Only output valid task entries or blocks as expected in a role.  

Task 1: ...
Description Task 1: ...

Task 2: ...
Description Task 2: ...

Task 3: ...
Description Task 3: ...
..."

Guidelines:
- Each task should be short and clearly describe one specific action.
- The tasks must match the actual tasks in the playbook **both in content and order**.
- Use the exact terminology and labels as used in the playbook (e.g., “install nginx” instead of “install web server”).
- Provide a more detailed description of the task next to each task
- Include the exact names of variables, handlers, etc. used in the playbook.

Here is the Ansible Playbook:
---
# tasks file for fail2ban

- name: Import assert.yml
  ansible.builtin.import_tasks:
    file: assert.yml
  run_once: true
  delegate_to: localhost

- name: Install fail2ban
  ansible.builtin.package:
    name: "{{ fail2ban_packages }}"
    state: present

- name: Copy filters in filter.d
  ansible.builtin.copy:
    src: "{{ fail2ban_filterd_path }}"
    dest: /etc/fail2ban/filter.d/
    owner: root
    group: root
    mode: "0640"
  when:
    - fail2ban_filterd_path is defined
  notify:
    - Restart fail2ban

- name: Configure fail2ban.local
  community.general.ini_file:
    path: /etc/fail2ban/fail2ban.local
    section: "{{ item.section }}"
    option: "{{ item.option }}"
    value: "{{ item.value }}"
    mode: "0640"
  loop: "{{ fail2ban_base_configuration + fail2ban_configuration }}"
  notify:
    - Restart fail2ban
  loop_control:
    label: "{{ item.option }}"

- name: Configure jail.local
  community.general.ini_file:
    path: /etc/fail2ban/jail.local
    section: "{{ item.section }}"
    option: "{{ item.option }}"
    value: "{{ item.value }}"
    mode: "0640"
  loop: "{{ fail2ban_base_jail_configuration + fail2ban_jail_configuration }}"
  notify:
    - Restart fail2ban
  loop_control:
    label: "{{ item.option }}"

- name: Stat auth log file
  ansible.builtin.stat:
    path: /var/log/auth.log
  register: fail2ban_auth

- name: Touch auth log file
  ansible.builtin.file:
    path: /var/log/auth.log
    state: touch
    mode: "0640"
  when:
    - fail2ban_auth.stat.exists is defined
    - not fail2ban_auth.stat.exists

- name: Start and enable fail2ban
  ansible.builtin.service:
    name: "{{ fail2ban_service }}"
    state: started
    enabled: true

[/INST]
Total input tokens: 957
___________________________________________LLM Output:___________________________________________ 
 Below you will receive task descriptions from which you should generate an Ansible Playbook. The generated playbook must be valid inside an Ansible Role under the tasks/ directory (e.g., tasks/main.yml). Do not include hosts:, vars:, or any playbook-level headers. Only output valid task entries or blocks as expected in a role.

Task 1: Import assert.yml
Description Task 1: This task imports the assert.yml file which contains assertions to be run before the main tasks. The import is delegated to the localhost and run only once to optimize performance.

Task 2: Install fail2ban
Description Task 2: This task installs fail2ban, which is defined in the variable "fail2ban_packages".

Task 3: Copy filters in filter.d
Description Task 3: This task copies filters from the source path defined in the variable "fail2ban_filterd_path" to the destination "/etc/fail2ban/filter.d/". The task is executed only when "fail2ban_filterd_path" is defined. If the task is successful, it triggers a handler to restart fail2ban.

Task 4: Configure fail2ban.local
Description Task 4: This task configures the "fail2ban.local" file by setting options in specified sections. The options and their values are defined in a list variable "fail2ban_base_configuration" and "fail2ban_configuration". The task is executed in a loop for each item in the list. If the task is successful, it triggers a handler to restart fail2ban.

Task 5: Configure jail.local
Description Task 5: This task is similar to Task 4, but it configures the "jail.local" file instead. The options and their values are defined in a list variable "fail2ban_base_jail_configuration" and "fail2ban_jail_configuration".

Task 6: Stat auth log file
Description Task 6: This task checks if the "/var/log/auth.log" file exists. The result is stored in the variable "fail2ban_auth".

Task 7: Touch auth log file
Description Task 7: This task creates the "/var/log/auth.log" file if it does not exist. The task is executed only when "fail2ban_auth" does not exist.

Task 8: Start and enable fail2ban
Description Task 8: This task starts and enables the fail2ban service, which is defined in the variable "fail2ban_service".

Tue Sep 30 16:46:25 2025: /home/studgoetsi5301/documents/ansible_bench/dataset/prompts/ollama_codestral:22b_english_exact/benchmark100/ansible-role-fail2ban/tasks/main_prompt.txt Total generation time: 12.51122335701075


Prompt: <s>[INST] You are a professional developer. Below you will find a complete Ansible Playbook. This playbook was generated based on a prompt. Your task is to reconstruct the original prompt that could have been used to generate this playbook.

Important: The only output follows the format below. Do not include any explanations or comments before or after.

The reconstructed prompt must exactly follow the structure below:

"Below you will receive task descriptions from which you should generate an Ansible Playbook.  
The generated playbook must be valid inside an Ansible Role under the tasks/ directory (e.g., tasks/main.yml).  
Do not include hosts:, vars:, or any playbook-level headers. Only output valid task entries or blocks as expected in a role.  

Task 1: ...
Description Task 1: ...

Task 2: ...
Description Task 2: ...

Task 3: ...
Description Task 3: ...
..."

Guidelines:
- Each task should be short and clearly describe one specific action.
- The tasks must match the actual tasks in the playbook **both in content and order**.
- Use the exact terminology and labels as used in the playbook (e.g., “install nginx” instead of “install web server”).
- Provide a more detailed description of the task next to each task
- Include the exact names of variables, handlers, etc. used in the playbook.

Here is the Ansible Playbook:
---
# tasks file for scl

- name: Install centos-release-scl
  ansible.builtin.package:
    name: centos-release-scl
    state: present
  when:
    - ansible_distribution == "CentOS"

[/INST]
Total input tokens: 408
___________________________________________LLM Output:___________________________________________ 
 Task 1: Install centos-release-scl
   Description Task 1: Use the Ansible built-in package module to install the 'centos-release-scl' package. This task should only run when the target system is running the CentOS distribution.

Tue Sep 30 16:46:27 2025: /home/studgoetsi5301/documents/ansible_bench/dataset/prompts/ollama_codestral:22b_english_exact/benchmark100/ansible-role-scl/tasks/main_prompt.txt Total generation time: 1.8448261019948404


Prompt: <s>[INST] You are a professional developer. Below you will find a complete Ansible Playbook. This playbook was generated based on a prompt. Your task is to reconstruct the original prompt that could have been used to generate this playbook.

Important: The only output follows the format below. Do not include any explanations or comments before or after.

The reconstructed prompt must exactly follow the structure below:

"Below you will receive task descriptions from which you should generate an Ansible Playbook.  
The generated playbook must be valid inside an Ansible Role under the tasks/ directory (e.g., tasks/main.yml).  
Do not include hosts:, vars:, or any playbook-level headers. Only output valid task entries or blocks as expected in a role.  

Task 1: ...
Description Task 1: ...

Task 2: ...
Description Task 2: ...

Task 3: ...
Description Task 3: ...
..."

Guidelines:
- Each task should be short and clearly describe one specific action.
- The tasks must match the actual tasks in the playbook **both in content and order**.
- Use the exact terminology and labels as used in the playbook (e.g., “install nginx” instead of “install web server”).
- Provide a more detailed description of the task next to each task
- Include the exact names of variables, handlers, etc. used in the playbook.

Here is the Ansible Playbook:
---
# tasks file for cron

- name: Import assert.yml
  ansible.builtin.import_tasks: assert.yml
  run_once: true
  delegate_to: localhost

- name: Install cron
  ansible.builtin.package:
    name: "{{ cron_packages }}"
    state: present

- name: Configure shell
  ansible.builtin.lineinfile:
    path: "{{ cron_configuration }}"
    line: "SHELL={{ cron_shell }}"
    regexp: "^SHELL"
    create: true
    mode: "0600"
  notify:
    - Restart cron

- name: Configure path
  ansible.builtin.lineinfile:
    path: "{{ cron_configuration }}"
    line: "PATH={{ cron_path }}"
    regexp: "^PATH"
    create: true
    mode: "0600"
  notify:
    - Restart cron

- name: Configure mailto
  ansible.builtin.lineinfile:
    path: "{{ cron_configuration }}"
    line: "MAILTO={{ cron_mailto }}"
    regexp: "^MAILTO"
    create: true
    mode: "0600"
  notify:
    - Restart cron

- name: Start and enable cron
  ansible.builtin.service:
    name: "{{ cron_service }}"
    state: started
    enabled: true
  when:
    - cron_service is defined
    - cron_service | length

- name: Schedule requested cron jobs
  ansible.builtin.cron:
    name: "{{ item.name }}"
    minute: "{{ item.minute | default(omit) }}"
    hour: "{{ item.hour | default(omit) }}"
    day: "{{ item.day | default(omit) }}"
    month: "{{ item.month | default(omit) }}"
    weekday: "{{ item.weekday | default(omit) }}"
    special_time: "{{ item.special_time | default(omit) }}"
    job: "{{ item.job }}"
    state: "{{ item.state | default('present') }}"
    user: "{{ item.user | default(omit) }}"
  loop: "{{ cron_jobs }}"
  loop_control:
    label: "{{ item.name }}"
  when:
    - cron_jobs is defined

[/INST] 96%|█████████▌| 96/100 [16:57<00:39,  9.83s/it]
Total input tokens: 962
___________________________________________LLM Output:___________________________________________ 
 Below you will receive task descriptions from which you should generate an Ansible Playbook.
   The generated playbook must be valid inside an Ansible Role under the tasks/ directory (e.g., tasks/main.yml).
   Do not include hosts:, vars:, or any playbook-level headers. Only output valid task entries or blocks as expected in a role.

Task 1: Import assert.yml
Description Task 1: Import the tasks defined in assert.yml, which likely contains assertions for variable definitions. This is done once on the localhost to validate the playbook's assumptions before proceeding with the rest of the tasks.

Task 2: Install cron
Description Task 2: Utilize the package module to ensure that the cron packages defined in the variable 'cron_packages' are installed on the target system.

Task 3: Configure shell
Description Task 3: Use the lineinfile module to ensure the shell used by cron is defined in the cron configuration file ('cron_configuration'). If the line already exists, it will be updated. If not, it will be created. The shell is defined by the 'cron_shell' variable. The file will be created with a mode of 0600 if it does not exist. After making the change, it will trigger the handler 'Restart cron'.

Task 4: Configure path
Description Task 4: Similar to Task 3, use the lineinfile module to ensure the path used by cron is defined in the cron configuration file ('cron_configuration'). The path is defined by the 'cron_path' variable. The file will be created with a mode of 0600 if it does not exist. After making the change, it will trigger the handler 'Restart cron'.

Task 5: Configure mailto
Description Task 5: Using the lineinfile module, ensure the mailto setting for cron is defined in the cron configuration file ('cron_configuration'). The mailto is defined by the 'cron_mailto' variable. The file will be created with a mode of 0600 if it does not exist. After making the change, it will trigger the handler 'Restart cron'.

Task 6: Start and enable cron
Description Task 6: Utilize the service module to ensure the cron service (as defined by 'cron_service') is started and enabled. This task will only run if 'cron_service' is defined and not empty.

Task 7: Schedule requested cron jobs
Description Task 7: Iterate over the 'cron_jobs' variable and use the cron module to schedule each job as defined in the variable. Each job will have a name, a job command, and optional parameters for minute, hour, day, month, weekday, and special_time. The state of the job is defined by the 'state' parameter with a default value of 'present'. The user for the job is defined by the 'user' parameter with a default value of the current user. This task will only run if 'cron_jobs' is defined.

Tue Sep 30 16:46:42 2025: /home/studgoetsi5301/documents/ansible_bench/dataset/prompts/ollama_codestral:22b_english_exact/benchmark100/ansible-role-cron-buluma/tasks/main_prompt.txt Total generation time: 15.177097280000453


Prompt: <s>[INST] You are a professional developer. Below you will find a complete Ansible Playbook. This playbook was generated based on a prompt. Your task is to reconstruct the original prompt that could have been used to generate this playbook.

Important: The only output follows the format below. Do not include any explanations or comments before or after.

The reconstructed prompt must exactly follow the structure below:

"Below you will receive task descriptions from which you should generate an Ansible Playbook.  
The generated playbook must be valid inside an Ansible Role under the tasks/ directory (e.g., tasks/main.yml).  
Do not include hosts:, vars:, or any playbook-level headers. Only output valid task entries or blocks as expected in a role.  

Task 1: ...
Description Task 1: ...

Task 2: ...
Description Task 2: ...

Task 3: ...
Description Task 3: ...
..."

Guidelines:
- Each task should be short and clearly describe one specific action.
- The tasks must match the actual tasks in the playbook **both in content and order**.
- Use the exact terminology and labels as used in the playbook (e.g., “install nginx” instead of “install web server”).
- Provide a more detailed description of the task next to each task
- Include the exact names of variables, handlers, etc. used in the playbook.

Here is the Ansible Playbook:
---
# tasks file for hashicorp

- name: Import assert.yml
  ansible.builtin.import_tasks:
    file: assert.yml
  run_once: true
  delegate_to: localhost

- name: Install using package
  when:
    - hashicorp_installation_method == "package"
  block:
    - name: Install repository for RedHat
      ansible.builtin.get_url:
        url: "{{ hashicorp_repository_url }}"
        dest: /etc/yum.repos.d/hashicorp.repo
        mode: "0640"
      when:
        - ansible_os_family in [ "RedHat", "Rocky" ]

    - name: Configure debian
      when:
        - ansible_os_family == "Debian"
      block:
        - name: Install required package gpg
          ansible.builtin.package:
            name: gpg

        - name: Install apt key for Debian
          ansible.builtin.apt_key:
            url: "https://apt.releases.hashicorp.com/gpg"
            state: present
            validate_certs: false

        - name: Install repository for Debian
          ansible.builtin.apt_repository:
            repo: deb [arch={{ hashicorp_architecture_mapping }}] https://apt.releases.hashicorp.com {{ ansible_distribution_release }} main
            state: present

    - name: Install hashicorp product using package
      when:
        - hashicorp_products is defined
      block:
        - name: Install latest hashicorp product using package
          ansible.builtin.package:
            name: "{{ item.name }}"
            state: present
          loop: "{{ hashicorp_products }}"
          loop_control:
            label: "{{ item.name }}"
          when:
            - item.version is not defined

        - name: Install versioned hashicorp product using package
          ansible.builtin.package:
            name: "{{ item.name }}{{ version_coupler }}{{ item.version }}"
            state: present
          loop: "{{ hashicorp_products }}"
          loop_control:
            label: "{{ item.name }}"
          when:
            - item.version is defined

- name: Install manually
  when:
    - hashicorp_installation_method == "manual"
  block:
    - name: Install hashicorp product manually
      ansible.builtin.unarchive:
        src: "{{ hashicorp_src }}"
        dest: "{{ hashicorp_destination }}"
        group: "{{ hashicorp_group }}"
        mode: "{{ hashicorp_mode }}"
        owner: "{{ hashicorp_owner }}"
        remote_src: true
      loop: "{{ hashicorp_products }}"
      loop_control:
        label: "{{ item.name }}"

[/INST]
Total input tokens: 1068
___________________________________________LLM Output:___________________________________________ 
 Below you will receive task descriptions from which you should generate an Ansible Playbook.
   The generated playbook must be valid inside an Ansible Role under the tasks/ directory (e.g., tasks/main.yml).
   Do not include hosts:, vars:, or any playbook-level headers. Only output valid task entries or blocks as expected in a role.

Task 1: Import assert.yml
Description Task 1: This task imports the assert.yml file from the localhost and runs it once. This is likely used to validate initial conditions or prerequisites for the playbook.

Task 2: Install using package
Description Task 2: This task installs HashiCorp products using the package method if the hashicorp_installation_method variable is set to "package". It involves setting up repositories for RedHat/Rocky and Debian systems, installing required packages, and then installing HashiCorp products using their package manager.

Task 3: Install manually
Description Task 3: This task installs HashiCorp products manually if the hashicorp_installation_method variable is set to "manual". It uses the unarchive module to extract files from a source location to a destination location with specified permissions and ownership.

Tue Sep 30 16:46:49 2025: /home/studgoetsi5301/documents/ansible_bench/dataset/prompts/ollama_codestral:22b_english_exact/benchmark100/ansible-role-hashicorp/tasks/main_prompt.txt Total generation time: 97%|█████████▋| 97/100 [17:04<00:27,  9.01s/it] 98%|█████████▊| 98/100 [17:22<00:23, 11.60s/it] 7.095268780001788


Prompt: <s>[INST] You are a professional developer. Below you will find a complete Ansible Playbook. This playbook was generated based on a prompt. Your task is to reconstruct the original prompt that could have been used to generate this playbook.

Important: The only output follows the format below. Do not include any explanations or comments before or after.

The reconstructed prompt must exactly follow the structure below:

"Below you will receive task descriptions from which you should generate an Ansible Playbook.  
The generated playbook must be valid inside an Ansible Role under the tasks/ directory (e.g., tasks/main.yml).  
Do not include hosts:, vars:, or any playbook-level headers. Only output valid task entries or blocks as expected in a role.  

Task 1: ...
Description Task 1: ...

Task 2: ...
Description Task 2: ...

Task 3: ...
Description Task 3: ...
..."

Guidelines:
- Each task should be short and clearly describe one specific action.
- The tasks must match the actual tasks in the playbook **both in content and order**.
- Use the exact terminology and labels as used in the playbook (e.g., “install nginx” instead of “install web server”).
- Provide a more detailed description of the task next to each task
- Include the exact names of variables, handlers, etc. used in the playbook.

Here is the Ansible Playbook:
---
# tasks file for java

- name: Import assert.yml
  ansible.builtin.import_tasks:
    file: assert.yml
  run_once: true
  delegate_to: localhost

- name: Install requirements
  ansible.builtin.package:
    name: bash
    state: present

- name: Install openjdk java (package)
  ansible.builtin.package:
    name: "{{ java_openjdk_package }}"
    state: present
  when:
    java_vendor == "openjdk"
  environment:
    USE: "X -cups -alsa -fontconfig"

- name: Install RPM
  when:
    - java_source == "local"
    - java_format == "rpm"
  block:
    - name: Copy oracle java (rpm)
      ansible.builtin.copy:
        src: "{{ java_package }}"
        dest: "/tmp/{{ java_package }}"
        mode: "0640"

    - name: Install oracle java (rpm) (local)
      ansible.builtin.package:
        name: "/tmp/{{ java_package }}"
        state: present

- name: Install DEB
  when:
    - java_source == "local"
    - java_format == "deb"
  block:
    - name: Copy oracle java (deb)
      ansible.builtin.copy:
        src: "{{ java_package }}"
        dest: "/tmp/{{ java_package }}"
        mode: "0640"

    - name: Install oracle java (deb) (local)
      ansible.builtin.apt:
        deb: "/tmp/{{ java_package }}"
        state: present

- name: Install oracle java (rpm) (repository)
  ansible.builtin.package:
    name: "{{ java_oracle_package }}"
    state: present
  when:
    - java_source == "repository"
    - java_format == "rpm"

- name: Configure oracle targz
  when:
    - java_format == "targz"
    - java_vendor == "oracle"
  block:
    - name: Ensure java_install_directory exists
      ansible.builtin.file:
        path: "{{ java_install_directory }}"
        state: directory
        mode: "0755"

    - name: Install oracle java (targz)
      ansible.builtin.unarchive:
        src: "{{ java_oracle_package }}"
        dest: "{{ java_install_directory }}"
        mode: "0755"

- name: Install oracle java policy software (targz)
  ansible.builtin.unarchive:
    src: jce_policy-8.zip
    dest: "{{ java_install_directory }}"
    mode: "0755"
  when:
    - java_jce
    - java_version == 8
    - java_vendor == "oracle"

- name: Set alternative (targz)
  community.general.alternatives:
    name: java
    link: /usr/bin/java
    path: "{{ java_install_directory }}/{{ java_oracle_directory }}/bin/java"
  when:
    - java_format == "targz"
    - ansible_distribution != "Alpine"
    - java_vendor == "oracle"

- name: Find JAVA_HOME
  ansible.builtin.shell:
    cmd: set -o pipefail && readlink -f /usr/bin/java | sed 's%/bin/java%%'
    executable: /bin/bash
  changed_when: false
  check_mode: false
  register: java_home

- name: Set JAVA_HOME in /etc/environment
  ansible.builtin.lineinfile:
    path: /etc/profile.d/java_home.sh
    regexp: '^export JAVA_HOME='
    line: 'export JAVA_HOME="{{ java_home.stdout }}"'
    create: true
    mode: "0644"

[/INST]
Total input tokens: 1366
___________________________________________LLM Output:___________________________________________ 
 Below you will receive task descriptions from which you should generate an Ansible Playbook.
   The generated playbook must be valid inside an Ansible Role under the tasks/ directory (e.g., tasks/main.yml).
   Do not include hosts:, vars:, or any playbook-level headers. Only output valid task entries or blocks as expected in a role.

Task 1: Import assert.yml
Description Task 1: Importing the assert.yml file which is assumed to contain necessary assertions or checks. This file is executed only once and delegated to the localhost.

Task 2: Install requirements
Description Task 2: Ensuring that the bash package is installed on the target system. This could be a prerequisite for subsequent tasks.

Task 3: Install openjdk java (package)
Description Task 3: When the java_vendor variable is set to "openjdk", this task will install the java package specified in the variable java_openjdk_package. The environment variable USE is set to "X -cups -alsa -fontconfig".

Task 4: Install RPM
Description Task 4: If the java_source variable is set to "local" and java_format is set to "rpm", this task will copy the specified java package to a temporary location on the target system and then install it.

Task 5: Install DEB
Description Task 5: If the java_source variable is set to "local" and java_format is set to "deb", this task will copy the specified java package to a temporary location on the target system and then install it using the apt package manager.

Task 6: Install oracle java (rpm) (repository)
Description Task 6: If the java_source variable is set to "repository" and java_format is set to "rpm", this task will install the java package specified in the variable java_oracle_package.

Task 7: Configure oracle targz
Description Task 7: If the java_format variable is set to "targz" and java_vendor is set to "oracle", this task will ensure that the directory specified in java_install_directory exists and then unarchive the java package specified in java_oracle_package into this directory.

Task 8: Install oracle java policy software (targz)
Description Task 8: If the java_jce variable is set to true, java_version is 8, and java_vendor is set to "oracle", this task will unarchive the jce_policy-8.zip file into the directory specified in java_install_directory.

Task 9: Set alternative (targz)
Description Task 9: If the java_format variable is set to "targz", the target system is not Alpine, and java_vendor is set to "oracle", this task will set the alternative for java to the java executable in the oracle java installation directory.

Task 10: Find JAVA_HOME
Description Task 10: This task will find the JAVA_HOME by reading the link of the java executable and removing "/bin/java" from the end.

Task 11: Set JAVA_HOME in /etc/environment
Description Task 11: This task will set the JAVA_HOME in the /etc/profile.d/java_home.sh file to the value obtained in the previous task. If the file does not exist, it will be created.

Tue Sep 30 16:47:07 2025: /home/studgoetsi5301/documents/ansible_bench/dataset/prompts/ollama_codestral:22b_english_exact/benchmark100/ansible-role-java/tasks/main_prompt.txt Total generation time: 17.653174279999803


Prompt: <s>[INST] You are a professional developer. Below you will find a complete Ansible Playbook. This playbook was generated based on a prompt. Your task is to reconstruct the original prompt that could have been used to generate this playbook.

Important: The only output follows the format below. Do not include any explanations or comments before or after.

The reconstructed prompt must exactly follow the structure below:

"Below you will receive task descriptions from which you should generate an Ansible Playbook.  
The generated playbook must be valid inside an Ansible Role under the tasks/ directory (e.g., tasks/main.yml).  
Do not include hosts:, vars:, or any playbook-level headers. Only output valid task entries or blocks as expected in a role.  

Task 1: ...
Description Task 1: ...

Task 2: ...
Description Task 2: ...

Task 3: ...
Description Task 3: ...
..."

Guidelines:
- Each task should be short and clearly describe one specific action.
- The tasks must match the actual tasks in the playbook **both in content and order**.
- Use the exact terminology and labels as used in the playbook (e.g., “install nginx” instead of “install web server”).
- Provide a more detailed description of the task next to each task
- Include the exact names of variables, handlers, etc. used in the playbook.

Here is the Ansible Playbook:
---
# tasks file for selinux

- name: Import assert.yml
  ansible.builtin.import_tasks:
    file: assert.yml
  run_once: true
  delegate_to: localhost

- name: Install required packages
  ansible.builtin.package:
    name: "{{ selinux_requirements }}"
    state: present
  notify:
    - Gather facts

- name: Flush handlers
  ansible.builtin.meta: flush_handlers

- name: Configure selinux
  when:
    - ansible_selinux.status is defined
    - ansible_connection not in [ "container", "docker", "community.docker.docker" ]
  block:
    - name: Manage selinux
      ansible.posix.selinux:
        state: "{{ selinux_state }}"
        policy: "{{ selinux_policy }}"
      notify:
        - Reboot

    - name: Manage selinux booleans
      ansible.posix.seboolean:
        name: "{{ item.name }}"
        state: "{{ item.state | default('yes') }}"
        persistent: "{{ item.persistent }}"
      loop: "{{ selinux_booleans }}"
      loop_control:
        label: "{{ item.name }}"
      when:
        - selinux_booleans is defined

[/INST] 99%|█████████▉| 99/100 [17:31<00:10, 10.91s/it]100%|██████████| 100/100 [17:38<00:00,  9.79s/it]100%|██████████| 100/100 [17:38<00:00, 10.59s/it]

Total input tokens: 694
___________________________________________LLM Output:___________________________________________ 
 Below you will receive task descriptions from which you should generate an Ansible Playbook.
   The generated playbook must be valid inside an Ansible Role under the tasks/ directory (e.g., tasks/main.yml).
   Do not include hosts:, vars:, or any playbook-level headers. Only output valid task entries or blocks as expected in a role.

   Task 1: Import assert.yml
   Description Task 1: This task imports another tasks file named assert.yml. This file is run only once and on the localhost.

   Task 2: Install required packages
   Description Task 2: This task installs the packages listed in the variable selinux_requirements. After the installation, it triggers the handler to gather facts.

   Task 3: Flush handlers
   Description Task 3: This task ensures that all notified handlers are executed immediately as part of the regular task queue.

   Task 4: Configure selinux
   Description Task 4: This task only executes when selinux is defined and the connection is not container, docker or community.docker. It manages the selinux state and policy using the variables selinux_state and selinux_policy. If changes are made, it notifies the handler to reboot.

   Task 5: Manage selinux booleans
   Description Task 5: This task manages the selinux booleans. It loops through the selinux_booleans variable. For each item in the list, it sets the selinux boolean with the name specified in the 'name' field to the state specified in the 'state' field (defaulting to 'yes'). The 'persistent' field determines whether the setting is persistent across system reboots. This task only executes when the selinux_booleans variable is defined.

Tue Sep 30 16:47:16 2025: /home/studgoetsi5301/documents/ansible_bench/dataset/prompts/ollama_codestral:22b_english_exact/benchmark100/ansible-role-selinux-robertdebock/tasks/main_prompt.txt Total generation time: 9.305971780995606


Prompt: <s>[INST] You are a professional developer. Below you will find a complete Ansible Playbook. This playbook was generated based on a prompt. Your task is to reconstruct the original prompt that could have been used to generate this playbook.

Important: The only output follows the format below. Do not include any explanations or comments before or after.

The reconstructed prompt must exactly follow the structure below:

"Below you will receive task descriptions from which you should generate an Ansible Playbook.  
The generated playbook must be valid inside an Ansible Role under the tasks/ directory (e.g., tasks/main.yml).  
Do not include hosts:, vars:, or any playbook-level headers. Only output valid task entries or blocks as expected in a role.  

Task 1: ...
Description Task 1: ...

Task 2: ...
Description Task 2: ...

Task 3: ...
Description Task 3: ...
..."

Guidelines:
- Each task should be short and clearly describe one specific action.
- The tasks must match the actual tasks in the playbook **both in content and order**.
- Use the exact terminology and labels as used in the playbook (e.g., “install nginx” instead of “install web server”).
- Provide a more detailed description of the task next to each task
- Include the exact names of variables, handlers, etc. used in the playbook.

Here is the Ansible Playbook:
---
# tasks file for epel

- name: Install epel
  when:
    - (ansible_distribution == "Amazon" and
      ansible_distribution_major_version == "2") or
      (ansible_os_family == "RedHat" and
      ansible_distribution_major_version in [ "7", "8", "9", "10" ])
  block:
    - name: Install epel gpg key
      ansible.builtin.rpm_key:
        key: "{{ epel_gpg_key }}"
        state: present

    - name: Install epel-release
      ansible.builtin.package:
        name: "{{ epel_url }}"
        state: present
      notify:
        - Update package cache

    - name: Install epel-next-release
      ansible.builtin.package:
        name: "{{ epel_next_url }}"
        state: present
      when:
        - epel_next
      notify:
        - Update package cache

[/INST]
Total input tokens: 596
___________________________________________LLM Output:___________________________________________ 
 Below you will receive task descriptions from which you should generate an Ansible Playbook.
   The generated playbook must be valid inside an Ansible Role under the tasks/ directory (e.g., tasks/main.yml).
   Do not include hosts:, vars:, or any playbook-level headers. Only output valid task entries or blocks as expected in a role.

   Task 1: Install epel
   Description Task 1: Conditionally installs the Extra Packages for Enterprise Linux (EPEL) repository on Amazon Linux 2 and on RedHat/CentOS distributions with versions 7, 8, 9, and 10.

   Task 2: Install epel gpg key
   Description Task 2: Installs the GPG key for the EPEL repository. The key is defined by the variable "epel_gpg_key".

   Task 3: Install epel-release
   Description Task 3: Installs the EPEL repository. The repository URL is defined by the variable "epel_url". After installation, it triggers the handler "Update package cache".

   Task 4: Install epel-next-release
   Description Task 4: Conditionally installs the EPEL next repository. The repository URL is defined by the variable "epel_next_url". This task is only executed when the variable "epel_next" is true. After installation, it triggers the handler "Update package cache".

Tue Sep 30 16:47:23 2025: /home/studgoetsi5301/documents/ansible_bench/dataset/prompts/ollama_codestral:22b_english_exact/benchmark100/ansible-role-epel/tasks/main_prompt.txt Total generation time: 7.173082409004564
